timestamps,open,high,low,close,volume,amount
2015-01-05,9.3,9.48,9.19,9.43,8048742.0,75358491.0
2015-01-06,9.55,10.04,9.48,9.89,15259496.0,149563520.0
2015-01-07,9.89,10.01,9.8,9.87,7057672.0,69778666.0
2015-01-08,9.86,9.93,9.8,9.8,6080406.0,60025809.0
2015-01-09,9.81,10.17,9.81,9.96,11035177.0,110519215.0
2015-01-12,10.03,10.14,9.91,10.01,10737858.0,107640393.0
2015-01-13,10.02,10.2,9.95,10.15,11432191.0,115327378.0
2015-01-14,10.19,10.19,9.89,9.9,7978633.0,79924916.0
2015-01-15,9.93,10.06,9.9,9.93,4672877.0,46572380.0
2015-01-16,9.96,10.02,9.8,9.86,7956181.0,78410539.0
2015-01-19,9.71,9.75,9.24,9.38,9244358.0,88521556.0
2015-01-20,9.42,9.75,9.42,9.75,7552855.0,72578380.0
2015-01-21,9.78,9.95,9.74,9.94,9417012.0,93146937.0
2015-01-22,9.97,10.12,9.89,10.11,12609282.0,126474875.0
2015-01-23,10.11,10.17,10.01,10.04,9937581.0,100365872.0
2015-01-26,10.04,10.48,10.04,10.38,16658959.0,171667652.0
2015-01-27,10.4,10.52,10.21,10.34,12688847.0,131209610.0
2015-01-28,10.35,10.43,10.22,10.33,7589852.0,78384903.0
2015-01-29,10.3,10.38,10.23,10.25,6336639.0,65174208.0
2015-01-30,10.25,10.32,10.15,10.19,5625932.0,57445420.0
2015-02-02,10.06,10.26,10.06,10.18,4862867.0,49579733.0
2015-02-03,10.18,10.44,10.18,10.38,7831934.0,80949726.0
2015-02-04,10.4,10.49,10.27,10.3,10709632.0,111118609.0
2015-02-05,10.35,10.7,10.15,10.47,20341972.0,213285764.0
2015-02-06,10.48,10.64,10.4,10.42,13863234.0,145503307.0
2015-02-09,10.45,10.52,10.11,10.13,9535318.0,97424373.0
2015-02-10,10.14,10.38,10.09,10.37,8471210.0,86937190.0
2015-02-11,10.36,10.55,10.32,10.37,6621606.0,69161600.0
2015-02-12,10.38,10.49,10.27,10.47,8241168.0,85643088.0
2015-02-13,10.47,11.0,10.47,10.91,33517852.0,361932734.0
2015-02-16,10.91,11.37,10.8,11.28,33734780.0,374719937.0
2015-02-17,11.23,11.35,11.06,11.15,18944342.0,211679984.0
2015-02-25,11.1,11.35,10.92,10.97,18012783.0,200566924.0
2015-02-26,10.97,11.24,10.85,11.23,17372453.0,192652110.0
2015-02-27,11.2,11.28,11.06,11.14,13382141.0,149470151.0
2015-03-02,11.22,11.66,11.15,11.62,39359648.0,451620551.0
2015-03-03,11.57,11.84,11.46,11.54,33726639.0,393540787.0
2015-03-04,11.54,11.83,11.5,11.53,20841252.0,242459408.0
2015-03-05,11.56,11.95,11.43,11.94,34703094.0,404841036.0
2015-03-06,11.92,12.1,11.55,11.62,20696539.0,243319951.0
2015-03-09,11.6,12.11,11.52,11.93,30292628.0,360803539.0
2015-03-10,11.95,12.05,11.5,11.61,39645989.0,462725117.0
2015-03-11,11.62,11.8,11.5,11.56,20976534.0,244462613.0
2015-03-12,11.6,11.68,11.23,11.38,22356357.0,255113025.0
2015-03-13,11.38,11.54,11.37,11.48,11270898.0,129135155.0
2015-03-16,11.51,12.12,11.51,12.0,41950598.0,500687905.0
2015-03-17,12.1,12.73,11.98,12.7,61047684.0,756682277.0
2015-03-18,12.7,13.66,12.56,13.59,63903994.0,847517967.0
2015-03-19,13.65,13.68,13.19,13.33,40774659.0,544709660.0
2015-03-20,13.36,14.19,13.36,14.05,54881178.0,758820068.0
2015-03-23,14.35,14.35,13.75,14.07,43563181.0,610610918.0
2015-03-24,14.07,14.6,13.58,14.15,49864076.0,704372185.0
2015-03-25,14.15,15.55,14.1,15.13,54940556.0,817726413.0
2015-03-26,15.09,15.45,14.51,14.77,39054540.0,585114949.0
2015-03-27,14.92,15.3,14.61,15.21,25777763.0,385582804.0
2015-03-30,15.3,16.31,15.3,15.72,33820763.0,538619338.0
2015-03-31,15.77,15.91,15.3,15.69,25164398.0,393838371.0
2015-04-01,15.89,16.22,15.81,16.1,24841737.0,398499908.0
2015-04-02,16.1,17.71,16.1,17.71,55717698.0,957498370.0
2015-04-03,17.55,17.98,17.17,17.65,35053871.0,614218571.0
2015-04-07,17.65,17.97,17.31,17.91,28443268.0,502993038.0
2015-04-08,17.9,18.99,17.0,17.25,39268423.0,701477609.0
2015-04-09,17.25,17.25,15.53,16.31,39079018.0,637236651.0
2015-04-10,16.41,17.6,16.41,17.31,39940616.0,677705973.0
2015-04-13,17.5,18.0,17.31,17.39,30689047.0,541291898.0
2015-04-14,17.28,18.09,16.85,17.73,32116927.0,561769714.0
2015-04-15,17.75,17.98,16.28,16.37,33072099.0,557890087.0
2015-04-16,16.33,16.61,15.5,16.12,28703222.0,459931551.0
2015-04-17,16.26,17.0,15.88,15.92,31612869.0,515630799.0
2015-04-20,15.6,15.91,15.06,15.24,41763167.0,646387044.0
2015-04-21,15.3,16.17,15.26,16.13,30462272.0,479750325.0
2015-04-22,16.3,16.8,16.28,16.51,30277352.0,500800854.0
2015-04-23,16.8,16.81,16.2,16.49,34598454.0,571133497.0
2015-04-24,16.1,16.28,15.65,15.95,35981723.0,574706823.0
2015-04-27,15.88,16.35,15.8,16.06,29928781.0,481153630.0
2015-04-28,16.08,16.15,15.1,15.36,27355718.0,425394924.0
2015-04-29,15.36,15.95,15.12,15.71,17567568.0,274912585.0
2015-04-30,15.78,15.99,15.68,15.75,18351940.0,290263410.0
2015-05-04,15.86,16.47,15.86,16.43,31449060.0,510936189.0
2015-05-05,16.43,16.98,15.88,16.03,29568173.0,487881581.0
2015-05-06,16.0,16.8,15.81,16.35,30385027.0,496658251.0
2015-05-07,16.3,17.17,16.27,17.11,40004191.0,666568219.0
2015-05-08,17.14,18.73,16.98,18.49,58636639.0,1045615241.0
2015-05-11,18.67,19.03,18.28,18.64,49701800.0,924060095.0
2015-05-12,18.63,18.63,17.81,18.29,46727583.0,846854151.0
2015-05-13,18.09,18.63,17.71,18.1,34143415.0,622004786.0
2015-05-14,18.39,19.91,18.18,19.51,48133131.0,919676967.0
2015-05-15,19.41,19.88,18.77,18.81,34743810.0,666036242.0
2015-05-18,18.61,19.5,18.51,18.79,27872729.0,529034218.0
2015-05-19,18.85,19.29,18.55,19.11,24880721.0,472001114.0
2015-05-20,19.18,20.48,19.18,20.01,37332394.0,746072708.0
2015-05-21,20.28,22.0,19.85,21.76,34567165.0,733899588.0
2015-05-22,22.15,23.3,21.05,22.47,37974576.0,842233502.0
2015-05-25,22.1,23.25,21.58,22.58,30751379.0,692992640.0
2015-05-26,22.59,23.0,21.86,22.86,35799898.0,809638745.0
2015-05-27,22.8,22.87,21.88,22.05,37790102.0,841346062.0
2015-05-28,22.3,22.78,20.1,20.46,41536825.0,898049868.0
2015-05-29,20.49,20.8,18.9,19.79,32492253.0,647034961.0
2015-06-01,20.0,21.23,20.0,21.21,25211942.0,524889176.0
2015-06-02,21.16,22.25,21.16,22.04,36044485.0,785024181.0
2015-06-03,21.9,22.88,21.56,22.74,44022751.0,982735695.0
2015-06-04,22.74,23.0,20.57,22.35,37321244.0,826518361.0
2015-06-05,22.61,24.59,21.88,24.58,73065988.0,1687249949.0
2015-06-08,24.5,25.18,23.33,25.04,67270101.0,1637474515.0
2015-06-09,25.0,26.88,24.0,26.45,78979445.0,2046059890.0
2015-06-10,,,,,0.0,
2015-06-11,,,,,0.0,
2015-06-12,,,,,0.0,
2015-06-15,,,,,0.0,
2015-06-16,23.99,25.5,23.81,23.83,58131913.0,1399969173.0
2015-06-17,24.0,24.0,21.61,22.94,39720649.0,895086298.0
2015-06-18,23.0,23.76,21.38,21.73,31660807.0,723814685.0
2015-06-19,20.7,21.75,19.81,21.01,32394339.0,667378347.0
2015-06-23,21.08,21.1,18.99,20.78,19929290.0,407338381.0
2015-06-24,20.99,22.0,20.82,21.78,25853966.0,553818779.0
2015-06-25,21.9,22.0,19.8,20.03,24377263.0,512660962.0
2015-06-26,19.21,19.21,18.03,18.03,21648980.0,397652496.0
2015-06-29,18.42,18.55,16.23,16.23,32754802.0,551190896.0
2015-06-30,16.0,17.5,14.61,17.01,38151700.0,596823707.0
2015-07-01,16.83,17.25,15.31,15.31,31680268.0,521866426.0
2015-07-02,15.31,15.38,13.78,13.78,29273026.0,415310767.0
2015-07-03,12.8,13.66,12.4,12.4,37221919.0,470110443.0
2015-07-06,,,,,0.0,
2015-07-07,,,,,0.0,
2015-07-08,,,,,0.0,
2015-07-09,,,,,0.0,
2015-07-10,,,,,0.0,
2015-07-13,,,,,0.0,
2015-07-14,13.64,13.64,13.64,13.64,747093.0,10190349.0
2015-07-15,15.0,15.0,12.7,12.81,66978933.0,940545372.0
2015-07-16,11.54,13.39,11.53,12.59,44069884.0,541219939.0
2015-07-17,12.69,13.85,12.4,13.74,42580423.0,566779888.0
2015-07-20,13.93,14.65,13.66,14.23,45598285.0,644221465.0
2015-07-21,14.0,14.83,13.76,14.58,36522109.0,524827582.00000006
2015-07-22,14.58,14.8,14.11,14.73,42436836.0,617011504.0
2015-07-23,14.8,15.39,14.45,15.29,42928943.0,641325086.0
2015-07-24,15.32,15.9,14.48,14.85,50577823.0,773422009.0
2015-07-27,14.23,14.62,13.37,13.37,37629431.0,527458972.0
2015-07-28,12.3,13.17,12.03,12.13,43547491.0,535227356.0
2015-07-29,12.24,12.88,11.4,12.78,31826804.0,388394789.0
2015-07-30,12.77,13.64,12.35,12.51,39244984.0,512839250.0
2015-07-31,12.05,12.68,11.68,12.02,24790447.0,302010957.0
2015-08-03,11.75,11.97,10.82,10.82,25534008.0,285727217.0
2015-08-04,10.95,11.9,10.82,11.9,34496288.0,391222229.0
2015-08-05,12.0,12.35,11.72,11.99,33437608.0,404255900.0
2015-08-06,11.73,12.35,11.58,12.31,25649501.0,307971069.0
2015-08-07,12.42,12.95,12.31,12.94,33178724.0,419616702.0
2015-08-10,13.11,13.79,12.9,13.56,42063116.0,560152842.0
2015-08-11,13.54,14.4,13.35,13.89,47976718.0,670644975.0
2015-08-12,13.6,14.0,13.15,13.18,31875807.0,434910167.0
2015-08-13,13.1,13.98,13.01,13.94,31351519.0,425632059.0
2015-08-14,14.07,14.64,13.99,14.3,46847795.0,670055680.0
2015-08-17,14.25,15.08,14.1,14.99,35792900.0,527599749.0
2015-08-18,15.0,15.15,13.49,13.49,43270311.0,612505677.0
2015-08-19,12.88,13.97,12.15,13.71,34688314.0,455121211.0
2015-08-20,13.5,13.8,12.98,13.11,21124033.0,283199604.0
2015-08-21,12.8,13.11,12.0,12.2,29204759.0,368561828.0
2015-08-24,11.4,11.45,10.98,10.98,10309287.0,114092079.0
2015-08-25,9.88,10.16,9.88,9.88,14759382.0,146270906.0
2015-08-26,9.7,10.06,8.89,8.89,33854515.0,317635371.0
2015-08-27,9.2,9.44,8.38,9.42,29552833.0,268007961.0
2015-08-28,9.61,10.35,9.21,10.25,35536727.0,344494560.0
2015-08-31,10.4,10.4,9.44,9.71,35739219.0,352904415.0
2015-09-01,9.53,9.53,8.74,8.83,27229481.0,244171258.0
2015-09-02,8.27,9.15,8.03,8.18,22967194.0,195540551.0
2015-09-07,8.42,8.84,8.32,8.44,19294814.0,165342286.0
2015-09-08,8.4,9.2,8.2,9.18,19193850.0,167593620.0
2015-09-09,9.31,9.79,9.2,9.61,39566493.0,374670182.0
2015-09-10,9.27,9.59,9.21,9.31,19933568.0,187301763.0
2015-09-11,9.5,9.73,9.38,9.57,23370340.0,223554110.0
2015-09-14,9.63,9.76,8.61,8.67,28908649.0,260321450.0
2015-09-15,8.59,8.6,7.8,8.04,22580138.0,183521366.0
2015-09-16,8.08,8.84,8.0,8.84,29527812.0,247625941.0
2015-09-17,8.85,9.57,8.7,8.73,29521961.0,267247292.00000003
2015-09-18,8.9,9.07,8.66,8.98,21196141.0,188229212.0
2015-09-21,8.83,9.42,8.72,9.35,22861978.0,208736000.0
2015-09-22,9.41,9.5,9.16,9.31,25256309.0,235704241.0
2015-09-23,9.1,9.64,9.05,9.24,28169917.0,263469799.0
2015-09-24,9.33,9.6,9.02,9.4,29531871.0,276042557.0
2015-09-25,9.37,9.49,8.7,8.88,26866566.0,244606053.0
2015-09-28,8.89,9.4,8.71,9.33,21855535.0,198688197.0
2015-09-29,9.15,9.27,8.96,9.01,20327746.0,185243298.0
2015-09-30,9.08,9.15,8.93,9.01,11684037.0,105754681.0
2015-10-08,9.4,9.59,9.27,9.48,23817296.0,224771726.0
2015-10-09,9.5,10.13,9.42,10.07,33988682.0,331167135.0
2015-10-12,10.19,10.89,10.16,10.71,40391828.0,424271698.0
2015-10-13,10.52,10.84,10.5,10.83,27148621.0,290010972.0
2015-10-14,10.86,11.04,10.61,10.62,31745196.0,343343897.0
2015-10-15,10.5,11.01,10.4,10.95,32173780.0,347253809.0
2015-10-16,11.0,11.65,10.66,11.51,44926995.0,496406411.0
2015-10-19,11.44,11.8,10.98,11.27,48911974.0,554890512.0
2015-10-20,11.28,12.27,11.18,11.84,44444246.0,516282217.0
2015-10-21,12.01,12.52,10.81,11.25,59484647.0,707513660.0
2015-10-22,11.55,12.38,11.14,12.3,70371185.0,818138778.0
2015-10-23,12.28,13.28,12.06,12.96,61349513.0,782913348.0
2015-10-26,13.39,13.96,12.83,12.99,58852287.0,784441728.0
2015-10-27,12.91,13.3,12.0,12.98,46944345.0,593151688.0
2015-10-28,12.8,13.35,12.6,12.62,42077391.0,545235141.0
2015-10-29,12.84,13.08,12.51,12.83,31242232.0,400688635.0
2015-10-30,12.7,13.0,12.4,12.53,29337886.0,373006338.0
2015-11-02,11.93,12.48,11.75,11.86,24685999.0,299490498.0
2015-11-03,11.87,12.14,11.67,11.91,18492942.0,220974074.0
2015-11-04,12.09,12.73,12.01,12.7,29425195.0,365838197.0
2015-11-05,12.81,12.98,12.38,12.52,31177846.0,394474049.0
2015-11-06,12.55,12.99,12.54,12.9,31946451.0,409982006.0
2015-11-09,12.78,14.19,12.78,14.19,68488287.0,932966800.0
2015-11-10,14.48,15.31,13.95,14.72,93870947.0,1359081595.0
2015-11-11,14.5,14.9,14.21,14.53,55474461.0,802865923.0
2015-11-12,14.62,15.52,14.5,15.14,67877844.0,1019891916.0
2015-11-13,14.8,15.9,14.58,15.28,65767970.0,1005972790.0
2015-11-16,15.25,15.88,15.01,15.77,58674853.0,912176160.0
2015-11-17,16.09,16.28,15.29,15.38,63744946.0,999061770.0
2015-11-18,15.42,15.58,14.58,14.61,40957428.0,612182934.0
2015-11-19,14.64,15.2,14.51,15.19,34007190.0,505556343.0
2015-11-20,15.33,15.47,14.99,15.19,35670062.0,542988286.0
2015-11-23,15.27,15.42,14.5,14.58,38989910.0,580503673.0
2015-11-24,14.51,14.88,14.36,14.85,23648111.0,346778335.0
2015-11-25,14.88,15.49,14.7,15.43,38874682.0,588079226.0
2015-11-26,15.45,15.57,14.9,14.93,32515754.0,492972095.0
2015-11-27,14.73,15.25,13.44,13.72,33071788.0,479810200.0
2015-11-30,13.95,14.14,12.92,14.03,30039762.0,410806091.0
2015-12-01,13.9,14.07,13.6,13.8,19675180.0,271717037.0
2015-12-02,13.66,14.05,13.18,13.8,16946639.0,231514197.0
2015-12-03,13.9,14.29,13.74,14.27,19261013.0,271592843.0
2015-12-04,14.11,14.61,14.11,14.27,24957429.0,357856293.0
2015-12-07,14.35,14.45,14.0,14.27,19566032.0,277181052.0
2015-12-08,14.16,14.16,13.44,13.54,22475576.0,308919958.0
2015-12-09,13.41,13.74,13.29,13.37,14140446.0,190877158.0
2015-12-10,13.44,13.79,13.25,13.6,15163672.0,205534575.0
2015-12-11,13.56,13.89,13.46,13.65,15155642.0,207624986.0
2015-12-14,13.46,13.94,13.31,13.92,15332175.0,209052760.0
2015-12-15,13.9,14.48,13.88,14.37,22526779.0,318912627.0
2015-12-16,14.4,14.5,14.11,14.17,19547082.0,280121266.0
2015-12-17,14.3,14.93,14.27,14.87,33461155.0,492106876.0
2015-12-18,14.96,15.06,14.61,14.68,23366003.0,345715501.0
2015-12-21,14.72,15.17,14.69,15.14,26285132.0,391529784.0
2015-12-22,15.15,15.45,14.81,15.03,26339260.0,395766559.0
2015-12-23,15.07,15.08,14.55,14.59,22117089.0,325304547.0
2015-12-24,14.61,14.83,14.12,14.81,18028716.0,261235601.0
2015-12-25,14.81,15.37,14.71,15.2,29703872.0,450339537.0
2015-12-28,15.25,15.27,14.35,14.38,29017754.0,429891550.0
2015-12-29,14.53,14.6,14.18,14.55,16691437.0,240179882.0
2015-12-30,14.55,15.17,14.4,15.0,22564463.0,332775046.0
2015-12-31,14.83,15.1,14.5,14.69,20162419.0,298701391.0
2016-01-04,14.61,14.78,13.22,13.22,16242196.0,227561813.0
2016-01-05,12.29,13.15,11.9,12.48,22383902.0,281263438.0
2016-01-06,12.67,12.98,12.5,12.92,15254679.0,194531802.0
2016-01-07,12.66,12.66,11.63,11.63,4019200.0,48088885.0
2016-01-08,11.81,12.17,10.7,11.59,19496743.0,225589135.0
2016-01-11,11.12,11.45,10.43,10.43,19539008.0,210299677.0
2016-01-12,10.44,10.57,9.68,10.16,20426941.0,208086818.0
2016-01-13,10.37,10.37,9.14,9.14,19127460.0,186110365.0
2016-01-14,8.73,9.7,8.73,9.65,25419793.0,233711341.0
2016-01-15,9.98,10.58,9.69,9.9,48560696.0,490251939.0
2016-01-18,9.61,10.32,9.55,10.13,29950627.0,300755709.0
2016-01-19,10.02,10.58,9.9,10.51,29842753.0,305846083.0
2016-01-20,10.51,10.51,10.02,10.16,25708525.0,264570515.0
2016-01-21,9.95,10.24,9.37,9.39,21081543.0,208254836.0
2016-01-22,9.55,9.94,9.26,9.8,17991765.0,173499146.0
2016-01-25,9.98,10.49,9.85,10.27,21033231.0,215436742.0
2016-01-26,10.05,10.21,9.24,9.32,20050703.0,195743337.0
2016-01-27,9.41,9.57,8.5,9.38,25850449.0,235485070.0
2016-01-28,9.14,9.33,8.68,8.86,15338395.0,138977060.0
2016-01-29,8.92,9.42,8.85,9.25,18447232.0,169434766.0
2016-02-01,9.3,9.38,8.87,9.22,15364054.0,140574611.0
2016-02-02,9.2,9.61,9.2,9.56,23584319.0,223320534.0
2016-02-03,9.4,9.59,9.21,9.55,15791730.0,148145136.0
2016-02-04,9.56,9.83,9.56,9.81,21573729.0,209249228.0
2016-02-05,10.0,10.07,9.65,9.69,18561497.0,182414399.0
2016-02-15,9.29,9.94,9.27,9.84,14303511.0,136924081.0
2016-02-16,9.88,10.36,9.82,10.33,23825645.0,242230326.0
2016-02-17,10.25,10.6,10.05,10.59,27347220.0,282807687.0
2016-02-18,11.26,11.65,11.26,11.65,9440495.0,109639252.0
2016-02-19,11.5,11.65,11.18,11.28,35825493.0,406230198.0
2016-02-22,11.5,11.63,11.25,11.53,26425825.0,301159741.0
2016-02-23,11.5,11.5,10.96,11.14,22082369.0,247112372.0
2016-02-24,11.12,11.26,10.92,11.21,19548618.0,217116313.0
2016-02-25,11.26,11.3,10.09,10.09,25955212.0,277169473.0
2016-02-26,10.18,10.3,9.71,10.19,18364217.0,186053200.0
2016-02-29,10.19,10.35,9.22,9.55,19320519.0,185084881.0
2016-03-01,9.38,9.87,9.2,9.74,18502874.0,176518422.0
2016-03-02,9.66,10.6,9.63,10.44,22804911.0,228878221.0
2016-03-03,10.44,10.98,10.27,10.71,29199004.0,308626243.0
2016-03-04,10.71,10.95,10.11,10.21,32787825.0,348072994.0
2016-03-07,10.45,10.68,10.36,10.6,18697323.0,196768510.0
2016-03-08,10.52,10.57,9.8,10.48,20696294.0,210809080.0
2016-03-09,10.18,10.24,9.98,10.03,14010137.0,141698954.0
2016-03-10,10.03,10.18,9.7,9.76,11367997.0,112511663.0
2016-03-11,9.55,9.88,9.54,9.81,10340618.0,100636682.0
2016-03-14,9.99,10.79,9.92,10.79,28869334.0,301560796.0
2016-03-15,10.66,10.91,10.57,10.7,22128219.0,237578429.0
2016-03-16,10.72,10.85,10.43,10.66,18399126.0,196428774.0
2016-03-17,10.7,11.22,10.58,11.02,28073021.0,307633004.0
2016-03-18,11.06,11.45,10.98,11.27,27399937.0,308279646.0
2016-03-21,11.4,11.56,11.25,11.44,28133855.0,319820069.0
2016-03-22,11.28,11.45,11.19,11.26,18953541.0,214118571.0
2016-03-23,11.21,11.43,11.14,11.41,16186689.0,183362937.0
2016-03-24,11.28,11.52,11.16,11.26,19792240.0,224144683.0
2016-03-25,11.25,11.38,11.14,11.36,12891467.0,145177052.0
2016-03-28,11.36,11.88,11.25,11.45,27231872.0,315930670.0
2016-03-29,11.7,11.95,11.41,11.65,30723066.0,359392615.0
2016-03-30,11.7,12.41,11.56,12.36,36217839.0,434434412.0
2016-03-31,12.42,12.59,12.09,12.24,31628011.0,388340150.0
2016-04-01,12.17,12.58,11.75,12.48,42199944.0,510521468.0
2016-04-05,12.5,12.62,12.11,12.46,57017418.0,707025401.0
2016-04-06,12.21,12.29,11.97,12.11,34603945.0,420320996.0
2016-04-07,12.1,12.18,11.56,11.57,32830127.0,387092229.0
2016-04-08,11.45,11.9,11.41,11.67,27873405.0,324755757.0
2016-04-11,11.78,12.03,11.75,11.78,24756094.0,294430064.0
2016-04-12,11.85,11.85,11.43,11.6,17211647.0,199150911.0
2016-04-13,11.65,11.95,11.65,11.77,24783876.0,293581666.0
2016-04-14,11.83,11.99,11.7,11.95,22082077.0,261955843.0
2016-04-15,11.93,12.08,11.85,12.03,19012654.0,227638081.0
2016-04-18,11.93,11.95,11.71,11.77,13260970.0,156324517.0
2016-04-19,11.84,12.06,11.79,11.96,25095963.0,299748052.0
2016-04-20,11.88,12.44,11.2,11.58,43455204.0,521147634.0
2016-04-21,11.49,12.65,11.36,12.0,54197124.0,657078772.0
2016-04-22,11.7,11.92,11.5,11.79,24075208.0,282254168.0
2016-04-25,11.7,12.18,11.6,12.17,25578935.0,305396215.0
2016-04-26,12.19,12.29,11.8,12.16,24209187.0,291606232.0
2016-04-27,12.1,12.65,12.1,12.32,48263451.0,600383258.0
2016-04-28,12.29,12.33,11.51,11.83,34772145.0,413307191.0
2016-04-29,11.83,11.94,11.55,11.64,16193404.0,190139291.0
2016-05-03,11.82,12.32,11.7,12.29,30550734.0,368053735.0
2016-05-04,12.2,13.45,12.16,13.08,75199863.0,971613408.0
2016-05-05,13.03,13.1,12.69,12.92,39690776.0,510612036.0
2016-05-06,12.9,13.29,12.56,12.72,55459535.0,717257629.0
2016-05-09,12.63,12.75,11.52,11.7,39264033.0,474961269.0
2016-05-10,11.48,11.92,11.48,11.72,21720982.0,255017418.0
2016-05-11,11.72,11.84,11.2,11.35,28888271.0,332524975.0
2016-05-12,11.2,11.83,10.8,11.76,31070597.0,355064592.0
2016-05-13,11.6,12.55,11.57,12.25,41648404.0,505059139.0
2016-05-16,12.14,12.79,12.08,12.56,40310668.0,504093130.0
2016-05-17,12.5,13.05,12.33,12.36,50790667.0,645419393.0
2016-05-18,12.1,13.02,11.78,12.99,69687794.0,868877150.0
2016-05-19,12.8,13.85,12.72,13.4,86286661.0,1150490810.0
2016-05-20,13.18,14.25,13.11,13.93,95756116.0,1318133477.0
2016-05-23,,,,,0.0,
2016-05-24,,,,,0.0,
2016-05-25,,,,,0.0,
2016-05-26,,,,,0.0,
2016-05-27,,,,,0.0,
2016-05-30,,,,,0.0,
2016-05-31,,,,,0.0,
2016-06-01,,,,,0.0,
2016-06-02,,,,,0.0,
2016-06-03,,,,,0.0,
2016-06-06,,,,,0.0,
2016-06-07,,,,,0.0,
2016-06-08,,,,,0.0,
2016-06-13,,,,,0.0,
2016-06-14,,,,,0.0,
2016-06-15,,,,,0.0,
2016-06-16,,,,,0.0,
2016-06-17,,,,,0.0,
2016-06-20,,,,,0.0,
2016-06-21,,,,,0.0,
2016-06-22,,,,,0.0,
2016-06-23,,,,,0.0,
2016-06-24,,,,,0.0,
2016-06-27,,,,,0.0,
2016-06-28,,,,,0.0,
2016-06-29,,,,,0.0,
2016-06-30,,,,,0.0,
2016-07-01,,,,,0.0,
2016-07-04,,,,,0.0,
2016-07-05,,,,,0.0,
2016-07-06,,,,,0.0,
2016-07-07,,,,,0.0,
2016-07-08,,,,,0.0,
2016-07-11,,,,,0.0,
2016-07-12,,,,,0.0,
2016-07-13,,,,,0.0,
2016-07-14,,,,,0.0,
2016-07-15,,,,,0.0,
2016-07-18,,,,,0.0,
2016-07-19,,,,,0.0,
2016-07-20,,,,,0.0,
2016-07-21,,,,,0.0,
2016-07-22,,,,,0.0,
2016-07-25,,,,,0.0,
2016-07-26,,,,,0.0,
2016-07-27,,,,,0.0,
2016-07-28,,,,,0.0,
2016-07-29,,,,,0.0,
2016-08-01,,,,,0.0,
2016-08-02,,,,,0.0,
2016-08-03,,,,,0.0,
2016-08-04,,,,,0.0,
2016-08-05,,,,,0.0,
2016-08-08,,,,,0.0,
2016-08-09,,,,,0.0,
2016-08-10,,,,,0.0,
2016-08-11,,,,,0.0,
2016-08-12,,,,,0.0,
2016-08-15,,,,,0.0,
2016-08-16,,,,,0.0,
2016-08-17,,,,,0.0,
2016-08-18,,,,,0.0,
2016-08-19,,,,,0.0,
2016-08-22,,,,,0.0,
2016-08-23,,,,,0.0,
2016-08-24,,,,,0.0,
2016-08-25,,,,,0.0,
2016-08-26,,,,,0.0,
2016-08-29,,,,,0.0,
2016-08-30,,,,,0.0,
2016-08-31,,,,,0.0,
2016-09-01,,,,,0.0,
2016-09-02,,,,,0.0,
2016-09-05,,,,,0.0,
2016-09-06,,,,,0.0,
2016-09-07,,,,,0.0,
2016-09-08,,,,,0.0,
2016-09-09,,,,,0.0,
2016-09-12,,,,,0.0,
2016-09-13,,,,,0.0,
2016-09-14,,,,,0.0,
2016-09-19,,,,,0.0,
2016-09-20,,,,,0.0,
2016-09-21,,,,,0.0,
2016-09-22,,,,,0.0,
2016-09-23,,,,,0.0,
2016-09-26,,,,,0.0,
2016-09-27,,,,,0.0,
2016-09-28,,,,,0.0,
2016-09-29,,,,,0.0,
2016-09-30,,,,,0.0,
2016-10-10,,,,,0.0,
2016-10-11,,,,,0.0,
2016-10-12,,,,,0.0,
2016-10-13,,,,,0.0,
2016-10-14,,,,,0.0,
2016-10-17,,,,,0.0,
2016-10-18,,,,,0.0,
2016-10-19,,,,,0.0,
2016-10-20,,,,,0.0,
2016-10-21,,,,,0.0,
2016-10-24,,,,,0.0,
2016-10-25,,,,,0.0,
2016-10-26,,,,,0.0,
2016-10-27,,,,,0.0,
2016-10-28,,,,,0.0,
2016-10-31,,,,,0.0,
2016-11-01,,,,,0.0,
2016-11-02,,,,,0.0,
2016-11-03,,,,,0.0,
2016-11-04,,,,,0.0,
2016-11-07,13.79,13.79,12.55,12.9,93681117.0,1217178820.0
2016-11-08,13.08,13.3,12.72,12.79,61414489.0,795616828.0
2016-11-09,12.75,14.07,12.75,14.07,150584278.0,2058125773.0
2016-11-10,14.15,14.15,13.33,13.99,103348553.0,1438953650.0
2016-11-11,13.86,14.05,13.5,13.74,67440425.0,927392874.0
2016-11-14,13.73,14.45,13.45,14.16,84328511.0,1178527890.0
2016-11-15,14.19,14.38,13.75,13.96,56815912.0,798572103.0
2016-11-16,13.88,13.88,13.22,13.36,60537409.0,817768894.0
2016-11-17,13.38,13.49,13.2,13.32,29004075.0,386673942.0
2016-11-18,13.36,13.36,12.99,13.06,32744221.0,430511817.0
2016-11-21,13.15,13.27,13.05,13.21,22290002.0,292907117.0
2016-11-22,13.25,13.25,13.0,13.15,25047304.0,327687187.0
2016-11-23,13.17,13.2,12.73,12.81,29851810.0,387177243.0
2016-11-24,12.77,12.91,12.57,12.6,22930734.0,292256870.0
2016-11-25,12.6,12.66,12.13,12.44,25386837.0,313661234.0
2016-11-28,12.45,12.79,12.45,12.62,20535627.0,259977280.0
2016-11-29,12.6,12.66,12.15,12.18,26063072.0,321344720.0
2016-11-30,12.13,12.38,11.95,12.24,15609013.0,189800189.0
2016-12-01,12.2,12.38,12.17,12.25,13320930.0,163363324.0
2016-12-02,12.29,12.3,11.86,11.87,17658348.0,212761032.0
2016-12-05,11.82,11.96,11.65,11.82,13165339.0,155145130.0
2016-12-06,11.89,11.92,11.73,11.87,10553717.0,124731800.0
2016-12-07,11.84,12.26,11.81,12.22,20909643.0,253237944.0
2016-12-08,12.26,12.26,12.0,12.02,12060568.0,145797145.0
2016-12-09,12.03,12.07,11.89,11.96,10682481.0,127829868.0
2016-12-12,11.91,12.07,10.82,10.85,25620319.0,292469492.0
2016-12-13,10.76,10.93,10.69,10.83,14612211.0,158249606.0
2016-12-14,10.92,10.92,10.23,10.55,22872549.0,240845029.0
2016-12-15,10.45,10.74,10.38,10.58,13825663.0,146435227.0
2016-12-16,10.6,10.81,10.54,10.66,12146057.0,129825860.0
2016-12-19,10.7,10.89,10.61,10.87,14833702.0,159988441.0
2016-12-20,10.8,10.92,10.71,10.78,9002392.0,97119523.0
2016-12-21,10.87,11.05,10.75,10.92,16258305.0,177582315.0
2016-12-22,10.89,10.89,10.74,10.8,9654686.0,104246734.0
2016-12-23,10.82,10.86,10.71,10.74,9353501.0,100821110.0
2016-12-26,10.72,10.73,10.33,10.68,10681141.0,112649772.0
2016-12-27,10.67,10.77,10.6,10.61,7455823.0,79707408.0
2016-12-28,10.66,10.67,10.5,10.51,7635632.0,80666543.0
2016-12-29,10.5,10.65,10.46,10.55,9240785.0,97822267.0
2016-12-30,10.56,10.6,10.44,10.45,6290800.0,66016085.99999999
2017-01-03,10.5,10.63,10.46,10.61,7879869.0,83378495.0
2017-01-04,10.6,10.86,10.58,10.82,13947795.0,150469989.0
2017-01-05,10.82,10.88,10.73,10.88,10930056.0,118363011.0
2017-01-06,10.82,10.9,10.74,10.76,9728840.0,104976850.0
2017-01-09,10.76,10.94,10.69,10.93,11620791.0,125655495.0
2017-01-10,10.9,10.99,10.83,10.84,12213990.0,133293538.0
2017-01-11,10.8,10.87,10.42,10.45,12897934.0,137424859.0
2017-01-12,10.46,10.56,10.3,10.46,10348575.0,108250384.0
2017-01-13,10.48,10.5,10.27,10.28,7360367.0,76295404.0
2017-01-16,10.27,10.35,9.44,9.78,15188550.0,150792734.0
2017-01-17,9.77,10.6,9.71,10.49,19798926.0,201327690.0
2017-01-18,10.46,10.46,10.05,10.16,16229632.0,165721207.0
2017-01-19,10.07,10.27,10.03,10.09,9654645.0,97821951.0
2017-01-20,10.07,10.28,10.03,10.25,9204824.0,94003267.0
2017-01-23,10.26,10.41,10.19,10.24,9553393.0,98291706.0
2017-01-24,10.24,10.35,10.2,10.23,7077569.0,72668964.0
2017-01-25,10.2,10.31,10.2,10.25,5690200.0,58420832.0
2017-01-26,10.29,10.64,10.28,10.62,17473325.0,183564928.0
2017-02-03,10.9,11.0,10.62,10.66,16953848.0,182940638.0
2017-02-06,10.6,11.14,10.54,11.11,25503320.0,277977297.0
2017-02-07,11.04,11.05,10.81,10.96,15877692.0,173887643.0
2017-02-08,10.92,11.22,10.9,11.16,19556176.0,217342928.0
2017-02-09,11.2,11.32,11.07,11.3,19143628.0,214288758.0
2017-02-10,11.2,11.27,11.05,11.06,16698727.0,185747329.0
2017-02-13,11.01,11.21,11.01,11.06,11031408.0,122638004.0
2017-02-14,11.08,11.22,11.05,11.07,10633611.0,118227121.0
2017-02-15,11.25,11.5,10.95,10.97,22739404.0,255837541.0
2017-02-16,10.92,11.1,10.81,10.99,16010967.0,175402665.0
2017-02-17,11.0,11.1,10.8,10.83,11955153.0,130448789.0
2017-02-20,10.85,10.96,10.83,10.93,9638937.0,105072698.0
2017-02-21,10.95,11.09,10.9,11.05,10970729.0,120711104.0
2017-02-22,11.02,11.32,10.98,11.25,19353931.0,216243046.0
2017-02-23,11.24,11.32,11.08,11.17,11357487.0,126939957.0
2017-02-24,11.22,11.37,11.2,11.25,14618096.0,164838905.0
2017-02-27,11.26,11.29,10.94,10.96,16289097.0,180226117.0
2017-02-28,10.98,11.03,10.78,10.85,11307836.0,122797017.0
2017-03-01,10.81,11.0,10.78,10.89,9443555.0,103152284.0
2017-03-02,10.92,11.09,10.89,10.97,11264895.0,123707283.0
2017-03-03,10.94,10.99,10.82,10.9,8965411.0,97617737.0
2017-03-06,10.88,11.1,10.88,11.09,12851025.0,141516548.0
2017-03-07,11.12,11.14,10.98,11.13,12640877.0,139903026.0
2017-03-08,11.12,11.18,10.9,10.96,12006395.0,132729522.0
2017-03-09,10.91,10.95,10.62,10.7,13992238.0,150668494.0
2017-03-10,10.71,10.89,10.7,10.7,6586067.0,70950625.0
2017-03-13,10.7,10.8,10.6,10.75,7739854.0,83003456.0
2017-03-14,10.73,10.92,10.72,10.79,8365500.0,90602109.0
2017-03-15,10.78,10.93,10.65,10.86,9743903.0,105450277.0
2017-03-16,10.82,10.94,10.82,10.92,9539796.0,103955822.0
2017-03-17,10.92,11.14,10.87,11.03,21432262.0,236430236.0
2017-03-20,11.06,11.26,11.0,11.22,22825676.0,254343462.0
2017-03-21,11.22,11.23,11.07,11.15,12058874.0,134144338.0
2017-03-22,11.15,11.15,10.82,10.95,15211249.0,166600973.0
2017-03-23,10.97,11.02,10.81,10.98,12842053.0,140484016.0
2017-03-24,10.95,10.98,10.78,10.89,11403482.0,124120580.0
2017-03-27,10.9,11.09,10.79,11.07,16238321.0,177788288.0
2017-03-28,10.97,11.08,10.82,10.84,12151227.0,132550105.0
2017-03-29,10.88,10.91,10.48,10.5,13538670.0,145679980.0
2017-03-30,10.52,10.59,10.1,10.17,16314604.0,167947571.0
2017-03-31,10.18,10.29,10.18,10.21,6744750.0,68976676.0
2017-04-05,10.2,10.39,10.16,10.39,9260918.0,95603073.0
2017-04-06,10.39,10.45,10.33,10.38,6833713.0,71038068.0
2017-04-07,10.36,10.4,10.27,10.37,6893922.0,71233280.0
2017-04-10,10.35,10.35,10.18,10.19,8273683.0,84885851.0
2017-04-11,10.21,10.42,10.0,10.4,14266582.0,145525594.0
2017-04-12,10.37,10.38,10.23,10.29,7700752.0,79546182.0
2017-04-13,10.32,10.5,10.27,10.39,9577960.0,99665109.0
2017-04-14,10.43,10.43,10.07,10.11,8805160.0,89995284.0
2017-04-17,10.13,10.13,9.79,9.89,9892900.0,98457485.0
2017-04-18,9.94,9.97,9.66,9.68,7334144.0,72122494.0
2017-04-19,9.65,9.68,9.28,9.38,11624188.0,109370301.0
2017-04-20,9.42,9.47,9.11,9.25,7815601.0,72562323.0
2017-04-21,9.31,9.35,8.97,9.02,10389941.0,94707758.0
2017-04-24,8.99,9.02,8.54,8.66,10116328.0,88177043.0
2017-04-25,8.65,8.83,8.65,8.72,6747205.0,59099180.0
2017-04-26,8.74,8.95,8.72,8.92,8084355.0,71662737.0
2017-04-27,8.92,9.05,8.7,9.05,8621081.0,76653733.0
2017-04-28,9.04,9.14,9.0,9.07,5131178.0,46561852.0
2017-05-02,9.07,9.11,8.97,9.02,4317094.0,38936675.0
2017-05-03,9.05,9.15,9.0,9.1,5165294.0,46886802.0
2017-05-04,9.1,9.1,8.88,8.93,5774900.0,52000028.0
2017-05-05,8.89,9.28,8.81,9.23,14557295.0,132484675.0
2017-05-08,9.18,9.19,8.99,9.01,8528100.0,77387461.0
2017-05-09,8.9,9.2,8.9,9.2,8622555.0,78414800.0
2017-05-10,9.22,9.27,8.91,8.93,9327423.0,84946369.0
2017-05-11,8.81,8.85,8.48,8.74,10812599.0,93901534.0
2017-05-12,8.74,8.8,8.61,8.64,5557700.0,48258224.0
2017-05-15,8.6,8.7,8.59,8.68,5179870.0,44823707.0
2017-05-16,8.67,8.97,8.54,8.93,10384861.0,91006480.0
2017-05-17,8.85,9.02,8.84,8.92,8241302.0,73714482.0
2017-05-18,8.82,8.96,8.79,8.86,7242853.0,64333686.0
2017-05-19,8.81,8.94,8.81,8.9,5675270.0,50385517.0
2017-05-22,8.88,8.9,8.59,8.64,7063223.0,61753978.0
2017-05-23,8.67,8.67,7.95,8.0,15198568.0,126106738.0
2017-05-24,8.0,8.07,7.7,8.03,11326229.0,89434473.0
2017-05-25,7.98,8.19,7.86,8.14,8758869.0,70336410.0
2017-05-26,8.14,8.17,8.01,8.03,9516649.0,76803196.0
2017-05-31,8.13,8.23,8.02,8.02,8457700.0,68742371.0
2017-06-01,7.94,8.07,7.84,7.91,8253701.0,65435640.0
2017-06-02,7.88,8.08,7.82,8.05,8226141.0,65655777.0
2017-06-05,8.09,8.16,8.05,8.1,6569664.0,53281723.0
2017-06-06,8.06,8.16,8.06,8.16,5195040.0,42237495.0
2017-06-07,8.18,8.34,8.13,8.31,11207137.0,92718052.0
2017-06-08,8.3,8.42,8.26,8.29,10789088.0,90093239.0
2017-06-09,8.28,8.34,8.19,8.32,5963292.0,49233990.0
2017-06-12,8.28,8.28,8.05,8.08,5169070.0,42199865.0
2017-06-13,8.13,8.39,8.02,8.33,8959475.0,74058705.0
2017-06-14,8.33,8.44,8.28,8.29,8050447.0,67315582.0
2017-06-15,8.29,8.5,8.28,8.44,10172564.0,85676405.0
2017-06-16,8.44,8.44,8.36,8.38,5619522.0,47186061.0
2017-06-19,8.43,8.54,8.3,8.53,7749669.0,65659238.0
2017-06-20,8.51,9.08,8.51,8.88,27741478.0,245734853.0
2017-06-21,8.81,8.93,8.75,8.85,15800756.0,139588795.0
2017-06-22,9.0,9.44,8.8,9.16,36650094.0,333967484.0
2017-06-23,8.93,9.2,8.84,9.11,21978893.0,198340829.0
2017-06-26,9.02,9.12,8.92,9.1,15755907.0,142135495.0
2017-06-27,9.0,9.1,8.88,8.89,13116243.0,117630603.0
2017-06-28,8.86,8.97,8.83,8.89,8598503.0,76481521.0
2017-06-29,8.91,8.94,8.81,8.89,7530500.0,66748335.00000001
2017-06-30,8.87,8.87,8.76,8.78,6378188.0,56137580.0
2017-07-03,8.81,8.99,8.77,8.98,8904899.0,79252329.0
2017-07-04,8.95,9.02,8.86,8.9,6677109.0,59612417.0
2017-07-05,8.9,9.16,8.85,9.14,15081591.0,136625656.0
2017-07-06,9.12,9.23,9.03,9.22,18822862.0,172091501.0
2017-07-07,9.16,9.48,9.09,9.41,24780501.0,230189752.0
2017-07-10,9.35,9.55,9.3,9.33,20444765.0,192029137.0
2017-07-11,9.25,9.33,9.01,9.04,13863343.0,126853394.0
2017-07-12,9.12,9.25,8.95,9.23,11470113.0,104277250.0
2017-07-13,9.21,9.47,9.1,9.29,18344175.0,170875590.0
2017-07-14,9.23,9.23,9.07,9.09,11688406.0,106738223.0
2017-07-17,9.05,9.1,8.21,8.3,16117601.0,138397556.0
2017-07-18,8.3,8.48,8.28,8.43,7176504.0,60392407.0
2017-07-19,8.39,8.73,8.39,8.67,10300880.0,88790607.0
2017-07-20,8.71,8.97,8.7,8.79,11528314.0,101936731.0
2017-07-21,8.88,8.9,8.74,8.8,6807801.0,59963194.0
2017-07-24,8.81,8.95,8.76,8.93,9270272.0,82222222.0
2017-07-25,8.98,9.23,8.9,9.11,15570989.0,141501197.0
2017-07-26,9.04,9.46,8.99,9.43,29084023.0,269556078.0
2017-07-27,9.33,9.53,9.24,9.31,25026842.0,233912415.0
2017-07-28,9.23,10.1,9.21,9.83,44444100.0,431550719.0
2017-07-31,9.8,10.11,9.77,10.05,37891748.0,376384648.0
2017-08-01,9.93,9.95,9.67,9.72,23815553.0,232931944.0
2017-08-02,9.73,9.95,9.58,9.67,21724216.0,212314149.0
2017-08-03,9.62,9.76,9.53,9.71,14123107.0,136568083.0
2017-08-04,9.69,9.82,9.41,9.43,16929114.0,162950058.0
2017-08-07,9.43,9.75,9.35,9.73,15123907.0,145127815.0
2017-08-08,9.73,10.16,9.69,10.02,37335920.0,371382160.0
2017-08-09,9.92,10.39,9.82,10.32,42021570.0,426334318.0
2017-08-10,10.22,10.48,9.96,10.19,38194988.0,390382762.0
2017-08-11,10.0,10.1,9.47,9.57,30402043.0,297037469.0
2017-08-14,9.57,9.84,9.56,9.79,13840352.0,134626037.0
2017-08-15,9.74,9.81,9.59,9.68,14721758.0,142475389.0
2017-08-16,9.68,9.73,9.43,9.7,16039764.0,153734349.0
2017-08-17,9.75,9.86,9.63,9.68,15296145.0,148569611.0
2017-08-18,9.63,9.63,9.45,9.48,12790964.0,121685512.0
2017-08-21,9.48,9.7,9.46,9.69,9632049.0,92575656.0
2017-08-22,9.69,9.82,9.56,9.79,15808708.0,153294826.0
2017-08-23,9.77,9.77,9.49,9.51,13596303.0,130523958.0
2017-08-24,9.51,9.57,9.3,9.33,9975926.0,94203455.0
2017-08-25,9.34,9.57,9.31,9.48,8856811.0,83873349.0
2017-08-28,9.45,9.63,9.45,9.55,11162556.0,106745517.0
2017-08-29,9.58,9.65,9.44,9.46,9948934.0,94936175.0
2017-08-30,9.44,9.59,9.43,9.55,9509384.0,90511419.0
2017-08-31,9.55,9.78,9.55,9.77,19748712.0,191435955.0
2017-09-01,9.77,9.9,9.7,9.79,16578692.0,162536233.0
2017-09-04,9.8,10.03,9.72,9.99,18586051.0,184355205.0
2017-09-05,9.94,10.06,9.83,9.89,12556476.0,124324738.0
2017-09-06,9.83,10.25,9.72,10.16,28142520.0,283685023.0
2017-09-07,10.09,10.23,9.96,10.01,23102639.0,232387797.0
2017-09-08,9.98,10.5,9.9,10.4,42246812.0,433986343.0
2017-09-11,10.43,10.77,10.27,10.66,49181378.0,518821921.0
2017-09-12,10.58,11.23,10.44,10.49,72545892.0,785090118.0
2017-09-13,10.41,10.49,10.14,10.43,34727448.0,357351102.0
2017-09-14,10.3,10.46,10.07,10.15,26276703.0,269140783.0
2017-09-15,10.15,10.22,10.03,10.13,12011424.0,121460111.0
2017-09-18,10.12,10.34,10.08,10.18,13000925.0,132813317.0
2017-09-19,10.2,10.25,10.0,10.04,15121386.0,152648050.0
2017-09-20,10.04,10.41,10.04,10.4,23508482.0,241672848.0
2017-09-21,10.35,10.76,10.18,10.74,50645396.0,533853636.00000006
2017-09-22,10.49,11.06,10.4,10.75,59371432.0,638026630.0
2017-09-25,10.6,10.72,10.26,10.37,25239648.0,265604573.0
2017-09-26,10.22,10.51,10.22,10.49,15419333.0,159619573.0
2017-09-27,10.44,10.98,10.35,10.9,38812975.0,418464880.0
2017-09-28,10.81,10.95,10.65,10.71,24690848.0,266582342.0
2017-09-29,10.83,11.08,10.71,10.81,27080319.0,294449608.0
2017-10-09,10.99,11.18,10.8,11.16,36360423.0,400691756.0
2017-10-10,11.08,11.14,10.78,10.84,32408875.0,353432030.0
2017-10-11,10.82,10.84,10.52,10.63,22474555.0,238795853.0
2017-10-12,10.62,10.68,10.46,10.67,15603947.0,164714759.0
2017-10-13,10.62,10.63,10.42,10.45,16161190.0,169647323.0
2017-10-16,10.49,10.51,10.07,10.08,19710800.0,201774178.0
2017-10-17,10.07,10.22,10.05,10.13,7997213.0,81088254.0
2017-10-18,10.12,10.2,9.72,9.77,12343900.0,123360834.0
2017-10-19,9.75,9.81,9.42,9.63,13510671.0,129732512.0
2017-10-20,9.58,9.83,9.53,9.81,7771224.0,75766249.0
2017-10-23,9.9,10.05,9.83,9.89,9028902.0,89799606.0
2017-10-24,9.92,10.0,9.76,10.0,7558156.0,74859540.0
2017-10-25,10.0,10.11,9.96,10.1,8418633.0,84707515.0
2017-10-26,10.12,10.18,10.03,10.08,8815690.0,89115221.0
2017-10-27,10.04,10.04,9.75,9.77,11414071.0,112725531.0
2017-10-30,9.79,9.82,9.48,9.5,9699700.0,92694459.0
2017-10-31,9.5,9.71,9.46,9.7,6762053.0,64854570.0
2017-11-01,9.67,9.83,9.66,9.72,6783404.0,66222520.99999999
2017-11-02,9.67,9.69,9.45,9.49,8434523.0,80257011.0
2017-11-03,9.47,9.76,9.45,9.56,6594606.0,63161468.0
2017-11-06,9.8,9.9,9.57,9.73,13882899.0,134583395.0
2017-11-07,9.62,9.92,9.59,9.9,16390098.0,160312993.0
2017-11-08,9.88,10.15,9.85,9.99,17538603.0,176303007.0
2017-11-09,10.0,10.15,9.93,10.14,12783661.0,128525133.0
2017-11-10,10.1,11.15,10.09,11.15,90468879.0,985172162.0
2017-11-13,11.19,11.7,10.94,11.54,82414128.0,928188502.0
2017-11-14,11.47,11.62,11.23,11.34,44422496.0,508236932.0
2017-11-15,11.3,11.69,11.25,11.39,36599282.0,418433896.0
2017-11-16,11.3,11.34,10.89,10.91,31986815.0,354543652.0
2017-11-17,11.08,11.22,10.57,10.61,34950557.0,383009338.0
2017-11-20,10.7,11.0,10.4,10.81,32002462.0,344771246.0
2017-11-21,10.82,11.89,10.8,11.55,71344780.0,823939434.0
2017-11-22,11.47,11.8,11.31,11.72,47980623.0,553330259.0
2017-11-23,11.58,11.69,10.7,10.79,49545038.0,551546711.0
2017-11-24,10.85,11.15,10.72,11.01,27682806.0,303580528.0
2017-11-27,10.93,10.99,10.45,10.49,24574307.0,262882723.0
2017-11-28,10.52,10.84,10.41,10.79,24437568.0,260221858.0
2017-11-29,10.78,11.18,10.68,11.13,33495080.0,366915011.0
2017-11-30,11.13,11.45,11.0,11.21,39808358.0,446975638.0
2017-12-01,10.9,11.47,10.5,11.44,50271741.0,555446833.0
2017-12-04,11.3,11.74,11.18,11.28,45919752.0,525151511.00000006
2017-12-05,11.29,11.38,10.15,10.29,49886268.0,534352561.0
2017-12-06,10.24,10.73,10.04,10.7,34671677.0,362293376.0
2017-12-07,10.63,10.88,10.49,10.5,27150546.0,290259675.0
2017-12-08,10.42,11.45,10.42,11.26,54416316.0,601122134.0
2017-12-11,11.21,11.38,11.12,11.35,42323268.0,477027271.0
2017-12-12,11.34,11.65,11.23,11.4,55369692.0,633498789.0
2017-12-13,11.36,12.11,11.24,12.04,93484411.0,1100484068.0
2017-12-14,11.9,12.11,11.73,12.06,69647848.0,832063060.0
2017-12-15,11.93,12.0,11.31,11.56,64928086.0,756883512.0
2017-12-18,11.57,12.09,11.46,11.91,65230227.0,772698186.0
2017-12-19,11.8,12.01,11.52,12.0,50857460.0,599039382.0
2017-12-20,11.9,12.06,11.67,11.75,43324341.0,512858764.0
2017-12-21,11.6,12.32,11.35,12.18,82178310.0,979702150.0
2017-12-22,12.06,12.21,11.91,12.08,53472844.0,645112051.0
2017-12-25,12.0,12.04,11.6,11.75,43427131.0,511457800.0
2017-12-26,11.78,11.79,11.23,11.57,42560712.0,488447603.0
2017-12-27,11.5,11.67,10.85,10.89,47135122.0,530047334.00000006
2017-12-28,10.8,11.05,10.61,10.85,32967342.0,358402488.0
2017-12-29,10.81,11.09,10.8,11.05,25100979.0,275955133.0
2018-01-02,11.07,11.12,10.75,11.08,20025270.0,219799053.0
2018-01-03,11.03,11.26,10.99,11.19,27455246.0,306250328.0
2018-01-04,11.15,11.27,10.95,10.98,31541487.0,350332596.0
2018-01-05,10.93,11.22,10.82,11.14,29025421.0,320044552.0
2018-01-08,11.12,11.14,10.79,10.99,27829026.0,304038887.0
2018-01-09,10.91,10.99,10.56,10.6,35016845.0,375088195.0
2018-01-10,10.55,10.72,10.43,10.69,22806248.0,241922729.0
2018-01-11,10.7,10.82,10.52,10.74,18849165.0,201835593.0
2018-01-12,10.61,10.69,10.3,10.32,20950507.0,220371475.0
2018-01-15,10.21,10.27,9.33,9.56,43881593.0,428640634.0
2018-01-16,9.5,9.59,9.25,9.34,20780117.0,195702018.0
2018-01-17,9.33,9.53,9.06,9.44,18529847.0,172785412.0
2018-01-18,9.36,9.44,9.28,9.35,10409517.0,97490475.0
2018-01-19,9.38,9.48,9.3,9.36,10682198.0,100320233.0
2018-01-22,9.38,9.51,9.12,9.48,14927111.0,138926177.0
2018-01-23,9.41,9.54,9.36,9.39,10141355.0,95820359.0
2018-01-24,9.39,9.53,9.31,9.5,11933792.0,112700503.0
2018-01-25,9.46,9.68,9.43,9.53,14009157.0,134161113.0
2018-01-26,9.53,9.62,9.32,9.41,12374483.0,116934462.0
2018-01-29,9.43,9.43,9.08,9.12,14803386.0,136178665.0
2018-01-30,9.13,9.19,9.02,9.06,8645063.0,78676355.0
2018-01-31,9.05,9.11,8.51,8.54,18893142.0,165626912.0
2018-02-01,8.46,8.57,8.04,8.05,16270149.0,134836727.0
2018-02-02,8.05,8.29,7.94,8.25,12552518.0,102397860.0
2018-02-05,8.16,8.34,8.11,8.26,7759230.0,64250406.0
2018-02-06,8.15,8.22,7.55,7.58,13559000.0,107496202.0
2018-02-07,7.82,7.89,7.51,7.73,11559662.0,89204098.0
2018-02-08,7.79,8.32,7.76,8.12,13505162.0,108470975.0
2018-02-09,7.96,8.13,7.85,7.99,12323098.0,98284385.0
2018-02-12,8.09,8.24,8.03,8.22,9565519.0,78042770.0
2018-02-13,8.28,8.28,8.07,8.11,10059022.0,82082106.0
2018-02-14,8.07,8.2,8.07,8.13,5664355.0,46091595.0
2018-02-22,8.2,8.41,8.16,8.37,9600727.0,79986856.0
2018-02-23,8.37,8.37,8.2,8.29,9193159.0,76016555.0
2018-02-26,8.37,8.63,8.28,8.61,16349006.0,138778552.0
2018-02-27,8.57,8.77,8.51,8.62,14783761.0,127484507.0
2018-02-28,8.55,8.79,8.44,8.7,16204210.0,140230967.0
2018-03-01,8.61,8.99,8.56,8.96,21491762.0,188777851.0
2018-03-02,8.88,9.24,8.81,8.86,23767867.0,214564985.0
2018-03-05,8.88,9.1,8.81,8.95,14497238.0,129472165.0
2018-03-06,8.95,9.08,8.88,8.98,14121451.0,126763989.0
2018-03-07,8.97,8.97,8.68,8.71,14426564.0,126889918.0
2018-03-08,8.73,8.8,8.56,8.63,13506088.0,116846139.0
2018-03-09,8.67,8.95,8.66,8.9,16676069.0,147339230.0
2018-03-12,8.98,9.22,8.9,9.08,21090466.0,191174874.0
2018-03-13,9.06,9.16,8.92,8.99,13678154.0,123558630.0
2018-03-14,8.97,9.2,8.95,8.98,18090321.0,164304363.0
2018-03-15,8.94,8.94,8.66,8.79,13452360.0,118131223.0
2018-03-16,8.8,8.84,8.66,8.67,7972190.0,69696500.0
2018-03-19,8.61,8.83,8.57,8.7,8179464.0,71296363.0
2018-03-20,8.61,8.74,8.54,8.7,9483023.0,81817010.0
2018-03-21,8.71,8.89,8.61,8.62,13000831.0,114233740.0
2018-03-22,8.64,8.73,8.56,8.61,8373837.0,72268277.0
2018-03-23,8.35,8.35,7.75,7.89,23768415.0,189732703.0
2018-03-26,7.81,8.09,7.61,8.07,12298969.0,97231810.0
2018-03-27,8.19,8.36,8.11,8.36,15354846.0,126906621.0
2018-03-28,8.45,8.68,8.36,8.51,20530945.0,174908981.0
2018-03-29,8.54,8.62,8.46,8.54,11991611.0,102466716.0
2018-03-30,8.59,8.85,8.53,8.83,16998355.0,148879286.0
2018-04-02,8.85,9.24,8.85,9.08,28570584.0,259811248.0
2018-04-03,8.9,9.16,8.86,9.14,17260658.0,155616136.0
2018-04-04,9.17,9.21,8.8,8.84,14660782.0,131700522.0
2018-04-09,8.85,9.09,8.85,9.01,15627204.0,140629150.0
2018-04-10,9.08,9.09,8.84,8.97,11549035.0,103380573.0
2018-04-11,9.02,9.28,8.97,9.13,19161773.0,175435575.0
2018-04-12,9.13,9.38,9.09,9.25,22951484.0,212407177.0
2018-04-13,9.3,9.36,9.14,9.17,13477468.0,124330146.0
2018-04-16,9.14,9.27,8.91,9.13,15177137.0,138698765.0
2018-04-17,9.1,9.44,9.1,9.18,30871345.0,286644008.0
2018-04-18,9.17,9.82,9.06,9.63,52195843.0,495072945.0
2018-04-19,9.57,9.68,9.46,9.62,32116318.0,307092707.0
2018-04-20,9.58,9.84,9.44,9.45,27787363.0,267542510.0
2018-04-23,9.47,9.77,9.27,9.74,27320248.0,260506439.0
2018-04-24,9.66,9.9,9.65,9.9,30157058.0,294978283.0
2018-04-25,9.8,9.88,9.64,9.79,20475844.0,199869425.0
2018-04-26,9.72,10.07,9.67,9.73,23057287.0,228069196.0
2018-04-27,9.84,9.85,9.35,9.39,18060455.0,171820188.0
2018-05-02,9.45,9.69,9.35,9.65,14395902.0,137301860.0
2018-05-03,9.58,9.87,9.37,9.84,19875755.0,191070473.0
2018-05-04,9.75,10.08,9.74,9.83,24364967.0,242032215.0
2018-05-07,9.86,9.95,9.6,9.93,24724885.0,242297465.0
2018-05-08,9.88,9.95,9.71,9.88,16671446.0,163901112.0
2018-05-09,9.83,9.85,9.69,9.74,14840985.0,144807362.0
2018-05-10,9.76,9.92,9.65,9.89,18880281.0,184868720.0
2018-05-11,9.85,10.02,9.66,9.68,19015404.0,187363113.0
2018-05-14,9.65,9.75,9.11,9.18,24128560.0,227495633.0
2018-05-15,9.23,9.59,9.2,9.53,18361337.0,172832380.0
2018-05-16,9.52,9.95,9.52,9.82,22849951.0,223756083.0
2018-05-17,9.81,9.99,9.73,9.85,17734923.0,174667085.0
2018-05-18,9.92,9.93,9.41,9.66,17745538.0,171774403.0
2018-05-21,9.73,10.16,9.65,10.11,36247529.0,361049782.0
2018-05-22,10.09,10.93,10.03,10.7,72766001.0,763905536.0
2018-05-23,10.65,10.77,10.51,10.63,37926559.0,403329835.0
2018-05-24,10.6,10.68,10.38,10.47,22134091.0,232267507.0
2018-05-25,10.47,10.82,10.06,10.16,37427993.0,391024171.0
2018-05-28,10.21,10.35,9.55,9.74,40711157.0,403638838.0
2018-05-29,9.7,9.79,9.46,9.59,19758240.0,189876408.0
2018-05-30,9.35,9.57,9.27,9.38,19158114.0,180027340.0
2018-05-31,9.51,9.54,9.2,9.37,15829851.0,147893503.0
2018-06-01,9.3,9.45,9.01,9.08,15076321.0,139065724.0
2018-06-04,8.9,8.95,8.17,8.18,43342292.0,362517605.0
2018-06-05,8.17,8.42,8.13,8.4,16933059.0,140240199.0
2018-06-06,8.38,8.46,8.32,8.4,11884818.0,99668166.0
2018-06-07,8.49,8.49,8.31,8.33,9629485.0,81044540.0
2018-06-08,8.37,8.42,8.23,8.36,9096382.0,75630370.0
2018-06-11,8.37,8.4,8.23,8.3,6560786.0,54521149.0
2018-06-12,8.27,8.43,8.24,8.42,9086401.0,75836697.0
2018-06-13,8.4,8.56,8.31,8.4,12930187.0,109147898.0
2018-06-14,8.41,8.55,8.39,8.45,8791964.0,74545572.0
2018-06-15,8.48,8.5,7.93,8.19,14028285.0,115152731.0
2018-06-19,8.14,8.14,7.37,7.49,18386475.0,141870311.0
2018-06-20,7.47,7.82,7.44,7.76,9595655.0,73500112.0
2018-06-21,7.78,7.86,7.55,7.6,8877580.0,68401187.0
2018-06-22,7.56,7.85,7.43,7.82,9503276.0,73278099.0
2018-06-25,6.55,6.58,6.42,6.43,5430513.0,35300856.0
2018-06-26,6.31,6.61,6.21,6.5,8487172.0,54956148.0
2018-06-27,6.55,6.84,6.47,6.74,16611128.0,111212709.0
2018-06-28,6.74,6.77,6.56,6.62,8837663.0,59063265.0
2018-06-29,6.65,6.89,6.61,6.85,11431333.0,77742599.0
2018-07-02,6.87,6.94,6.75,6.8,11275316.0,77151507.0
2018-07-03,6.81,6.98,6.63,6.96,13039164.0,89720762.0
2018-07-04,6.95,7.06,6.82,6.86,14207309.0,98265511.0
2018-07-05,6.9,6.98,6.68,6.69,10274373.0,70508876.0
2018-07-06,6.7,7.17,6.7,7.02,23151553.0,161393105.0
2018-07-09,7.07,7.13,7.01,7.13,12972644.0,91923431.0
2018-07-10,7.1,7.2,7.07,7.14,10566720.0,75389942.0
2018-07-11,7.06,7.06,6.75,6.94,15238332.0,105381183.0
2018-07-12,6.92,7.27,6.9,7.2,17403709.0,124794110.0
2018-07-13,7.18,7.27,7.17,7.21,9536636.0,68790077.0
2018-07-16,7.22,7.3,7.17,7.23,9054448.0,65465158.0
2018-07-17,7.2,7.28,7.13,7.28,8819802.0,63577215.0
2018-07-18,7.3,7.35,7.03,7.06,14110528.0,101220923.0
2018-07-19,7.04,7.17,6.95,7.15,11776631.0,83122810.0
2018-07-20,7.12,7.22,6.98,7.17,12492952.0,89036725.0
2018-07-23,7.15,7.32,7.12,7.26,11715428.0,84877397.0
2018-07-24,7.28,7.4,7.19,7.38,18802848.0,137496044.0
2018-07-25,7.34,7.4,7.27,7.28,11482251.0,84063340.0
2018-07-26,7.28,7.29,7.14,7.22,9091603.0,65532965.0
2018-07-27,7.24,7.35,7.18,7.21,12123360.0,88099634.0
2018-07-30,7.15,7.21,6.98,7.02,11190052.0,79136657.0
2018-07-31,6.99,7.05,6.81,6.86,12732610.0,87972953.0
2018-08-01,6.9,6.97,6.71,6.72,10253481.0,70309838.0
2018-08-02,6.74,6.75,6.34,6.55,12771844.0,83030308.0
2018-08-03,6.55,6.67,6.46,6.51,6644822.0,43578491.0
2018-08-06,6.52,6.61,6.46,6.52,5743353.0,37459757.0
2018-08-07,6.55,6.76,6.54,6.76,9447421.0,63008055.0
2018-08-08,6.74,6.81,6.67,6.68,6833073.0,46070789.0
2018-08-09,6.66,6.91,6.63,6.87,10216316.0,69888165.0
2018-08-10,6.87,6.88,6.76,6.86,6838433.0,46619661.0
2018-08-13,6.76,6.92,6.73,6.92,8948207.0,61153698.0
2018-08-14,6.89,6.9,6.77,6.84,7646521.0,52299149.0
2018-08-15,6.88,6.88,6.62,6.67,8751917.0,58888770.0
2018-08-16,6.58,6.75,6.55,6.6,6180160.0,41108725.0
2018-08-17,6.68,6.72,6.52,6.53,5763034.0,38206319.0
2018-08-20,6.53,6.63,6.36,6.56,10717823.0,69268738.0
2018-08-21,6.56,6.69,6.53,6.63,6617401.0,43794841.0
2018-08-22,6.62,6.67,6.54,6.55,4488375.0,29581995.0
2018-08-23,6.55,6.66,6.52,6.55,7317568.0,48251478.0
2018-08-24,6.55,6.58,6.4,6.41,8316696.0,53915205.0
2018-08-27,6.44,6.66,6.43,6.64,9842178.0,64669703.0
2018-08-28,6.65,6.77,6.63,6.72,9228065.0,61861899.0
2018-08-29,6.73,6.73,6.6,6.68,6207457.0,41290531.0
2018-08-30,6.68,6.71,6.34,6.38,16444898.0,105840961.0
2018-08-31,6.38,6.38,6.25,6.27,8065347.0,50780819.0
2018-09-03,6.3,6.34,6.18,6.33,6591748.0,41138693.0
2018-09-04,6.3,6.41,6.27,6.37,10889283.0,68944847.0
2018-09-05,6.35,6.36,6.19,6.23,7715398.0,48450306.0
2018-09-06,6.24,6.28,6.13,6.23,7221023.0,44871748.0
2018-09-07,6.23,6.28,6.1,6.15,8324951.0,51499436.0
2018-09-10,6.16,6.18,6.02,6.08,7120473.0,43178073.0
2018-09-11,6.08,6.16,6.02,6.12,4342642.0,26445794.0
2018-09-12,6.2,6.26,6.17,6.22,8084590.0,50228871.0
2018-09-13,6.22,6.29,6.18,6.25,6045861.0,37741584.0
2018-09-14,6.25,6.32,6.2,6.21,6320380.0,39523761.0
2018-09-17,6.18,6.18,6.04,6.17,4790755.0,29198739.0
2018-09-18,6.14,6.26,6.09,6.25,5700515.0,35283480.0
2018-09-19,6.22,6.35,6.2,6.28,9455309.0,59443496.0
2018-09-20,6.3,6.43,6.3,6.33,12340305.0,78565720.0
2018-09-21,6.35,6.39,6.26,6.37,10746009.0,68052148.0
2018-09-25,6.35,6.41,6.3,6.34,5559266.0,35282438.0
2018-09-26,6.35,6.39,6.32,6.33,6177965.0,39266841.0
2018-09-27,6.35,6.35,6.21,6.22,7489167.0,46966742.0
2018-09-28,6.23,6.35,6.22,6.33,6708036.0,42268069.0
2018-10-08,6.19,6.27,6.04,6.04,7693710.0,47500813.0
2018-10-09,6.07,6.15,6.04,6.11,6047857.0,36817365.0
2018-10-10,6.12,6.14,5.87,5.96,11074980.0,66158815.0
2018-10-11,5.77,5.77,5.36,5.36,15784127.0,86997903.0
2018-10-12,5.23,5.23,4.83,5.08,24187241.0,121157735.0
2018-10-15,5.09,5.15,5.0,5.07,10398314.0,52867357.0
2018-10-16,5.04,5.12,4.89,4.95,9237008.0,46494859.0
2018-10-17,5.03,5.11,4.9,5.07,7136604.0,35792743.0
2018-10-18,5.03,5.07,4.93,4.97,6343221.0,31666799.0
2018-10-19,4.91,5.18,4.88,5.13,10860872.0,55105646.0
2018-10-22,5.18,5.56,5.18,5.46,14319200.0,76830428.0
2018-10-23,5.48,5.48,5.26,5.31,11995826.0,64356671.0
2018-10-24,5.29,5.42,5.27,5.3,8363621.0,44665684.0
2018-10-25,5.15,5.35,5.06,5.34,9296326.0,48207579.0
2018-10-26,5.39,5.45,5.31,5.33,7015807.0,37734934.0
2018-10-29,5.33,5.42,5.27,5.29,5465302.0,29185592.0
2018-10-30,5.29,5.43,5.27,5.39,7615482.0,40887797.0
2018-10-31,5.46,5.63,5.39,5.54,14204812.0,78609407.0
2018-11-01,5.55,5.61,5.48,5.48,13692986.0,75893544.0
2018-11-02,5.59,5.64,5.54,5.62,11984751.0,66944003.0
2018-11-05,5.63,5.67,5.51,5.61,12359032.0,69159531.0
2018-11-06,5.6,5.85,5.55,5.71,15564374.0,88716849.0
2018-11-07,5.66,5.71,5.59,5.59,11866874.0,66937509.00000001
2018-11-08,5.62,5.67,5.55,5.57,7208685.0,40502545.0
2018-11-09,5.56,5.65,5.56,5.65,9300685.0,52155153.0
2018-11-12,5.65,5.83,5.58,5.83,19894190.0,113784506.0
2018-11-13,5.7,5.94,5.68,5.92,24291772.0,141906275.0
2018-11-14,5.95,5.96,5.82,5.84,17929997.0,105506550.0
2018-11-15,5.87,5.96,5.83,5.93,14752008.0,87177555.0
2018-11-16,5.98,6.15,5.95,6.07,23288174.0,141390473.0
2018-11-19,6.07,6.22,5.98,6.21,18998260.0,115660098.0
2018-11-20,6.13,6.28,6.0,6.01,17419360.0,106887034.0
2018-11-21,5.94,6.08,5.91,6.07,10773921.0,64747176.0
2018-11-22,6.08,6.13,6.0,6.08,9713103.0,58978314.0
2018-11-23,6.05,6.08,5.65,5.67,19779145.0,114997912.0
2018-11-26,5.68,5.83,5.66,5.76,8435810.0,48635525.0
2018-11-27,5.85,6.09,5.82,5.99,16189452.0,96663999.0
2018-11-28,6.04,6.11,5.91,6.05,13617592.0,82110537.0
2018-11-29,6.06,6.11,5.86,5.87,12899183.0,77369546.0
2018-11-30,5.88,5.94,5.74,5.86,8736338.0,51144432.0
2018-12-03,6.07,6.13,6.0,6.1,15414727.0,93727716.0
2018-12-04,6.1,6.16,6.04,6.14,12127032.0,74099708.0
2018-12-05,6.06,6.29,6.01,6.17,17510357.0,108018868.0
2018-12-06,6.15,6.2,6.04,6.05,11089560.0,67610385.0
2018-12-07,6.06,6.09,5.98,6.0,9390326.0,56632537.0
2018-12-10,5.93,5.98,5.85,5.93,7516728.0,44458519.0
2018-12-11,5.94,6.03,5.9,5.95,6291208.0,37518831.0
2018-12-12,5.97,6.03,5.9,5.94,5701119.0,33995071.0
2018-12-13,5.97,6.05,5.91,6.02,8630793.0,51758493.0
2018-12-14,6.02,6.02,5.73,5.73,11496318.0,67328975.0
2018-12-17,5.77,5.78,5.6,5.71,7996300.0,45437431.0
2018-12-18,5.65,5.75,5.57,5.69,6070306.0,34280358.0
2018-12-19,5.66,5.71,5.57,5.58,5855785.0,32940713.000000004
2018-12-20,5.58,5.65,5.54,5.63,4503379.0,25243132.0
2018-12-21,5.62,5.74,5.57,5.7,7478537.0,42287809.0
2018-12-24,5.69,5.82,5.66,5.78,7970487.0,45909046.0
2018-12-25,5.73,5.78,5.51,5.72,9515303.0,53575641.0
2018-12-26,5.71,5.75,5.63,5.7,5310156.0,30203566.0
2018-12-27,5.76,5.79,5.53,5.55,7931290.0,45147918.0
2018-12-28,5.6,5.63,5.49,5.51,4853140.0,26974583.0
2019-01-02,5.51,5.57,5.48,5.51,5033279.0,27787118.0
2019-01-03,5.5,5.69,5.49,5.56,8014060.0,44958346.0
2019-01-04,5.57,5.83,5.53,5.83,12320778.0,70513639.0
2019-01-07,5.87,6.05,5.83,5.99,16197226.0,96812135.0
2019-01-08,6.0,6.09,5.94,6.02,13280383.0,79841429.0
2019-01-09,6.02,6.11,5.96,5.97,15859519.0,95676010.0
2019-01-10,6.01,6.12,5.98,6.04,13421165.0,81325244.0
2019-01-11,6.07,6.09,5.99,6.04,9472812.0,57178766.0
2019-01-14,6.05,6.18,6.04,6.09,11135628.0,68074946.0
2019-01-15,6.07,6.14,6.04,6.1,8643673.0,52629815.0
2019-01-16,6.11,6.21,6.07,6.09,10161621.0,62350991.0
2019-01-17,6.09,6.13,6.01,6.05,8301933.0,50328078.0
2019-01-18,6.02,6.08,5.93,6.04,8474716.0,50806594.0
2019-01-21,6.06,6.14,6.02,6.08,7898607.0,48057130.0
2019-01-22,6.06,6.19,5.92,6.0,10174447.0,61722085.0
2019-01-23,6.1,6.32,6.04,6.29,29957320.0,186054215.0
2019-01-24,6.39,6.42,6.18,6.29,23897427.0,150167816.0
2019-01-25,6.29,6.37,6.21,6.24,14520228.0,91273529.0
2019-01-28,6.3,6.35,6.12,6.15,13192024.0,82318107.0
2019-01-29,6.12,6.17,5.84,5.97,14496142.0,86722380.0
2019-01-30,5.94,6.4,5.94,6.23,25616934.0,159426799.0
2019-01-31,6.3,6.31,6.0,6.07,21387554.0,131147898.0
2019-02-01,6.11,6.63,6.03,6.54,35952058.0,230337317.0
2019-02-11,6.56,6.75,6.45,6.69,38305373.0,253432185.0
2019-02-12,6.62,6.84,6.59,6.82,34035953.0,228730287.0
2019-02-13,6.92,7.17,6.8,7.09,51993792.0,364785256.0
2019-02-14,7.08,7.13,6.9,6.97,33606425.0,234982844.0
2019-02-15,6.98,7.3,6.94,6.99,37819008.0,268060164.0
2019-02-18,7.11,7.43,7.01,7.29,38331638.0,276667131.0
2019-02-19,7.26,7.35,7.11,7.19,30666211.0,221259083.0
2019-02-20,7.35,7.69,7.25,7.37,42436517.0,315024753.0
2019-02-21,7.29,7.51,7.08,7.19,40111721.0,291688933.0
2019-02-22,7.6,7.91,7.46,7.68,60209929.0,462318766.0
2019-02-25,7.8,8.45,7.77,8.44,85732865.0,707116263.0
2019-02-26,8.43,8.46,8.05,8.15,65202720.0,537613724.0
2019-02-27,8.05,8.21,7.67,7.83,48262705.0,383131104.0
2019-02-28,7.83,7.99,7.78,7.88,22419370.0,176688894.0
2019-03-01,7.9,7.93,7.64,7.81,31067492.0,240593132.0
2019-03-04,7.87,8.07,7.74,7.87,40768434.0,322621135.0
2019-03-05,7.8,8.18,7.77,8.16,38251090.0,307561963.0
2019-03-06,8.19,8.24,7.95,8.1,46216717.0,371893330.0
2019-03-07,8.12,8.17,7.95,8.05,41662598.0,335186210.0
2019-03-08,7.7,8.1,7.68,7.77,45324437.0,359767591.0
2019-03-11,7.8,8.54,7.79,8.53,58655319.0,480253315.0
2019-03-12,8.45,8.5,8.27,8.46,58180145.0,487708370.0
2019-03-13,8.4,8.41,8.05,8.1,34857761.0,287022025.0
2019-03-14,8.03,8.12,7.6,7.71,32595503.0,254291626.0
2019-03-15,7.72,7.95,7.72,7.83,24450561.0,191231416.0
2019-03-18,7.88,8.4,7.86,8.4,37337686.0,304477146.0
2019-03-19,8.49,8.62,8.23,8.49,52978530.0,446982640.0
2019-03-20,8.5,8.79,8.28,8.52,41644389.0,356167698.0
2019-03-21,8.63,8.67,8.4,8.52,37899095.0,323262671.0
2019-03-22,8.5,9.05,8.37,8.86,58110374.0,506269856.0
2019-03-25,8.67,9.3,8.61,9.03,58677866.0,526936570.0
2019-03-26,9.07,9.11,8.56,8.59,42836318.0,378747541.0
2019-03-27,8.69,8.83,8.45,8.72,27929037.0,240784677.0
2019-03-28,8.66,8.74,8.4,8.43,25860633.0,222166885.0
2019-03-29,8.38,8.74,8.37,8.68,31489029.0,269634322.0
2019-04-01,8.72,9.04,8.7,8.88,38088809.0,339018452.0
2019-04-02,8.92,9.38,8.91,9.09,53318026.0,487389242.0
2019-04-03,9.06,9.06,8.85,9.01,32393421.0,290492093.0
2019-04-04,9.01,9.13,8.69,8.88,44989672.0,400161653.0
2019-04-08,8.89,9.02,8.7,8.96,30663059.0,272398315.0
2019-04-09,8.95,8.99,8.7,8.84,24020647.0,212707841.0
2019-04-10,8.77,8.77,8.43,8.61,33548334.0,288730368.0
2019-04-11,8.58,8.69,8.28,8.4,29294193.0,248686121.0
2019-04-12,8.4,8.49,8.12,8.18,21722496.0,179713359.0
2019-04-15,8.32,8.45,8.18,8.21,20585793.0,171842559.0
2019-04-16,8.18,8.52,8.08,8.51,23222781.0,193125232.0
2019-04-17,8.48,8.58,8.36,8.42,20937400.0,177043355.0
2019-04-18,8.37,8.45,8.24,8.28,21510667.0,179068547.0
2019-04-19,8.28,8.34,8.11,8.32,15569458.0,128067107.0
2019-04-22,8.37,8.75,8.27,8.7,43273723.0,369675410.0
2019-04-23,8.5,8.94,8.37,8.57,68272508.0,595179972.0
2019-04-24,8.65,8.68,8.29,8.5,33330439.0,281414725.0
2019-04-25,8.4,8.43,8.02,8.06,28683253.0,236153758.0
2019-04-26,7.95,8.15,7.93,8.02,14737654.0,118575524.0
2019-04-29,8.08,8.12,7.42,7.48,23400075.0,180279175.0
2019-04-30,7.5,7.64,7.47,7.51,10117298.0,76450926.0
2019-05-06,7.3,7.3,6.76,6.76,19808834.0,138845380.0
2019-05-07,6.76,6.86,6.48,6.75,23007162.0,154386465.0
2019-05-08,6.53,6.84,6.5,6.7,13058933.0,87665157.0
2019-05-09,6.6,6.82,6.6,6.71,10674376.0,72049820.0
2019-05-10,6.78,7.04,6.62,7.0,21127023.0,145801283.0
2019-05-13,6.94,7.13,6.88,7.02,15890534.0,111639244.0
2019-05-14,6.91,7.06,6.9,6.93,11426356.0,79771558.0
2019-05-15,7.08,7.2,7.02,7.16,17304148.0,123437770.0
2019-05-16,7.17,7.61,7.12,7.57,35287500.0,263406137.0
2019-05-17,7.59,7.59,7.04,7.12,28292238.0,206202901.0
2019-05-20,7.09,7.7,7.09,7.63,34363213.0,255822357.0
2019-05-21,7.57,8.26,7.4,8.07,62858750.0,497377293.0
2019-05-22,8.0,8.05,7.72,7.79,40649110.0,319671487.0
2019-05-23,7.83,7.94,7.5,7.56,29815599.0,230087849.0
2019-05-24,7.48,7.77,7.42,7.48,22670381.0,172170002.0
2019-05-27,7.49,7.91,7.44,7.85,27282658.0,211845567.0
2019-05-28,7.8,7.99,7.74,7.81,27735221.0,217673024.0
2019-05-29,7.95,8.28,7.85,8.11,51912628.0,419623857.0
2019-05-30,8.6,8.61,7.77,8.14,66203348.0,544727131.0
2019-05-31,7.83,8.44,7.81,8.24,59139798.0,482495901.0
2019-06-03,8.15,8.22,7.86,7.91,36399624.0,291433795.0
2019-06-04,7.9,7.97,7.45,7.6,29394806.0,225924435.0
2019-06-05,7.75,7.83,7.62,7.67,19438000.0,150250198.0
2019-06-06,7.68,7.99,7.59,7.75,33113118.0,259134918.0
2019-06-10,7.85,8.12,7.55,8.04,41544969.0,328346982.0
2019-06-11,7.95,8.84,7.93,8.84,95410256.0,822003301.0
2019-06-12,9.1,9.5,8.55,8.59,153290390.0,1397443095.0
2019-06-13,8.37,8.65,8.31,8.53,65405650.0,554767289.0
2019-06-14,8.45,8.48,8.09,8.13,52677569.0,435317122.0
2019-06-17,8.15,8.29,8.08,8.18,31788380.0,259690099.0
2019-06-18,8.1,8.15,7.81,7.92,35006446.0,279272966.0
2019-06-19,8.05,8.23,7.95,8.08,34521395.0,279245921.0
2019-06-20,8.06,8.09,7.86,8.06,33794804.0,269596472.0
2019-06-21,8.06,8.25,8.02,8.13,30610330.0,249205648.0
2019-06-24,8.28,8.53,8.2,8.38,48204243.0,403679888.0
2019-06-25,8.25,8.28,7.93,8.01,38173980.0,307760957.0
2019-06-26,7.93,8.05,7.86,7.89,17406422.0,138320992.0
2019-06-27,7.95,8.04,7.9,7.96,15093295.0,120366085.0
2019-06-28,7.98,8.05,7.66,7.86,27269569.0,214002454.0
2019-07-01,8.0,8.13,7.88,8.13,32465316.0,260719257.0
2019-07-02,8.12,8.18,8.02,8.06,18599656.0,150438961.0
2019-07-03,8.02,8.05,7.78,7.82,16991136.0,133585624.0
2019-07-04,7.82,7.87,7.62,7.71,15350990.0,118730157.0
2019-07-05,7.73,7.79,7.7,7.75,8712486.0,67536256.0
2019-07-08,7.71,7.72,7.22,7.3,19978976.0,147797627.0
2019-07-09,7.31,7.38,7.27,7.32,9077123.0,66530365.99999999
2019-07-10,7.33,7.4,7.17,7.2,8477257.0,61765448.0
2019-07-11,7.25,7.33,7.13,7.22,7972660.0,57662393.0
2019-07-12,7.24,7.26,7.14,7.21,8139640.0,58669089.0
2019-07-15,7.23,7.39,7.16,7.34,10726058.0,78317886.0
2019-07-16,7.34,7.4,7.31,7.35,6982097.0,51284941.0
2019-07-17,7.35,7.54,7.34,7.47,13709743.0,102325945.0
2019-07-18,7.41,7.56,7.34,7.35,11645492.0,86738776.0
2019-07-19,7.32,7.46,7.29,7.3,8453820.0,62281920.0
2019-07-22,7.35,7.36,6.94,6.97,12040310.0,84948540.0
2019-07-23,6.98,7.08,6.97,7.05,5719220.0,40207923.0
2019-07-24,7.06,7.22,7.04,7.15,9980267.0,71407318.0
2019-07-25,7.15,7.25,7.14,7.2,8493339.0,61117810.0
2019-07-26,7.1,7.24,7.07,7.23,9723037.0,69522185.0
2019-07-29,7.23,7.36,7.18,7.32,12099507.0,88364787.0
2019-07-30,7.3,7.35,7.28,7.29,8324300.0,60891700.0
2019-07-31,7.27,7.28,7.16,7.18,8199159.0,59165351.0
2019-08-01,7.22,7.25,7.15,7.18,7189338.0,51771487.0
2019-08-02,7.1,7.45,7.09,7.38,29507145.0,216228820.0
2019-08-05,7.31,7.38,7.16,7.19,20133414.0,146694213.0
2019-08-06,6.99,6.99,6.6,6.76,21499851.0,146381320.0
2019-08-07,6.83,6.86,6.63,6.8,12846841.0,86911894.0
2019-08-08,6.78,6.82,6.68,6.7,12944651.0,87091234.0
2019-08-09,6.77,6.77,6.53,6.53,10732427.0,71251997.0
2019-08-12,6.54,6.72,6.5,6.71,9418978.0,62306799.0
2019-08-13,6.63,6.72,6.6,6.65,8106023.0,53940572.0
2019-08-14,6.73,6.78,6.63,6.72,10503712.0,70468582.0
2019-08-15,6.56,6.64,6.39,6.63,16221857.0,105568144.0
2019-08-16,6.67,6.83,6.63,6.77,16508965.0,111609598.0
2019-08-19,6.8,7.02,6.78,7.0,16908135.0,116759719.0
2019-08-20,7.0,7.07,6.91,6.93,15051247.0,104981899.0
2019-08-21,6.93,6.97,6.85,6.91,9746805.0,67358196.0
2019-08-22,6.93,6.98,6.86,6.98,10724667.0,74226977.0
2019-08-23,6.95,7.2,6.89,7.18,29385923.0,207556426.0
2019-08-26,7.23,7.33,7.08,7.26,36763146.0,266194591.0
2019-08-27,7.3,7.42,7.2,7.38,31856868.0,232862214.0
2019-08-28,7.37,7.37,7.18,7.18,19636501.0,142222560.0
2019-08-29,7.19,7.23,7.06,7.1,15681410.0,112068037.0
2019-08-30,7.13,7.15,6.88,7.03,17975305.0,126487366.0
2019-09-02,6.9,7.11,6.83,7.1,20291469.0,141642828.0
2019-09-03,7.04,7.13,7.03,7.08,16126590.0,114119007.0
2019-09-04,7.08,7.12,7.02,7.08,12668115.0,89582816.0
2019-09-05,7.12,7.25,7.07,7.13,26511895.0,189955822.0
2019-09-06,7.16,7.28,7.12,7.23,20995563.0,151128609.0
2019-09-09,7.3,7.43,7.21,7.43,27456132.0,201271831.0
2019-09-10,7.43,7.43,7.24,7.34,23259066.0,170640590.0
2019-09-11,7.39,7.4,7.25,7.29,18507168.0,135314785.0
2019-09-12,7.3,7.43,7.26,7.38,21730143.0,160030373.0
2019-09-16,7.37,7.42,7.29,7.32,17496489.0,128690462.0
2019-09-17,7.32,7.32,6.98,7.03,22469836.0,159974585.0
2019-09-18,7.05,7.08,6.94,6.97,11208760.0,78526346.0
2019-09-19,7.0,7.23,6.94,7.16,15144361.0,107565830.0
2019-09-20,7.11,7.29,7.11,7.29,16658490.0,120088774.0
2019-09-23,7.3,7.3,7.05,7.14,14110531.0,100464060.0
2019-09-24,7.15,7.26,7.11,7.24,15670019.0,112825379.0
2019-09-25,7.24,7.24,7.03,7.03,14354485.0,102053658.0
2019-09-26,7.02,7.1,6.69,6.69,17003708.0,116336873.0
2019-09-27,6.72,6.81,6.69,6.73,6666857.0,45054673.0
2019-09-30,6.76,6.8,6.66,6.68,5065921.0,34166525.0
2019-10-08,6.72,6.77,6.62,6.67,4580219.0,30713672.0
2019-10-09,6.68,6.79,6.61,6.78,5228560.0,35048300.0
2019-10-10,6.8,6.83,6.76,6.81,5648504.0,38385197.0
2019-10-11,6.83,6.84,6.72,6.77,6139157.0,41582831.0
2019-10-14,6.84,6.93,6.83,6.87,6915397.0,47622843.0
2019-10-15,6.85,6.89,6.79,6.81,5825097.0,39840037.0
2019-10-16,6.73,6.76,6.52,6.55,14325604.0,94359840.0
2019-10-17,6.57,6.59,6.42,6.44,7933631.0,51299450.0
2019-10-18,6.46,6.54,6.4,6.43,7073780.0,45676618.0
2019-10-21,6.42,6.43,6.23,6.35,6259550.0,39491059.0
2019-10-22,6.36,6.45,6.33,6.44,4848674.0,30944699.0
2019-10-23,6.45,6.47,6.35,6.37,4561420.0,29246518.0
2019-10-24,6.41,6.51,6.37,6.44,5188460.0,33471868.000000004
2019-10-25,6.42,6.48,6.35,6.46,4973682.0,31917813.0
2019-10-28,6.46,6.62,6.46,6.6,9096643.0,59495450.0
2019-10-29,6.6,6.63,6.41,6.44,10007529.0,65387460.0
2019-10-30,6.43,6.46,6.22,6.26,9985327.0,63104435.0
2019-10-31,6.28,6.29,6.08,6.11,8512672.0,52657335.0
2019-11-01,6.1,6.21,6.04,6.17,6594761.0,40625796.0
2019-11-04,6.21,6.24,6.18,6.21,5106825.0,31714509.0
2019-11-05,6.21,6.24,6.12,6.2,5858796.0,36245750.0
2019-11-06,6.2,6.22,6.08,6.1,7010575.0,43091149.0
2019-11-07,6.11,6.16,6.09,6.15,4532037.0,27788824.0
2019-11-08,6.19,6.23,6.13,6.13,5304176.0,32789379.0
2019-11-11,6.1,6.1,5.81,5.85,15035012.0,89062887.0
2019-11-12,5.85,5.89,5.75,5.83,6689073.0,38853655.0
2019-11-13,5.82,5.83,5.76,5.77,4710487.0,27278254.0
2019-11-14,5.79,5.85,5.74,5.83,6068465.0,35217701.0
2019-11-15,5.84,5.9,5.8,5.84,6911151.0,40494421.0
2019-11-18,5.83,5.87,5.79,5.85,4405954.0,25731244.0
2019-11-19,5.87,5.93,5.81,5.92,7024821.0,41341091.0
2019-11-20,5.93,6.01,5.88,5.97,10094009.0,59937224.0
2019-11-21,5.94,5.95,5.82,5.86,6276602.0,36954157.0
2019-11-22,5.85,5.96,5.85,5.89,7057730.0,41679355.0
2019-11-25,5.88,5.89,5.8,5.86,4530555.0,26469557.0
2019-11-26,5.87,5.92,5.82,5.82,3342020.0,19620044.0
2019-11-27,5.82,5.87,5.8,5.83,3895853.0,22753880.0
2019-11-28,5.82,5.91,5.82,5.85,4012500.0,23524513.0
2019-11-29,5.83,5.88,5.77,5.88,4818665.0,28016786.0
2019-12-02,5.89,6.08,5.88,6.08,14515835.0,87075456.0
2019-12-03,6.0,6.24,5.99,6.14,15746604.0,96824523.0
2019-12-04,6.1,6.18,6.06,6.15,7912066.0,48476022.0
2019-12-05,6.16,6.21,6.12,6.2,10006245.0,61729374.0
2019-12-06,6.22,6.24,6.15,6.21,7809870.0,48373447.0
2019-12-09,6.21,6.25,6.17,6.18,8110143.0,50288846.0
2019-12-10,6.16,6.24,6.12,6.23,10800702.0,66778523.0
2019-12-11,6.21,6.24,6.12,6.14,8225837.0,50754026.0
2019-12-12,6.14,6.32,6.13,6.22,13226155.0,82589553.0
2019-12-13,6.23,6.29,6.2,6.29,11603451.0,72595528.0
2019-12-16,6.35,6.49,6.3,6.49,16352720.0,104975679.0
2019-12-17,6.49,6.63,6.44,6.52,19370670.0,127022449.0
2019-12-18,6.53,6.95,6.5,6.8,35647406.0,241079708.0
2019-12-19,6.78,7.48,6.74,7.48,92601614.0,673974545.0
2019-12-20,7.48,7.56,7.15,7.23,65673823.0,480961306.0
2019-12-23,7.19,7.2,6.97,7.0,33629368.0,237123828.0
2019-12-24,7.0,7.19,6.86,7.14,29843772.0,209778384.0
2019-12-25,7.2,7.64,7.1,7.5,75315235.0,560461227.0
2019-12-26,7.48,8.16,7.43,7.96,82642135.0,640985402.0
2019-12-27,7.92,8.12,7.68,7.72,57343249.0,451776376.0
2019-12-30,7.88,8.2,7.68,7.97,52755470.0,418342853.0
2019-12-31,8.06,8.16,7.92,8.04,38267330.0,307684964.0
2020-01-02,8.05,8.13,7.86,8.12,49319711.0,393904430.0
2020-01-03,7.98,8.03,7.77,7.86,43229058.0,340396276.0
2020-01-06,8.12,8.65,8.11,8.65,48846496.0,411763529.0
2020-01-07,8.91,9.39,8.58,8.67,123761134.0,1106519989.0
2020-01-08,8.55,9.03,8.55,8.88,87869452.0,775175939.0
2020-01-09,9.1,9.13,8.61,8.86,61293960.0,538195998.0
2020-01-10,8.79,8.93,8.59,8.66,33626957.0,294437050.0
2020-01-13,8.76,9.09,8.67,9.01,44046525.0,391718598.0
2020-01-14,9.05,9.22,8.66,8.75,56748920.0,509570323.0
2020-01-15,8.7,8.97,8.68,8.73,36139528.0,317256957.0
2020-01-16,8.74,9.13,8.7,8.97,63446673.0,568218936.0
2020-01-17,8.95,9.03,8.41,8.47,56283808.0,488997279.0
2020-01-20,8.36,8.8,8.32,8.75,51816035.0,449414843.0
2020-01-21,8.8,9.08,8.69,8.92,55782618.0,496030232.0
2020-01-22,8.85,9.73,8.58,9.44,78450663.0,720351573.0
2020-01-23,9.38,9.53,8.6,8.75,66524103.0,601005947.0
2020-02-03,7.88,7.88,7.88,7.88,2416500.0,19042020.0
2020-02-04,7.37,8.08,7.37,7.91,49631794.0,388031566.0
2020-02-05,8.0,8.41,7.98,8.06,46574774.0,380917719.0
2020-02-06,7.9,8.33,7.77,8.26,47782117.0,385849160.0
2020-02-07,8.2,8.42,8.03,8.37,47127116.0,387449696.0
2020-02-10,8.25,8.65,8.22,8.48,42545338.0,359744166.0
2020-02-11,8.5,8.55,8.27,8.31,28798837.0,240581944.0
2020-02-12,8.3,8.74,8.27,8.71,54417754.0,465496829.0
2020-02-13,8.68,8.96,8.41,8.63,64923749.0,562762232.0
2020-02-14,8.6,9.07,8.59,8.88,67362411.0,596397171.0
2020-02-17,9.16,9.44,8.91,9.31,77398280.0,712025697.0
2020-02-18,9.34,10.15,9.25,9.93,97434790.0,941024604.0
2020-02-19,9.86,9.94,9.26,9.29,106438600.0,1015185130.0
2020-02-20,9.3,9.4,8.99,9.3,67505460.0,621898016.0
2020-02-21,9.4,9.86,9.37,9.67,86468201.0,834134286.0
2020-02-24,9.6,10.35,9.5,10.22,94914455.0,946643013.0
2020-02-25,9.93,10.98,9.91,10.81,119916714.0,1248121918.0
2020-02-26,10.55,11.26,10.2,10.36,102664905.0,1104943922.0
2020-02-27,10.5,10.8,10.24,10.6,61034956.0,642603155.0
2020-02-28,10.05,10.21,9.54,9.54,80761964.0,784535934.0
2020-03-02,9.64,9.76,8.92,9.57,79540486.0,745474824.0
2020-03-03,9.75,9.92,9.19,9.34,84004856.0,807791862.0
2020-03-04,9.17,9.34,9.03,9.23,39275203.0,359893350.0
2020-03-05,9.39,9.5,9.19,9.47,44019577.0,412297372.0
2020-03-06,9.3,9.43,9.19,9.27,26805865.0,249239644.0
2020-03-09,9.0,9.11,8.42,8.44,52583737.0,459282564.0
2020-03-10,8.38,8.92,8.32,8.86,41192785.0,354624854.0
2020-03-11,8.91,9.04,8.61,8.64,30605153.0,270515525.0
2020-03-12,8.38,8.61,8.24,8.35,30787987.0,258473509.0
2020-03-13,7.78,8.63,7.67,8.41,42390456.0,347373928.0
2020-03-16,8.47,8.97,8.26,8.27,53492285.0,462195400.0
2020-03-17,8.52,8.82,8.21,8.81,59036434.0,505670420.0
2020-03-18,8.92,9.34,8.72,8.88,74783285.0,671724102.0
2020-03-19,8.89,9.53,8.77,9.52,78525932.0,720914763.0
2020-03-20,9.5,9.6,9.11,9.3,66309460.0,619255013.0
2020-03-23,8.98,9.0,8.37,8.37,55083542.0,472295647.0
2020-03-24,8.55,8.57,7.91,8.31,44139081.0,363692089.0
2020-03-25,8.4,8.51,8.3,8.39,26974399.0,226961412.0
2020-03-26,8.31,8.41,8.08,8.15,22829041.0,187575163.0
2020-03-27,8.24,8.28,8.01,8.02,20622171.0,168060608.0
2020-03-30,7.83,7.86,7.41,7.68,28493871.0,216850539.0
2020-03-31,7.8,7.87,7.63,7.7,18396013.0,142489048.0
2020-04-01,7.67,7.96,7.57,7.73,21667154.0,169196720.0
2020-04-02,7.75,8.1,7.74,8.09,24431527.0,193737178.0
2020-04-03,8.04,8.06,7.83,7.85,18390207.0,145688567.0
2020-04-07,8.05,8.12,7.98,8.0,24228971.0,194500578.0
2020-04-08,8.0,8.19,7.96,8.13,25754695.0,207891296.0
2020-04-09,8.17,8.19,7.98,8.05,20170209.0,162735072.0
2020-04-10,7.99,8.02,7.62,7.69,24967121.0,194034426.0
2020-04-13,7.59,7.59,7.3,7.34,19890850.0,147580376.0
2020-04-14,7.44,7.57,7.36,7.54,14865488.0,110736098.0
2020-04-15,7.56,7.65,7.49,7.51,14774026.0,111716792.0
2020-04-16,7.45,7.62,7.4,7.58,12658166.0,95426858.0
2020-04-17,7.6,7.85,7.53,7.66,27367411.0,210337462.0
2020-04-20,7.62,7.68,7.53,7.67,16229278.0,123723104.0
2020-04-21,7.65,7.65,7.37,7.48,17244102.0,128877906.0
2020-04-22,7.42,8.23,7.36,8.23,56346894.0,447802761.0
2020-04-23,8.17,8.42,8.11,8.24,46485550.0,383163895.0
2020-04-24,8.27,8.48,8.15,8.29,34394872.0,285330311.0
2020-04-27,8.3,8.55,7.96,7.98,34724100.0,285057268.0
2020-04-28,8.02,8.45,7.63,8.24,46583007.0,377402507.0
2020-04-29,8.12,8.51,8.11,8.44,42534607.0,356689424.0
2020-04-30,8.37,9.05,8.37,8.82,56087021.0,489687209.0
2020-05-06,8.71,9.25,8.61,9.14,63365046.0,568777930.0
2020-05-07,9.04,9.34,8.94,9.28,58870361.0,536566764.0
2020-05-08,9.24,9.28,9.03,9.05,40258230.0,367704642.0
2020-05-11,9.06,9.12,8.83,8.94,35667975.0,319557902.0
2020-05-12,8.89,9.07,8.81,9.0,25417988.0,227660360.0
2020-05-13,8.9,9.29,8.88,9.26,45301266.0,414456084.0
2020-05-14,9.18,9.58,9.04,9.08,53170346.0,493413865.0
2020-05-15,9.13,9.86,9.05,9.65,79625932.0,761425490.0
2020-05-18,9.7,9.82,9.35,9.52,53589525.0,514888180.0
2020-05-19,9.57,9.74,9.42,9.7,40697643.0,390286856.0
2020-05-20,9.61,9.67,9.36,9.41,35809596.0,340988167.0
2020-05-21,9.42,9.53,8.83,8.85,43996608.0,400097269.0
2020-05-22,8.9,8.98,8.61,8.81,24398150.0,215115187.0
2020-05-25,8.79,9.04,8.73,8.93,20666823.0,183805310.0
2020-05-26,8.97,9.37,8.89,9.32,32454706.0,297759278.0
2020-05-27,9.25,9.51,9.15,9.34,35104617.0,327210304.0
2020-05-28,9.3,9.46,9.1,9.43,29653959.0,275526454.0
2020-05-29,9.32,9.44,9.18,9.27,25247387.0,235233695.0
2020-06-01,9.26,10.2,9.23,10.0,76115360.0,757912639.0
2020-06-02,10.04,10.39,10.0,10.28,62059948.0,632822792.0
2020-06-03,10.2,10.37,10.05,10.17,38411330.0,392401816.0
2020-06-04,10.22,10.67,10.1,10.32,45566136.0,473739583.0
2020-06-05,10.33,11.09,10.28,10.79,71336743.0,768808130.0
2020-06-08,10.71,11.07,10.56,10.65,54283603.0,583895154.0
2020-06-09,10.73,10.79,10.36,10.47,40441327.0,425788045.0
2020-06-10,10.43,10.59,10.26,10.46,33946182.0,352816092.0
2020-06-11,10.45,10.52,10.07,10.15,40635282.0,417419962.0
2020-06-12,9.86,10.35,9.86,10.2,40342234.0,410605398.0
2020-06-15,10.19,10.35,9.98,10.01,31969901.0,324040076.0
2020-06-16,10.11,10.35,10.0,10.22,29710889.0,303039383.0
2020-06-17,10.16,10.28,9.98,10.15,27446971.0,278236481.0
2020-06-18,10.15,10.53,9.98,10.0,49311677.0,504918536.0
2020-06-19,10.0,10.0,9.42,9.9,54496077.0,531832127.0
2020-06-22,9.84,10.58,9.82,10.23,63507752.0,656907949.0
2020-06-23,10.26,10.32,10.03,10.17,32348823.0,327995918.0
2020-06-24,10.18,10.23,9.79,9.94,38529985.0,383120125.0
2020-06-29,9.88,9.97,9.76,9.85,21262650.0,209027932.0
2020-06-30,9.92,10.15,9.89,9.97,29093977.0,290881699.0
2020-07-01,9.94,10.09,9.53,9.73,41919092.0,410033474.0
2020-07-02,9.7,9.95,9.58,9.78,50871242.0,496355421.0
2020-07-03,9.78,10.33,9.7,10.27,68011526.0,680937360.0
2020-07-06,10.35,10.74,10.27,10.62,67716864.0,712856678.0
2020-07-07,11.0,11.36,10.7,10.8,112767077.0,1236307863.0
2020-07-08,10.87,11.5,10.85,11.34,100927346.0,1133157658.0
2020-07-09,11.18,12.1,11.15,11.9,86668402.0,1010759465.0
2020-07-10,11.9,12.25,11.71,11.85,69694322.0,834770545.0
2020-07-13,11.81,12.56,11.8,12.5,58353487.0,718663353.0
2020-07-14,12.59,13.14,12.4,12.7,75396246.0,963576568.0
2020-07-15,12.65,12.77,11.43,11.5,118321419.0,1392330585.0
2020-07-16,11.5,11.67,10.7,10.79,75718935.0,851224915.0
2020-07-17,10.85,10.93,10.28,10.57,55323254.0,589118480.0
2020-07-20,10.7,11.26,10.6,11.15,56807642.0,621230955.0
2020-07-21,11.24,11.55,11.23,11.48,58141483.0,663545363.0
2020-07-22,11.5,11.5,11.15,11.28,50016463.0,564716665.0
2020-07-23,11.06,11.36,10.84,11.18,43220973.0,479932973.0
2020-07-24,11.07,11.18,10.11,10.29,64164807.0,681519801.0
2020-07-27,10.36,10.48,10.14,10.3,30108321.0,310679212.0
2020-07-28,10.38,10.68,10.37,10.48,31292093.0,329845478.0
2020-07-29,10.48,11.07,10.36,11.05,44262130.0,479225258.0
2020-07-30,11.06,11.15,10.83,10.9,35089861.0,384570775.0
2020-07-31,10.87,11.33,10.85,11.16,39150200.0,434794609.0
2020-08-03,11.31,11.41,11.13,11.36,53953463.0,609775015.0
2020-08-04,11.38,11.41,10.86,10.96,50769111.0,562854608.0
2020-08-05,11.15,11.35,10.94,11.19,45738554.0,510783782.0
2020-08-06,11.18,11.24,10.58,10.87,54078791.0,587862405.0
2020-08-07,10.83,10.93,10.45,10.64,36432920.0,387810357.0
2020-08-10,10.58,10.91,10.58,10.82,28931061.0,311316520.0
2020-08-11,10.82,10.84,10.44,10.45,24543575.0,261146063.0
2020-08-12,10.42,10.49,9.95,10.24,29787055.0,304296710.0
2020-08-13,10.28,10.36,10.07,10.11,19346319.0,197694190.0
2020-08-14,10.16,10.55,10.15,10.54,29929763.0,310087868.0
2020-08-17,10.69,11.59,10.65,11.59,89337097.0,1017898636.0
2020-08-18,11.5,11.72,11.35,11.49,86792030.0,997215132.0
2020-08-19,11.59,11.65,11.15,11.23,48527762.0,548908041.0
2020-08-20,11.09,11.33,10.92,11.0,38698584.0,428972971.0
2020-08-21,11.12,11.25,10.9,11.11,32622819.0,361257574.0
2020-08-24,11.2,11.32,10.93,11.32,36701693.0,410194276.0
2020-08-25,11.36,11.43,11.08,11.15,31207253.0,349115538.0
2020-08-26,11.05,11.28,10.77,10.86,29035406.0,320418006.0
2020-08-27,10.9,11.25,10.77,11.2,28819890.0,319308311.0
2020-08-28,11.18,11.31,10.96,11.25,31302005.0,349176194.0
2020-08-31,11.26,11.35,11.03,11.05,34776154.0,388207026.0
2020-09-01,11.07,11.49,10.96,11.49,49269033.0,558175409.0
2020-09-02,11.5,11.5,11.27,11.38,33721656.0,383215967.0
2020-09-03,11.32,11.35,11.05,11.14,26165458.0,291992779.0
2020-09-04,10.95,11.62,10.92,11.48,47547186.0,540163100.0
2020-09-07,11.55,11.88,11.4,11.58,74412053.0,867949857.0
2020-09-08,11.55,11.62,11.07,11.3,47054098.0,529633815.0
2020-09-09,11.11,11.24,10.8,10.81,34908442.0,384552708.0
2020-09-10,10.96,11.02,10.43,10.47,30319427.0,325401824.0
2020-09-11,10.33,10.47,10.24,10.47,23193311.0,240509871.0
2020-09-14,10.5,10.66,10.36,10.5,23732206.0,249478639.0
2020-09-15,10.51,10.54,10.23,10.44,18262090.0,189569009.0
2020-09-16,10.41,10.46,10.17,10.25,15352993.0,158267093.0
2020-09-17,10.27,10.48,10.07,10.34,17862740.0,183785608.0
2020-09-18,10.33,10.65,10.29,10.6,19982541.0,209202485.0
2020-09-21,10.62,10.75,10.51,10.6,17064629.0,181433683.0
2020-09-22,10.46,10.48,10.22,10.29,16671131.0,172493455.0
2020-09-23,10.33,10.53,10.3,10.4,13109857.0,136367697.0
2020-09-24,10.34,10.38,10.09,10.14,14178062.0,144330674.0
2020-09-25,10.18,10.19,9.68,9.72,21991810.0,217290325.0
2020-09-28,9.77,9.8,9.58,9.68,10802346.0,104469050.0
2020-09-29,9.72,10.07,9.71,9.95,14658603.0,145837191.0
2020-09-30,9.96,10.05,9.76,9.9,11387433.0,112655959.0
2020-10-09,10.1,10.28,10.07,10.25,12476078.0,127223920.0
2020-10-12,10.27,10.49,10.24,10.48,18632658.0,193667068.0
2020-10-13,10.47,10.47,10.3,10.42,13194732.0,136744814.0
2020-10-14,10.41,10.41,10.2,10.21,11987634.0,123163743.0
2020-10-15,10.25,10.32,10.14,10.22,12034745.0,123189576.0
2020-10-16,10.22,10.25,10.06,10.12,12505662.0,126744968.0
2020-10-19,10.18,10.36,10.17,10.3,12276799.0,126127691.0
2020-10-20,10.29,10.35,10.1,10.35,15964871.0,163130273.0
2020-10-21,10.37,10.46,10.17,10.4,18581234.0,191978392.0
2020-10-22,10.37,10.37,10.14,10.17,12529241.0,128067728.0
2020-10-23,10.15,10.25,9.84,9.88,16784974.0,168304912.0
2020-10-26,9.85,9.88,9.62,9.73,14823331.0,144739646.0
2020-10-27,9.7,9.81,9.62,9.81,8669990.0,84501440.0
2020-10-28,9.78,9.88,9.66,9.84,10812639.0,105881807.0
2020-10-29,9.7,9.79,9.66,9.69,10064763.0,97931581.0
2020-10-30,9.69,9.74,9.14,9.19,23044555.0,217067592.0
2020-11-02,9.24,9.29,8.97,9.19,15104452.0,138343283.0
2020-11-03,9.25,9.6,9.21,9.46,15729516.0,148880521.0
2020-11-04,9.48,9.64,9.43,9.48,11728840.0,111953695.0
2020-11-05,9.62,9.65,9.45,9.61,13494615.0,128993202.0
2020-11-06,9.63,9.75,9.5,9.66,14662435.0,141153905.0
2020-11-09,9.67,10.24,9.67,10.11,30614826.0,306956122.0
2020-11-10,10.11,10.18,9.86,9.98,22772860.0,228410704.0
2020-11-11,10.0,10.05,9.67,9.68,13342923.0,130995249.0
2020-11-12,9.75,9.81,9.65,9.69,9445673.0,91764339.0
2020-11-13,9.7,9.77,9.58,9.65,9394508.0,90810577.0
2020-11-16,9.67,9.84,9.64,9.84,11207545.0,109398558.0
2020-11-17,9.86,9.88,9.41,9.55,15755380.0,151002377.0
2020-11-18,9.53,9.69,9.44,9.54,12963266.0,123948610.0
2020-11-19,9.49,9.56,9.35,9.4,17924821.0,169259468.0
2020-11-20,9.38,9.49,9.37,9.48,13544628.0,127691981.0
2020-11-23,9.48,9.66,9.43,9.6,18487496.0,176638671.0
2020-11-24,9.65,9.74,9.57,9.73,16901070.0,163612743.0
2020-11-25,9.75,9.77,9.45,9.45,16038320.0,154405644.0
2020-11-26,9.47,9.51,9.33,9.38,11646646.0,109535048.0
2020-11-27,9.37,9.4,9.02,9.13,24885535.0,227805942.0
2020-11-30,9.13,9.25,9.07,9.13,11472223.0,105340723.0
2020-12-01,9.07,9.25,9.05,9.23,12785243.0,117181227.0
2020-12-02,9.23,9.97,9.23,9.85,51113810.0,495880912.0
2020-12-03,9.99,10.25,9.88,10.09,53962045.0,544863560.0
2020-12-04,9.91,9.99,9.73,9.9,27043378.0,266848972.0
2020-12-07,10.85,10.89,10.37,10.41,103110329.0,1101092692.0
2020-12-08,10.3,10.33,9.84,9.99,65466636.0,657015830.0
2020-12-09,9.97,10.0,9.62,9.62,30837559.0,301886609.0
2020-12-10,9.58,9.81,9.43,9.65,21913107.0,210228844.0
2020-12-11,9.66,9.69,9.16,9.28,26684280.0,249657249.0
2020-12-14,9.32,9.34,9.11,9.21,18603628.0,171281663.0
2020-12-15,9.12,9.24,9.09,9.14,16836420.0,154021800.0
2020-12-16,9.19,9.32,9.14,9.16,18225518.0,168453782.0
2020-12-17,9.2,9.22,8.78,9.22,26040083.0,234779341.0
2020-12-18,9.29,9.31,9.07,9.1,15230798.0,139773625.0
2020-12-21,9.11,9.88,9.04,9.82,45431552.0,435493709.0
2020-12-22,9.7,9.85,9.38,9.4,31875788.0,306423578.0
2020-12-23,9.45,9.89,9.35,9.87,39531283.0,385163565.0
2020-12-24,9.9,9.9,9.58,9.78,29664039.0,288293487.0
2020-12-25,9.73,9.86,9.6,9.8,25405487.0,248055917.0
2020-12-28,9.75,9.78,9.45,9.59,22757580.0,217685499.0
2020-12-29,10.05,10.17,9.78,9.84,41418568.0,412865439.0
2020-12-30,9.8,10.14,9.76,10.01,38282871.0,382598999.0
2020-12-31,10.04,10.25,9.94,10.12,31339353.0,316604540.0
2021-01-04,10.2,10.88,10.04,10.58,58502760.0,613805289.0
2021-01-05,10.5,11.02,10.46,10.98,67394705.0,728192663.0
2021-01-06,11.08,11.11,10.6,10.63,41864157.0,450497226.0
2021-01-07,10.51,10.8,10.42,10.46,41291602.0,436014179.0
2021-01-08,10.47,10.73,10.37,10.54,30324274.0,318972903.0
2021-01-11,10.53,10.84,10.28,10.33,42400523.0,446105470.0
2021-01-12,10.16,10.51,9.99,10.37,30993712.0,318620159.0
2021-01-13,10.28,10.8,10.18,10.71,44440877.0,469871782.0
2021-01-14,10.64,10.82,10.3,10.39,37068295.0,389237362.0
2021-01-15,10.33,10.51,10.09,10.25,25233104.0,259213408.0
2021-01-18,10.32,10.94,10.25,10.93,51146669.0,547968462.0
2021-01-19,10.8,10.8,10.2,10.23,57336111.0,601491521.0
2021-01-20,10.05,10.46,9.86,10.46,37834281.0,385324131.0
2021-01-21,10.53,11.23,10.48,11.06,89053440.0,968034052.0
2021-01-22,10.98,11.08,10.75,10.96,61596435.0,672909382.0
2021-01-25,10.9,10.94,10.52,10.76,46239584.0,496358603.0
2021-01-26,10.65,11.1,10.44,10.61,46759713.0,503696612.0
2021-01-27,10.64,10.77,10.16,10.27,41341144.0,427811520.0
2021-01-28,10.01,10.35,10.01,10.07,25162340.0,255882879.0
2021-01-29,10.15,10.34,9.81,10.04,27470774.0,276323195.0
2021-02-01,10.01,10.26,9.97,10.21,18255982.0,185200495.0
2021-02-02,10.24,10.35,9.96,10.34,28560710.0,289974096.0
2021-02-03,10.68,11.37,10.46,10.5,79331517.0,868671112.0
2021-02-04,10.23,10.25,9.45,9.48,73556511.0,715476900.0
2021-02-05,9.41,9.42,8.87,8.87,38186034.0,349590022.0
2021-02-08,8.95,9.17,8.82,9.07,18542606.0,166858457.0
2021-02-09,9.07,9.36,9.02,9.3,16796632.0,155253868.0
2021-02-10,9.3,9.34,9.16,9.21,14347102.0,132384583.0
2021-02-18,9.45,9.55,9.31,9.36,18994391.0,178696691.0
2021-02-19,9.36,9.56,9.28,9.55,19322386.0,182185131.0
2021-02-22,9.58,10.15,9.56,9.84,38010038.0,376340776.0
2021-02-23,9.73,9.97,9.6,9.87,23189850.0,226769659.0
2021-02-24,9.9,10.01,9.65,9.8,19936231.0,196094028.0
2021-02-25,9.85,9.88,9.42,9.46,19203289.0,184170806.0
2021-02-26,9.25,9.49,9.2,9.36,11307868.0,105977435.0
2021-03-01,9.42,9.82,9.42,9.8,19468686.0,188301453.0
2021-03-02,9.8,9.84,9.6,9.72,18203128.0,176885559.0
2021-03-03,9.67,9.95,9.67,9.92,20849274.0,205202301.0
2021-03-04,9.81,10.18,9.74,9.87,38795911.0,387409850.0
2021-03-05,9.7,9.87,9.66,9.81,18756351.0,183297104.0
2021-03-08,9.87,9.94,9.66,9.66,18157442.0,178080729.0
2021-03-09,9.66,9.69,9.06,9.2,22976934.0,213842309.0
2021-03-10,9.32,9.35,9.11,9.17,11085189.0,102045473.0
2021-03-11,9.18,9.39,9.14,9.36,12026007.0,111923155.0
2021-03-12,9.37,9.4,9.18,9.26,10813862.0,100059863.0
2021-03-15,9.26,9.33,9.15,9.22,9751671.0,90192577.0
2021-03-16,9.23,9.31,9.18,9.2,11812311.0,108987961.0
2021-03-17,9.19,9.2,9.0,9.12,11145122.0,101495296.0
2021-03-18,9.14,9.15,8.96,8.98,17252718.0,155697358.0
2021-03-19,8.91,9.05,8.88,8.94,9958963.0,89278401.0
2021-03-22,8.89,9.12,8.89,9.09,10748849.0,97430449.0
2021-03-23,9.09,9.19,8.97,9.03,11115109.0,100926279.0
2021-03-24,8.99,9.11,8.97,9.03,7450948.0,67390187.0
2021-03-25,9.03,9.13,8.96,8.98,9589869.0,86747313.0
2021-03-26,8.97,9.08,8.95,9.07,9660244.0,87155031.0
2021-03-29,9.06,9.12,9.0,9.01,10100031.0,91550426.0
2021-03-30,8.98,9.01,8.84,8.88,13010348.0,115872388.0
2021-03-31,8.89,8.9,8.35,8.4,28281455.0,242310575.0
2021-04-01,8.43,8.55,8.43,8.49,10805213.0,91740919.0
2021-04-02,8.51,8.64,8.42,8.6,11126199.0,95324437.0
2021-04-06,8.66,8.72,8.6,8.68,9081317.0,78730816.0
2021-04-07,8.65,8.7,8.53,8.69,9304796.0,80082521.0
2021-04-08,8.65,8.67,8.55,8.56,9207395.0,79095492.0
2021-04-09,8.56,8.59,8.44,8.49,8228710.0,69983557.0
2021-04-12,8.5,8.52,8.2,8.23,15030086.0,125082202.0
2021-04-13,8.25,8.28,8.06,8.15,9313573.0,75929764.0
2021-04-14,8.2,8.44,8.15,8.43,10500436.0,87358604.0
2021-04-15,8.4,8.46,8.26,8.41,8200925.0,68591444.0
2021-04-16,8.4,8.47,8.34,8.4,8636945.0,72571936.0
2021-04-19,8.39,8.62,8.39,8.58,11214318.0,95921642.0
2021-04-20,8.56,8.76,8.55,8.65,14110776.0,122548164.0
2021-04-21,8.59,8.64,8.51,8.53,7809418.0,66889418.00000001
2021-04-22,8.55,8.58,8.4,8.46,11984346.0,101562521.0
2021-04-23,8.46,8.46,8.32,8.42,8011136.0,67059191.99999999
2021-04-26,8.41,8.51,8.37,8.37,11537508.0,97467997.0
2021-04-27,8.36,8.39,8.16,8.27,9765460.0,80430818.0
2021-04-28,8.26,8.33,8.16,8.22,7763178.0,63826212.0
2021-04-29,8.19,8.27,8.19,8.2,6777063.0,55749526.0
2021-04-30,8.22,8.23,8.07,8.09,10219478.0,83072183.0
2021-05-06,8.15,8.19,8.1,8.14,6500721.0,52949988.0
2021-05-07,8.15,8.35,8.09,8.25,11567152.0,95416640.0
2021-05-10,8.25,8.47,8.2,8.41,12222361.0,102088150.0
2021-05-11,8.37,8.4,8.26,8.39,8242863.0,68603656.0
2021-05-12,8.36,8.4,8.29,8.37,8399953.0,70068573.0
2021-05-13,8.29,8.43,8.27,8.3,9347754.0,78022664.0
2021-05-14,8.3,8.44,8.28,8.44,11337288.0,95031640.0
2021-05-17,8.45,8.58,8.36,8.37,11539060.0,97722865.0
2021-05-18,8.37,8.42,8.31,8.42,7216664.0,60349188.0
2021-05-19,8.42,8.63,8.36,8.54,14393461.0,122716559.0
2021-05-20,8.51,8.58,8.43,8.46,9017947.0,76602878.0
2021-05-21,8.49,8.51,8.37,8.38,7513500.0,63443577.0
2021-05-24,8.36,8.41,8.33,8.4,6933323.0,58059033.0
2021-05-25,8.4,8.47,8.28,8.43,10706016.0,89725379.0
2021-05-26,8.43,8.56,8.42,8.51,12100891.0,103023957.0
2021-05-27,8.51,8.88,8.48,8.81,33104447.0,289325005.0
2021-05-28,8.8,8.8,8.64,8.68,18611832.0,162171781.0
2021-05-31,8.72,8.87,8.71,8.86,18145246.0,160062565.0
2021-06-01,8.85,8.96,8.76,8.87,14951914.0,132484739.0
2021-06-02,8.85,9.17,8.85,8.87,27591296.0,249168304.0
2021-06-03,8.89,9.11,8.88,8.93,20492494.0,184289686.0
2021-06-04,8.97,9.19,8.91,9.11,34451398.0,313280257.0
2021-06-07,9.18,9.26,9.01,9.13,28217768.0,257560484.0
2021-06-08,9.2,9.21,8.98,9.02,21426451.0,194113351.0
2021-06-09,8.99,8.99,8.72,8.78,19119220.0,168584746.0
2021-06-10,8.78,9.21,8.72,9.12,28759030.0,258654086.0
2021-06-11,9.17,9.24,8.86,8.88,27034350.0,244578349.0
2021-06-15,8.85,9.08,8.83,8.93,14720709.0,131617191.0
2021-06-16,8.91,9.02,8.72,8.74,16258233.0,143713293.0
2021-06-17,8.76,9.2,8.73,9.14,36362725.0,329791423.0
2021-06-18,9.35,9.68,9.21,9.56,65224491.0,618690360.0
2021-06-21,9.55,9.56,9.31,9.44,33410478.0,315398770.0
2021-06-22,9.39,9.55,9.29,9.47,29871643.0,281585722.0
2021-06-23,9.42,9.83,9.36,9.49,42359876.0,407197059.0
2021-06-24,9.41,9.64,9.35,9.37,34919323.0,330271629.0
2021-06-25,9.35,9.55,9.19,9.39,31813590.0,297813404.0
2021-06-28,9.43,9.89,9.43,9.65,42149371.0,408756614.0
2021-06-29,9.61,9.68,9.39,9.41,24759834.0,235299380.0
2021-06-30,9.41,9.91,9.39,9.81,39861296.0,387075875.0
2021-07-01,9.8,9.8,9.3,9.3,36177503.0,344744341.0
2021-07-02,9.25,9.64,9.24,9.45,30229034.0,287291657.0
2021-07-05,9.44,9.69,9.4,9.56,24071065.0,229561048.0
2021-07-06,9.56,9.69,9.36,9.63,29973150.0,285446543.0
2021-07-07,9.51,9.95,9.48,9.89,49486685.0,485032760.0
2021-07-08,9.83,10.09,9.8,9.89,44943430.0,446505616.0
2021-07-09,9.85,10.36,9.83,10.3,57232639.0,581937261.0
2021-07-12,10.47,10.54,10.12,10.2,54486369.0,558585532.0
2021-07-13,10.13,10.23,9.88,10.11,40116571.0,401185113.0
2021-07-14,10.03,10.06,9.83,9.84,28647706.0,284176901.0
2021-07-15,9.79,9.94,9.48,9.82,35423520.0,345064043.0
2021-07-16,9.8,10.09,9.73,9.85,32144768.0,319029059.0
2021-07-19,9.81,10.02,9.76,9.98,24463616.0,242598832.0
2021-07-20,9.86,10.37,9.78,10.33,41007101.0,416606137.0
2021-07-21,10.33,10.57,10.2,10.49,50640174.0,524541600.0
2021-07-22,10.37,10.66,10.24,10.59,46891991.0,490997591.0
2021-07-23,10.69,11.29,10.69,10.94,74251147.0,814752286.0
2021-07-26,10.99,11.58,10.91,11.17,80060888.0,900159480.0
2021-07-27,11.25,11.66,10.88,10.96,78304225.0,883591193.0
2021-07-28,10.68,11.36,10.55,11.19,75142461.0,825750381.0
2021-07-29,11.36,11.73,11.16,11.69,81142656.0,934717362.0
2021-07-30,11.61,11.62,10.98,11.3,80096653.0,905339111.0
2021-08-02,11.17,12.43,11.13,12.06,99223837.0,1189834408.0
2021-08-03,12.05,12.05,10.98,10.99,89434627.0,1022441758.0
2021-08-04,11.02,11.59,11.02,11.4,66430906.0,757567927.0
2021-08-05,11.45,11.68,10.91,11.5,67067231.0,758131355.0
2021-08-06,11.49,11.95,11.33,11.71,60753512.0,712587498.0
2021-08-09,11.71,11.73,11.08,11.4,54485907.0,616012632.0
2021-08-10,11.34,12.42,11.31,12.0,87014241.0,1043286596.0
2021-08-11,12.06,12.19,11.72,12.07,53777098.0,640937873.0
2021-08-12,11.93,12.48,11.82,12.23,69158948.0,844104187.0
2021-08-13,12.28,13.17,12.17,13.09,90539160.0,1160969587.0
2021-08-16,13.05,13.07,12.29,12.39,77642160.0,981009844.0
2021-08-17,12.4,12.54,11.76,12.0,57830285.0,699642779.0
2021-08-18,11.7,12.27,11.16,11.52,77149763.0,901369178.0
2021-08-19,11.65,12.05,11.41,11.84,50186922.0,593256368.0
2021-08-20,11.84,12.0,11.53,11.81,33056049.0,388576101.0
2021-08-23,11.99,12.36,11.75,12.22,49332189.0,598701702.0
2021-08-24,12.15,12.31,11.95,12.14,38498491.0,467579429.0
2021-08-25,12.19,12.42,11.98,12.38,40998566.0,500832222.0
2021-08-26,12.4,12.87,12.19,12.6,55564262.0,699114631.0
2021-08-27,12.47,13.15,12.37,12.84,53240193.0,681619523.0
2021-08-30,12.83,13.74,12.73,13.7,71849309.0,965912983.0
2021-08-31,13.5,13.5,12.56,12.93,75261496.0,979213893.0
2021-09-01,12.91,13.02,12.03,12.28,55663685.0,691886627.0
2021-09-02,12.15,12.89,12.13,12.68,41292951.0,521389037.0
2021-09-03,12.52,13.1,12.0,12.08,54753788.0,679815893.0
2021-09-06,12.08,12.11,11.5,11.86,39908235.0,468586886.0
2021-09-07,11.89,13.05,11.78,13.05,68830364.0,874280692.0
2021-09-08,13.03,13.35,12.95,13.1,59527332.0,780838923.0
2021-09-09,13.04,13.13,12.49,12.68,49122172.0,626881900.0
2021-09-10,12.87,12.94,12.27,12.75,43358318.0,547072364.0
2021-09-13,12.66,12.71,12.19,12.28,36558539.0,451644555.0
2021-09-14,12.29,12.93,12.11,12.48,48300428.0,605303104.0
2021-09-15,12.38,12.83,12.31,12.78,38931634.0,491827018.0
2021-09-16,12.7,12.7,11.85,12.18,48039100.0,589391167.0
2021-09-17,12.06,12.17,11.48,11.71,33285332.0,392006043.0
2021-09-22,11.48,11.6,11.16,11.5,29615290.0,337428010.0
2021-09-23,11.62,11.77,11.48,11.56,19905033.0,231295677.0
2021-09-24,11.57,11.76,11.03,11.08,27495062.0,313032148.0
2021-09-27,11.08,11.25,10.2,10.45,35487369.0,376570063.0
2021-09-28,10.39,10.58,10.35,10.48,14528080.0,152264908.0
2021-09-29,10.38,10.5,10.05,10.1,18615290.0,190241006.0
2021-09-30,10.17,10.54,10.17,10.47,16489859.0,171177616.0
2021-10-08,10.68,10.78,10.58,10.67,16107310.0,171705472.0
2021-10-11,10.65,10.77,10.5,10.67,10275163.0,109483238.0
2021-10-12,10.65,10.72,9.9,10.12,26841742.0,273907179.0
2021-10-13,10.12,10.27,9.93,10.26,17602194.0,177756881.0
2021-10-14,10.31,10.68,10.19,10.51,18999307.0,198835395.0
2021-10-15,10.51,10.84,10.44,10.73,17079015.0,183002097.0
2021-10-18,10.73,10.84,10.59,10.74,18265857.0,195191234.0
2021-10-19,10.78,11.42,10.7,11.28,31835190.0,352528411.0
2021-10-20,11.42,11.42,10.66,11.13,51419211.0,562874638.0
2021-10-21,11.01,12.23,10.99,11.9,75529723.0,893652027.0
2021-10-22,11.71,12.23,11.5,12.18,64455607.0,767510100.0
2021-10-25,12.18,12.34,11.92,12.11,41099418.0,496779890.0
2021-10-26,12.22,12.36,12.0,12.16,36285367.0,442465826.0
2021-10-27,12.13,12.35,11.93,12.21,34066889.0,413612399.0
2021-10-28,12.21,12.95,11.75,12.47,71403742.0,887919494.0
2021-10-29,12.5,13.72,11.99,13.55,119581090.0,1565260296.0
2021-11-01,14.0,14.91,13.98,14.91,97230489.0,1419055256.0
2021-11-02,15.0,15.0,13.42,13.42,161296950.0,2239104665.0
2021-11-03,13.0,13.39,12.56,13.15,111004238.0,1435951907.0
2021-11-04,13.14,14.47,13.05,14.47,119812298.0,1674847575.0
2021-11-05,14.4,15.47,14.4,14.63,122924954.0,1840546836.0
2021-11-08,14.4,14.56,13.8,14.05,79199663.0,1117984345.0
2021-11-09,14.25,14.8,13.96,14.07,66917042.0,955375488.0
2021-11-10,14.27,14.58,13.85,14.22,61405541.0,874141538.0
2021-11-11,14.18,14.32,13.8,13.86,56508405.0,792546330.0
2021-11-12,14.14,15.25,14.14,15.25,88371423.0,1327971638.0
2021-11-15,15.73,16.15,15.4,15.5,130805450.0,2062153829.0
2021-11-16,15.66,15.78,14.93,15.04,60372720.0,925838550.0
2021-11-17,15.03,15.86,14.9,15.57,58820942.0,905567535.0
2021-11-18,15.35,16.06,15.26,15.55,60933726.0,956297899.0
2021-11-19,15.71,16.76,15.58,16.45,72016683.0,1174040979.0
2021-11-22,16.51,18.1,16.5,18.1,97299978.0,1721174374.0
2021-11-23,18.28,18.3,17.28,17.35,93638797.0,1651040065.0
2021-11-24,17.59,17.66,16.9,17.24,74758278.0,1292034941.0
2021-11-25,17.25,17.25,16.62,16.73,52713909.0,889883301.0
2021-11-26,16.7,16.98,16.38,16.57,46561049.0,774881944.0
2021-11-29,16.15,17.19,16.02,17.06,62807804.0,1054723690.0
2021-11-30,17.26,17.26,15.99,16.02,70259232.0,1160116907.0
2021-12-01,16.03,16.21,15.7,16.1,47284540.0,752374128.0
2021-12-02,16.05,16.05,14.9,15.32,64382908.0,987077982.0
2021-12-03,15.32,15.53,15.15,15.29,31796744.0,486887852.0
2021-12-06,15.33,15.69,15.12,15.18,40993390.0,631731621.0
2021-12-07,15.26,15.58,15.1,15.51,42926605.0,660281210.0
2021-12-08,15.45,16.1,15.28,16.07,40385246.0,636972271.0
2021-12-09,16.08,16.11,15.21,15.4,39351031.0,612860617.0
2021-12-10,15.27,16.68,15.14,16.47,56107604.0,900054780.0
2021-12-13,16.47,16.53,15.7,16.4,40773833.0,657863708.0
2021-12-14,16.23,17.17,16.12,17.06,48998175.0,821844500.0
2021-12-15,17.08,18.42,16.97,17.7,65536925.0,1171088979.0
2021-12-16,17.71,18.33,17.34,18.14,45188041.0,811040809.0
2021-12-17,18.14,18.24,17.25,17.48,38449692.0,678948325.0
2021-12-20,17.3,17.3,16.49,16.5,38797705.0,650308114.0
2021-12-21,16.61,16.92,16.16,16.55,25996650.0,429477123.0
2021-12-22,16.68,16.78,16.32,16.65,18538813.0,306834806.0
2021-12-23,16.74,17.05,16.36,16.93,22244887.0,371549908.0
2021-12-24,17.38,18.2,16.8,16.88,39100946.0,686745650.0
2021-12-27,16.6,17.7,16.45,16.6,30910027.0,523449973.0
2021-12-28,16.7,17.0,15.65,15.87,36759683.0,592389890.0
2021-12-29,15.88,16.35,15.54,15.9,24984903.0,397230208.0
2021-12-30,15.9,16.1,15.49,15.6,25039930.0,392634680.0
2021-12-31,15.74,16.43,15.6,16.23,32538284.0,526228188.0
2022-01-04,16.5,16.86,15.36,15.48,42553568.0,671338902.0
2022-01-05,15.29,15.53,14.2,14.42,42277295.0,618080021.0
2022-01-06,14.2,14.55,14.13,14.47,19816713.0,284288422.0
2022-01-07,14.3,14.55,13.88,13.9,27894218.0,392656113.0
2022-01-10,13.8,13.97,13.52,13.67,24586611.0,337327052.0
2022-01-11,13.67,13.93,13.63,13.81,19596809.0,270062216.0
2022-01-12,13.99,14.27,13.84,14.13,19149548.0,269945728.0
2022-01-13,14.28,14.36,13.81,13.89,16555620.0,231637907.0
2022-01-14,13.83,14.28,13.81,14.12,18602004.0,262471039.0
2022-01-17,14.1,14.55,13.9,14.41,19993294.0,284262475.0
2022-01-18,14.45,14.97,14.26,14.33,22671001.0,331196067.0
2022-01-19,14.03,14.25,13.74,13.95,17614028.0,245675334.0
2022-01-20,14.03,14.03,13.39,13.44,20318350.0,276151820.0
2022-01-21,13.39,13.6,13.22,13.42,16441083.0,219946863.0
2022-01-24,13.53,13.99,13.26,13.67,17883544.0,243485813.0
2022-01-25,13.59,13.8,13.36,13.39,18503631.0,251263280.0
2022-01-26,13.34,13.96,13.34,13.89,20261875.0,279172924.0
2022-01-27,13.82,13.96,13.43,13.47,16784935.0,229011940.0
2022-01-28,13.45,13.68,12.62,13.3,26080311.0,343999132.0
2022-02-07,13.5,13.82,12.97,13.13,18625965.0,247979792.0
2022-02-08,13.15,13.19,12.5,12.68,19645545.0,249849466.0
2022-02-09,12.7,13.27,12.59,13.14,29614887.0,386302075.0
2022-02-10,13.21,13.29,12.26,12.37,33877282.0,424351743.0
2022-02-11,12.32,12.51,12.13,12.33,18176221.0,224383748.0
2022-02-14,12.22,12.43,11.98,12.03,14173583.0,172674568.0
2022-02-15,12.13,12.75,12.05,12.66,22359762.0,280284630.0
2022-02-16,12.72,13.7,12.6,13.4,28607869.0,378188806.0
2022-02-17,13.4,13.66,13.11,13.5,21727360.0,290951376.0
2022-02-18,13.49,13.78,13.3,13.73,16014468.0,217729088.0
2022-02-21,13.68,13.94,13.51,13.65,12326614.0,168250670.0
2022-02-22,13.52,13.61,13.19,13.36,13661007.0,181893567.0
2022-02-23,13.43,14.12,13.43,14.06,22782098.0,316737753.0
2022-02-24,14.02,14.15,13.29,13.65,22417235.0,308411270.0
2022-02-25,13.79,13.99,13.63,13.71,14342764.0,197850090.0
2022-02-28,13.78,13.85,13.45,13.81,11703690.0,160302993.0
2022-03-01,13.82,14.4,13.82,13.98,18891270.0,266409760.0
2022-03-02,14.05,14.06,13.74,14.0,10888547.0,151329002.0
2022-03-03,13.99,14.04,13.38,13.46,19799381.0,268179932.0
2022-03-04,13.3,13.47,12.7,12.75,24757745.0,322747900.0
2022-03-07,13.0,13.0,12.48,12.77,14689144.0,186083504.0
2022-03-08,12.77,12.88,11.77,11.93,31855555.0,385623864.0
2022-03-09,11.9,12.07,11.13,11.64,21995001.0,255937620.0
2022-03-10,11.98,12.57,11.98,12.29,26209750.0,320670132.0
2022-03-11,12.18,12.22,11.71,12.11,18006031.0,215750653.0
2022-03-14,11.9,12.03,11.71,11.76,15885216.0,187976091.0
2022-03-15,11.59,11.81,11.09,11.09,18705740.0,213893000.0
2022-03-16,11.3,11.87,10.92,11.83,21716964.0,248507286.0
2022-03-17,11.97,12.13,11.73,11.75,18590054.0,221864837.0
2022-03-18,11.64,11.85,11.54,11.64,12916106.0,150824526.0
2022-03-21,11.67,12.08,11.62,11.83,12930033.0,153407435.0
2022-03-22,11.83,11.85,11.52,11.62,11931280.0,138753114.0
2022-03-23,11.74,12.08,11.62,12.08,18186675.0,216992149.0
2022-03-24,11.99,11.99,11.61,11.75,15191600.0,178337462.0
2022-03-25,11.77,11.9,11.4,11.45,13183041.0,152954955.0
2022-03-28,11.33,11.5,11.09,11.27,14547074.0,163855843.0
2022-03-29,11.46,11.48,11.18,11.33,10685253.0,120988143.0
2022-03-30,11.35,11.71,11.35,11.69,13237410.0,153147844.0
2022-03-31,11.57,11.84,11.51,11.56,11090762.0,129070070.0
2022-04-01,11.5,11.51,11.35,11.39,8369955.0,95553386.0
2022-04-06,11.3,11.35,11.0,11.1,14294592.0,158446518.0
2022-04-07,10.92,11.02,10.57,10.6,17039685.0,183155904.0
2022-04-08,10.73,10.75,10.34,10.38,15714124.0,164847656.0
2022-04-11,10.31,10.48,9.9,9.95,17516234.0,176261000.0
2022-04-12,9.96,10.1,9.81,10.09,15571352.0,155697537.0
2022-04-13,10.04,10.06,9.7,9.73,14504649.0,142312855.0
2022-04-14,9.84,9.94,9.6,9.78,14557757.0,142438579.0
2022-04-15,9.76,9.76,9.35,9.48,19889586.0,189363777.0
2022-04-18,9.43,9.8,9.31,9.74,17380591.0,166988016.0
2022-04-19,9.77,9.97,9.59,9.69,12679055.0,123719485.0
2022-04-20,9.72,9.79,9.27,9.4,14797509.0,140372763.0
2022-04-21,9.28,9.42,8.9,8.95,16112378.0,147379848.0
2022-04-22,8.92,9.07,8.65,8.73,17150806.0,150976711.0
2022-04-25,8.6,8.64,7.86,7.86,31125740.0,253011134.0
2022-04-26,7.69,7.79,7.2,7.25,28216733.0,211420090.0
2022-04-27,7.14,7.95,7.14,7.9,30391849.0,228815579.0
2022-04-28,7.8,8.15,7.77,7.87,22291777.0,176511176.0
2022-04-29,7.94,8.36,7.93,8.34,21668728.0,176008105.0
2022-05-05,8.25,8.82,8.18,8.62,23440038.0,202003164.0
2022-05-06,8.34,8.56,8.33,8.44,14955192.0,126395592.0
2022-05-09,8.23,8.64,8.23,8.48,12046600.0,102432979.0
2022-05-10,8.33,8.78,8.33,8.77,16896780.0,146410671.0
2022-05-11,8.75,9.21,8.75,8.91,21728338.0,196828469.0
2022-05-12,8.85,9.03,8.72,8.86,14832084.0,131455586.0
2022-05-13,8.91,8.98,8.74,8.84,14390037.0,127212053.0
2022-05-16,8.9,9.07,8.78,8.84,13789980.0,122821221.0
2022-05-17,8.8,9.06,8.71,9.05,16706972.0,148734127.0
2022-05-18,9.05,9.27,8.99,9.12,14019705.0,127738503.0
2022-05-19,8.98,9.48,8.95,9.33,21484148.0,197828183.0
2022-05-20,9.42,9.95,9.33,9.88,34182929.0,330847917.0
2022-05-23,9.95,10.05,9.75,9.99,27999597.0,277352810.0
2022-05-24,9.97,10.21,9.54,9.54,29390750.0,290794923.0
2022-05-25,9.61,9.74,9.37,9.7,19606462.0,187675440.0
2022-05-26,9.8,9.83,9.34,9.6,18340237.0,175657312.0
2022-05-27,9.68,9.74,9.29,9.41,15089751.0,143388877.0
2022-05-30,9.44,9.54,9.23,9.52,16581788.0,155652831.0
2022-05-31,9.54,9.8,9.24,9.78,23125553.0,221027212.0
2022-06-01,9.65,9.87,9.59,9.65,15762793.0,153025647.0
2022-06-02,9.61,10.03,9.57,10.01,30706855.0,303995434.0
2022-06-06,10.05,10.29,9.88,10.18,33259098.0,335818306.0
2022-06-07,10.19,10.34,10.02,10.16,23875987.0,242665135.0
2022-06-08,10.14,10.21,9.75,10.03,30229486.0,300740638.0
2022-06-09,9.93,10.01,9.62,9.67,17800321.0,173940625.0
2022-06-10,9.66,10.64,9.63,10.64,40911412.0,421969800.0
2022-06-13,10.98,11.16,10.46,10.68,68487827.0,735871797.0
2022-06-14,10.6,10.69,10.3,10.67,42632200.0,447538583.0
2022-06-15,10.74,11.4,10.69,11.0,70294500.0,779931036.0
2022-06-16,10.95,11.13,10.85,11.06,44415376.0,488017674.0
2022-06-17,11.12,11.77,11.01,11.66,70204849.0,807209946.0
2022-06-20,11.81,12.22,11.75,11.88,66698737.0,799176412.0
2022-06-21,11.77,11.97,11.33,11.55,44869045.0,520512658.0
2022-06-22,11.5,11.79,11.31,11.31,37643481.0,434225949.0
2022-06-23,11.38,12.22,11.33,12.19,56727100.0,673785845.0
2022-06-24,12.1,12.74,12.04,12.4,50900695.0,634591511.0
2022-06-27,12.68,13.14,12.42,12.97,57009857.0,728313119.0
2022-06-28,12.87,13.47,12.68,13.23,52800288.0,692732620.0
2022-06-29,12.98,13.02,11.91,11.91,81881597.0,1008797749.0
2022-06-30,11.91,12.13,11.6,11.91,49291671.0,585762217.0
2022-07-01,11.86,12.05,11.59,11.66,31291772.0,368078680.0
2022-07-04,11.65,12.52,11.33,12.43,55794853.0,672390450.0
2022-07-05,12.43,13.03,12.23,12.91,69910860.0,885041934.0
2022-07-06,12.95,13.45,12.81,13.0,68748863.0,901707604.0
2022-07-07,12.86,13.47,12.82,13.31,54161943.0,718597701.0
2022-07-08,13.33,13.39,12.38,12.44,58156212.0,738071900.0
2022-07-11,12.35,12.6,11.92,12.13,35761496.0,434620217.0
2022-07-12,12.15,12.54,11.95,12.13,37753885.0,461076234.0
2022-07-13,12.21,12.55,12.02,12.29,32549673.0,402076170.0
2022-07-14,12.11,12.76,12.06,12.6,36004589.0,450465050.0
2022-07-15,12.5,12.84,11.78,11.9,58227859.0,702076412.0
2022-07-18,11.84,12.9,11.75,12.9,56898006.0,704243826.0
2022-07-19,12.71,13.19,12.63,13.06,47620912.0,616964846.0
2022-07-20,13.15,13.25,12.75,12.88,32641712.0,421454486.0
2022-07-21,12.88,13.82,12.76,13.69,90910328.0,1231637032.0
2022-07-22,13.6,14.14,13.51,13.76,64451098.0,887889403.0
2022-07-25,13.65,14.4,13.15,13.37,59268003.0,813567041.0
2022-07-26,13.39,13.66,13.07,13.38,33485095.0,447779426.0
2022-07-27,13.27,14.18,13.14,14.02,49561981.0,684170626.0
2022-07-28,14.05,14.68,14.02,14.62,65084801.0,939905109.0
2022-07-29,14.5,14.57,14.0,14.05,46159462.0,656395173.0
2022-08-01,14.0,14.4,13.74,14.35,38699835.0,547347427.0
2022-08-02,13.92,14.0,13.32,13.62,40864059.0,560367864.0
2022-08-03,13.7,14.15,13.18,13.32,43184486.0,593716240.0
2022-08-04,13.45,13.51,12.7,13.2,39164095.0,511672493.0
2022-08-05,13.31,14.21,13.11,14.2,46358734.0,633521817.0
2022-08-08,14.08,14.27,13.85,14.16,31401136.0,441128780.0
2022-08-09,14.07,14.97,14.05,14.61,45267242.0,664065139.0
2022-08-10,14.67,14.78,14.2,14.33,29791681.0,428976299.0
2022-08-11,14.38,14.46,14.0,14.24,28428440.0,403912203.0
2022-08-12,14.25,14.5,14.03,14.17,22452246.0,319896273.0
2022-08-15,14.45,15.45,14.44,15.08,63665845.0,954698198.0
2022-08-16,15.14,15.2,14.79,15.17,29310294.0,440094075.0
2022-08-17,15.12,15.9,15.0,15.23,45594491.0,706452661.0
2022-08-18,15.15,15.75,15.11,15.66,34431022.0,533629509.0
2022-08-19,15.5,15.59,14.48,14.63,53688034.0,801864100.0
2022-08-22,14.63,14.8,14.21,14.62,35196403.0,509529877.0
2022-08-23,14.59,14.99,14.51,14.83,24769894.0,366479337.0
2022-08-24,14.83,14.87,13.35,13.36,57255043.0,789199332.0
2022-08-25,13.38,13.78,13.26,13.49,26697253.0,359716629.0
2022-08-26,13.55,14.0,13.3,13.38,27061162.0,369239732.0
2022-08-29,13.1,13.82,12.99,13.59,22271071.0,300781536.0
2022-08-30,13.6,13.6,12.85,12.97,31692260.0,416106532.0
2022-08-31,12.98,12.99,11.8,11.94,52304879.0,635419318.0
2022-09-01,11.89,12.13,11.68,11.71,26264606.0,310862055.0
2022-09-02,11.79,12.03,11.65,11.85,24176407.0,285802533.0
2022-09-05,11.8,12.17,11.72,11.93,22404652.0,268626291.0
2022-09-06,11.99,12.37,11.8,12.34,27410412.0,331610704.0
2022-09-07,12.2,12.61,12.18,12.55,26356215.0,328139092.0
2022-09-08,12.5,12.81,12.36,12.37,20496476.0,257250499.0
2022-09-09,12.44,12.47,12.01,12.41,17502509.0,214600891.0
2022-09-13,12.41,12.55,12.18,12.4,12376020.0,152906651.0
2022-09-14,12.18,12.36,12.07,12.12,13723468.0,167005817.0
2022-09-15,12.19,12.22,11.35,11.65,31676590.0,368010513.0
2022-09-16,11.6,11.74,11.4,11.41,16183611.0,187180847.0
2022-09-19,11.35,11.72,11.16,11.24,16517828.0,188656973.0
2022-09-20,11.37,11.75,11.36,11.59,17763374.0,206355800.0
2022-09-21,11.64,11.74,11.42,11.66,13303179.0,154453201.0
2022-09-22,11.59,11.84,11.51,11.73,13401013.0,157108259.0
2022-09-23,11.71,11.82,11.2,11.4,14775881.0,169443566.0
2022-09-26,11.26,11.54,11.17,11.42,12327995.0,140474190.0
2022-09-27,11.47,11.62,11.17,11.45,16429259.0,186347628.0
2022-09-28,11.42,11.44,10.86,10.88,15858122.0,175225476.0
2022-09-29,10.92,11.12,10.9,11.04,13347582.0,146932121.0
2022-09-30,10.92,11.09,10.57,10.58,12504957.0,134564011.0
2022-10-10,10.65,10.7,10.24,10.29,13566451.0,141632341.0
2022-10-11,10.32,10.55,10.28,10.47,11032347.0,115109936.0
2022-10-12,10.47,10.99,10.21,10.95,17392200.0,183809858.0
2022-10-13,10.88,11.33,10.82,11.12,19421391.0,216769760.0
2022-10-14,11.22,11.61,11.11,11.52,19729177.0,224094084.0
2022-10-17,11.43,11.86,11.38,11.86,22050297.0,256750900.0
2022-10-18,12.05,12.32,11.78,12.03,43863079.0,529515608.0
2022-10-19,11.97,12.68,11.92,12.34,39911851.0,496233135.0
2022-10-20,12.35,12.72,12.04,12.47,29600794.0,366674191.0
2022-10-21,12.43,12.74,12.36,12.49,21237643.0,266118620.0
2022-10-24,12.54,12.84,12.4,12.54,29503550.0,373080713.0
2022-10-25,12.52,12.75,12.01,12.64,30923780.0,387163659.0
2022-10-26,12.64,13.24,12.42,13.2,43998025.0,568947355.0
2022-10-27,13.1,13.28,12.86,12.92,33969615.0,442386548.0
2022-10-28,12.83,13.07,12.22,12.33,36394351.0,459570286.0
2022-10-31,12.28,12.68,12.16,12.34,27033578.0,335838522.0
2022-11-01,12.3,12.77,12.25,12.71,29442234.0,370752499.0
2022-11-02,12.64,12.73,12.19,12.25,48301330.0,600670009.0
2022-11-03,12.09,12.56,12.01,12.37,35815753.0,442583101.0
2022-11-04,12.4,12.66,12.32,12.63,36734912.0,460100377.0
2022-11-07,12.67,12.88,12.51,12.64,35468491.0,448967660.0
2022-11-08,12.67,12.72,12.28,12.42,24590448.0,305288874.0
2022-11-09,12.4,12.42,12.17,12.25,18698916.0,229465266.0
2022-11-10,12.14,12.23,11.7,11.74,32095720.0,382717379.0
2022-11-11,11.99,12.32,11.91,11.92,29824117.0,359996355.0
2022-11-14,11.92,12.0,11.45,11.53,25832934.0,302611496.0
2022-11-15,11.49,12.35,11.43,12.3,40449260.0,487062590.0
2022-11-16,12.22,12.32,11.95,12.0,24821128.0,300733285.0
2022-11-17,11.99,12.04,11.62,11.86,23880837.0,279984476.0
2022-11-18,11.86,11.92,11.6,11.61,19128900.0,225113033.0
2022-11-21,11.54,11.85,11.46,11.77,14249327.0,166760991.0
2022-11-22,11.69,11.78,11.45,11.54,17474361.0,202703006.0
2022-11-23,11.51,11.68,11.2,11.61,16976877.0,194365753.0
2022-11-24,11.61,11.85,11.52,11.61,16287170.0,190058513.0
2022-11-25,11.53,11.6,11.19,11.21,20299708.0,229627638.0
2022-11-28,11.0,11.22,10.95,11.15,12146690.0,134929517.0
2022-11-29,11.17,11.36,11.12,11.32,12903047.0,145311514.0
2022-11-30,11.31,11.4,11.22,11.27,11083666.0,125258371.0
2022-12-01,11.38,11.52,11.35,11.36,13964110.0,159588118.0
2022-12-02,11.33,11.49,11.28,11.32,13232459.0,150411064.0
2022-12-05,11.35,11.47,11.31,11.47,15263802.0,174098406.0
2022-12-06,11.46,11.49,11.24,11.39,14812893.0,168498958.0
2022-12-07,11.32,11.45,11.18,11.23,14985250.0,169478903.0
2022-12-08,11.16,11.31,11.05,11.09,12212103.0,136158616.0
2022-12-09,11.05,11.18,10.88,10.9,19738416.0,217265525.0
2022-12-12,10.81,11.08,10.76,11.0,14428318.0,157989107.0
2022-12-13,10.98,11.14,10.9,10.9,10857431.0,119528689.0
2022-12-14,11.05,11.19,10.98,11.01,14938632.0,165865948.0
2022-12-15,10.96,11.24,10.92,11.22,14304002.0,159556319.0
2022-12-16,11.16,11.22,10.93,10.99,12505033.0,137945913.0
2022-12-19,11.01,11.07,10.62,10.69,11814903.0,127531575.0
2022-12-20,10.7,10.91,10.67,10.75,9484903.0,102112485.0
2022-12-21,10.69,10.74,10.44,10.56,9409538.0,99506111.0
2022-12-22,10.61,10.64,10.05,10.12,17179340.0,176527621.0
2022-12-23,10.05,10.2,9.98,10.08,12006106.0,120906204.0
2022-12-26,10.08,10.45,10.05,10.45,12856407.0,132946988.0
2022-12-27,10.41,10.86,10.41,10.84,16307909.0,173885562.0
2022-12-28,10.8,10.85,10.6,10.69,9573518.0,102566643.0
2022-12-29,10.61,10.79,10.5,10.54,9495497.0,100912801.0
2022-12-30,10.6,10.75,10.45,10.54,10211900.0,107877143.0
2023-01-03,10.55,10.89,10.44,10.86,15407361.0,165068699.0
2023-01-04,11.08,11.08,10.66,10.76,14218720.0,153548320.0
2023-01-05,10.76,10.84,10.68,10.8,14411531.0,155188154.0
2023-01-06,10.88,11.22,10.8,10.97,23582594.0,259754322.0
2023-01-09,10.99,11.12,10.9,11.04,15042384.0,165794458.0
2023-01-10,11.0,11.1,10.91,10.97,10280360.0,112815905.0
2023-01-11,11.04,11.06,10.77,10.81,13934640.0,152367865.0
2023-01-12,10.79,10.99,10.78,10.81,10212291.0,110972854.0
2023-01-13,10.86,10.98,10.71,10.94,15340445.0,166730053.0
2023-01-16,10.98,11.3,10.84,11.28,31019325.0,347087114.0
2023-01-17,11.23,11.44,11.21,11.39,24615105.0,279588002.0
2023-01-18,11.39,11.5,11.32,11.42,14638926.0,167052663.0
2023-01-19,11.39,11.52,11.28,11.5,15245598.0,173879400.0
2023-01-20,11.51,11.75,11.48,11.68,22984087.0,268109522.0
2023-01-30,11.83,12.44,11.81,12.15,47177118.0,573118831.0
2023-01-31,12.0,13.25,11.96,12.95,85697055.0,1083531545.0
2023-02-01,13.4,13.96,13.07,13.48,107757637.0,1454126905.0
2023-02-02,13.41,13.89,13.15,13.75,64563010.0,880061440.0
2023-02-03,13.7,13.79,12.98,13.24,65514113.0,868314012.0
2023-02-06,13.21,13.69,12.83,13.49,56132753.0,748916284.0
2023-02-07,13.46,13.96,13.29,13.81,52446864.0,721197942.0
2023-02-08,14.04,14.13,13.29,13.32,45776369.0,619523050.0
2023-02-09,13.46,13.71,13.29,13.66,33174003.0,449468564.0
2023-02-10,13.61,13.73,13.3,13.59,29546906.0,399463010.0
2023-02-13,13.5,13.56,13.2,13.35,32210082.0,429644690.0
2023-02-14,13.26,13.7,13.23,13.54,27042001.0,365635881.0
2023-02-15,13.54,13.72,13.29,13.31,24149466.0,323676181.0
2023-02-16,13.34,13.39,12.53,12.69,44204748.0,573468604.0
2023-02-17,12.7,12.85,12.34,12.36,25755206.0,323909342.0
2023-02-20,12.34,12.55,12.26,12.51,19181119.0,238083871.0
2023-02-21,12.48,12.74,12.4,12.55,20878879.0,262600028.0
2023-02-22,12.47,12.61,12.34,12.43,16588100.0,206194901.0
2023-02-23,12.43,12.62,12.38,12.47,14766737.0,184327971.0
2023-02-24,12.45,12.47,12.23,12.31,12872100.0,158729865.0
2023-02-27,12.14,12.42,12.14,12.19,11104309.0,136186853.0
2023-02-28,12.27,12.31,12.02,12.25,13721080.0,167021244.0
2023-03-01,12.23,12.36,12.09,12.31,19457943.0,238301162.0
2023-03-02,12.33,12.33,11.99,12.04,26172796.0,316211662.0
2023-03-03,12.02,12.09,11.79,11.97,19830005.0,236628065.0
2023-03-06,12.04,12.23,11.86,12.16,23550831.0,284567927.0
2023-03-07,12.16,12.17,11.77,11.78,21975800.0,261899594.0
2023-03-08,11.7,11.86,11.7,11.84,10475202.0,123506205.0
2023-03-09,11.84,11.92,11.74,11.83,10392946.0,122899744.0
2023-03-10,11.74,11.83,11.56,11.57,12988809.0,151345424.0
2023-03-13,11.57,11.67,11.47,11.58,12747719.0,147163783.0
2023-03-14,11.55,11.63,11.15,11.37,14929568.0,169570193.0
2023-03-15,11.46,11.63,11.37,11.42,13153340.0,151226463.0
2023-03-16,11.31,11.42,10.99,11.09,18673956.0,208507479.0
2023-03-17,11.18,11.25,10.95,11.01,21169977.0,234449885.0
2023-03-20,11.01,11.22,10.91,11.14,18838651.0,208872259.0
2023-03-21,11.45,11.46,11.09,11.29,23205347.0,261293805.0
2023-03-22,11.34,11.44,11.27,11.34,15724921.0,178285823.0
2023-03-23,11.26,11.63,11.24,11.62,26637392.0,306289227.0
2023-03-24,11.68,11.83,11.51,11.6,27194477.0,316930036.0
2023-03-27,11.55,11.76,11.5,11.67,18009449.0,209409239.0
2023-03-28,11.79,11.8,11.38,11.42,17924060.0,206597238.0
2023-03-29,11.44,11.5,11.35,11.44,11268285.0,128728753.0
2023-03-30,11.4,11.55,11.38,11.55,12122580.0,139109290.0
2023-03-31,11.57,11.68,11.51,11.63,14966738.0,173454987.0
2023-04-03,11.66,12.25,11.64,12.24,41146767.0,496856431.0
2023-04-04,12.4,12.53,12.04,12.12,40006173.0,489946104.0
2023-04-06,12.13,12.43,11.91,12.28,33352837.0,409234045.0
2023-04-07,12.28,12.47,12.18,12.4,27790357.0,343710227.0
2023-04-10,12.46,12.53,12.01,12.11,27624258.0,338081172.0
2023-04-11,12.12,12.13,11.88,12.03,18143285.0,217650903.0
2023-04-12,12.03,12.15,11.99,12.09,15546099.0,187494443.0
2023-04-13,12.07,12.08,11.71,11.76,22648759.0,267874534.0
2023-04-14,11.79,11.92,11.74,11.9,15556208.0,184245733.0
2023-04-17,11.9,11.9,11.22,11.35,38512542.0,439218222.0
2023-04-18,11.38,11.69,11.07,11.46,35362722.0,400833182.0
2023-04-19,11.37,12.4,11.3,12.04,66007711.0,792790983.0
2023-04-20,11.91,12.67,11.77,12.55,86513451.0,1065351119.0
2023-04-21,12.37,12.55,11.92,12.02,63581530.0,777911799.0
2023-04-24,11.92,12.54,11.72,12.28,55316180.0,672595602.0
2023-04-25,12.13,12.18,11.05,11.05,67211811.0,763918350.0
2023-04-26,10.8,10.94,10.36,10.49,36549698.0,389977791.0
2023-04-27,10.4,10.59,10.3,10.42,18866925.0,197651380.0
2023-04-28,10.42,10.59,10.28,10.49,22943768.0,239192365.0
2023-05-04,10.45,10.49,10.03,10.14,24857135.0,254157612.0
2023-05-05,10.15,10.2,9.74,9.82,27166246.0,269453966.0
2023-05-08,9.93,10.01,9.86,9.92,17915404.0,177897571.0
2023-05-09,9.92,9.92,9.62,9.63,21450972.0,208937635.0
2023-05-10,9.65,10.37,9.46,10.33,42819087.0,424725266.0
2023-05-11,10.35,10.46,10.09,10.12,25947682.0,265689331.0
2023-05-12,10.21,10.3,10.01,10.01,15293646.0,154624721.0
2023-05-15,9.97,10.24,9.97,10.22,14572181.0,147701016.0
2023-05-16,10.2,10.38,10.12,10.25,17632869.0,181212854.0
2023-05-17,10.22,10.35,10.19,10.35,11961700.0,122907343.0
2023-05-18,10.31,11.05,10.29,10.78,36852625.0,393736435.0
2023-05-19,10.69,10.74,10.43,10.45,22087479.0,232732827.0
2023-05-22,10.45,10.46,10.28,10.33,11996468.0,124076897.0
2023-05-23,10.2,10.2,9.62,9.91,55047931.0,544983611.0
2023-05-24,9.85,10.4,9.82,10.03,41787662.0,424364943.0
2023-05-25,10.1,10.37,9.88,9.99,30726710.0,310461405.0
2023-05-26,9.98,10.08,9.83,9.99,28117963.0,280363100.0
2023-05-29,9.96,10.7,9.83,10.56,67679205.0,695127131.0
2023-05-30,10.4,10.64,10.15,10.51,64804481.0,672042915.0
2023-05-31,10.46,10.89,10.36,10.36,53086912.0,561505656.0
2023-06-01,10.44,10.5,10.23,10.23,33200293.0,343702397.0
2023-06-02,10.27,10.36,10.2,10.23,29365031.0,301656924.0
2023-06-05,10.24,10.31,10.06,10.16,27510660.0,279923625.0
2023-06-06,10.15,10.22,9.79,9.83,34607986.0,345463852.0
2023-06-07,9.83,10.07,9.66,9.86,28610231.0,281688405.0
2023-06-08,9.81,9.88,9.58,9.59,25033393.0,242761262.0
2023-06-09,9.55,9.82,9.4,9.65,34459509.0,329686655.0
2023-06-12,9.65,10.2,9.63,10.04,55866357.0,558790566.0
2023-06-13,9.98,10.46,9.98,10.22,47846427.0,490551617.0
2023-06-14,10.22,10.61,10.15,10.46,58761761.0,613079454.0
2023-06-15,10.88,11.51,10.83,10.91,125917381.0,1396782484.0
2023-06-16,10.91,12.0,10.76,12.0,167451372.0,1932196936.0
2023-06-19,12.98,13.1,12.34,12.45,251264849.0,3185661013.0
2023-06-20,12.67,12.99,12.47,12.52,148407686.0,1881927489.0
2023-06-21,12.46,13.44,12.43,12.69,154181280.0,1982891006.0
2023-06-26,12.47,13.31,12.45,12.74,146865892.0,1884899426.0
2023-06-27,12.6,12.73,12.0,12.26,122244167.0,1501458481.0
2023-06-28,12.3,12.3,11.03,11.65,143659024.0,1649069813.0
2023-06-29,11.6,12.09,11.4,11.8,90562138.0,1058188641.0
2023-06-30,11.75,12.05,11.64,11.92,75110462.0,889805266.0
2023-07-03,11.9,11.98,11.59,11.67,62394370.0,731874908.0
2023-07-04,11.89,11.92,11.51,11.64,50614682.0,589816955.0
2023-07-05,11.54,11.73,11.42,11.43,62416736.0,720931905.0
2023-07-06,11.4,11.75,11.37,11.51,62975430.0,730406741.0
2023-07-07,11.41,11.45,11.06,11.2,57543171.0,645476927.0
2023-07-10,11.16,11.25,10.9,11.01,38144871.0,421066590.0
2023-07-11,11.08,11.18,11.01,11.15,34231243.0,380048251.0
2023-07-12,11.08,11.1,10.78,10.83,44793144.0,488881046.0
2023-07-13,10.88,11.07,10.85,11.03,32463512.0,355572880.0
2023-07-14,11.06,11.24,10.97,11.07,38868880.0,431527210.0
2023-07-17,11.07,11.13,10.9,11.0,24952348.0,274234353.0
2023-07-18,10.95,11.14,10.9,10.94,26623841.0,292800600.0
2023-07-19,10.91,10.94,10.7,10.76,29291461.0,316221059.0
2023-07-20,10.77,10.81,10.47,10.48,35048217.0,371881130.0
2023-07-21,10.48,10.51,10.32,10.42,21109748.0,220137435.0
2023-07-24,10.36,10.52,10.34,10.36,13368505.0,139221527.0
2023-07-25,10.48,10.77,10.45,10.72,29589134.0,314639509.0
2023-07-26,10.73,10.73,10.41,10.42,21818227.0,229752551.0
2023-07-27,10.43,10.52,10.31,10.34,15267414.0,158724416.0
2023-07-28,10.36,10.5,10.24,10.49,18133821.0,188618260.0
2023-07-31,10.54,10.68,10.47,10.6,23058773.0,243612512.0
2023-08-01,10.55,10.6,10.48,10.55,13395642.0,141132936.0
2023-08-02,10.61,10.76,10.57,10.62,21298046.0,226907723.0
2023-08-03,10.56,10.61,10.42,10.58,16049813.0,168943057.0
2023-08-04,10.61,10.75,10.6,10.74,27076452.0,289695458.0
2023-08-07,10.76,10.87,10.66,10.77,25015972.0,269175430.0
2023-08-08,10.78,10.81,10.52,10.53,21045161.0,224089132.0
2023-08-09,10.6,10.6,10.26,10.26,22105048.0,228609416.0
2023-08-10,10.21,10.32,10.18,10.28,9660151.0,99310020.0
2023-08-11,10.26,10.35,10.06,10.06,16207639.0,164639569.0
2023-08-14,10.0,10.13,9.94,10.12,14742209.0,147685318.0
2023-08-15,10.14,10.19,9.96,10.03,10371957.0,104395168.0
2023-08-16,9.98,10.05,9.91,9.91,10835580.0,108004819.0
2023-08-17,9.86,10.08,9.76,10.06,14131949.0,140781670.0
2023-08-18,9.95,10.0,9.62,9.64,31765761.0,311041977.0
2023-08-21,9.67,9.79,9.6,9.63,13409614.0,129768018.0
2023-08-22,9.69,9.77,9.51,9.73,17759897.0,171362783.0
2023-08-23,9.67,9.67,9.41,9.41,15774534.0,150036530.0
2023-08-24,9.48,9.54,9.28,9.41,15584883.0,146795316.0
2023-08-25,9.37,9.44,9.06,9.15,20770969.0,191966180.0
2023-08-28,9.6,9.64,9.2,9.28,24857856.0,234729045.0
2023-08-29,9.27,9.66,9.25,9.58,21861625.0,207858728.0
2023-08-30,9.55,9.76,9.5,9.62,19196856.0,184991960.0
2023-08-31,9.6,9.6,9.48,9.52,12142820.0,115675328.0
2023-09-01,9.55,9.58,9.48,9.54,9975755.0,94993433.0
2023-09-04,9.61,9.71,9.51,9.71,17888998.0,171823890.0
2023-09-05,9.73,9.87,9.7,9.75,19817355.0,193523219.0
2023-09-06,9.66,9.9,9.61,9.88,20559685.0,201562239.0
2023-09-07,9.94,9.96,9.54,9.55,23828253.0,230632928.0
2023-09-08,9.51,9.73,9.49,9.64,14857389.0,142841192.0
2023-09-11,9.67,9.9,9.56,9.84,20534148.0,200616247.0
2023-09-12,9.86,9.98,9.76,9.93,21529617.0,212949472.0
2023-09-13,9.91,9.93,9.6,9.67,23303542.0,226349813.0
2023-09-14,9.68,9.73,9.52,9.58,12493599.0,120282213.0
2023-09-15,9.6,9.68,9.51,9.57,12000541.0,115100973.0
2023-09-18,9.55,9.65,9.43,9.59,10609624.0,101531346.0
2023-09-19,9.56,9.57,9.35,9.39,14294757.0,134892785.0
2023-09-20,9.37,9.48,9.33,9.34,8300884.0,78039451.0
2023-09-21,9.33,9.43,9.3,9.31,9336321.0,87304757.0
2023-09-22,9.28,9.58,9.26,9.56,18844672.0,178585299.0
2023-09-25,9.53,9.59,9.4,9.42,14489952.0,137063852.0
2023-09-26,9.37,9.49,9.36,9.36,11974690.0,112724036.0
2023-09-27,9.31,9.48,9.31,9.35,13000414.0,121951895.0
2023-09-28,9.37,9.51,9.37,9.46,13507037.0,127369031.0
2023-10-09,9.42,9.5,9.34,9.45,12266853.0,115497008.0
2023-10-10,9.48,9.59,9.44,9.49,13103500.0,124431216.0
2023-10-11,9.57,9.59,9.47,9.55,16195835.0,154344721.0
2023-10-12,9.65,9.65,9.52,9.61,14701843.0,140984256.0
2023-10-13,9.56,9.59,9.47,9.52,10964207.0,104475789.0
2023-10-16,9.5,9.52,9.15,9.21,22883321.0,212271642.0
2023-10-17,9.24,9.25,9.08,9.14,10515038.0,96197376.0
2023-10-18,9.1,9.1,8.76,8.8,20397472.0,180759262.0
2023-10-19,8.71,8.85,8.64,8.65,14835852.0,129623373.0
2023-10-20,8.6,8.7,8.48,8.5,14438046.0,123945537.0
2023-10-23,8.43,8.49,8.18,8.21,16264680.0,135112091.0
2023-10-24,8.26,8.42,8.18,8.37,13422788.0,111648970.0
2023-10-25,8.42,8.56,8.4,8.46,13751155.0,116702780.0
2023-10-26,8.42,8.52,8.3,8.5,15192073.0,127551870.0
2023-10-27,8.45,8.64,8.39,8.61,15224563.0,129991682.0
2023-10-30,8.5,8.76,8.49,8.73,16385133.0,142106414.0
2023-10-31,8.76,8.77,8.57,8.64,12096779.0,104596687.0
2023-11-01,8.67,8.77,8.62,8.71,10800922.0,94015529.0
2023-11-02,8.81,8.84,8.54,8.54,14368040.0,124554051.0
2023-11-03,8.56,8.82,8.55,8.79,19618910.0,171345603.0
2023-11-06,8.83,8.98,8.82,8.96,19062531.0,170291574.0
2023-11-07,9.06,9.12,8.91,9.09,21140610.0,190893580.0
2023-11-08,9.06,9.09,8.9,8.98,17275720.0,155488099.0
2023-11-09,8.95,9.06,8.91,8.94,12322360.0,110560404.0
2023-11-10,8.99,9.12,8.9,8.96,17710296.0,159308308.0
2023-11-13,9.02,9.14,9.01,9.13,20385733.0,185298962.0
2023-11-14,9.13,9.22,9.07,9.15,16067530.0,147249784.0
2023-11-15,9.33,9.36,9.14,9.16,18390982.0,169419198.0
2023-11-16,9.12,9.18,9.07,9.08,14129520.0,128755588.0
2023-11-17,9.08,9.19,9.05,9.15,13266542.0,121139837.0
2023-11-20,9.15,9.22,9.06,9.2,18683300.0,170814965.0
2023-11-21,9.18,9.22,9.07,9.08,16895016.0,154385870.0
2023-11-22,9.18,9.19,8.87,8.87,19334799.0,173770583.0
2023-11-23,8.83,9.03,8.77,9.01,14104744.0,125742991.0
2023-11-24,8.99,9.01,8.74,8.75,15696690.0,138330240.0
2023-11-27,8.77,8.83,8.66,8.74,14887840.0,129943747.0
2023-11-28,8.77,8.87,8.68,8.82,10311765.0,90643953.0
2023-11-29,8.83,9.04,8.81,8.89,20882427.0,186654735.0
2023-11-30,8.87,8.97,8.72,8.83,18538941.0,163503295.0
2023-12-01,8.8,9.19,8.69,9.16,45147545.0,407445380.0
2023-12-04,9.15,9.35,9.05,9.23,50198103.0,463260007.0
2023-12-05,9.2,9.21,8.92,8.92,26648227.0,241321972.0
2023-12-06,8.83,9.11,8.83,8.91,19752693.0,177000105.0
2023-12-07,8.95,9.15,8.77,9.1,30241415.0,272461918.0
2023-12-08,9.15,9.33,9.03,9.3,44039131.0,405577463.0
2023-12-11,9.25,9.25,9.02,9.21,32812468.0,300516924.0
2023-12-12,9.24,9.27,9.04,9.1,20308788.0,185073353.0
2023-12-13,9.07,9.14,8.93,8.94,21019722.0,189855279.0
2023-12-14,8.97,9.03,8.76,8.77,19109113.0,169803869.0
2023-12-15,8.8,8.86,8.68,8.7,12803418.0,112230766.0
2023-12-18,8.65,8.7,8.43,8.45,16339293.0,139323724.0
2023-12-19,8.43,8.52,8.36,8.44,10832918.0,91381338.0
2023-12-20,8.53,8.54,8.31,8.33,9933763.0,83506848.0
2023-12-21,8.27,8.51,8.26,8.45,12624266.0,105924008.0
2023-12-22,8.44,8.51,8.31,8.34,13435349.0,112690743.0
2023-12-25,8.35,8.41,8.29,8.34,7594658.0,63365680.0
2023-12-26,8.35,8.35,8.18,8.2,10830438.0,89128126.0
2023-12-27,8.2,8.28,8.15,8.26,7772668.0,63895587.0
2023-12-28,8.27,8.62,8.21,8.55,18951488.0,161052856.0
2023-12-29,8.56,8.68,8.53,8.63,12813591.0,110585889.0
2024-01-02,8.68,8.69,8.58,8.58,9573204.0,82662304.0
2024-01-03,8.56,8.66,8.45,8.56,11359511.0,96945239.0
2024-01-04,8.56,8.58,8.36,8.41,8317060.0,70158342.0
2024-01-05,8.4,8.45,8.17,8.19,13034651.0,107902610.0
2024-01-08,8.2,8.22,8.02,8.02,12355837.0,99987508.0
2024-01-09,8.03,8.16,8.0,8.05,9240012.0,74580110.0
2024-01-10,8.03,8.13,7.87,7.96,9781784.0,78259789.0
2024-01-11,7.95,8.18,7.94,8.12,10116355.0,81612966.0
2024-01-12,8.08,8.18,8.03,8.03,8370872.0,67801968.0
2024-01-15,8.0,8.03,7.85,7.85,14163226.0,112180438.0
2024-01-16,7.83,7.86,7.56,7.71,19107825.0,147015678.0
2024-01-17,7.67,7.7,7.45,7.45,12941822.0,97834719.0
2024-01-18,7.45,7.53,7.23,7.49,17269636.0,126840321.0
2024-01-19,7.47,7.62,7.39,7.4,11303742.0,84776654.0
2024-01-22,7.43,7.45,6.88,6.93,18806279.0,134330120.0
2024-01-23,6.94,7.17,6.85,7.13,17192530.0,121455058.0
2024-01-24,7.18,7.28,6.97,7.27,15948880.0,113745001.0
2024-01-25,7.36,7.54,7.29,7.51,18463012.0,137640981.0
2024-01-26,7.5,7.57,7.44,7.45,13280737.0,99601971.0
2024-01-29,7.43,7.51,7.18,7.23,14481148.0,106006834.0
2024-01-30,7.17,7.28,6.97,6.97,13262480.0,94348992.0
2024-01-31,6.96,7.06,6.59,6.59,20552800.0,139817057.0
2024-02-01,6.59,6.82,6.52,6.66,17215044.0,114682200.0
2024-02-02,6.66,6.73,5.99,6.21,39359069.0,248667879.0
2024-02-05,6.14,6.15,5.59,5.7,41442630.0,238398130.0
2024-02-06,5.61,6.27,5.56,6.19,30687498.0,181945433.0
2024-02-07,6.22,6.57,6.22,6.5,35320669.0,228231075.0
2024-02-08,6.47,6.99,6.47,6.93,30624219.0,209690954.0
2024-02-19,7.0,7.09,6.81,7.05,33652529.0,234113824.0
2024-02-20,6.94,7.06,6.84,7.01,23689439.0,164555161.0
2024-02-21,6.91,7.21,6.9,7.01,28054062.0,198522627.0
2024-02-22,7.04,7.17,7.02,7.13,18855977.0,134071689.0
2024-02-23,7.14,7.24,7.09,7.23,20736006.0,148515712.0
2024-02-26,7.22,7.41,7.2,7.27,22672966.0,165242773.0
2024-02-27,7.31,7.67,7.26,7.67,33266726.0,249581676.0
2024-02-28,7.67,7.78,7.15,7.16,46838201.0,352103005.0
2024-02-29,7.11,7.54,7.08,7.49,27781634.0,205262933.0
2024-03-01,7.46,7.75,7.46,7.69,26965839.0,205627475.0
2024-03-04,8.46,8.46,8.46,8.46,14587480.0,123410081.0
2024-03-05,8.88,9.08,8.41,8.48,152375725.0,1329024631.0
2024-03-06,8.52,8.69,8.29,8.6,87206817.0,742615999.0
2024-03-07,8.62,8.64,8.26,8.3,64439710.0,544307708.0
2024-03-08,8.42,8.47,8.17,8.39,45178093.0,376808748.0
2024-03-11,8.4,8.57,8.3,8.52,51117585.0,433101656.0
2024-03-12,8.54,8.55,8.25,8.35,46593960.0,390027083.0
2024-03-13,8.44,8.46,8.26,8.29,35861255.0,299123631.0
2024-03-14,8.29,8.39,8.2,8.32,31746510.0,263192444.00000003
2024-03-15,8.25,8.51,8.17,8.51,39925984.0,334912456.0
2024-03-18,8.56,8.57,8.42,8.54,41903597.0,356002400.0
2024-03-19,8.5,8.92,8.39,8.72,72834366.0,633419564.0
2024-03-20,8.71,8.77,8.58,8.64,39398746.0,341093347.0
2024-03-21,8.59,8.82,8.57,8.66,37227680.0,323540060.0
2024-03-22,8.6,8.67,8.41,8.49,37330506.0,318362896.0
2024-03-25,8.4,8.52,8.17,8.17,28471922.0,237821601.0
2024-03-26,8.15,8.28,7.95,8.08,28671729.0,232398465.0
2024-03-27,8.06,8.08,7.67,7.7,24331600.0,190998670.0
2024-03-28,7.71,8.07,7.71,7.94,21785262.0,172463649.0
2024-03-29,7.94,8.02,7.8,8.01,15347535.0,121566978.0
2024-04-01,8.01,8.19,8.01,8.19,18474400.0,150351989.0
2024-04-02,8.17,8.17,7.97,8.04,17667940.0,142124912.4
2024-04-03,8.04,8.04,7.87,7.95,13533760.0,107498169.0
2024-04-08,7.92,7.93,7.71,7.72,18583044.0,145321702.99
2024-04-09,7.71,7.96,7.7,7.92,15195928.0,119369604.77
2024-04-10,7.92,7.93,7.6,7.66,18263765.0,140668683.73
2024-04-11,7.58,7.8,7.55,7.67,15912902.0,122498763.49
2024-04-12,7.7,7.77,7.61,7.65,12257753.0,94159790.69
2024-04-15,7.66,7.7,7.25,7.38,23614657.0,175576291.09
2024-04-16,7.34,7.4,6.94,6.96,26756758.0,189920047.29
2024-04-17,7.07,7.34,7.06,7.34,21099414.0,152979925.49
2024-04-18,7.28,7.48,7.18,7.34,17761465.0,130574004.08
2024-04-19,7.28,7.37,7.15,7.19,14505130.0,104745672.0
2024-04-22,7.17,7.26,7.02,7.1,11537161.0,82246414.8
2024-04-23,7.13,7.2,7.05,7.1,10943301.0,77764657.12
2024-04-24,7.1,7.28,7.08,7.27,13120557.0,94462544.72
2024-04-25,7.23,7.33,7.18,7.25,12248166.0,88803375.6
2024-04-26,7.1,7.39,6.92,7.37,27693048.0,199606778.66
2024-04-29,7.37,7.59,7.34,7.59,21446064.0,160740741.62
2024-04-30,7.6,7.62,7.4,7.49,14499165.0,108725093.64
2024-05-06,7.6,7.67,7.55,7.59,14058261.0,107074193.81
2024-05-07,7.55,7.65,7.53,7.58,10667840.0,80907771.6
2024-05-08,7.59,7.59,7.4,7.41,13461160.0,100419353.0
2024-05-09,7.41,7.95,7.41,7.81,44829759.0,347641954.04
2024-05-10,8.0,8.3,7.9,8.02,80426691.0,649535316.66
2024-05-13,7.81,7.88,7.64,7.67,42590528.0,329117808.39
2024-05-14,7.66,7.77,7.51,7.55,26791996.0,203860576.88
2024-05-15,7.53,7.64,7.43,7.45,18890941.0,141727844.44
2024-05-16,7.46,7.55,7.37,7.39,18100100.0,135216333.2
2024-05-17,7.4,7.57,7.31,7.57,18073090.0,135041876.2
2024-05-20,7.55,7.6,7.46,7.48,17302349.0,130130567.12
2024-05-21,7.49,7.49,7.31,7.34,16336483.0,120282277.07
2024-05-22,7.33,7.51,7.33,7.49,17585560.0,130905617.4
2024-05-23,7.57,7.67,7.47,7.51,36648390.0,277141100.7
2024-05-24,7.45,7.72,7.41,7.51,24981265.0,189141012.98
2024-05-27,7.46,7.5,7.18,7.39,26843964.0,195898076.55
2024-05-28,7.34,7.48,7.23,7.24,19121500.0,140215882.2
2024-05-29,7.21,7.4,7.21,7.31,16808987.0,123238208.3
2024-05-30,7.28,7.34,7.21,7.26,13192500.0,95996604.0
2024-05-31,7.33,7.42,7.29,7.31,10912442.0,80107476.02
2024-06-03,7.28,7.32,7.07,7.12,21017103.0,150532924.5
2024-06-04,7.13,7.13,6.92,7.04,19152702.0,133755079.99
2024-06-05,7.0,7.08,6.94,6.96,10884902.0,76404201.19
2024-06-06,6.95,7.04,6.7,6.72,20585108.0,140494380.19
2024-06-07,6.79,6.91,6.76,6.84,13494668.0,92371839.31
2024-06-11,6.79,7.0,6.74,6.98,13825488.0,95634453.89
2024-06-12,6.97,7.08,6.96,6.99,12722617.0,89331289.89
2024-06-13,6.96,7.04,6.96,6.97,10654493.0,74536296.93
2024-06-14,6.9,6.96,6.83,6.94,13686698.0,94516900.03
2024-06-17,6.89,7.08,6.86,7.01,15136873.0,105843530.79
2024-06-18,7.06,7.36,7.01,7.23,23626731.0,170856549.08
2024-06-19,7.3,7.31,7.12,7.15,16361961.0,117426244.14
2024-06-20,7.12,7.17,6.92,6.94,14345899.0,100891670.06
2024-06-21,6.9,6.94,6.83,6.88,10226916.0,70390700.85
2024-06-24,6.9,6.9,6.6,6.6,15679931.0,105245754.9
2024-06-25,6.61,6.67,6.46,6.51,13888412.0,90934409.47
2024-06-26,6.51,6.87,6.44,6.86,17482792.0,116835534.17
2024-06-27,6.83,6.85,6.65,6.67,11431903.0,77059339.95
2024-06-28,6.67,6.94,6.62,6.8,14927946.0,102133429.02
2024-07-01,6.9,6.94,6.64,6.83,15380586.0,104083225.74
2024-07-02,6.79,6.84,6.69,6.71,9668586.0,65313073.26
2024-07-03,6.7,6.76,6.64,6.66,7649944.0,51206947.6
2024-07-04,6.68,6.7,6.48,6.52,9313600.0,61237357.4
2024-07-05,6.5,6.6,6.43,6.57,7616297.0,49621324.81
2024-07-08,6.57,6.57,6.27,6.32,13015627.0,82970218.43
2024-07-09,6.32,6.6,6.27,6.57,16582561.0,107090223.07
2024-07-10,6.43,6.54,6.38,6.39,14050133.0,90449582.75
2024-07-11,6.51,6.68,6.47,6.68,17036640.0,112610545.8
2024-07-12,6.66,6.67,6.55,6.6,9733920.0,64257436.6
2024-07-15,6.62,6.64,6.43,6.45,9727720.0,63150282.4
2024-07-16,6.45,6.53,6.37,6.5,8433902.0,54422808.8
2024-07-17,6.46,6.5,6.38,6.38,8816345.0,56587515.15
2024-07-18,6.35,6.35,6.19,6.32,13609340.0,85194985.48
2024-07-19,6.3,6.45,6.26,6.36,8745520.0,55683683.87
2024-07-22,6.39,6.41,6.26,6.3,7909600.0,50050906.8
2024-07-23,6.31,6.34,6.12,6.12,11194600.0,69347061.0
2024-07-24,6.12,6.18,6.04,6.04,8285502.0,50549931.14
2024-07-25,6.01,6.17,5.99,6.09,9495576.0,57841799.4
2024-07-26,6.06,6.27,6.04,6.22,11513162.0,71384464.12
2024-07-29,6.27,6.27,6.18,6.21,5951402.0,37046545.46
2024-07-30,6.18,6.28,6.15,6.26,8175602.0,50891013.5
2024-07-31,6.22,6.54,6.22,6.53,17679162.0,113885325.53
2024-08-01,6.55,6.65,6.51,6.56,11143420.0,73254770.4
2024-08-02,6.5,6.56,6.44,6.45,9181261.0,59646924.33
2024-08-05,6.39,6.5,6.2,6.2,13030812.0,82604608.4
2024-08-06,6.27,6.39,6.24,6.33,9050654.0,57124601.27
2024-08-07,6.31,6.39,6.28,6.33,7986134.0,50644681.58
2024-08-08,6.36,6.54,6.25,6.33,14543917.0,92513585.24
2024-08-09,6.36,6.47,6.29,6.29,9294040.0,59261248.0
2024-08-12,6.27,6.29,6.15,6.17,8286634.0,51455789.44
2024-08-13,6.19,6.25,6.14,6.24,5734420.0,35534500.4
2024-08-14,6.23,6.27,6.16,6.16,5685260.0,35275280.2
2024-08-15,6.15,6.35,6.13,6.26,10742832.0,67436876.16
2024-08-16,6.28,6.3,6.17,6.18,8772032.0,54717242.23
2024-08-19,6.16,6.28,6.14,6.17,7066141.0,43834515.62
2024-08-20,6.18,6.2,6.05,6.09,8751681.0,53371391.48
2024-08-21,6.08,6.15,6.03,6.03,7482461.0,45421821.95
2024-08-22,6.03,6.08,5.88,5.89,10126420.0,60337269.6
2024-08-23,5.89,5.94,5.84,5.9,6796140.0,40010399.0
2024-08-26,5.89,6.07,5.89,6.01,7716201.0,46298529.01
2024-08-27,6.0,6.0,5.85,5.86,7899180.0,46538368.07
2024-08-28,5.85,5.95,5.84,5.92,6879351.0,40613256.97
2024-08-29,5.89,6.09,5.86,6.06,11047114.0,66558567.9
2024-08-30,6.07,6.25,6.05,6.18,13097213.0,81013478.61
2024-09-02,6.19,6.22,6.08,6.09,10005901.0,61507183.55
2024-09-03,6.08,6.18,6.07,6.11,7123640.0,43594039.8
2024-09-04,6.1,6.12,6.04,6.06,7091720.0,43091199.6
2024-09-05,6.06,6.14,6.04,6.08,6080153.0,37024367.3
2024-09-06,6.1,6.11,5.92,5.92,8170200.0,48843348.0
2024-09-09,5.9,5.95,5.82,5.84,7457903.0,43783450.57
2024-09-10,5.86,5.89,5.72,5.87,10163169.0,58911922.95
2024-09-11,5.84,5.91,5.82,5.87,6594681.0,38682779.96
2024-09-12,5.9,5.98,5.85,5.85,6150320.0,36363582.76
2024-09-13,5.86,5.88,5.73,5.73,6023161.0,34814733.35
2024-09-18,5.73,5.78,5.61,5.71,5711567.0,32447392.54
2024-09-19,5.72,5.94,5.71,5.89,10466862.0,61192584.64
2024-09-20,5.9,5.93,5.85,5.91,8153430.0,48033775.3
2024-09-23,5.9,5.97,5.84,5.92,6664268.0,39477849.52
2024-09-24,5.97,6.16,5.93,6.14,16019215.0,97095035.95
2024-09-25,6.22,6.35,6.18,6.22,18427324.0,115609604.07
2024-09-26,6.25,6.47,6.22,6.46,18395527.0,116505253.48
2024-09-27,6.58,6.8,6.55,6.79,19167180.0,128082678.58
2024-09-30,7.13,7.41,6.97,7.37,60553192.0,438731077.14
2024-10-08,8.11,8.11,7.45,7.83,76414399.0,596235640.01
2024-10-09,7.7,7.7,7.15,7.19,49829343.0,370243768.41
2024-10-10,7.3,7.43,7.06,7.15,27342943.0,197957281.23
2024-10-11,7.15,7.18,6.75,6.83,26991294.0,187011358.73
2024-10-14,6.84,7.03,6.71,6.96,21535149.0,148191987.95
2024-10-15,6.97,7.36,6.87,6.95,41497203.0,295111147.48
2024-10-16,6.85,7.04,6.8,6.94,24227872.0,168323697.8
2024-10-17,6.93,7.03,6.85,6.85,18090668.0,125663292.32
2024-10-18,6.84,7.24,6.82,7.09,35784080.0,252420263.27
2024-10-21,7.14,7.34,7.12,7.21,32541987.0,235181257.0
2024-10-22,7.6,7.75,7.29,7.37,49152236.0,366322563.69
2024-10-23,7.28,7.5,7.24,7.39,34839928.0,257801892.28
2024-10-24,7.35,7.43,7.29,7.37,17493241.0,128739438.34
2024-10-25,7.4,7.66,7.39,7.59,35407352.0,267574188.8
2024-10-28,7.65,7.65,7.53,7.6,29426443.0,223008502.44
2024-10-29,7.62,7.75,7.54,7.57,37865925.0,289294881.29
2024-10-30,7.51,7.69,7.51,7.61,27720170.0,210849528.43
2024-10-31,7.65,7.81,7.53,7.75,38431448.0,295298873.3
2024-11-01,7.68,7.98,7.6,7.75,70706888.0,552493656.32
2024-11-04,7.84,7.91,7.71,7.86,41633981.0,324718689.27
2024-11-05,7.89,8.17,7.83,8.14,63208753.0,507327018.57
2024-11-06,8.14,8.22,7.99,8.06,53666034.0,434889919.6
2024-11-07,7.97,8.12,7.96,8.08,42936875.0,345384710.57
2024-11-08,8.12,8.22,7.98,8.02,45628356.0,369539067.58
2024-11-11,7.98,8.33,7.97,8.33,49395477.0,405324020.4
2024-11-12,8.42,8.42,8.06,8.15,42935692.0,352644595.14
2024-11-13,8.13,8.2,7.92,8.07,32132325.0,257949236.1
2024-11-14,8.1,8.11,7.75,7.77,28451388.0,224410179.34
2024-11-15,7.77,7.91,7.64,7.64,24507521.0,190608205.59
2024-11-18,7.65,7.74,7.45,7.5,25326832.0,192178031.4
2024-11-19,7.53,7.73,7.47,7.71,25067715.0,190278307.26
2024-11-20,7.71,7.82,7.66,7.76,21953481.0,169945955.96
2024-11-21,7.77,7.83,7.63,7.75,17953791.0,138942144.14
2024-11-22,7.75,7.85,7.46,7.48,29807491.0,229253221.47
2024-11-25,7.5,7.6,7.41,7.56,20513570.0,154273726.38
2024-11-26,7.54,7.6,7.37,7.39,18234809.0,136085207.02
2024-11-27,7.37,7.56,7.18,7.54,27941471.0,205736509.07
2024-11-28,7.5,7.56,7.39,7.4,19750811.0,147370938.29
2024-11-29,7.38,7.55,7.29,7.49,21318521.0,158682887.32
2024-12-02,7.49,7.67,7.48,7.65,21664122.0,164754260.32
2024-12-03,7.7,8.06,7.69,7.76,49715280.0,390848450.89
2024-12-04,7.78,7.99,7.7,7.73,38417697.0,300109364.27
2024-12-05,7.67,7.93,7.65,7.82,34264534.0,266708321.26
2024-12-06,7.83,7.84,7.65,7.8,29187000.0,226529930.41
2024-12-09,7.81,7.86,7.66,7.72,22199235.0,172113929.05
2024-12-10,7.92,7.96,7.76,7.8,34975301.0,274771670.06
2024-12-11,7.8,7.88,7.78,7.88,24509482.0,192345618.25
2024-12-12,7.86,7.88,7.74,7.85,25553082.0,199451071.58
2024-12-13,7.83,7.83,7.6,7.6,25222313.0,193741082.85
2024-12-16,7.63,7.64,7.49,7.53,17591773.0,133144455.03
2024-12-17,7.51,7.69,7.43,7.47,25011221.0,188651980.58
2024-12-18,7.5,7.59,7.42,7.51,15951654.0,119904842.06
2024-12-19,7.43,7.62,7.38,7.62,19821293.0,149340055.48
2024-12-20,7.61,7.83,7.54,7.76,27604044.0,212877397.96
2024-12-23,7.77,7.79,7.34,7.37,28609111.0,214836069.36
2024-12-24,7.39,7.52,7.35,7.45,16576142.0,123373977.31
2024-12-25,7.46,7.46,7.2,7.26,17107960.0,124422766.0
2024-12-26,7.25,7.41,7.24,7.37,12559556.0,92550626.12
2024-12-27,7.39,7.54,7.34,7.45,16537833.0,123542992.29
2024-12-30,7.45,7.54,7.25,7.41,17023441.0,126182435.6
2024-12-31,7.39,7.43,7.1,7.1,23172500.0,167667538.76
2025-01-02,7.12,7.28,6.92,6.98,19710651.0,139706018.43
2025-01-03,7.0,7.04,6.74,6.78,19930041.0,137191623.57
2025-01-06,6.76,6.85,6.67,6.75,14366007.0,97024825.82
2025-01-07,6.74,6.94,6.73,6.91,15586440.0,106631576.4
2025-01-08,6.89,6.9,6.6,6.77,19326940.0,130373365.8
2025-01-09,6.73,6.91,6.73,6.84,17119441.0,117457592.49
2025-01-10,6.82,6.88,6.65,6.66,13482600.0,91179889.0
2025-01-13,6.6,6.75,6.53,6.72,14323910.0,95405484.3
2025-01-14,6.75,7.06,6.66,7.05,23391261.0,161801226.22
2025-01-15,7.01,7.07,6.87,6.93,16574180.0,114784043.2
2025-01-16,6.98,7.07,6.9,6.94,14901106.0,103918671.94
2025-01-17,6.94,7.03,6.9,7.0,13574534.0,94692776.28
2025-01-20,7.06,7.1,7.0,7.02,12041356.0,84939073.26
2025-01-21,6.94,6.94,6.71,6.79,27222696.0,184795371.62
2025-01-22,6.77,6.83,6.7,6.81,13206400.0,89602380.0
2025-01-23,6.89,7.09,6.86,6.87,23667484.0,165351912.24
2025-01-24,6.87,7.13,6.85,7.1,22455849.0,157641444.26
2025-01-27,7.08,7.15,6.86,6.88,19702801.0,137467943.9
2025-02-05,6.95,7.03,6.9,6.98,14724403.0,102738033.88
2025-02-06,6.95,7.18,6.93,7.17,18187821.0,128755709.26
2025-02-07,7.16,7.28,7.12,7.21,24840771.0,179118564.83
2025-02-10,7.23,7.25,7.16,7.19,19078715.0,137166357.39
2025-02-11,7.19,7.2,7.04,7.11,15789175.0,112121137.6
2025-02-12,7.1,7.16,7.07,7.16,13012323.0,92696617.79
2025-02-13,7.16,7.18,7.04,7.04,16559021.0,117342947.27
2025-02-14,7.05,7.1,6.98,7.02,16346895.0,114870934.65
2025-02-17,7.06,7.1,7.0,7.03,18366400.0,129484709.0
2025-02-18,7.03,7.09,6.84,6.88,20725077.0,144291284.41
2025-02-19,6.88,7.11,6.86,7.09,21960173.0,154019382.16
2025-02-20,7.09,7.23,7.03,7.17,25318445.0,180748484.8
2025-02-21,7.17,7.26,7.14,7.24,25227166.0,181897270.64
2025-02-24,7.25,7.26,7.15,7.2,18867978.0,135944870.54
2025-02-25,7.14,7.22,7.09,7.16,14895185.0,106706189.7
2025-02-26,7.18,7.29,7.11,7.27,27801532.0,201108379.08
2025-02-27,7.37,7.57,7.27,7.34,53708566.0,399498815.37
2025-02-28,7.29,7.4,7.17,7.22,40049699.0,291504906.78
2025-03-03,7.27,7.42,7.21,7.26,29704616.0,217438261.6
2025-03-04,7.17,7.27,7.17,7.25,20782479.0,150161506.33
2025-03-05,7.28,7.28,7.12,7.2,22421467.0,160798782.96
2025-03-06,7.23,7.34,7.2,7.32,27318349.0,198914190.16
2025-03-07,7.55,7.8,7.54,7.6,85638854.0,655428778.27
2025-03-10,7.53,7.72,7.5,7.65,45022422.0,342884824.94
2025-03-11,7.56,7.84,7.54,7.83,55862219.0,432582292.29
2025-03-12,7.83,7.89,7.7,7.73,45735074.0,356438344.68
2025-03-13,7.73,7.76,7.49,7.58,35403206.0,267991368.93
2025-03-14,7.58,7.63,7.49,7.6,26539422.0,201032388.32
2025-03-17,7.59,7.62,7.49,7.52,28559932.0,215309284.37
2025-03-18,7.52,7.6,7.5,7.54,19605400.0,147883674.0
2025-03-19,7.53,7.53,7.41,7.45,20794706.0,154766245.98
2025-03-20,7.45,7.49,7.38,7.39,16922748.0,125809552.93
2025-03-21,7.4,7.52,7.32,7.33,24548563.0,181817652.49
2025-03-24,7.33,7.36,7.1,7.22,24421575.0,176020700.55
2025-03-25,7.23,7.34,7.2,7.3,17142205.0,124914332.34
2025-03-26,7.29,7.43,7.28,7.36,16202700.0,119491995.5
2025-03-27,7.3,7.38,7.19,7.32,17194840.0,125483592.0
2025-03-28,7.31,7.38,7.21,7.24,14020847.0,102227557.15
2025-03-31,7.18,7.23,7.04,7.09,17339533.0,123425184.47
2025-04-01,7.1,7.16,7.09,7.11,10929953.0,77864333.22
2025-04-02,7.11,7.14,7.07,7.1,9350712.0,66447180.88
2025-04-03,7.04,7.12,6.99,7.04,13429076.0,94597424.91
2025-04-07,6.65,6.75,6.34,6.34,27150860.0,175403109.1
2025-04-08,6.27,6.44,6.22,6.3,28745458.0,181166944.08
2025-04-09,6.2,6.41,5.9,6.35,26496169.0,164544523.13
2025-04-10,6.47,6.61,6.43,6.44,22445998.0,145914299.52
2025-04-11,6.42,6.66,6.38,6.58,21276401.0,139196169.98
2025-04-14,6.72,6.72,6.58,6.61,16664420.0,110627529.0
2025-04-15,6.63,6.63,6.5,6.52,10904200.0,71266473.4
2025-04-16,6.5,6.53,6.32,6.43,11540884.0,74132862.64
2025-04-17,6.4,6.51,6.37,6.43,9362580.0,60464730.0
2025-04-18,6.38,6.47,6.32,6.42,9968252.0,63667940.24
2025-04-21,6.4,6.49,6.37,6.46,11048500.0,71277157.4
2025-04-22,6.47,6.47,6.39,6.43,10782381.0,69271528.02
2025-04-23,6.46,6.53,6.44,6.5,14777458.0,95903797.95
2025-04-24,6.5,6.5,6.37,6.4,12003001.0,77123221.81
2025-04-25,6.4,6.48,6.39,6.42,9287847.0,59834057.83
2025-04-28,6.41,6.43,6.3,6.31,12099824.0,76710411.94
2025-04-29,6.35,6.49,6.33,6.45,16419047.0,105732187.81
2025-04-30,6.46,6.55,6.46,6.5,11615786.0,75709200.53
2025-05-06,6.54,6.79,6.51,6.78,22744117.0,152357067.68
2025-05-07,6.86,6.89,6.71,6.77,14883001.0,100914268.53
2025-05-08,6.75,6.85,6.74,6.83,12828137.0,87417942.61
2025-05-09,6.82,6.86,6.75,6.84,11926601.0,81253615.25
2025-05-12,6.89,6.97,6.87,6.97,14920501.0,103435322.96
2025-05-13,7.0,7.03,6.87,6.88,14212320.0,98464707.2
2025-05-14,6.87,6.93,6.84,6.88,9971821.0,68608999.27
2025-05-15,6.86,6.89,6.78,6.78,11067236.0,75415952.7
2025-05-16,6.78,6.88,6.78,6.79,9879724.0,67399316.42
2025-05-19,6.81,6.83,6.72,6.82,8342740.0,56599933.0
2025-05-20,6.81,6.84,6.77,6.84,7921955.0,53940146.98
2025-05-21,6.84,6.85,6.79,6.8,7775394.0,52974845.12
2025-05-22,6.78,6.83,6.69,6.71,9471450.0,64068462.2
2025-05-23,6.68,6.81,6.63,6.64,10703717.0,71902391.67
2025-05-26,6.67,6.75,6.65,6.71,9212302.0,61791065.4
2025-05-27,6.67,6.7,6.6,6.66,9323326.0,61950191.68
2025-05-28,6.66,6.69,6.63,6.66,6476034.0,43100915.2
2025-05-29,6.67,6.83,6.67,6.79,13798619.0,93511421.6
2025-05-30,6.76,6.76,6.62,6.64,10868529.0,72379652.03
2025-06-03,6.6,6.67,6.58,6.64,8719017.0,57882487.31
2025-06-04,6.65,6.75,6.64,6.71,9553520.0,64124320.0
2025-06-05,6.72,6.84,6.71,6.83,14980342.0,101896533.56
2025-06-06,6.83,6.85,6.79,6.85,9407732.0,64279426.65
2025-06-09,6.85,6.96,6.81,6.92,19339208.0,133503000.35
2025-06-10,6.93,6.95,6.81,6.85,15194193.0,104247845.12
2025-06-11,6.86,7.2,6.85,7.05,47020876.0,332215837.41
2025-06-12,7.01,7.16,7.0,7.11,34332916.0,243044690.4
2025-06-13,7.08,7.22,7.05,7.08,27788700.0,197735270.58
2025-06-16,7.01,7.1,6.98,7.08,17103027.0,120563750.88
2025-06-17,7.08,7.12,7.02,7.07,15593460.0,110139835.4
2025-06-18,7.03,7.05,6.91,6.97,16157860.0,112364855.8
2025-06-19,6.95,6.95,6.84,6.88,13548680.0,93302998.6
2025-06-20,6.9,7.0,6.87,6.89,14660840.0,101832097.4
2025-06-23,6.84,6.97,6.81,6.96,13247217.0,91756734.28
2025-06-24,6.97,7.1,6.93,7.1,18739080.0,132446922.22
2025-06-25,7.09,7.14,7.05,7.12,19338446.0,137291834.01
2025-06-26,7.13,7.18,7.08,7.11,18639260.0,132862628.02
2025-06-27,7.15,7.16,7.1,7.11,16864465.0,120150438.75
2025-06-30,7.11,7.18,7.09,7.17,16513626.0,118057274.67
2025-07-01,7.18,7.19,7.09,7.18,17029323.0,121653932.68
2025-07-02,7.17,7.17,7.1,7.16,16478340.0,117479927.4
2025-07-03,7.15,7.22,7.12,7.19,16656507.0,119442512.3
2025-07-04,7.2,7.2,7.09,7.11,15480005.0,110317820.7
2025-07-07,7.1,7.12,7.06,7.11,10091112.0,71560777.48
2025-07-08,7.09,7.34,7.09,7.32,34984744.0,253555515.48
2025-07-09,7.4,7.4,7.23,7.26,24796880.0,180727656.61
2025-07-10,7.28,7.4,7.24,7.34,28938167.0,212419068.59
2025-07-11,7.37,7.54,7.33,7.45,50399485.0,374899200.72
2025-07-14,7.4,7.49,7.35,7.37,29942241.0,221646393.59
2025-07-15,7.35,7.49,7.3,7.36,29401559.0,217622277.84
2025-07-16,7.4,7.42,7.28,7.32,21495555.0,157651757.51
2025-07-17,7.31,7.68,7.28,7.48,43313017.0,324024441.88
2025-07-18,7.42,7.56,7.41,7.53,32996586.0,247519789.09
2025-07-21,7.53,7.6,7.46,7.55,28648051.0,216270499.65
2025-07-22,7.53,7.72,7.52,7.66,41455463.0,316483939.54
2025-07-23,7.65,7.69,7.55,7.59,28233763.0,214790478.64
2025-07-24,7.56,7.87,7.55,7.85,55551400.0,431828547.79
2025-07-25,7.84,7.87,7.76,7.77,30983802.0,241298071.34
2025-07-28,7.82,7.82,7.74,7.79,25261705.0,196670852.83
2025-07-29,7.81,8.57,7.8,8.26,175475105.0,1459215807.4
2025-07-30,8.42,8.75,7.97,8.11,136186556.0,1122316242.04
2025-07-31,8.05,8.27,7.99,8.05,84480736.0,686628409.34
2025-08-01,8.0,8.04,7.86,7.9,51585169.0,409141828.57
2025-08-04,7.81,7.87,7.76,7.85,35000101.0,273184123.56
2025-08-05,7.88,7.95,7.82,7.88,30319288.0,238613737.24
2025-08-06,7.88,8.04,7.85,8.01,48173994.0,384309379.91
2025-08-07,8.02,8.07,7.83,7.99,47475862.0,377219001.02
2025-08-08,7.94,8.03,7.9,7.93,24874367.0,197677212.59
2025-08-11,7.9,8.11,7.89,8.05,39103661.0,314126560.84
2025-08-12,8.05,8.08,7.9,7.94,31770228.0,252534263.52
2025-08-13,7.96,8.08,7.92,8.06,43483300.0,347934661.78
2025-08-14,8.2,8.69,8.2,8.37,119875022.0,1015600481.71
2025-08-15,8.28,8.75,8.28,8.58,96603924.0,825752903.35
2025-08-18,8.83,9.44,8.75,9.44,178805647.0,1647700753.12
2025-08-19,9.65,9.66,9.12,9.16,172187153.0,1597311386.02
2025-08-20,9.13,9.27,8.88,9.04,90929197.0,819567262.37
2025-08-21,9.0,9.08,8.69,8.76,76869836.0,679398843.54
2025-08-22,8.77,8.92,8.74,8.84,65724970.0,579812406.38
2025-08-25,8.96,9.19,8.89,9.08,108958674.0,987119776.86
2025-08-26,8.95,8.95,8.76,8.84,70093042.0,619932492.76
2025-08-27,8.83,8.89,8.53,8.54,70893273.0,621066590.36
2025-08-28,8.51,9.1,8.49,9.07,107247177.0,947868945.45
2025-08-29,9.49,9.98,9.3,9.5,195791412.0,1895844114.62
2025-09-01,9.66,10.32,9.48,10.05,184342326.0,1828045854.98
2025-09-02,9.95,10.67,9.81,10.1,180452291.0,1826107379.51
2025-09-03,10.17,11.11,9.83,10.6,250466689.0,2648635426.99
2025-09-04,11.66,11.66,10.93,11.0,376730888.0,4324172107.59
2025-09-05,10.9,12.1,10.58,12.1,310779730.0,3563376817.44
2025-09-08,13.0,13.31,11.6,11.6,421311718.0,5247495108.21
2025-09-09,11.59,11.97,10.71,10.76,296259275.0,3353152716.81
2025-09-10,10.8,11.06,10.3,10.39,214700772.0,2279714333.97
2025-09-11,10.4,11.19,10.2,10.91,208706973.0,2237179655.36
2025-09-12,10.81,11.01,10.61,10.7,154107325.0,1661880240.8
2025-09-15,10.87,11.4,10.78,11.22,175418307.0,1959951203.52
2025-09-16,11.2,11.44,11.03,11.4,159293928.0,1797799000.12
2025-09-17,11.3,11.84,11.14,11.47,142593492.0,1645409923.85
2025-09-18,11.31,11.95,11.07,11.57,197977464.0,2286121271.02
2025-09-19,11.5,12.73,11.46,12.73,204436159.0,2573137016.14
2025-09-22,12.87,12.87,12.24,12.39,256031887.0,3211264780.1
2025-09-23,12.44,12.82,11.46,11.8,200847478.0,2400973846.18
2025-09-24,11.67,12.03,11.56,11.77,130250753.0,1532579476.53
2025-09-25,11.66,11.9,11.38,11.38,130797723.0,1523938814.44
2025-09-26,11.22,11.36,10.83,10.83,113809530.0,1252589701.12
2025-09-29,10.95,11.27,10.93,11.09,78454728.0,872213072.96
2025-09-30,11.16,11.18,10.85,10.86,77393247.0,849771063.38
2025-10-09,10.92,11.34,10.92,11.15,85626011.0,959053192.94
2025-10-10,11.1,11.1,10.5,10.55,80567744.0,864018354.46
2025-10-13,10.07,10.79,10.02,10.77,64437243.0,675394727.98
2025-10-14,10.82,10.88,10.2,10.32,65335149.0,688289207.01
2025-10-15,10.27,10.41,10.15,10.34,43345222.0,445276248.52
2025-10-16,10.33,10.34,9.98,10.09,47749774.0,483465881.18
2025-10-17,10.38,10.47,9.88,9.91,71611618.0,724265506.78
2025-10-20,10.02,10.32,10.01,10.2,59985468.0,610267452.91
2025-10-21,10.18,10.56,10.05,10.43,63304571.0,653672022.1
2025-10-22,10.43,10.87,10.29,10.66,86311432.0,917792042.33
2025-10-23,10.62,10.64,10.23,10.5,53815949.0,560141428.11
2025-10-24,10.5,10.68,10.45,10.65,49599957.0,524520030.6
2025-10-27,10.73,11.06,10.71,10.77,62824007.0,682577245.21
2025-10-28,10.4,10.48,10.18,10.23,78098978.0,803917435.81
2025-10-29,10.17,10.55,10.17,10.45,50838967.0,529050130.45
2025-10-30,10.37,10.43,10.16,10.26,47215949.0,485280807.29
2025-10-31,10.23,10.47,10.2,10.27,37188603.0,383474382.49
2025-11-03,10.38,10.4,10.05,10.26,38834540.0,395428842.78
2025-11-04,10.2,10.23,9.69,9.78,69571323.0,687928273.69
2025-11-05,9.64,9.95,9.6,9.9,34087253.0,336094320.1
2025-11-06,9.88,10.13,9.88,10.01,29546517.0,295064514.04
2025-11-07,9.97,10.2,9.83,10.05,33653135.0,338444364.66
2025-11-10,10.03,10.12,9.81,9.9,33081763.0,328091034.07
2025-11-11,9.9,10.08,9.89,9.92,27832664.0,277410211.94
2025-11-12,9.93,9.93,9.5,9.63,38952285.0,376317856.21
2025-11-13,9.6,9.85,9.6,9.74,28452890.0,277598460.19
2025-11-14,9.69,9.75,9.55,9.6,24548603.0,236986521.69
2025-11-17,9.57,9.86,9.54,9.82,36713334.0,356223105.47
2025-11-18,9.8,9.8,9.41,9.47,42434492.0,403910667.71
2025-11-19,9.42,9.54,9.27,9.34,26630415.0,249318432.35
2025-11-20,9.45,9.51,9.26,9.27,23728531.0,222247265.36
2025-11-21,9.17,9.22,8.81,8.81,39970374.0,357977656.91
2025-11-24,8.94,9.08,8.87,9.04,30938578.0,277759465.61
2025-11-25,9.06,9.74,9.02,9.48,60977149.0,577823398.68
2025-11-26,9.4,9.85,9.32,9.64,59182404.0,568551601.53
2025-11-27,9.56,10.09,9.54,9.81,78872550.0,777912311.64
2025-11-28,9.75,9.87,9.58,9.73,47232270.0,458163894.12
2025-12-01,9.79,9.9,9.66,9.81,37440200.0,366720658.4
2025-12-02,9.76,9.79,9.62,9.68,23642132.0,228880431.35
2025-12-03,9.65,9.69,9.46,9.53,29150728.0,278079089.11
2025-12-04,9.5,9.7,9.36,9.6,32703400.0,311768489.3
2025-12-05,9.52,10.12,9.44,9.88,68275654.0,674909093.13
2025-12-08,9.89,10.51,9.89,10.28,88404362.0,903490618.75
2025-12-09,10.28,11.31,10.18,11.31,158286288.0,1700080617.56
2025-12-10,11.6,12.44,11.45,12.44,250133943.0,3027693427.76
2025-12-11,13.0,13.27,12.1,12.82,348165833.0,4452269329.74
2025-12-12,12.6,12.97,11.68,12.08,281691811.0,3448151572.98
2025-12-15,11.77,11.97,11.44,11.76,149253551.0,1751449128.08
2025-12-16,12.0,12.0,10.58,10.58,161157573.0,1747906186.45
2025-12-17,10.35,11.32,10.32,11.15,179490486.0,1954419024.84
2025-12-18,11.12,11.17,10.7,10.73,117694029.0,1279433816.14
2025-12-19,10.8,11.8,10.65,11.8,175602826.0,2005323747.0
2025-12-22,12.11,12.24,11.71,12.0,176528643.0,2104799229.68
2025-12-23,12.0,12.13,11.76,11.85,108091806.0,1288812581.69
2025-12-24,12.22,13.04,12.18,13.04,138488525.0,1739202822.71
2025-12-25,13.05,13.1,12.27,12.5,200500167.0,2518707879.44
2025-12-26,12.48,13.75,12.38,13.75,306864109.0,4098597381.34
2025-12-29,13.76,13.93,13.0,13.17,254699060.0,3402217572.78
2025-12-30,12.91,13.0,12.58,12.77,164995343.0,2104426364.51
2025-12-31,12.92,13.57,12.85,13.13,163764700.0,2159990461.85
2026-01-05,12.9,13.15,12.7,12.97,128203764.0,1652068675.94
2026-01-06,12.9,12.9,12.5,12.64,107498078.0,1359771221.8
2026-01-07,12.65,13.9,12.65,13.61,223278214.0,2964776555.89
2026-01-08,13.61,14.55,13.5,14.19,209233489.0,2937988390.93
2026-01-09,13.95,14.39,13.77,13.93,152622979.0,2143703211.52
2026-01-12,13.93,14.67,13.83,14.34,152332980.0,2175150435.74
2026-01-13,14.11,14.29,13.29,13.35,136180920.0,1856611199.46
2026-01-14,13.25,13.57,12.67,12.88,135946264.0,1777147418.87
2026-01-15,12.63,12.84,12.3,12.64,82409669.0,1031825884.72
2026-01-16,13.08,13.37,12.4,12.92,129810967.0,1670568146.42
2026-01-19,12.7,12.96,12.58,12.72,70112349.0,894347274.83
2026-01-20,12.12,12.32,11.45,11.45,109216854.0,1277059431.52
2026-01-21,11.21,12.14,11.21,11.97,110729275.0,1304576240.05
2026-01-22,12.3,13.17,12.22,13.17,145452495.0,1893117926.18
2026-01-23,13.29,13.78,13.11,13.64,178054298.0,2388490461.12
2026-01-26,13.62,13.67,12.88,12.98,104642243.0,1381214704.5
2026-01-27,12.97,13.19,12.51,13.08,72019831.0,932558389.95
2026-01-28,13.07,13.09,12.55,12.63,70280126.0,893371567.96
2026-01-29,12.61,12.65,12.25,12.33,67965464.0,844255102.55
2026-01-30,12.31,13.56,12.02,13.56,140879399.0,1829205129.01
2026-02-02,13.8,14.8,13.5,14.0,223823020.0,3168303699.68
2026-02-03,14.28,15.4,14.28,15.4,69911377.0,1062629808.3
2026-02-04,15.7,16.94,15.7,16.94,281488939.0,4726572454.01
2026-02-05,15.8,16.8,15.25,16.0,305315579.0,4895770645.38
2026-02-06,16.2,16.29,15.45,15.5,184011202.0,2910659632.15
2026-02-09,16.55,17.05,15.75,17.05,140083827.0,2305029440.1
2026-02-10,17.99,18.65,17.15,17.18,210936578.0,3738939098.28
2026-02-11,17.27,18.2,17.11,17.17,143689524.0,2525229513.78
2026-02-12,17.26,18.49,17.02,18.0,154943682.0,2769163134.37
2026-02-13,17.63,18.38,16.58,16.62,141371416.0,2408404641.83
2026-02-24,17.38,18.28,17.21,18.28,53258366.0,955497409.14
2026-02-25,18.81,18.81,17.31,17.42,154237504.0,2728475939.12
2026-02-26,17.79,18.62,17.35,17.56,156276601.0,2790472275.39
2026-02-27,17.0,17.38,16.81,17.15,100342099.0,1714638945.32
2026-03-02,16.78,18.11,16.5,17.64,145366734.0,2526674480.87
2026-03-03,17.99,19.0,16.6,17.95,211829220.0,3793060968.83
2026-03-04,17.91,18.58,17.2,17.48,149112927.0,2622077753.44
2026-03-05,17.8,17.98,16.53,16.87,174494465.0,3002489869.26
2026-03-06,16.82,17.05,16.1,16.28,124582784.0,2047890072.33
2026-03-09,15.7,15.78,14.8,15.65,131071172.0,1999662535.73
2026-03-10,16.12,17.22,15.92,17.22,131415660.0,2210768730.69
2026-03-11,17.97,18.94,17.96,18.27,247610007.0,4595554100.76
2026-03-12,18.64,20.1,18.57,19.19,239926513.0,4647074591.71
2026-03-13,19.8,20.14,18.2,18.43,183691563.0,3456164507.46
2026-03-16,18.48,19.68,18.48,18.91,182803141.0,3471404910.22
2026-03-17,19.0,19.06,17.02,17.02,147175021.0,2547858394.77
2026-03-18,16.71,17.08,16.45,16.82,136755869.0,2288340509.78
2026-03-19,16.4,17.87,16.38,16.97,171476655.0,2949166058.13
2026-03-20,17.7,18.1,16.43,16.44,170186739.0,2933534875.45
2026-03-23,15.79,16.25,14.98,15.19,134760217.0,2106836308.85
2026-03-24,15.66,16.1,15.06,16.06,112756994.0,1759110996.68
2026-03-25,16.5,17.07,16.21,16.63,120384189.0,2007328293.86
2026-03-26,16.41,16.73,16.07,16.16,84140539.0,1374437233.62
2026-03-27,15.8,17.26,15.66,16.8,110823935.0,1833879446.17
2026-03-30,16.59,16.69,16.02,16.58,92288726.0,1508525209.22
2026-03-31,16.32,16.4,15.4,15.63,123794711.0,1954001288.81
2026-04-01,16.21,16.33,15.71,16.32,99395912.0,1597225293.32
2026-04-02,16.1,17.17,16.01,16.09,133458031.0,2203108710.17
2026-04-03,16.65,17.61,16.35,17.01,159548977.0,2708993441.53
2026-04-07,17.15,17.26,16.42,16.69,111215375.0,1868095016.75
2026-04-08,17.25,18.15,16.92,17.91,151823072.0,2662392463.15
2026-04-09,17.63,19.7,17.63,19.7,100414683.0,1881494933.26
2026-04-10,20.6,20.79,18.66,19.0,219937719.0,4262687166.81
2026-04-13,18.86,20.1,18.84,19.62,186710631.0,3614579941.06
2026-04-14,19.8,21.34,19.41,20.61,203345885.0,4204253488.46
2026-04-15,20.56,20.61,19.7,19.8,134801105.0,2711600703.51
2026-04-16,19.6,20.33,19.36,19.75,124714931.0,2466465977.79
2026-04-17,21.73,21.73,21.73,21.73,37758389.0,820489792.97
2026-04-20,23.9,23.9,23.9,23.9,30982683.0,740486123.7
2026-04-21,23.9,25.21,23.42,23.52,387139024.0,9371609166.64
2026-04-22,23.45,25.87,23.43,25.87,207360356.0,5142236765.71
2026-04-23,26.98,27.53,25.51,25.6,290180347.0,7638715904.95
2026-04-24,25.31,27.39,25.31,25.89,231166538.0,6106152776.43
2026-04-27,27.6,28.48,26.84,27.42,261454859.0,7228661916.56
2026-04-28,27.01,27.9,25.43,26.42,255760426.0,6749505649.86
2026-04-29,25.8,27.2,25.56,25.66,174071188.0,4536366899.43
2026-04-30,25.79,28.23,25.78,27.89,291431865.0,7985571304.43
2026-05-06,27.1,27.86,26.59,27.01,273203082.0,7422643622.55
2026-05-07,27.01,29.2,26.2,27.98,229366363.0,6367236905.89
2026-05-08,27.8,30.19,27.51,29.16,205057061.0,5942398860.59
2026-05-11,30.0,32.08,29.3,32.08,132081837.0,4094547365.26
2026-05-12,33.97,34.0,31.03,32.66,243712415.0,7891805541.21
2026-05-13,32.0,35.3,32.0,35.07,202650465.0,6926168604.38
2026-05-14,34.39,35.55,32.46,32.8,206641870.0,7018266554.85
2026-05-15,32.6,33.38,29.52,29.52,201609147.0,6143741561.24
2026-05-18,29.0,30.77,29.0,30.08,144260513.0,4329424099.06
2026-05-19,29.54,29.87,27.96,29.48,140529973.0,4044044212.45
2026-05-20,29.39,29.45,28.1,28.71,114485057.0,3289714116.7
2026-05-21,29.28,29.5,27.04,27.5,140360762.0,3999823315.85
2026-05-22,28.1,29.88,27.9,29.26,141065407.0,4061720992.84
2026-05-25,29.63,31.43,28.94,31.31,172480153.0,5256597912.36
2026-05-26,30.76,31.25,28.29,28.86,160266916.0,4715994057.7
2026-05-27,28.59,31.75,28.0,31.21,252252119.0,7807108031.86
2026-05-28,30.5,34.33,29.59,34.33,221872273.0,7164189662.35
2026-05-29,34.0,34.82,32.12,32.73,208707112.0,7018504408.43
2026-06-01,32.14,32.5,29.46,30.6,191972906.0,5844921661.0
2026-06-02,30.5,32.6,29.85,32.0,159963853.0,5016853084.06
2026-06-03,33.29,33.7,30.51,31.5,192774361.0,6247064630.06
2026-06-04,30.58,31.32,29.61,29.77,151681928.0,4576250773.6
2026-06-05,29.47,32.16,29.15,29.42,187950167.0,5743916336.26
2026-06-08,27.93,28.49,26.49,26.78,136299208.0,3739958360.92
2026-06-09,27.8,29.46,27.06,29.46,150335595.0,4281613918.93
2026-06-10,29.3,30.15,28.38,29.08,130945546.0,3827185481.0
2026-06-11,28.75,30.73,28.75,29.31,142237520.0,4224390225.79
2026-06-12,30.09,30.34,28.06,28.25,118899221.0,3464700298.45
2026-06-15,29.15,31.05,28.41,30.94,158248271.0,4788541679.58
2026-06-16,31.44,32.88,30.86,32.39,128754202.0,4116624300.05
2026-06-17,31.7,33.8,31.68,33.41,139089631.0,4576435892.0
2026-06-18,33.35,34.29,32.7,32.88,122286003.0,4066014759.21
2026-06-22,33.55,35.0,32.55,34.46,180732297.0,6116536461.3
2026-06-23,34.1,34.57,32.11,32.49,137330938.0,4574086646.09
2026-06-24,31.99,33.92,31.11,32.36,126243057.0,4097736836.65
2026-06-25,32.99,35.6,32.95,35.6,163878921.0,5756125552.83
2026-06-26,36.52,37.37,32.34,32.75,240096290.0,8312212191.66
2026-06-29,32.75,33.0,29.48,30.14,176414967.0,5392593756.72
2026-06-30,30.06,31.74,29.3,30.84,113169889.0,3476514428.43
2026-07-01,30.63,31.07,29.21,29.94,115226383.0,3469462155.54
2026-07-02,28.6,29.58,27.57,27.9,101520012.0,2884373758.45
2026-07-03,27.6,28.0,26.28,26.28,94860915.0,2561229647.82
2026-07-06,26.49,26.79,24.58,25.09,87052549.0,2220315228.8
2026-07-07,25.0,25.75,24.48,25.12,68512439.0,1723848746.93
2026-07-08,25.25,25.76,23.8,24.11,71090729.0,1742380364.57
2026-07-09,24.5,25.19,22.88,25.12,107767847.0,2593861675.19
2026-07-10,25.27,25.88,23.89,23.9,100424783.0,2506947300.58
2026-07-13,23.5,23.8,21.51,21.51,85247335.0,1917551205.49
2026-07-14,21.55,23.15,21.1,22.97,95017075.0,2111418325.58
2026-07-15,22.5,24.17,22.31,23.43,130450795.0,3067044614.86
2026-07-16,22.4,22.99,21.1,21.36,86729021.0,1909682477.47
2026-07-17,21.54,21.61,19.22,19.22,109401720.0,2195839764.7
2026-07-20,19.89,20.18,17.3,17.39,110990437.0,2050356167.35
2026-07-21,17.89,19.13,15.68,19.13,100553615.0,1757421597.5
2026-07-22,19.04,20.1,18.96,19.15,115708835.0,2261308158.42
2026-07-23,19.53,19.95,18.64,18.95,69403411.0,1333668353.08
2026-07-24,18.58,19.16,18.11,18.35,58059321.0,1077258717.88
2026-07-27,18.65,19.6,18.04,19.6,76967922.0,1470305409.41
2026-07-28,19.12,20.2,18.35,18.54,78758482.0,1514293358.04
2026-07-29,18.52,18.59,17.17,18.21,79139266.0,1411186380.37
2026-07-30,18.03,18.38,16.39,16.39,95663476.0,1619838914.48
2026-07-31,17.6,18.01,16.59,16.61,109165606.0,1900006213.18
2026-08-03,16.6,16.88,16.15,16.47,64551143.0,1062747091.7
2026-08-04,16.85,18.12,16.59,18.12,82600816.0,1453135785.53
2026-08-05,17.7,19.93,17.68,19.68,147672626.0,2841644426.33
2026-08-06,19.48,21.65,19.34,21.65,160931731.0,3309751360.63
2026-08-07,21.65,23.2,21.09,23.01,186956396.0,4136658024.15
2026-08-10,23.5,24.5,22.82,23.48,166386965.0,3896065298.0
2026-08-11,22.98,24.08,22.5,23.25,117095216.0,2724508740.43
2026-08-12,23.44,24.66,23.17,24.24,102450005.0,2459212624.39
2026-08-13,24.57,26.14,24.0,24.21,149746365.0,3754145992.18
2026-08-14,24.21,25.6,23.5,24.98,130467936.0,3224344115.97
2026-08-17,25.11,27.48,24.8,27.48,114501607.0,3022009394.69
2026-08-18,27.3,29.87,27.2,29.39,207470066.0,5936093396.84
2026-08-19,27.5,28.54,26.45,26.65,177398996.0,4856960250.17
2026-08-20,27.26,28.49,26.2,27.89,139103730.0,3855686826.97
2026-08-21,27.84,28.47,26.86,27.27,108381294.0,2988868324.98
2026-08-24,27.27,27.55,25.39,26.07,109438165.0,2875553698.02
2026-08-25,25.48,28.68,25.42,27.41,179457441.0,4943651357.79
2026-08-26,26.88,27.59,25.8,26.5,130308410.0,3469726506.69
2026-08-27,27.03,29.15,26.8,29.15,130990020.0,3703383334.95
2026-08-28,29.8,30.23,28.56,28.94,158612265.0,4637685905.15
2026-08-31,28.2,29.22,27.92,28.42,97214214.0,2769048428.07
2026-09-01,28.41,28.41,26.98,26.98,76781122.0,2096275942.67
2026-09-02,26.38,27.12,26.15,26.46,68200734.0,1807355478.66
2026-09-03,26.99,27.85,25.7,27.44,103405108.0,2777611265.01
2026-09-04,27.45,28.25,26.01,26.26,90084468.0,2442865198.44
2026-09-07,27.37,28.89,27.11,28.89,78387425.0,2239423721.19
2026-09-08,29.89,31.0,29.5,30.08,174937349.0,5287774699.61
2026-09-09,29.672496795654297,30.001678466796875,27.811893463134766,28.588638305664062,142926016.0,2903228672.0
2026-09-10,26.26109504699707,30.119117736816406,25.729774475097656,28.664064407348633,257692128.0,5615585792.0
2026-09-11,25.79765796661377,25.79765796661377,25.79765796661377,25.79765796661377,4152672.0,-61485824.0
2026-09-14,23.217892169952393,23.217892169952393,23.217892169952393,23.217892169952393,102489024.0,1936396544.0
2026-09-15,20.896102952957154,22.836654663085938,20.896102952957154,21.80869483947754,106169624.0,1956163328.0
2026-09-16,23.989564323425295,23.989564323425295,23.989564323425295,23.989564323425295,127160232.0,2463182336.0
2026-09-17,24.253889083862305,25.048625946044922,22.141029357910156,23.278690338134766,94215840.0,1815419648.0
2026-09-18,24.08742904663086,25.263134002685547,21.871471405029297,23.409378051757812,147104064.0,2886974208.0
2026-09-21,22.566017150878906,23.52385711669922,21.068440246582032,21.39791488647461,109527352.0,2141973248.0
2026-09-22,21.408123016357422,23.537706375122074,20.122989654541016,23.12610626220703,127409768.0,2682353664.0
2026-09-23,23.58669662475586,25.438716888427738,20.813495635986328,21.155170440673828,202571040.0,4240517888.0
2026-09-24,22.079479217529297,23.270687484741213,21.249801635742188,23.270687484741213,110787528.0,2074523136.0
2026-09-25,21.949254989624023,23.11653709411621,20.94361873626709,21.779401779174805,103056584.0,1966484480.0
2026-09-28,22.803783416748047,23.957341957092286,22.55497932434082,23.957341957092286,43525612.0,686796608.0
2026-09-29,24.754962921142578,25.378292083740234,22.924903869628906,23.67816925048828,76709376.0,1478580480.0
2026-09-30,26.045986175537113,26.045986175537113,25.893856048583984,26.045986175537113,193542896.0,4076311808.0
2026-10-01,27.672382354736328,28.650584793090825,27.296581268310547,28.650584793090825,157368960.0,3342722304.0
2026-10-02,26.381572723388672,26.946941375732422,25.785526313781745,25.785526313781745,41696548.0,760298496.0
2026-10-05,28.028091430664062,28.36407894515992,28.105560302734375,28.36407894515992,64829048.0,1539698304.0
2026-10-06,25.527671050643928,25.76378059387207,25.527671050643928,25.527671050643928,30395742.0,531128576.0
2026-10-07,25.030128479003906,25.626182556152344,23.811859130859375,24.632747650146484,26148848.0,409561728.0
2026-10-08,23.02454376220703,24.041427612304688,22.169472885131835,23.400344848632812,44842740.0,960364928.0
2026-10-09,23.36488151550293,25.740379333496097,21.06031036376953,25.740379333496097,225114480.0,5019565568.0
2026-10-12,28.31441726684571,28.31441726684571,24.74309730529785,28.31441726684571,213772464.0,4709115392.0
2026-10-13,27.080974578857422,27.80422592163086,25.630468368530273,26.992942810058594,98412080.0,1946342912.0
2026-10-14,28.958251953125,29.692237091064456,28.636554718017578,29.692237091064456,87487360.0,1943801856.0
2026-10-15,29.931499481201172,32.66146080017091,28.755046844482422,32.4503288269043,117832144.0,2854587392.0
2026-10-16,29.20529594421387,29.20529594421387,29.20529594421387,29.20529594421387,33673024.0,705432768.0
2026-10-19,26.284766349792484,26.284766349792484,26.284766349792484,26.284766349792484,197179744.0,3795703040.0
2026-10-20,23.656289714813237,25.095138549804688,23.656289714813237,24.787742614746094,88666816.0,1621893632.0
2026-10-21,25.953765869140625,26.86492919921875,24.580596923828125,25.791101455688477,148195392.0,2823152640.0
2026-10-22,25.45008087158203,26.285520553588867,24.66811752319336,25.71515655517578,54475692.0,980507008.0
2026-10-23,25.493629455566406,26.491674423217773,24.106536865234375,25.382349014282227,84471264.0,1510188928.0
2026-10-26,27.470420837402344,27.920583915710452,26.9049072265625,27.920583915710452,190869376.0,4064855040.0
2026-10-27,28.395591735839844,29.28421401977539,25.322498321533203,26.756019592285156,276645888.0,5737048576.0
2026-10-28,24.08041763305664,24.08041763305664,24.08041763305664,24.08041763305664,46465856.0,734786496.0
2026-10-29,21.672375869750976,22.279258728027344,21.672375869750976,21.672375869750976,73271920.0,1311923968.0
2026-10-30,19.657941818237305,19.749109268188477,19.505138282775878,19.505138282775878,73846944.0,1186416896.0
2026-11-02,17.554624454498292,18.1000919342041,17.554624454498292,17.72441291809082,74380376.0,1169980928.0
2026-11-03,16.670394897460938,19.475067138671875,15.951971626281738,17.701908111572266,111023912.0,1891536896.0
2026-11-04,16.650468826293945,17.47890853881836,15.93171730041504,16.41673469543457,137060800.0,2308352768.0
2026-11-05,16.47658920288086,16.86079978942871,15.095900535583496,15.740764617919922,76667984.0,1217308800.0
2026-11-06,15.328205108642578,15.556550979614258,14.584826469421387,14.932392120361328,63143184.0,930909696.0
2026-11-09,16.42563133239746,16.42563133239746,16.229904174804688,16.42563133239746,124297360.0,2269541888.0
2026-11-10,18.06819446563721,18.06819446563721,18.06819446563721,18.06819446563721,164139296.0,2972200704.0
2026-11-11,19.87501391220093,19.87501391220093,19.17855453491211,19.87501391220093,96806712.0,1706908928.0
2026-11-12,20.4481143951416,21.623699188232422,19.848703384399414,20.8543643951416,121416568.0,2235056896.0
2026-11-13,22.334720611572266,22.939800834655763,21.581527709960938,22.939800834655763,139693728.0,2662229760.0
2026-11-16,20.645820751190186,20.67900848388672,20.645820751190186,20.645820751190186,94302264.0,1645520896.0
2026-11-17,19.914186477661133,21.55648422241211,19.628021240234375,21.226913452148438,71318016.0,1217122816.0
2026-11-18,21.045066833496094,21.409709930419922,19.169681549072266,19.716758728027344,68963576.0,1196060928.0
2026-11-19,19.237171173095703,19.948986053466797,18.347885131835938,19.11721420288086,122850152.0,2212896512.0
2026-11-20,19.000032424926758,20.1689453125,18.723894119262695,19.94301986694336,42105540.0,613138816.0
2026-11-23,20.215621948242188,21.668563842773438,19.954299926757812,21.38311767578125,62335320.0,1057858560.0
2026-11-24,22.2833251953125,23.521429443359377,22.182682037353516,23.521429443359377,86694976.0,1665733632.0
2026-11-25,24.763498306274414,25.687618255615234,24.18471336364746,25.318130493164062,87985056.0,1729037056.0
2026-11-26,25.060558319091797,27.506011962890625,23.232685089111328,25.812671661376953,131757288.0,2732020224.0
2026-11-27,24.913368225097656,25.275814056396484,23.231404495239257,23.231404495239257,117586384.0,2196678144.0
2026-11-30,23.090145111083984,23.278701782226562,20.90826404571533,21.34326171875,73435600.0,1299702784.0
2026-12-01,19.51251220703125,22.40401840209961,19.513769149780273,22.67243766784668,61823496.0,1001908736.0
