timestamps,open,high,low,close,volume,amount
2015-01-05,11.65,12.49,11.64,12.33,11831282.0,143848668.70000002
2015-01-06,12.25,12.25,11.95,12.12,7478764.0,90534312.0
2015-01-07,12.06,12.55,12.02,12.24,7705522.0,95059513.0
2015-01-08,12.27,12.27,11.96,12.01,4455914.0,53888905.6
2015-01-09,12.1,12.22,11.92,11.92,3457089.0,41836523.3
2015-01-12,11.8,11.8,11.38,11.38,5591214.0,64292934.4
2015-01-13,11.37,11.49,11.33,11.42,3492431.0,39815377.8
2015-01-14,11.45,11.72,11.35,11.56,4108500.0,47330554.5
2015-01-15,11.56,11.62,11.45,11.6,2703737.0,31275494.8
2015-01-16,11.65,11.78,11.6,11.68,3524679.0,41213159.1
2015-01-19,11.3,11.5,10.91,11.12,4790206.0,54020069.1
2015-01-20,11.18,11.4,11.18,11.39,3367586.0,38135008.4
2015-01-21,11.45,11.71,11.41,11.63,5203865.0,60285153.2
2015-01-22,11.64,12.08,11.55,11.96,8917298.0,106397630.2
2015-01-23,12.0,12.16,11.78,11.84,6046542.0,72150361.3
2015-01-26,11.84,12.07,11.75,12.03,5312749.0,63541276.2
2015-01-27,12.03,12.2,11.85,12.16,6864173.0,82847047.30000001
2015-01-28,12.16,12.19,11.98,12.01,3926787.0,47319936.8
2015-01-29,11.93,12.11,11.85,11.92,3824549.0,45824800.5
2015-01-30,11.92,12.08,11.83,11.86,3381059.0,40363748.5
2015-02-02,11.75,11.76,11.3,11.53,4749394.0,55076134.1
2015-02-03,11.52,11.66,11.41,11.63,3780221.0,43659604.2
2015-02-04,11.59,11.75,11.51,11.58,3338445.0,38830623.0
2015-02-05,11.69,11.75,11.45,11.48,3400819.0,39479889.5
2015-02-06,11.37,11.48,11.06,11.16,3764542.0,42315622.4
2015-02-09,11.16,11.36,11.04,11.23,2481193.0,27848381.4
2015-02-10,11.25,11.42,11.19,11.3,2651141.0,29953719.5
2015-02-11,11.31,11.42,11.26,11.33,2611725.0,29655163.7
2015-02-12,11.35,11.43,11.3,11.35,2381657.0,27102484.8
2015-02-13,11.38,11.73,11.38,11.63,6617798.0,76705480.3
2015-02-16,11.55,11.75,11.55,11.72,4287754.0,50117413.3
2015-02-17,11.72,11.83,11.71,11.76,3869872.0,45541887.7
2015-02-25,11.76,11.88,11.71,11.8,4886534.0,57643851.2
2015-02-26,11.79,12.05,11.79,12.04,6269646.0,74795867.5
2015-02-27,12.05,12.13,11.88,11.95,8895835.0,106611391.0
2015-03-02,12.04,12.37,12.0,12.28,10567695.0,128822018.4
2015-03-03,12.27,12.57,12.11,12.27,12993683.0,160828779.9
2015-03-04,12.38,12.5,12.22,12.39,9655458.0,119154800.7
2015-03-05,12.4,12.65,12.23,12.53,10825741.0,134542815.1
2015-03-06,12.49,12.8,12.25,12.55,13038813.0,163591904.9
2015-03-09,12.51,12.66,12.26,12.61,8044537.0,100158100.6
2015-03-10,12.59,12.79,12.53,12.61,8755208.0,110916123.8
2015-03-11,12.58,12.86,12.55,12.67,9806589.0,124484827.4
2015-03-12,12.68,13.09,12.68,13.02,18954488.0,245128561.5
2015-03-13,13.0,13.09,12.8,12.95,11228276.0,145271649.89999998
2015-03-16,12.96,13.28,12.9,13.2,12523495.0,164435005.5
2015-03-17,13.26,13.32,13.03,13.19,16574922.0,218639764.1
2015-03-18,13.18,13.41,13.12,13.4,13185031.0,175538607.8
2015-03-19,13.41,13.62,13.22,13.41,16120999.0,216201059.8
2015-03-20,13.38,13.44,13.17,13.26,13687527.0,181760115.7
2015-03-23,13.28,13.64,13.27,13.59,17151578.0,231425656.9
2015-03-24,13.57,13.77,13.06,13.38,15689158.0,210232820.7
2015-03-25,13.33,13.34,13.09,13.25,12221515.0,161380430.9
2015-03-26,13.17,13.8,13.03,13.76,23277668.0,315010722.3
2015-03-27,13.72,13.86,13.58,13.69,16731907.0,229990973.7
2015-03-30,13.69,13.86,13.58,13.81,14848453.0,203619650.5
2015-03-31,13.83,13.97,13.53,13.6,16944268.0,233503716.1
2015-04-01,13.58,14.0,13.52,13.91,16003398.0,220298741.5
2015-04-02,13.98,14.27,13.76,14.25,22665283.0,317070278.3
2015-04-03,14.09,14.5,14.03,14.44,18837170.0,270002963.1
2015-04-07,14.59,14.95,14.5,14.94,23061123.0,339823206.3
2015-04-08,14.64,14.79,14.08,14.32,22905716.0,331957175.3
2015-04-09,14.35,14.46,13.64,13.86,16131279.0,224608652.9
2015-04-10,13.86,14.28,13.8,14.22,12839361.0,181021276.8
2015-04-13,14.17,14.51,14.15,14.4,14335233.0,205602479.0
2015-04-14,14.35,14.38,14.08,14.14,13282926.0,189017129.0
2015-04-15,14.16,14.2,13.7,13.75,12761012.0,178264350.29999998
2015-04-16,13.67,14.05,13.46,13.92,10661711.0,147056603.20000002
2015-04-17,13.94,14.78,13.94,14.4,27311521.0,393941821.3
2015-04-20,14.41,15.03,14.0,14.47,27579799.0,403283746.9
2015-04-21,14.41,15.14,14.22,15.1,21512492.0,318871818.2
2015-04-22,15.38,15.56,15.18,15.22,22529387.0,345679765.9
2015-04-23,15.14,15.96,15.01,15.56,24776376.0,383426171.2
2015-04-24,15.39,15.65,15.04,15.15,16704273.0,256156494.5
2015-04-27,15.21,15.5,15.04,15.35,16480247.0,251508960.5
2015-04-28,15.3,15.4,14.56,14.79,15261860.0,228360434.5
2015-04-29,15.0,15.85,14.9,15.6,21668088.0,335214314.0
2015-04-30,15.78,15.8,15.2,15.36,14754201.0,227679760.8
2015-05-04,15.3,15.6,15.21,15.33,9293030.0,142941263.0
2015-05-05,15.33,15.33,14.33,14.6,14173958.0,210378632.2
2015-05-06,14.6,14.85,14.0,14.17,9837200.0,143068513.70000002
2015-05-07,14.01,14.17,13.45,13.48,9494449.0,130955888.4
2015-05-08,13.65,14.13,13.52,14.04,9963850.0,137040833.60000002
2015-05-11,14.5,14.58,14.11,14.55,10256676.0,147363412.60000002
2015-05-12,14.5,14.65,14.37,14.61,11117978.0,161197621.7
2015-05-13,14.55,14.91,14.35,14.82,13149751.0,193091973.5
2015-05-14,14.81,14.99,14.48,14.96,14375707.0,212219864.9
2015-05-15,15.0,15.3,14.71,15.01,16695675.0,252144835.9
2015-05-18,14.9,15.2,14.58,15.04,13717226.0,204890977.4
2015-05-19,14.98,15.36,14.92,15.32,16351247.0,248488696.2
2015-05-20,15.28,15.82,15.17,15.38,20480767.0,317411565.7
2015-05-21,15.55,15.73,15.3,15.65,13140305.0,204272932.3
2015-05-22,15.74,16.57,15.6,16.25,27741013.0,447171697.3
2015-05-25,16.0,17.09,15.9,16.76,25710805.0,426179423.1
2015-05-26,16.77,17.06,16.42,16.94,22923306.0,385270675.6
2015-05-27,16.9,17.95,16.5,17.46,27789425.0,473894251.9
2015-05-28,17.3,18.3,15.98,15.99,32083503.0,552044639.3000001
2015-05-29,16.25,17.37,15.53,16.93,29842879.0,498217418.7
2015-06-01,16.96,18.3,16.9,18.08,23889228.0,426201978.2
2015-06-02,17.99,19.25,17.51,19.18,27028104.0,499483187.1
2015-06-03,19.18,19.22,18.15,18.58,22657865.0,423644483.5
2015-06-04,18.58,20.18,17.51,19.83,23941099.0,446956541.2
2015-06-05,20.11,20.66,19.5,19.93,27267764.0,547494912.6999999
2015-06-08,19.94,20.0,18.72,19.12,22727504.0,438142412.6
2015-06-09,19.01,19.44,18.75,19.22,15821207.0,302758714.1
2015-06-10,19.19,19.52,18.8,19.24,15256337.0,292822193.0
2015-06-11,19.1,19.99,18.95,19.89,20456520.0,398854718.4
2015-06-12,19.8,20.15,19.68,19.72,15877406.0,315548091.9
2015-06-15,19.75,19.8,18.86,18.9,16086614.0,310253491.0
2015-06-16,18.6,18.87,17.55,17.77,15824114.0,288066051.0
2015-06-17,17.77,19.3,17.59,19.12,16930820.0,310922249.9
2015-06-18,19.13,19.88,18.5,18.5,15062936.0,291629639.5
2015-06-19,18.17,18.25,16.85,16.91,12231222.0,216453225.5
2015-06-23,16.8,17.78,16.78,17.68,13052956.0,226409243.4
2015-06-24,17.75,18.18,17.58,18.05,14792184.0,265165882.5
2015-06-25,18.1,18.2,16.8,17.0,12201595.0,214831088.3
2015-06-26,16.2,16.74,15.3,15.3,12292264.0,195150662.2
2015-06-29,15.89,15.93,13.77,13.99,14551166.0,215793667.4
2015-06-30,13.8,14.95,12.59,14.8,16013856.0,222160993.3
2015-07-01,14.45,14.92,13.52,14.0,13120342.0,190080382.8
2015-07-02,14.3,14.3,12.6,13.46,12578701.0,167627802.39999998
2015-07-03,12.94,13.38,12.11,12.11,10869334.0,136230807.6
2015-07-06,13.11,13.2,10.9,11.35,21365485.0,249458916.5
2015-07-07,10.7,10.89,10.22,10.22,7218982.0,74750359.5
2015-07-08,9.2,9.98,9.2,9.32,46618522.0,434367413.5
2015-07-09,8.77,10.25,8.77,10.25,17612288.0,172315304.6
2015-07-10,10.56,11.28,10.32,11.28,16548360.0,183768045.3
2015-07-13,11.43,12.41,11.43,12.41,21407982.0,258268701.7
2015-07-14,12.12,12.95,11.88,11.9,25846500.0,319231433.20000005
2015-07-15,11.6,11.73,10.71,10.71,16552555.0,184670147.2
2015-07-16,10.71,11.28,10.01,11.04,9569557.0,104248284.2
2015-07-17,11.14,11.88,11.1,11.69,9664105.0,111376433.5
2015-07-20,11.71,12.1,11.58,11.76,11225802.0,132590308.6
2015-07-21,11.6,12.01,11.38,11.94,10568493.0,125081399.9
2015-07-22,11.85,12.12,11.58,11.94,9996980.0,118618372.9
2015-07-23,11.96,12.61,11.89,12.49,15137266.0,185787673.4
2015-07-24,12.48,12.87,12.05,12.18,17151442.0,214791462.9
2015-07-27,12.2,12.2,10.96,10.96,11537727.0,134655040.9
2015-07-28,10.5,10.95,9.95,10.65,13080735.0,135995255.0
2015-07-29,10.82,11.26,10.54,11.26,7496334.0,81402068.5
2015-07-30,11.16,11.57,10.78,10.78,9221120.0,103824231.1
2015-07-31,10.57,11.04,10.56,10.86,6290426.0,67564606.8
2015-08-03,10.8,11.26,10.5,11.26,7423360.0,80279397.2
2015-08-04,11.21,12.07,11.18,12.03,8419045.0,97865127.1
2015-08-05,11.88,12.17,11.6,11.78,7285904.0,87028286.9
2015-08-06,11.6,12.25,11.55,12.2,8755942.0,105687460.4
2015-08-07,,,,,0.0,
2015-08-10,,,,,0.0,
2015-08-11,,,,,0.0,
2015-08-12,,,,,0.0,
2015-08-13,,,,,0.0,
2015-08-14,,,,,0.0,
2015-08-17,13.42,13.42,13.42,13.42,775796.0,10411182.3
2015-08-18,14.7,14.7,12.99,13.34,24814944.0,348251598.3
2015-08-19,12.6,14.0,12.01,13.78,16408979.0,211512583.8
2015-08-20,13.29,13.76,12.7,12.75,9276228.0,123297838.2
2015-08-21,12.34,12.74,11.7,11.7,8120968.0,98835827.9
2015-08-24,11.21,11.39,10.53,10.53,6450715.0,69131088.69999999
2015-08-25,9.55,9.95,9.48,9.48,5685309.0,54753308.2
2015-08-26,9.6,9.9,9.0,9.0,7743805.0,73333401.89999999
2015-08-27,9.36,9.62,9.0,9.58,5612442.0,52499826.5
2015-08-28,9.7,10.23,9.64,10.18,7973486.0,79150284.8
2015-08-31,10.1,10.1,9.68,9.71,5555847.0,54925901.2
2015-09-01,9.81,10.22,9.45,9.81,7681865.0,76005009.0
2015-09-02,8.84,9.98,8.84,9.09,6108858.0,57021183.1
2015-09-07,9.25,9.62,9.12,9.18,5041190.0,47413590.6
2015-09-08,9.19,9.88,9.19,9.75,4594642.0,43510863.5
2015-09-09,9.98,10.35,9.8,10.21,8478933.0,85605793.39999999
2015-09-10,10.05,10.13,9.9,9.9,5220563.0,52145492.8
2015-09-11,9.85,10.09,9.75,10.05,3330653.0,33236634.8
2015-09-14,10.1,10.15,9.05,9.07,6675929.0,63443254.2
2015-09-15,8.91,9.14,8.21,8.35,4345062.0,37944300.4
2015-09-16,8.3,9.19,8.3,9.16,4968055.0,43511153.6
2015-09-17,9.07,9.48,9.04,9.08,5982822.0,55513440.5
2015-09-18,9.09,9.22,9.0,9.19,3610881.0,32850613.4
2015-09-21,9.1,9.59,8.99,9.5,4204208.0,39271549.8
2015-09-22,9.5,9.73,9.3,9.61,4946071.0,47216239.6
2015-09-23,9.37,10.27,9.31,9.67,7484494.0,73193850.30000001
2015-09-24,9.54,9.73,9.5,9.65,5286459.0,50933167.5
2015-09-25,9.6,9.77,9.12,9.3,4364193.0,41040538.9
2015-09-28,9.27,9.49,9.07,9.46,2898798.0,27005684.2
2015-09-29,9.19,9.91,9.19,9.76,9648179.0,93737178.2
2015-09-30,9.75,10.12,9.75,10.07,6419008.0,64089215.7
2015-10-08,10.49,10.85,10.2,10.79,7323497.0,76981317.3
2015-10-09,11.03,11.3,10.66,10.88,8725191.0,96482785.9
2015-10-12,10.96,11.48,10.68,11.41,9265953.0,103846716.0
2015-10-13,11.22,11.28,11.0,11.19,6985774.0,77702021.1
2015-10-14,11.02,11.36,10.94,11.02,6970672.0,77499683.0
2015-10-15,10.8,11.21,10.8,11.16,7035392.0,77544992.19999999
2015-10-16,11.16,11.21,10.9,11.2,7727336.0,85624906.9
2015-10-19,11.36,11.44,11.11,11.4,10979297.0,123915106.5
2015-10-20,11.25,11.45,11.16,11.38,5906571.0,66718543.00000001
2015-10-21,11.36,11.65,10.31,10.86,13333936.0,149415772.0
2015-10-22,10.79,11.45,10.7,11.41,12459735.0,138552173.60000002
2015-10-23,11.36,12.15,11.28,11.79,19042955.0,223060608.3
2015-10-26,11.8,11.88,11.45,11.67,13016883.0,151135164.7
2015-10-27,11.67,11.67,11.12,11.6,8782028.0,100382819.3
2015-10-28,11.57,11.9,11.41,11.7,10896878.0,127237949.3
2015-10-29,11.81,12.39,11.6,12.09,15899348.0,192118588.3
2015-10-30,12.01,12.44,11.82,12.17,13215610.0,161008032.10000002
2015-11-02,11.97,12.15,11.26,11.4,14023056.0,164635591.5
2015-11-03,11.35,11.57,10.99,11.08,9311255.0,104687529.1
2015-11-04,11.21,11.71,11.08,11.68,12442014.0,142291308.7
2015-11-05,11.63,12.07,11.53,11.99,19594702.0,232953126.4
2015-11-06,12.08,12.3,11.9,12.17,12157764.0,147079117.3
2015-11-09,12.03,12.27,11.76,12.17,13566405.0,163057392.9
2015-11-10,12.05,13.28,12.0,12.9,21157877.0,264909393.2
2015-11-11,12.74,12.74,12.4,12.49,13021492.0,163116266.89999998
2015-11-12,12.48,12.93,12.14,12.58,18587696.0,234178535.2
2015-11-13,12.28,12.52,12.02,12.28,10415650.0,128091627.8
2015-11-16,12.11,13.0,12.01,12.7,12124018.0,152147625.1
2015-11-17,12.71,13.22,12.42,12.63,18598698.0,238705018.6
2015-11-18,12.61,13.03,12.55,12.8,15360407.0,196503622.7
2015-11-19,13.5,14.08,13.35,14.08,13667263.0,189419739.4
2015-11-20,15.19,15.19,14.07,14.12,49741022.0,727090317.5
2015-11-23,13.89,13.9,13.51,13.52,26399335.0,360629380.8
2015-11-24,13.45,13.84,13.15,13.72,13185058.0,179536147.1
2015-11-25,13.62,13.87,13.5,13.71,12988497.0,177850958.1
2015-11-26,13.85,14.38,13.6,14.09,26472650.0,372425972.9
2015-11-27,14.0,14.54,13.0,13.69,21643711.0,303185111.1
2015-11-30,13.8,14.75,13.42,14.65,28059278.0,397488267.3
2015-12-01,14.4,14.56,13.89,14.16,17937568.0,254875068.6
2015-12-02,14.0,14.14,12.74,13.99,21096923.0,285448323.8
2015-12-03,13.7,15.19,13.64,14.92,26218435.0,384638441.9
2015-12-04,14.89,15.85,14.63,15.49,28656458.0,439020181.4
2015-12-07,15.34,15.6,14.8,15.25,20568417.0,309893070.9
2015-12-08,15.11,15.16,14.53,14.68,12746271.0,188498483.0
2015-12-09,14.65,15.07,14.56,14.6,10817464.0,159991213.4
2015-12-10,14.45,14.64,14.12,14.25,10846799.0,155043640.4
2015-12-11,14.2,14.87,14.05,14.75,10246011.0,148597796.89999998
2015-12-14,14.61,15.51,14.55,15.2,17738874.0,269681194.0
2015-12-15,14.9,15.48,14.88,15.35,12897170.0,195432727.8
2015-12-16,15.3,15.33,14.9,14.93,10852018.0,163759790.29999998
2015-12-17,14.53,14.7,14.2,14.6,30022103.0,434317874.9
2015-12-18,14.4,14.47,14.08,14.25,18176938.0,258743933.9
2015-12-21,14.15,14.38,14.08,14.24,11636650.0,165952301.6
2015-12-22,14.24,14.45,14.16,14.31,10947370.0,156227072.9
2015-12-23,14.31,14.38,13.37,13.43,18156554.0,251434128.1
2015-12-24,13.3,13.72,13.23,13.38,10294888.0,138625407.4
2015-12-25,13.47,13.58,13.25,13.45,9281740.0,124517358.6
2015-12-28,13.45,13.75,13.38,13.39,10660513.0,144627807.29999998
2015-12-29,13.4,13.76,13.05,13.72,10059818.0,135066741.6
2015-12-30,13.68,13.76,13.52,13.65,7787280.0,106088509.2
2015-12-31,13.6,13.72,13.19,13.19,5854368.0,78880144.7
2016-01-04,13.19,13.32,11.87,11.87,7919547.0,99063404.3
2016-01-05,10.93,11.73,10.68,11.25,10766873.0,120840804.0
2016-01-06,11.31,11.75,11.26,11.7,7396595.0,85602096.9
2016-01-07,11.5,11.55,10.53,10.53,2464600.0,26689146.6
2016-01-08,10.72,11.0,9.71,10.74,8473817.0,90495997.9
2016-01-11,10.22,10.59,9.67,9.67,8424810.0,85630301.8
2016-01-12,9.73,10.0,9.4,9.76,5634532.0,54814373.6
2016-01-13,9.86,9.93,9.2,9.2,5980848.0,57677922.9
2016-01-14,8.96,9.53,8.78,9.45,5533603.0,50595564.400000006
2016-01-15,9.4,9.49,8.7,8.71,5077593.0,46190447.9
2016-01-18,8.66,9.2,8.48,9.07,5893589.0,52557376.8
2016-01-19,9.0,9.42,8.93,9.42,5658991.0,52190800.1
2016-01-20,9.27,9.48,9.21,9.35,5401570.0,50509294.6
2016-01-21,9.18,9.5,9.07,9.15,4563898.0,42425459.5
2016-01-22,9.1,9.51,9.0,9.51,5289272.0,49039749.3
2016-01-25,9.56,9.67,9.4,9.6,4816703.0,46097605.1
2016-01-26,9.48,9.5,8.64,8.64,5294214.0,47803894.6
2016-01-27,8.6,8.72,7.9,8.3,7267155.0,60211096.2
2016-01-28,8.24,8.34,8.0,8.04,6307782.0,51305604.7
2016-01-29,7.91,8.84,7.91,8.84,8778676.0,75068061.6
2016-02-01,8.83,9.5,8.7,9.32,12728659.0,115418455.2
2016-02-02,,,,,0.0,
2016-02-03,,,,,0.0,
2016-02-04,,,,,0.0,
2016-02-05,,,,,0.0,
2016-02-15,,,,,0.0,
2016-02-16,,,,,0.0,
2016-02-17,,,,,0.0,
2016-02-18,,,,,0.0,
2016-02-19,,,,,0.0,
2016-02-22,,,,,0.0,
2016-02-23,,,,,0.0,
2016-02-24,,,,,0.0,
2016-02-25,,,,,0.0,
2016-02-26,,,,,0.0,
2016-02-29,,,,,0.0,
2016-03-01,,,,,0.0,
2016-03-02,,,,,0.0,
2016-03-03,,,,,0.0,
2016-03-04,,,,,0.0,
2016-03-07,,,,,0.0,
2016-03-08,,,,,0.0,
2016-03-09,,,,,0.0,
2016-03-10,,,,,0.0,
2016-03-11,,,,,0.0,
2016-03-14,,,,,0.0,
2016-03-15,,,,,0.0,
2016-03-16,,,,,0.0,
2016-03-17,,,,,0.0,
2016-03-18,,,,,0.0,
2016-03-21,,,,,0.0,
2016-03-22,,,,,0.0,
2016-03-23,,,,,0.0,
2016-03-24,,,,,0.0,
2016-03-25,,,,,0.0,
2016-03-28,,,,,0.0,
2016-03-29,,,,,0.0,
2016-03-30,,,,,0.0,
2016-03-31,,,,,0.0,
2016-04-01,,,,,0.0,
2016-04-05,,,,,0.0,
2016-04-06,,,,,0.0,
2016-04-07,,,,,0.0,
2016-04-08,,,,,0.0,
2016-04-11,,,,,0.0,
2016-04-12,,,,,0.0,
2016-04-13,,,,,0.0,
2016-04-14,,,,,0.0,
2016-04-15,,,,,0.0,
2016-04-18,,,,,0.0,
2016-04-19,,,,,0.0,
2016-04-20,,,,,0.0,
2016-04-21,,,,,0.0,
2016-04-22,,,,,0.0,
2016-04-25,,,,,0.0,
2016-04-26,,,,,0.0,
2016-04-27,,,,,0.0,
2016-04-28,,,,,0.0,
2016-04-29,,,,,0.0,
2016-05-03,,,,,0.0,
2016-05-04,,,,,0.0,
2016-05-05,,,,,0.0,
2016-05-06,,,,,0.0,
2016-05-09,,,,,0.0,
2016-05-10,,,,,0.0,
2016-05-11,,,,,0.0,
2016-05-12,,,,,0.0,
2016-05-13,,,,,0.0,
2016-05-16,,,,,0.0,
2016-05-17,,,,,0.0,
2016-05-18,,,,,0.0,
2016-05-19,,,,,0.0,
2016-05-20,,,,,0.0,
2016-05-23,,,,,0.0,
2016-05-24,,,,,0.0,
2016-05-25,,,,,0.0,
2016-05-26,,,,,0.0,
2016-05-27,,,,,0.0,
2016-05-30,,,,,0.0,
2016-05-31,,,,,0.0,
2016-06-01,,,,,0.0,
2016-06-02,,,,,0.0,
2016-06-03,,,,,0.0,
2016-06-06,,,,,0.0,
2016-06-07,,,,,0.0,
2016-06-08,,,,,0.0,
2016-06-13,,,,,0.0,
2016-06-14,,,,,0.0,
2016-06-15,,,,,0.0,
2016-06-16,,,,,0.0,
2016-06-17,,,,,0.0,
2016-06-20,,,,,0.0,
2016-06-21,,,,,0.0,
2016-06-22,,,,,0.0,
2016-06-23,,,,,0.0,
2016-06-24,,,,,0.0,
2016-06-27,,,,,0.0,
2016-06-28,,,,,0.0,
2016-06-29,,,,,0.0,
2016-06-30,,,,,0.0,
2016-07-01,,,,,0.0,
2016-07-04,,,,,0.0,
2016-07-05,,,,,0.0,
2016-07-06,,,,,0.0,
2016-07-07,,,,,0.0,
2016-07-08,,,,,0.0,
2016-07-11,,,,,0.0,
2016-07-12,,,,,0.0,
2016-07-13,,,,,0.0,
2016-07-14,,,,,0.0,
2016-07-15,,,,,0.0,
2016-07-18,,,,,0.0,
2016-07-19,,,,,0.0,
2016-07-20,,,,,0.0,
2016-07-21,,,,,0.0,
2016-07-22,,,,,0.0,
2016-07-25,,,,,0.0,
2016-07-26,,,,,0.0,
2016-07-27,,,,,0.0,
2016-07-28,,,,,0.0,
2016-07-29,9.79,9.79,9.79,9.79,1285777.0,12587756.8
2016-08-01,9.83,9.88,9.3,9.3,6870965.0,66028021.5
2016-08-02,8.84,9.0,8.84,8.99,14057703.0,124451153.5
2016-08-03,8.89,9.29,8.7,9.15,12741870.0,114594891.9
2016-08-04,9.15,9.16,8.72,8.84,11364719.0,101085960.9
2016-08-05,8.84,8.96,8.78,8.84,6641777.0,59022247.7
2016-08-08,8.76,8.84,8.52,8.84,7646578.0,66490165.2
2016-08-09,8.88,9.2,8.8,8.99,7651576.0,68978335.30000001
2016-08-10,8.95,9.44,8.93,9.44,9952765.0,91642942.5
2016-08-11,9.49,9.76,9.25,9.28,9624257.0,91124531.8
2016-08-12,9.3,9.33,9.07,9.21,5642427.0,51828536.5
2016-08-15,9.17,9.41,9.13,9.31,8638087.0,80145528.5
2016-08-16,9.31,9.53,9.29,9.36,7223469.0,67817267.9
2016-08-17,9.31,9.4,9.24,9.32,7379912.0,68780633.5
2016-08-18,9.32,9.38,9.25,9.3,7241628.0,67388424.4
2016-08-19,9.31,9.34,9.23,9.28,3884506.0,36058004.5
2016-08-22,9.22,9.27,9.08,9.09,6027599.0,55248067.2
2016-08-23,9.08,9.19,9.07,9.15,3576497.0,32670852.8
2016-08-24,9.15,9.26,9.13,9.16,3415640.0,31363949.1
2016-08-25,9.14,9.14,8.89,8.95,4888050.0,43887037.0
2016-08-26,8.96,9.06,8.96,9.0,3006246.0,27119652.3
2016-08-29,8.99,9.01,8.82,8.97,3176147.0,28464744.4
2016-08-30,8.97,9.02,8.95,8.98,2529692.0,22734194.7
2016-08-31,8.98,9.0,8.93,8.99,2596250.0,23266139.7
2016-09-01,8.99,9.05,8.96,9.0,3408986.0,30691903.7
2016-09-02,9.0,9.09,8.99,9.03,3747545.0,33888799.9
2016-09-05,9.03,9.44,9.03,9.25,7722345.0,71385463.69999999
2016-09-06,9.26,9.37,9.24,9.36,6228624.0,57971164.6
2016-09-07,9.32,9.72,9.32,9.5,9434972.0,89575836.5
2016-09-08,9.45,9.67,9.45,9.55,5401097.0,51764136.0
2016-09-09,9.53,9.63,9.48,9.49,4686000.0,44796974.7
2016-09-12,9.25,9.36,9.12,9.18,4733353.0,43721019.2
2016-09-13,9.21,9.33,9.18,9.27,3309216.0,30537854.0
2016-09-14,9.29,9.73,9.25,9.73,3932396.0,37619951.9
2016-09-19,10.0,10.04,9.73,9.84,9774749.0,96496471.1
2016-09-20,9.81,10.04,9.77,9.98,8384660.0,82943975.2
2016-09-21,10.02,10.48,9.9,10.25,11587321.0,118490212.9
2016-09-22,10.27,10.35,10.16,10.23,5516619.0,56489481.3
2016-09-23,10.22,10.38,10.18,10.22,4000942.0,41032907.0
2016-09-26,10.19,10.19,9.71,9.75,7472618.0,73959682.5
2016-09-27,9.7,9.84,9.6,9.79,4879255.0,47263157.5
2016-09-28,9.75,10.08,9.74,9.87,3984849.0,39553183.7
2016-09-29,9.89,10.07,9.88,10.01,4587950.0,45752250.5
2016-09-30,9.95,10.14,9.95,10.09,3731980.0,37619493.5
2016-10-10,10.13,10.35,10.07,10.27,4554304.0,46643924.9
2016-10-11,10.24,10.35,10.16,10.27,4493457.0,46071384.0
2016-10-12,10.28,10.57,10.22,10.44,5646748.0,58901026.2
2016-10-13,10.48,10.54,10.31,10.46,4239266.0,44129356.1
2016-10-14,10.44,10.52,10.31,10.38,4918264.0,51181956.5
2016-10-17,10.38,10.51,10.21,10.29,3901464.0,40462826.8
2016-10-18,10.26,10.43,10.25,10.41,3367933.0,34796486.599999994
2016-10-19,10.43,10.47,10.36,10.41,3757410.0,39129809.8
2016-10-20,10.44,10.55,10.41,10.42,4129289.0,43154123.5
2016-10-21,10.43,10.43,10.1,10.28,4496357.0,46241964.7
2016-10-24,10.28,10.51,10.28,10.48,4301006.0,44890817.5
2016-10-25,10.5,10.88,10.45,10.85,7716438.0,82674436.10000001
2016-10-26,10.88,11.39,10.83,11.34,14673163.0,165725555.4
2016-10-27,11.18,11.41,11.12,11.19,5427345.0,60837474.5
2016-10-28,11.22,11.28,11.0,11.01,5587926.0,62168888.1
2016-10-31,10.93,10.94,10.5,10.74,5623865.0,60223103.0
2016-11-01,10.74,10.99,10.71,10.96,3206486.0,34935934.0
2016-11-02,10.89,11.37,10.88,11.03,4680704.0,52193130.0
2016-11-03,11.03,11.23,11.0,11.06,5226049.0,57913392.0
2016-11-04,11.05,11.12,10.84,10.86,4048255.0,44403158.0
2016-11-07,10.86,11.13,10.78,11.13,4593093.0,50241956.0
2016-11-08,11.11,11.33,11.08,11.16,3859596.0,43195257.0
2016-11-09,11.17,11.27,10.93,11.19,4874953.0,54184923.0
2016-11-10,11.23,11.54,11.23,11.36,5976132.0,67984901.0
2016-11-11,11.32,11.79,11.3,11.66,8357611.0,96810738.0
2016-11-14,11.5,11.87,11.4,11.85,7374576.0,86260280.0
2016-11-15,11.85,11.94,11.7,11.76,4860143.0,57425973.0
2016-11-16,11.78,11.97,11.66,11.86,5675631.0,66901765.0
2016-11-17,11.81,11.87,11.71,11.78,3488230.0,41106561.0
2016-11-18,11.72,11.94,11.61,11.7,5398243.0,63598860.0
2016-11-21,11.85,11.88,11.43,11.48,8241067.0,95754573.0
2016-11-22,11.48,11.74,11.45,11.7,4660752.0,54072376.0
2016-11-23,11.76,11.76,11.3,11.39,4746671.0,54605449.0
2016-11-24,11.4,11.55,11.32,11.32,3577615.0,40866137.0
2016-11-25,11.32,11.52,11.03,11.51,5329942.0,60181083.0
2016-11-28,11.5,11.75,11.46,11.64,4826382.0,56252237.0
2016-11-29,11.63,11.72,11.25,11.3,4199356.0,48334382.0
2016-11-30,11.28,11.38,11.11,11.14,3608770.0,40507584.0
2016-12-01,11.17,11.45,11.17,11.33,3347250.0,37911282.0
2016-12-02,11.34,11.36,11.11,11.14,2705385.0,30305140.0
2016-12-05,11.05,11.47,11.01,11.19,4062117.0,45907376.0
2016-12-06,11.23,11.42,11.23,11.32,1793853.0,20258405.0
2016-12-07,11.28,11.53,11.27,11.52,3531446.0,40488054.0
2016-12-08,11.55,11.62,11.42,11.5,2798039.0,32232662.0
2016-12-09,11.46,11.59,11.38,11.42,3374589.0,38624323.0
2016-12-12,11.42,11.58,10.94,11.03,6686297.0,75696432.0
2016-12-13,11.07,11.16,10.85,11.1,3264099.0,35935416.0
2016-12-14,11.09,11.66,11.05,11.66,9455868.0,109177413.0
2016-12-15,11.66,12.24,11.52,11.91,10917448.0,129478853.0
2016-12-16,11.98,11.98,11.73,11.81,6610252.0,78410959.0
2016-12-19,11.8,12.05,11.65,11.7,4937593.0,58405226.0
2016-12-20,11.73,11.88,11.61,11.86,3941529.0,46288785.0
2016-12-21,11.87,12.19,11.87,11.93,5571266.0,66853099.0
2016-12-22,11.95,11.95,11.74,11.78,2912439.0,34377409.0
2016-12-23,11.77,11.82,11.36,11.36,5141179.0,59396420.0
2016-12-26,11.3,11.44,11.26,11.44,2633409.0,29919786.0
2016-12-27,11.43,11.64,11.4,11.55,2903298.0,33433120.000000004
2016-12-28,11.57,11.66,11.44,11.57,2655541.0,30714467.0
2016-12-29,11.54,11.62,11.5,11.55,1773926.0,20494728.0
2016-12-30,11.55,11.86,11.5,11.86,4646325.0,54360112.0
2017-01-03,11.82,11.9,11.68,11.76,5299245.0,62476128.0
2017-01-04,11.77,12.04,11.76,11.88,6090933.0,72406627.0
2017-01-05,11.83,11.97,11.73,11.93,3725660.0,44189511.0
2017-01-06,11.92,12.08,11.9,11.97,4845462.0,58119796.0
2017-01-09,11.99,12.0,11.71,11.86,3528541.0,41783040.0
2017-01-10,11.81,11.97,11.7,11.84,3266652.0,38631796.0
2017-01-11,11.85,12.43,11.76,12.43,9128883.0,111160114.0
2017-01-12,12.41,12.68,12.02,12.02,8046112.0,99478727.0
2017-01-13,12.03,12.5,12.03,12.26,7036035.0,86021873.0
2017-01-16,12.11,12.18,11.65,11.65,6968527.0,82291988.0
2017-01-17,11.48,11.66,11.14,11.62,5312510.0,60319334.0
2017-01-18,11.56,11.88,11.52,11.84,3070930.0,36250701.0
2017-01-19,11.83,11.9,11.63,11.82,2066975.0,24318108.0
2017-01-20,11.78,11.88,11.68,11.82,1770026.0,20914129.0
2017-01-23,11.83,12.09,11.83,12.05,2793469.0,33367656.000000004
2017-01-24,12.15,12.44,12.06,12.22,4986197.0,61253548.0
2017-01-25,12.13,12.55,12.13,12.46,4458758.0,55530042.0
2017-01-26,12.4,12.77,12.4,12.61,3786427.0,47612695.0
2017-02-03,12.58,12.61,12.41,12.5,1690455.0,21127283.0
2017-02-06,12.48,12.49,12.21,12.47,2278515.0,28220785.0
2017-02-07,12.42,12.83,12.41,12.54,3037402.0,38349562.0
2017-02-08,12.5,12.55,12.3,12.5,2434825.0,30264372.0
2017-02-09,12.53,12.57,12.33,12.38,4166902.0,51722042.0
2017-02-10,12.39,12.52,12.3,12.46,3402135.0,42220686.0
2017-02-13,12.43,12.49,12.26,12.4,4306959.0,53280905.0
2017-02-14,12.39,12.68,12.31,12.49,4816816.0,60329706.0
2017-02-15,12.5,12.59,12.27,12.34,3755353.0,46718245.0
2017-02-16,12.32,12.5,12.24,12.45,3541591.0,43784021.0
2017-02-17,12.41,12.55,12.22,12.27,3884032.0,47946397.0
2017-02-20,12.24,12.33,11.95,12.15,5232173.0,63533412.0
2017-02-21,12.12,12.16,11.95,12.08,4411928.0,53152629.0
2017-02-22,12.1,12.14,11.98,12.12,3429856.0,41347838.0
2017-02-23,12.14,12.3,12.07,12.28,4214309.0,51470728.0
2017-02-24,12.28,12.45,12.12,12.38,3929963.0,48343019.0
2017-02-27,12.32,12.64,12.32,12.49,6045655.0,75598941.0
2017-02-28,12.46,12.6,12.41,12.55,3985847.0,49891932.0
2017-03-01,12.56,13.13,12.55,12.83,11676680.0,150382407.0
2017-03-02,12.88,13.3,12.73,13.11,13414656.0,174883082.0
2017-03-03,13.03,13.22,12.96,13.17,8434786.0,110367411.0
2017-03-06,13.23,13.34,13.05,13.13,8747521.0,114994367.0
2017-03-07,13.29,13.3,12.8,12.98,11885822.0,154276727.0
2017-03-08,12.75,12.93,12.71,12.74,7119327.0,91082203.0
2017-03-09,12.72,12.98,12.71,12.79,5361651.0,68744328.0
2017-03-10,12.72,13.27,12.65,13.2,9090972.0,117866668.0
2017-03-13,13.06,13.31,12.96,13.26,8041706.0,105832154.0
2017-03-14,13.13,13.21,12.81,12.99,9573250.0,124432743.0
2017-03-15,12.88,13.3,12.84,13.3,8220434.0,108063103.0
2017-03-16,13.25,13.47,13.12,13.37,9545754.0,127021424.0
2017-03-17,13.29,13.54,13.14,13.32,10599821.0,141401275.0
2017-03-20,13.15,13.27,12.65,12.65,13904713.0,179152448.0
2017-03-21,12.4,12.46,12.02,12.02,14695098.0,177503728.0
2017-03-22,11.88,12.04,11.61,11.84,14757220.0,175002056.0
2017-03-23,11.74,12.04,11.72,12.01,7203167.0,85796750.0
2017-03-24,12.01,12.01,11.81,11.9,4383642.0,52095496.0
2017-03-27,11.86,11.86,11.31,11.31,10717145.0,121573305.0
2017-03-28,11.18,11.47,10.82,11.42,11772175.0,131217829.0
2017-03-29,11.3,11.38,11.01,11.14,5762402.0,64866682.0
2017-03-30,11.14,11.31,10.99,11.23,6000249.0,66985268.0
2017-03-31,,,,,0.0,
2017-04-05,11.45,11.67,10.85,11.48,17954143.0,203990581.0
2017-04-06,11.38,11.67,11.27,11.34,9977798.0,114169104.0
2017-04-07,11.4,11.45,11.15,11.18,8009610.0,90371035.0
2017-04-10,11.24,11.24,10.11,10.5,12664846.0,136523792.0
2017-04-11,10.4,10.48,10.11,10.38,8934452.0,91986584.0
2017-04-12,10.33,10.58,10.3,10.39,5030338.0,52672693.0
2017-04-13,10.38,10.56,10.32,10.5,4055757.0,42574606.0
2017-04-14,10.5,10.63,10.34,10.45,4063682.0,42530257.0
2017-04-17,10.42,10.44,10.21,10.23,4099793.0,42215158.0
2017-04-18,10.24,10.32,10.12,10.18,2782490.0,28448793.0
2017-04-19,10.13,10.22,9.72,9.82,6321441.0,62758032.0
2017-04-20,9.86,9.96,9.58,9.61,2751628.0,26866209.0
2017-04-21,9.7,9.88,9.58,9.7,2937121.0,28610072.0
2017-04-24,9.6,9.6,9.0,9.02,5479591.0,50383421.0
2017-04-25,8.98,9.15,8.98,9.13,2976526.0,27048007.0
2017-04-26,9.18,9.21,9.08,9.14,2047476.0,18711334.0
2017-04-27,9.19,9.3,8.93,9.27,3552715.0,32466881.0
2017-04-28,9.27,9.43,9.18,9.39,2391861.0,22312860.0
2017-05-02,9.35,9.41,9.24,9.31,2126087.0,19820368.0
2017-05-03,9.28,9.63,9.28,9.48,2948921.0,27952901.0
2017-05-04,9.43,9.64,9.36,9.44,2573768.0,24436266.0
2017-05-05,9.43,9.43,9.19,9.19,2598393.0,24082969.0
2017-05-08,9.18,9.28,9.01,9.05,2547225.0,23270238.0
2017-05-09,9.04,9.18,8.99,9.11,2191331.0,19937709.0
2017-05-10,9.13,9.24,8.8,8.8,2555602.0,23150504.0
2017-05-11,8.8,8.8,8.2,8.55,4344785.0,36875081.0
2017-05-12,8.52,8.65,8.4,8.6,2594566.0,22052169.0
2017-05-15,8.6,8.65,8.53,8.53,1871708.0,16075797.0
2017-05-16,8.5,8.87,8.37,8.87,3584047.0,30898367.0
2017-05-17,8.85,9.12,8.8,8.85,3815532.0,34174177.0
2017-05-18,8.8,8.95,8.74,8.85,1989852.0,17673557.0
2017-05-19,8.85,8.89,8.67,8.76,2752573.0,24162475.0
2017-05-22,8.78,8.84,8.37,8.43,3400918.0,29102363.0
2017-05-23,8.33,8.5,8.19,8.2,2584495.0,21444438.0
2017-05-24,8.2,8.24,8.01,8.19,3061658.0,24861817.0
2017-05-25,8.16,8.5,8.13,8.46,2754384.0,22926823.0
2017-05-26,8.4,8.52,8.37,8.42,1939499.0,16340541.0
2017-05-31,8.46,8.54,8.0,8.23,2259200.0,18979774.0
2017-06-01,8.26,8.49,8.17,8.26,3246529.0,27133192.0
2017-06-02,8.2,8.38,8.05,8.34,2888982.0,23696392.0
2017-06-05,8.38,8.48,8.34,8.42,1585301.0,13331806.0
2017-06-06,8.42,8.9,8.3,8.67,4966550.0,43080895.0
2017-06-07,8.62,8.82,8.57,8.74,4514491.0,39222288.0
2017-06-08,8.73,8.78,8.65,8.69,2910436.0,25359511.0
2017-06-09,8.69,8.72,8.57,8.69,1755963.0,15164158.0
2017-06-12,8.64,8.67,8.38,8.44,2131583.0,18159050.0
2017-06-13,8.43,8.76,8.37,8.66,2841415.0,24523409.0
2017-06-14,8.61,8.85,8.61,8.74,3077760.0,26921373.0
2017-06-15,8.68,8.88,8.68,8.88,3374518.0,29787229.0
2017-06-16,8.83,9.35,8.79,9.14,6761513.0,61773473.0
2017-06-19,9.09,9.15,8.99,9.08,3185204.0,28819086.0
2017-06-20,9.09,9.18,9.03,9.1,2822079.0,25668104.0
2017-06-21,9.1,9.15,8.9,8.99,2798932.0,25219892.0
2017-06-22,8.99,9.0,8.73,8.77,3426000.0,30399786.0
2017-06-23,8.77,8.9,8.52,8.75,3382132.0,29455788.0
2017-06-26,8.73,8.99,8.72,8.95,2753121.0,24474390.0
2017-06-27,8.96,9.04,8.86,8.96,2138317.0,19162789.0
2017-06-28,8.96,8.96,8.82,8.91,2052443.0,18262642.0
2017-06-29,8.9,9.05,8.88,8.98,2563393.0,23041403.0
2017-06-30,8.94,9.04,8.93,8.98,2022643.0,18179585.0
2017-07-03,8.98,9.09,8.94,9.07,2916850.0,26287499.0
2017-07-04,9.08,9.28,9.02,9.13,5037074.0,46204934.0
2017-07-05,9.08,9.28,9.08,9.25,4575436.0,42101399.0
2017-07-06,9.25,9.76,9.18,9.64,12066306.0,114434053.0
2017-07-07,9.46,10.03,9.39,9.92,13304897.0,128654039.0
2017-07-10,9.85,10.36,9.82,9.99,12869530.0,129916474.0
2017-07-11,10.0,10.05,9.6,9.61,8303669.0,81049066.0
2017-07-12,9.56,9.84,9.48,9.82,5427161.0,52245466.0
2017-07-13,9.7,10.06,9.65,9.85,7744301.0,76640787.0
2017-07-14,9.81,10.28,9.63,10.13,9125410.0,91600533.0
2017-07-17,10.02,10.02,9.36,9.4,9447810.0,91134602.0
2017-07-18,9.38,9.81,9.36,9.78,6574617.0,63295239.0
2017-07-19,9.72,10.44,9.71,10.2,14117984.0,142742712.0
2017-07-20,10.14,10.43,10.05,10.18,10897551.0,111239345.0
2017-07-21,10.15,10.16,9.9,9.95,6608604.0,66249799.0
2017-07-24,9.98,10.11,9.81,9.89,5686780.0,56757160.0
2017-07-25,9.76,10.58,9.68,10.57,15518229.0,158116196.0
2017-07-26,10.45,10.74,10.29,10.69,16874916.0,177195628.0
2017-07-27,10.58,10.73,10.19,10.32,12642460.0,132124903.0
2017-07-28,10.32,10.75,10.22,10.69,14060394.0,148289263.0
2017-07-31,10.61,11.05,10.57,11.01,18178373.0,197194140.0
2017-08-01,10.93,10.96,10.64,10.74,11719762.0,125847269.0
2017-08-02,10.65,10.96,10.46,10.55,12728996.0,136018804.0
2017-08-03,10.44,11.38,10.44,10.95,15157138.0,164350505.0
2017-08-04,10.98,11.26,10.58,10.64,14697858.0,161147570.0
2017-08-07,10.58,10.96,10.36,10.92,10735586.0,114811718.0
2017-08-08,10.99,11.31,10.82,11.17,19741635.0,219639303.0
2017-08-09,11.12,11.45,10.91,11.43,22651075.0,254391782.0
2017-08-10,11.24,11.36,10.91,11.24,13565481.0,151709101.0
2017-08-11,11.08,11.1,10.34,10.61,13660648.0,146790047.0
2017-08-14,10.49,10.7,10.28,10.54,7813329.0,81895689.0
2017-08-15,10.49,10.52,10.1,10.15,10620393.0,108886704.0
2017-08-16,10.2,10.25,9.88,10.01,7718422.0,77133417.0
2017-08-17,10.16,10.24,10.03,10.06,6031317.0,60984149.0
2017-08-18,9.96,10.22,9.82,10.22,6866905.0,69215262.0
2017-08-21,10.23,10.37,10.12,10.22,11038719.0,112816483.0
2017-08-22,10.15,10.18,9.88,9.95,6472387.0,64654596.0
2017-08-23,9.9,9.95,9.55,9.59,7173404.0,69766624.0
2017-08-24,9.61,9.7,9.45,9.48,5060718.0,48361146.0
2017-08-25,9.46,9.72,9.46,9.72,6006046.0,57803654.0
2017-08-28,9.72,9.79,9.67,9.72,8410664.0,81745971.0
2017-08-29,9.72,9.88,9.61,9.65,6713352.0,65516095.0
2017-08-30,9.62,9.76,9.56,9.72,5021186.0,48533303.0
2017-08-31,9.73,9.85,9.63,9.82,5154063.0,50251397.0
2017-09-01,9.84,10.19,9.79,9.99,10944324.0,109525790.0
2017-09-04,10.01,10.32,9.98,10.22,9807970.0,99868796.0
2017-09-05,10.19,10.2,9.97,10.08,5289576.0,53238189.0
2017-09-06,10.0,10.32,9.91,10.22,8927604.0,90880266.0
2017-09-07,10.21,10.24,9.98,10.0,6239100.0,62911607.0
2017-09-08,9.98,10.45,9.97,10.44,13922364.0,142768616.0
2017-09-11,10.3,10.69,10.3,10.67,15593461.0,163266078.0
2017-09-12,10.59,10.95,10.41,10.45,18198352.0,194649219.0
2017-09-13,10.42,10.85,10.36,10.85,13717786.0,145838018.0
2017-09-14,10.8,10.93,10.55,10.73,11411963.0,122124954.0
2017-09-15,10.73,10.75,10.4,10.59,8675889.0,91212776.0
2017-09-18,10.39,10.77,10.37,10.54,7490401.0,79067238.0
2017-09-19,10.55,10.59,10.26,10.28,6215755.0,64372895.0
2017-09-20,10.24,11.31,10.21,11.31,28955273.0,319093769.0
2017-09-21,11.53,11.53,10.85,10.88,29602225.0,329214943.0
2017-09-22,10.84,11.49,10.53,11.25,28213702.0,312650761.0
2017-09-25,11.03,11.23,10.51,10.6,16921569.0,183788618.0
2017-09-26,10.56,11.66,10.56,11.66,26122141.0,293376175.0
2017-09-27,11.7,12.12,11.54,11.95,44793244.0,531178279.0
2017-09-28,11.68,11.9,11.58,11.75,21489855.0,251999028.0
2017-09-29,11.64,11.8,11.43,11.65,16856765.0,195207411.0
2017-10-09,11.73,11.77,11.46,11.6,14141105.0,164049535.0
2017-10-10,11.58,12.18,11.52,11.72,21888549.0,260091517.0
2017-10-11,11.5,11.59,11.02,11.08,19290002.0,215186766.0
2017-10-12,11.0,11.04,10.62,10.82,14011964.0,151154662.0
2017-10-13,10.67,10.88,10.61,10.68,10911550.0,116883481.0
2017-10-16,10.71,10.72,10.1,10.19,14561462.0,149702310.0
2017-10-17,10.16,10.2,10.0,10.08,5861325.0,59150458.0
2017-10-18,10.09,10.18,9.8,9.81,6822345.0,68179784.0
2017-10-19,9.8,9.95,9.77,9.84,5112163.0,50467119.0
2017-10-20,9.81,10.08,9.81,10.06,4910909.0,48996668.0
2017-10-23,10.03,10.15,10.0,10.07,4231822.0,42609479.0
2017-10-24,10.08,10.16,9.84,9.94,4088952.0,40938312.0
2017-10-25,9.91,10.16,9.89,10.08,3800504.0,38272101.0
2017-10-26,10.1,10.18,9.98,10.14,4193027.0,42329603.0
2017-10-27,10.11,10.14,9.79,9.8,5484752.0,54427016.0
2017-10-30,9.69,9.69,9.0,9.03,9164282.0,84466161.0
2017-10-31,9.05,9.22,9.04,9.12,3937708.0,35872511.0
2017-11-01,9.16,9.28,9.07,9.11,3875913.0,35484849.0
2017-11-02,9.05,9.09,8.76,8.81,5016268.0,44481213.0
2017-11-03,8.81,8.81,8.5,8.56,5004269.0,43123147.0
2017-11-06,8.63,8.82,8.57,8.77,5276984.0,45961567.0
2017-11-07,8.75,8.83,8.68,8.79,3688986.0,32326043.0
2017-11-08,8.79,8.93,8.75,8.83,3919301.0,34751820.0
2017-11-09,8.82,8.9,8.81,8.86,2559432.0,22650759.0
2017-11-10,8.86,8.96,8.83,8.9,2756600.0,24541422.0
2017-11-13,8.95,9.24,8.95,9.09,5978560.0,54513735.0
2017-11-14,9.1,9.11,8.93,8.98,3542707.0,31883148.0
2017-11-15,9.02,9.02,8.72,8.78,3574661.0,31521389.0
2017-11-16,8.78,8.8,8.61,8.65,3233575.0,28053092.0
2017-11-17,8.65,8.65,8.17,8.22,5194378.0,43610426.0
2017-11-20,8.18,8.38,8.01,8.34,3059091.0,24995626.0
2017-11-21,8.34,8.45,8.24,8.26,2603853.0,21705872.0
2017-11-22,8.3,8.38,8.26,8.34,2132528.0,17751244.0
2017-11-23,8.33,8.49,8.14,8.18,3837203.0,31954445.0
2017-11-24,8.15,8.43,8.11,8.33,3068526.0,25364217.0
2017-11-27,8.28,8.42,8.25,8.33,2941058.0,24595751.0
2017-11-28,8.29,8.45,8.28,8.45,2309943.0,19351611.0
2017-11-29,8.45,8.63,8.42,8.61,4562531.0,38962876.0
2017-11-30,8.6,8.6,8.41,8.41,2822542.0,23957334.0
2017-12-01,8.36,8.54,8.35,8.52,2124016.0,17943787.0
2017-12-04,8.45,8.63,8.36,8.38,2701455.0,22959257.0
2017-12-05,8.37,8.37,8.02,8.07,4030005.0,32839125.0
2017-12-06,8.0,8.2,8.0,8.2,2074526.0,16789850.0
2017-12-07,8.2,8.34,8.14,8.23,2536477.0,20974661.0
2017-12-08,8.2,8.37,8.19,8.32,1882368.0,15646635.0
2017-12-11,8.33,8.46,8.28,8.4,2300783.0,19206014.0
2017-12-12,8.38,8.49,8.31,8.34,2502353.0,21024757.0
2017-12-13,8.3,8.41,8.27,8.39,1770176.0,14760526.0
2017-12-14,8.39,8.49,8.36,8.45,2626701.0,22133660.0
2017-12-15,8.45,8.48,8.32,8.34,2177075.0,18216970.0
2017-12-18,8.35,8.58,8.31,8.52,3036153.0,25650150.0
2017-12-19,8.47,8.58,8.45,8.47,2330276.0,19801081.0
2017-12-20,8.46,8.56,8.36,8.4,1916752.0,16219636.0
2017-12-21,8.36,8.4,8.21,8.25,2448700.0,20280134.0
2017-12-22,8.24,8.35,8.24,8.27,1357101.0,11239116.0
2017-12-25,8.25,8.36,8.1,8.28,2950484.0,24329897.0
2017-12-26,8.26,8.28,8.12,8.23,1864692.0,15293219.0
2017-12-27,8.2,8.5,8.18,8.33,3701238.0,30942407.0
2017-12-28,8.29,8.62,8.27,8.56,7121077.0,60725975.0
2017-12-29,8.58,8.63,8.45,8.55,4028460.0,34313781.0
2018-01-02,8.55,8.61,8.49,8.58,3082472.0,26349618.0
2018-01-03,8.58,8.7,8.52,8.64,4015723.0,34670229.0
2018-01-04,8.63,8.65,8.5,8.62,4172226.0,35736358.0
2018-01-05,8.62,8.65,8.5,8.56,2905367.0,24849976.0
2018-01-08,8.55,8.72,8.49,8.65,4632023.0,39834608.0
2018-01-09,8.65,8.66,8.53,8.55,3382419.0,29014378.0
2018-01-10,8.54,8.57,8.33,8.38,3786450.0,31975606.0
2018-01-11,8.36,8.62,8.32,8.54,3848097.0,32755662.0
2018-01-12,8.54,8.54,8.38,8.41,2712475.0,22901977.0
2018-01-15,8.41,8.41,8.02,8.07,4447713.0,36452541.0
2018-01-16,8.07,8.17,8.05,8.08,2886038.0,23330491.0
2018-01-17,8.05,8.07,7.74,7.86,4937743.0,38820684.0
2018-01-18,7.82,8.05,7.78,8.01,3835730.0,30336280.0
2018-01-19,7.99,8.03,7.9,7.95,3094934.0,24655151.0
2018-01-22,7.96,8.14,7.88,8.11,2699427.0,21661381.0
2018-01-23,8.11,8.8,8.06,8.57,11844454.0,100937327.0
2018-01-24,8.9,8.92,8.34,8.46,7689016.0,65597863.0
2018-01-25,8.58,8.97,8.39,8.8,11908453.0,103707907.0
2018-01-26,8.97,9.22,8.81,8.9,16227118.0,146359346.0
2018-01-29,8.65,8.87,8.56,8.66,7958949.0,69065930.0
2018-01-30,8.63,8.65,8.45,8.48,4367803.0,37335197.0
2018-01-31,7.8,7.88,7.63,7.63,12134410.0,92982185.0
2018-02-01,7.41,7.55,7.07,7.09,7796126.0,56140410.0
2018-02-02,7.08,7.24,6.81,7.19,3787831.0,26594819.0
2018-02-05,7.08,7.11,6.97,7.04,2142675.0,15103078.0
2018-02-06,6.83,6.86,6.4,6.4,3859940.0,25696815.0
2018-02-07,6.57,6.59,6.05,6.36,4000326.0,25382498.0
2018-02-08,6.34,6.48,6.26,6.44,2096653.0,13445329.0
2018-02-09,6.21,6.39,6.11,6.2,2494927.0,15602688.0
2018-02-12,6.25,6.42,6.25,6.35,1799960.0,11385550.0
2018-02-13,6.38,6.47,6.25,6.29,2104809.0,13400617.0
2018-02-14,6.3,6.44,6.27,6.44,1514926.0,9667504.0
2018-02-22,6.46,6.71,6.44,6.66,3023010.0,20012827.0
2018-02-23,6.7,6.73,6.58,6.64,2047325.0,13584466.0
2018-02-26,6.64,6.78,6.64,6.71,2792255.0,18734015.0
2018-02-27,6.72,6.8,6.63,6.71,2630677.0,17617969.0
2018-02-28,6.66,6.8,6.6,6.72,2590459.0,17329627.0
2018-03-01,6.7,6.88,6.7,6.82,2949661.0,20079094.0
2018-03-02,6.74,6.88,6.73,6.76,2095825.0,14255864.0
2018-03-05,6.73,6.86,6.73,6.79,1977539.0,13438647.0
2018-03-06,6.77,6.97,6.76,6.92,2953731.0,20318508.0
2018-03-07,6.9,6.9,6.77,6.8,2350366.0,16059922.0
2018-03-08,6.8,6.91,6.76,6.84,1903875.0,13028967.0
2018-03-09,6.84,6.95,6.8,6.91,2757398.0,19009380.0
2018-03-12,6.92,7.27,6.92,7.19,5383253.0,38307394.0
2018-03-13,,,,,0.0,
2018-03-14,,,,,0.0,
2018-03-15,,,,,0.0,
2018-03-16,,,,,0.0,
2018-03-19,,,,,0.0,
2018-03-20,,,,,0.0,
2018-03-21,,,,,0.0,
2018-03-22,,,,,0.0,
2018-03-23,,,,,0.0,
2018-03-26,,,,,0.0,
2018-03-27,,,,,0.0,
2018-03-28,,,,,0.0,
2018-03-29,,,,,0.0,
2018-03-30,,,,,0.0,
2018-04-02,,,,,0.0,
2018-04-03,,,,,0.0,
2018-04-04,,,,,0.0,
2018-04-09,,,,,0.0,
2018-04-10,,,,,0.0,
2018-04-11,,,,,0.0,
2018-04-12,,,,,0.0,
2018-04-13,,,,,0.0,
2018-04-16,,,,,0.0,
2018-04-17,,,,,0.0,
2018-04-18,,,,,0.0,
2018-04-19,,,,,0.0,
2018-04-20,,,,,0.0,
2018-04-23,,,,,0.0,
2018-04-24,,,,,0.0,
2018-04-25,,,,,0.0,
2018-04-26,,,,,0.0,
2018-04-27,,,,,0.0,
2018-05-02,,,,,0.0,
2018-05-03,,,,,0.0,
2018-05-04,,,,,0.0,
2018-05-07,,,,,0.0,
2018-05-08,,,,,0.0,
2018-05-09,,,,,0.0,
2018-05-10,,,,,0.0,
2018-05-11,,,,,0.0,
2018-05-14,7.0,7.0,6.51,6.57,8094612.0,54126502.0
2018-05-15,6.45,7.23,6.37,7.23,7768131.0,52436824.0
2018-05-16,7.3,7.95,7.1,7.4,15676214.0,118080289.0
2018-05-17,7.21,7.3,7.0,7.06,8069258.0,57576515.0
2018-05-18,7.18,7.18,6.85,6.98,4824530.0,33797464.0
2018-05-21,6.98,7.14,6.94,7.03,3876208.0,27279955.0
2018-05-22,7.0,7.01,6.9,6.94,3449302.0,23941221.0
2018-05-23,6.92,6.97,6.72,6.72,4351965.0,29707076.0
2018-05-24,6.74,6.8,6.7,6.74,2450402.0,16512141.0
2018-05-25,6.73,6.77,6.55,6.58,2828320.0,18740367.0
2018-05-28,6.61,6.96,6.36,6.88,6256179.0,42184147.0
2018-05-29,6.91,7.0,6.7,6.78,3556848.0,24367325.0
2018-05-30,6.66,6.68,6.22,6.36,3561943.0,23183614.0
2018-05-31,6.35,6.5,6.35,6.43,1805918.0,11617855.0
2018-06-01,6.4,6.54,6.34,6.38,1916160.0,12326085.0
2018-06-04,6.36,6.54,6.36,6.38,1717443.0,11070667.0
2018-06-05,6.36,6.46,6.36,6.45,1377600.0,8855586.0
2018-06-06,6.48,6.61,6.45,6.51,2242652.0,14641763.0
2018-06-07,6.55,6.65,6.42,6.43,1987027.0,12975250.0
2018-06-08,6.4,6.42,6.25,6.35,1994505.0,12648005.0
2018-06-11,6.32,6.66,6.13,6.6,4068428.0,25824136.0
2018-06-12,6.41,6.52,6.29,6.39,3162082.0,20200963.0
2018-06-13,6.4,6.4,6.13,6.22,2516140.0,15717314.0
2018-06-14,6.22,6.27,6.1,6.2,1679241.0,10404170.0
2018-06-15,6.21,6.35,6.1,6.14,2310300.0,14317101.0
2018-06-19,6.04,6.04,5.53,5.53,3482735.0,19829087.0
2018-06-20,5.46,5.64,5.4,5.47,2438465.0,13435598.0
2018-06-21,5.53,5.59,5.3,5.31,2007742.0,10954784.0
2018-06-22,5.32,5.38,5.11,5.36,1736781.0,9214441.0
2018-06-25,5.4,5.49,5.35,5.4,1264336.0,6819219.0
2018-06-26,5.35,5.5,5.19,5.46,1396476.0,7539688.0
2018-06-27,5.55,5.55,5.39,5.45,1148224.0,6243502.0
2018-06-28,5.41,5.5,5.36,5.36,1169434.0,6340809.0
2018-06-29,5.34,5.49,5.34,5.47,1621329.0,8831424.0
2018-07-02,5.53,5.53,5.29,5.33,4823250.0,26057963.0
2018-07-03,5.33,5.44,5.26,5.43,2066905.0,11062770.0
2018-07-04,5.43,5.45,5.26,5.28,1783452.0,9526652.0
2018-07-05,5.34,5.38,5.28,5.3,2896001.0,15438603.0
2018-07-06,5.31,5.45,5.28,5.34,2874100.0,15412061.0
2018-07-09,5.35,5.52,5.33,5.47,2323360.0,12586827.0
2018-07-10,5.47,5.56,5.44,5.49,2107795.0,11585724.0
2018-07-11,5.46,5.46,5.28,5.36,1971477.0,10534631.0
2018-07-12,5.31,5.49,5.31,5.47,1805396.0,9805106.0
2018-07-13,5.44,6.02,5.4,6.02,4783112.0,27695137.0
2018-07-16,5.93,6.6,5.79,6.07,12630994.0,78204360.0
2018-07-17,5.96,6.4,5.91,6.17,8341568.0,51399227.0
2018-07-18,6.07,6.49,6.06,6.39,10760079.0,68181322.0
2018-07-19,6.37,6.37,6.01,6.16,6779590.0,41725256.0
2018-07-20,6.14,6.18,5.99,6.08,4800870.0,29132488.0
2018-07-23,6.1,6.14,6.0,6.11,4430295.0,26919194.0
2018-07-24,6.5,6.72,6.5,6.72,9362851.0,62652493.0
2018-07-25,7.0,7.39,6.95,7.39,13046377.0,94349448.0
2018-07-26,8.13,8.13,7.58,8.13,30285351.0,241606932.0
2018-07-27,8.94,8.94,8.94,8.94,21288788.0,190321764.0
2018-07-30,8.67,8.97,8.05,8.05,39194238.0,330058627.0
2018-07-31,7.58,7.69,7.25,7.25,31247232.0,229636887.0
2018-08-01,7.06,7.42,6.89,7.2,32880127.0,234465539.0
2018-08-02,7.01,7.05,6.66,6.85,20609648.0,140948708.0
2018-08-03,6.84,6.99,6.51,6.7,18533586.0,125590332.0
2018-08-06,6.6,6.69,6.4,6.56,12091705.0,78723024.0
2018-08-07,6.55,6.78,6.4,6.7,13529643.0,89557344.0
2018-08-08,6.63,6.67,6.26,6.33,13203229.0,85313570.0
2018-08-09,6.27,6.53,6.27,6.4,9968962.0,64153399.0
2018-08-10,6.42,6.67,6.38,6.48,11144989.0,72752708.0
2018-08-13,6.33,6.56,6.12,6.53,9935835.0,63043773.0
2018-08-14,6.53,7.18,6.45,6.77,23107266.0,156968544.0
2018-08-15,6.7,6.77,6.45,6.48,12037048.0,79309311.0
2018-08-16,6.31,6.48,6.13,6.29,8592606.0,54187863.0
2018-08-17,6.29,6.38,5.99,6.02,8152808.0,50387308.0
2018-08-20,6.01,6.07,5.66,5.95,7893423.0,46381801.0
2018-08-21,5.93,6.11,5.86,6.1,9188738.0,54921288.0
2018-08-22,6.02,6.05,5.8,5.87,6153961.0,36546415.0
2018-08-23,5.8,6.08,5.8,5.98,6592996.0,39349526.0
2018-08-24,6.0,6.06,5.91,5.99,6187635.0,37137521.0
2018-08-27,6.02,6.11,5.98,6.11,6389848.0,38720919.0
2018-08-28,6.07,6.57,5.91,6.26,12427608.0,77320072.0
2018-08-29,6.18,6.22,6.08,6.18,6564608.0,40313005.0
2018-08-30,6.15,6.18,5.9,5.9,5727651.0,34448571.0
2018-08-31,5.86,5.94,5.76,5.77,4113892.0,24032606.0
2018-09-03,5.78,5.82,5.62,5.81,4122235.0,23613946.0
2018-09-04,5.78,5.99,5.76,5.91,4450510.0,26266847.0
2018-09-05,5.87,6.3,5.86,5.92,8034925.0,48670086.0
2018-09-06,5.87,6.23,5.82,6.1,8283500.0,49925314.0
2018-09-07,6.09,6.48,6.01,6.3,13680939.0,84960951.0
2018-09-10,6.27,6.27,6.07,6.15,8066569.0,49650175.0
2018-09-11,6.15,6.15,5.92,6.0,6006958.0,36144524.0
2018-09-12,6.0,6.1,5.96,6.04,4251207.0,25643618.0
2018-09-13,6.07,6.13,6.0,6.09,4766222.0,28900966.0
2018-09-14,6.08,6.48,6.03,6.26,12700047.0,80005261.0
2018-09-17,6.21,6.24,5.9,5.97,6692789.0,40354360.0
2018-09-18,5.92,6.3,5.9,6.28,8987860.0,55104750.0
2018-09-19,6.27,6.34,6.18,6.28,8963843.0,56073720.0
2018-09-20,6.29,6.91,6.28,6.91,10888912.0,73196027.0
2018-09-21,6.98,7.45,6.93,7.04,31942915.0,227981384.0
2018-09-25,6.87,6.98,6.7,6.78,13938968.0,95160465.0
2018-09-26,6.82,6.87,6.66,6.68,10239503.0,69244163.0
2018-09-27,6.73,7.18,6.58,6.84,14442248.0,99072285.0
2018-09-28,6.74,7.18,6.62,7.15,18798862.0,130920951.0
2018-10-08,6.9,7.66,6.85,6.98,17759987.0,127760551.0
2018-10-09,7.01,7.5,6.92,7.3,19399384.0,140389387.0
2018-10-10,7.28,7.28,7.01,7.17,12603930.0,89891633.0
2018-10-11,6.95,7.07,6.52,6.73,13620509.0,92569244.0
2018-10-12,6.7,7.13,6.69,7.06,13724120.0,95150231.0
2018-10-15,7.07,7.11,6.62,6.72,9622692.0,66328720.0
2018-10-16,6.68,6.87,6.35,6.47,9401455.0,62769179.0
2018-10-17,6.61,6.82,6.43,6.79,10604606.0,70596370.0
2018-10-18,6.7,6.74,6.11,6.11,10532788.0,67737718.0
2018-10-19,5.81,6.22,5.62,6.1,7781661.0,46703863.0
2018-10-22,6.11,6.49,6.1,6.45,7674473.0,48863913.0
2018-10-23,6.5,6.65,6.38,6.51,7815851.0,50822000.0
2018-10-24,6.47,6.59,6.33,6.45,6520825.0,42069314.0
2018-10-25,6.2,6.33,6.09,6.26,6093652.0,37835048.0
2018-10-26,6.39,6.77,6.39,6.59,11303938.0,74548178.0
2018-10-29,6.48,6.58,6.28,6.33,6884211.0,44047526.0
2018-10-30,6.29,6.52,6.08,6.44,8523806.0,53562418.0
2018-10-31,6.42,6.89,6.4,6.72,13123002.0,87376622.0
2018-11-01,6.66,6.83,6.58,6.64,10757207.0,71740735.0
2018-11-02,6.74,6.86,6.62,6.79,13907794.0,93792667.0
2018-11-05,6.72,6.83,6.62,6.77,9638595.0,64833080.0
2018-11-06,6.68,6.71,6.54,6.65,7053572.0,46676601.0
2018-11-07,6.65,7.17,6.62,6.8,17429414.0,120287489.0
2018-11-08,6.73,6.9,6.66,6.72,9947701.0,67418019.0
2018-11-09,6.61,6.79,6.57,6.57,5983600.0,39922904.0
2018-11-12,6.59,6.79,6.5,6.78,7026073.0,46830333.0
2018-11-13,6.99,7.16,6.82,6.93,16289106.0,113387132.0
2018-11-14,7.01,7.09,6.84,6.92,11796718.0,82331661.0
2018-11-15,6.86,7.06,6.84,7.05,9525501.0,66125830.0
2018-11-16,7.04,7.22,6.99,7.1,11393409.0,80714696.0
2018-11-19,7.05,7.15,6.9,7.15,8973860.0,63015293.0
2018-11-20,7.06,7.11,6.81,6.82,7949401.0,55485502.0
2018-11-21,6.75,7.5,6.69,7.5,11209960.0,79857405.0
2018-11-22,7.77,7.77,7.2,7.2,16932847.0,125531991.0
2018-11-23,7.31,7.33,6.81,6.99,9940436.0,70213263.0
2018-11-26,6.85,7.0,6.85,6.92,5154028.0,35709016.0
2018-11-27,6.94,7.27,6.94,7.19,9991833.0,71319448.0
2018-11-28,7.15,7.25,6.95,7.22,7693757.0,54720778.0
2018-11-29,7.24,7.46,7.11,7.12,10383332.0,75605648.0
2018-11-30,7.07,7.3,7.01,7.29,9234532.0,66048049.0
2018-12-03,7.48,7.49,7.25,7.37,12859953.0,94767823.0
2018-12-04,7.33,7.46,7.15,7.46,11416678.0,83375388.0
2018-12-05,7.29,7.55,7.18,7.5,16113701.0,119319339.0
2018-12-06,7.41,7.5,7.25,7.27,8863951.0,65161898.0
2018-12-07,7.25,7.35,7.15,7.2,5858201.0,42341279.0
2018-12-10,7.14,7.18,6.86,6.94,7336265.0,51447598.0
2018-12-11,6.99,7.03,6.9,6.98,3784566.0,26327288.0
2018-12-12,6.98,7.04,6.92,6.92,3187683.0,22240969.0
2018-12-13,6.99,7.05,6.89,6.91,4810531.0,33471292.0
2018-12-14,6.9,6.96,6.61,6.64,6025402.0,40915414.0
2018-12-17,6.57,6.68,6.53,6.67,3348059.0,22199042.0
2018-12-18,6.62,6.72,6.58,6.68,3672401.0,24413866.0
2018-12-19,6.65,6.7,6.59,6.6,2700609.0,17904722.0
2018-12-20,6.6,6.7,6.56,6.66,3070711.0,20420323.0
2018-12-21,6.63,6.68,6.42,6.46,3303731.0,21677556.0
2018-12-24,6.46,6.54,6.42,6.5,2493871.0,16169272.0
2018-12-25,6.44,6.44,5.93,6.25,6679175.0,41204351.0
2018-12-26,6.2,6.3,6.2,6.23,2956631.0,18495359.0
2018-12-27,6.31,6.34,6.0,6.03,3379145.0,20936071.0
2018-12-28,6.06,6.23,6.05,6.13,2883454.0,17731303.0
2019-01-02,6.2,6.25,6.13,6.18,2471078.0,15307612.0
2019-01-03,6.19,6.45,6.13,6.26,5062792.0,31889798.0
2019-01-04,6.2,6.49,6.2,6.46,5576153.0,35633204.0
2019-01-07,6.57,7.11,6.47,6.86,10557437.0,71711770.0
2019-01-08,6.82,6.95,6.65,6.67,8782294.0,59711402.0
2019-01-09,6.65,6.78,6.61,6.64,6133877.0,41031595.0
2019-01-10,6.6,6.72,6.52,6.62,4315263.0,28676380.0
2019-01-11,6.63,6.84,6.58,6.77,6354291.0,42749660.0
2019-01-14,6.82,6.96,6.7,6.74,6251489.0,42539994.0
2019-01-15,6.74,6.95,6.6,6.85,5855302.0,39629826.0
2019-01-16,6.78,7.18,6.72,7.0,12871277.0,89961326.0
2019-01-17,6.88,7.05,6.81,6.89,9913527.0,68512561.0
2019-01-18,6.83,7.05,6.8,6.9,7805846.0,54147959.0
2019-01-21,6.93,7.01,6.79,6.82,6192938.0,42596700.0
2019-01-22,6.79,6.88,6.68,6.7,5726621.0,38884473.0
2019-01-23,6.7,7.19,6.69,6.95,11221700.0,78325790.0
2019-01-24,7.0,7.1,6.9,7.03,9004137.0,63092985.0
2019-01-25,7.05,7.05,6.76,6.81,8087788.0,55608311.0
2019-01-28,6.88,6.92,6.61,6.62,4839927.0,32666304.0
2019-01-29,6.58,6.69,5.98,6.4,5481601.0,35021956.0
2019-01-30,6.45,6.6,6.35,6.42,4057686.0,26364102.0
2019-01-31,6.4,6.5,6.17,6.24,4806076.0,30441674.0
2019-02-01,6.3,6.52,6.25,6.49,3132626.0,20097368.0
2019-02-11,6.56,6.75,6.56,6.75,4656569.0,31113853.0
2019-02-12,6.74,6.82,6.67,6.81,4737017.0,32010178.0
2019-02-13,6.81,6.95,6.75,6.88,6761033.0,46358547.0
2019-02-14,6.88,6.94,6.83,6.86,5139150.0,35348833.0
2019-02-15,6.81,6.94,6.81,6.83,4369096.0,30017089.0
2019-02-18,6.84,7.08,6.84,7.06,7957279.0,55522866.0
2019-02-19,7.13,7.14,6.9,6.99,8621636.0,60425156.0
2019-02-20,7.03,7.35,6.97,7.15,11316200.0,81229404.0
2019-02-21,7.19,7.19,6.97,6.98,9943622.0,70468764.0
2019-02-22,7.08,7.35,7.05,7.27,12762007.0,92219286.0
2019-02-25,7.27,7.76,7.23,7.63,19710184.0,148411548.0
2019-02-26,7.67,8.05,7.47,7.72,20488739.0,159805596.0
2019-02-27,7.6,7.82,7.47,7.58,14891025.0,113957344.0
2019-02-28,7.65,7.71,7.44,7.57,9084754.0,68707611.0
2019-03-01,7.6,7.61,7.42,7.54,6992460.0,52543907.0
2019-03-04,7.6,7.98,7.55,7.66,15815243.0,122075101.0
2019-03-05,7.64,7.88,7.56,7.83,14911828.0,115004126.0
2019-03-06,7.78,8.58,7.78,8.23,22463114.0,182480056.0
2019-03-07,8.18,8.68,8.12,8.4,23232920.0,195008104.0
2019-03-08,8.13,8.26,7.7,7.75,19030116.0,152855915.0
2019-03-11,7.75,8.02,7.74,7.99,13903094.0,109399415.0
2019-03-12,8.04,8.2,7.84,8.04,13592199.0,109347169.0
2019-03-13,8.05,8.31,7.95,8.1,15650923.0,127459337.0
2019-03-14,8.02,8.26,7.66,7.81,12802629.0,101374623.0
2019-03-15,7.84,7.95,7.76,7.92,9646373.0,75924663.0
2019-03-18,8.1,8.24,7.98,8.08,10760377.0,87125813.0
2019-03-19,8.14,8.71,7.98,8.54,25234108.0,211601282.0
2019-03-20,8.6,8.87,8.27,8.56,29581137.0,253829329.0
2019-03-21,8.48,8.64,8.37,8.5,20048826.0,170680214.0
2019-03-22,8.47,8.5,8.15,8.37,13066383.0,108490463.0
2019-03-25,8.18,8.38,8.07,8.2,9296000.0,76569156.0
2019-03-26,8.27,8.5,8.11,8.2,12308073.0,102203940.0
2019-03-27,8.19,8.57,8.19,8.5,15976416.0,134345511.0
2019-03-28,8.41,8.44,7.91,8.0,13413655.0,109920645.0
2019-03-29,7.9,8.14,7.74,8.09,11857410.0,94405027.0
2019-04-01,8.09,8.55,8.08,8.54,17178117.0,144251553.0
2019-04-02,8.77,8.84,8.42,8.65,22776933.0,196380513.0
2019-04-03,8.6,8.7,8.45,8.61,13613358.0,116924814.0
2019-04-04,8.73,8.92,8.56,8.74,16942968.0,147954837.0
2019-04-08,8.88,9.17,8.72,9.05,21982877.0,198191713.0
2019-04-09,8.96,9.0,8.71,8.9,13478175.0,119222241.0
2019-04-10,8.84,8.84,8.63,8.68,9784864.0,85246637.0
2019-04-11,8.67,8.85,8.51,8.53,9658475.0,83984184.0
2019-04-12,8.5,9.34,8.5,8.79,15073762.0,134221475.0
2019-04-15,8.93,9.35,8.77,8.77,21816894.0,196577838.0
2019-04-16,8.63,9.35,8.53,9.3,28104220.0,255351629.0
2019-04-17,9.15,9.73,9.03,9.6,32040577.0,300349686.0
2019-04-18,9.5,9.89,9.2,9.28,24642019.0,234541536.0
2019-04-19,9.27,9.38,9.03,9.33,13578357.0,125230824.0
2019-04-22,9.34,9.34,8.95,8.97,12318279.0,112096389.0
2019-04-23,8.98,9.18,8.78,8.93,11308940.0,102144916.0
2019-04-24,8.94,9.08,8.69,9.07,11437430.0,101748385.0
2019-04-25,8.98,8.98,8.16,8.17,17951775.0,153381695.0
2019-04-26,8.08,8.19,7.86,7.86,11244529.0,90267941.0
2019-04-29,7.84,7.9,7.28,7.4,10931437.0,82348752.0
2019-04-30,7.48,7.6,7.42,7.52,6289609.0,47225229.0
2019-05-06,7.32,7.37,6.77,6.84,8778144.0,61809443.0
2019-05-07,6.94,7.06,6.78,7.0,6325100.0,43957301.0
2019-05-08,6.85,7.15,6.73,6.99,5617263.0,39291216.0
2019-05-09,6.97,7.11,6.88,6.99,4619759.0,32401829.0
2019-05-10,7.05,7.24,6.9,7.21,7382042.0,52645333.0
2019-05-13,7.16,7.22,7.06,7.16,4724953.0,33772860.0
2019-05-14,7.06,7.24,7.06,7.19,5510249.0,39503287.0
2019-05-15,7.23,7.3,7.18,7.29,7091853.0,51437691.0
2019-05-16,7.28,7.74,7.26,7.55,13800108.0,104116506.0
2019-05-17,7.53,7.59,7.05,7.07,10035950.0,73218627.0
2019-05-20,7.05,7.31,6.82,7.29,7873302.0,56017360.0
2019-05-21,7.25,7.78,7.13,7.65,15991927.0,120582149.0
2019-05-22,7.62,7.76,7.37,7.45,11947543.0,90213998.0
2019-05-23,7.38,7.59,7.29,7.47,8311225.0,61972697.0
2019-05-24,7.36,7.73,7.35,7.41,8780279.0,66140854.99999999
2019-05-27,7.35,8.15,7.23,8.15,10481335.0,81307159.0
2019-05-28,8.48,8.49,7.98,8.02,20592547.0,168499415.0
2019-05-29,8.12,8.57,8.12,8.35,22385282.0,186978308.0
2019-05-30,8.15,8.77,8.06,8.66,24880023.0,212184897.0
2019-05-31,8.38,8.98,8.35,8.59,23467131.0,203031766.0
2019-06-03,8.59,8.59,8.13,8.19,14881525.0,123795424.0
2019-06-04,8.26,8.4,8.01,8.11,10214363.0,83719458.0
2019-06-05,8.23,8.33,7.96,7.98,9238295.0,75216758.0
2019-06-06,8.0,8.35,7.89,8.04,11936921.0,97257395.0
2019-06-10,8.16,8.51,7.85,8.46,16248232.0,134170366.0
2019-06-11,8.39,8.94,8.33,8.73,23716614.0,207262972.0
2019-06-12,8.78,9.14,8.64,8.64,26793916.0,238503414.0
2019-06-13,8.57,9.5,8.56,9.5,32048251.0,300783517.0
2019-06-14,9.68,9.69,9.01,9.16,36412747.0,336218934.0
2019-06-17,9.0,9.21,8.77,8.92,19590594.0,175817707.0
2019-06-18,8.99,9.03,8.4,8.61,16868960.0,145594058.0
2019-06-19,8.7,8.8,8.48,8.48,15068400.0,130301106.0
2019-06-20,8.51,8.6,8.26,8.56,13979544.0,117875309.0
2019-06-21,8.5,8.73,8.47,8.58,12499497.0,107444498.0
2019-06-24,8.51,8.68,8.45,8.52,8665770.0,74053545.0
2019-06-25,8.53,8.53,8.04,8.19,11213610.0,92291603.0
2019-06-26,8.17,8.24,7.96,7.97,7819718.0,63239788.0
2019-06-27,8.02,8.07,7.9,7.99,6518182.0,52044100.0
2019-06-28,8.0,8.07,7.76,7.9,7483069.0,59216825.0
2019-07-01,7.98,8.13,7.92,8.1,7664193.0,61735569.0
2019-07-02,8.07,8.17,8.06,8.12,5396455.0,43774848.0
2019-07-03,8.1,8.15,7.86,7.92,5666852.0,45065260.0
2019-07-04,7.92,7.97,7.78,7.81,3995855.0,31361740.0
2019-07-05,7.87,8.07,7.8,7.99,4003738.0,31759837.0
2019-07-08,7.95,7.96,7.41,7.43,6535300.0,49608261.0
2019-07-09,7.48,7.56,7.43,7.53,3496402.0,26236469.0
2019-07-10,7.53,7.95,7.48,7.83,8081841.0,62561703.0
2019-07-11,8.0,8.19,7.84,7.87,10749633.0,86034468.0
2019-07-12,7.75,7.85,7.52,7.76,5913439.0,45708150.0
2019-07-15,7.74,7.86,7.56,7.83,4065267.0,31530067.0
2019-07-16,7.79,7.9,7.76,7.83,3792992.0,29701086.0
2019-07-17,7.96,7.96,7.82,7.88,4759451.0,37514937.0
2019-07-18,7.88,8.02,7.82,7.82,5350779.0,42374888.0
2019-07-19,7.88,8.07,7.79,8.04,7363956.0,58582760.0
2019-07-22,7.96,8.0,7.56,7.63,6877840.0,53031604.0
2019-07-23,7.57,7.69,7.56,7.69,2735108.0,20892024.0
2019-07-24,7.67,7.8,7.67,7.72,3954931.0,30635406.0
2019-07-25,7.73,7.73,7.64,7.71,2670924.0,20537479.0
2019-07-26,7.7,7.7,7.52,7.61,3080670.0,23501344.0
2019-07-29,7.71,7.71,7.54,7.62,2019347.0,15410894.0
2019-07-30,7.63,7.87,7.59,7.79,4187427.0,32386661.0
2019-07-31,7.75,7.75,7.62,7.65,3000304.0,22998887.0
2019-08-01,7.6,7.69,7.55,7.56,2870501.0,21831933.0
2019-08-02,7.55,7.78,7.44,7.72,6583250.0,50402665.0
2019-08-05,7.7,7.82,7.61,7.72,4747009.0,36729698.0
2019-08-06,7.59,7.64,7.28,7.29,6124326.0,45452482.0
2019-08-07,7.36,7.65,7.36,7.57,6338275.0,47626251.0
2019-08-08,7.58,7.61,7.4,7.42,4933374.0,36815469.0
2019-08-09,7.44,7.54,7.18,7.21,4829535.0,35559951.0
2019-08-12,7.17,7.22,6.87,7.04,6251867.0,43720208.0
2019-08-13,6.98,7.22,6.92,7.07,4164825.0,29463656.0
2019-08-14,7.13,7.15,7.03,7.06,3145627.0,22289355.0
2019-08-15,6.9,7.01,6.85,6.97,3949777.0,27323538.0
2019-08-16,6.98,7.12,6.96,7.04,3500100.0,24707061.0
2019-08-19,7.08,7.21,7.01,7.2,4528800.0,32280964.0
2019-08-20,7.19,7.39,7.15,7.24,4987687.0,36233345.0
2019-08-21,7.18,7.22,7.14,7.17,3006775.0,21568081.0
2019-08-22,7.18,7.27,7.14,7.26,3728400.0,26853977.0
2019-08-23,7.23,7.28,7.14,7.18,3737051.0,26923107.0
2019-08-26,7.05,7.13,7.03,7.1,3422825.0,24246718.0
2019-08-27,7.13,7.27,7.11,7.27,4430887.0,31956805.0
2019-08-28,7.36,7.36,7.21,7.23,3758800.0,27314189.0
2019-08-29,7.22,7.28,7.2,7.22,2984250.0,21588082.0
2019-08-30,7.25,7.26,7.07,7.08,3869414.0,27666735.0
2019-09-02,7.1,7.32,7.1,7.31,4942821.0,35764371.0
2019-09-03,7.32,7.56,7.28,7.47,7249989.0,53975121.0
2019-09-04,7.44,7.71,7.42,7.6,7746835.0,58616760.0
2019-09-05,7.65,7.7,7.56,7.6,7487151.0,57125686.0
2019-09-06,7.63,7.69,7.51,7.57,5033263.0,38223100.0
2019-09-09,7.64,7.72,7.58,7.71,5949878.0,45577178.0
2019-09-10,7.79,7.89,7.66,7.7,6452070.0,50044347.0
2019-09-11,7.75,7.75,7.64,7.67,3556225.0,27345808.0
2019-09-12,7.66,7.71,7.53,7.64,4501431.0,34308754.0
2019-09-16,7.7,7.74,7.55,7.61,4916006.0,37612088.0
2019-09-17,7.6,7.62,7.35,7.35,4756623.0,35464094.0
2019-09-18,7.39,7.49,7.37,7.4,3082205.0,22873563.0
2019-09-19,7.44,7.65,7.36,7.64,6955631.0,52556310.0
2019-09-20,7.57,7.62,7.44,7.48,5776634.0,43484095.0
2019-09-23,7.48,7.5,7.36,7.4,3923987.0,29036409.0
2019-09-24,7.42,7.45,7.32,7.39,4117326.0,30398500.0
2019-09-25,7.35,7.35,7.16,7.22,4865983.0,35218480.0
2019-09-26,7.22,7.25,7.04,7.04,3927240.0,28001455.0
2019-09-27,7.07,7.14,7.04,7.08,1950910.0,13837354.0
2019-09-30,7.09,7.14,6.93,6.97,2592900.0,18324829.0
2019-10-08,6.99,7.05,6.93,6.95,2038950.0,14245452.0
2019-10-09,6.94,7.09,6.88,7.08,1938431.0,13592873.0
2019-10-10,7.1,7.12,7.05,7.11,2133975.0,15116003.0
2019-10-11,7.1,7.12,7.02,7.09,2254000.0,15941388.0
2019-10-14,7.29,7.3,7.18,7.2,4021306.0,29022253.0
2019-10-15,7.17,7.22,7.14,7.22,2613251.0,18787240.0
2019-10-16,7.22,7.27,7.15,7.15,2560569.0,18384554.0
2019-10-17,7.13,7.2,7.12,7.19,1822000.0,13036645.0
2019-10-18,7.19,7.19,6.92,7.03,2736375.0,19353374.0
2019-10-21,7.05,7.07,6.92,6.96,2201075.0,15324254.0
2019-10-22,6.97,7.07,6.95,7.01,2307627.0,16173118.0
2019-10-23,7.05,7.05,6.95,6.97,1791001.0,12518888.0
2019-10-24,6.95,7.03,6.94,6.99,1789050.0,12481066.0
2019-10-25,7.02,7.06,6.94,7.05,2385202.0,16704276.000000002
2019-10-28,7.01,7.19,7.01,7.15,3222700.0,22930390.0
2019-10-29,7.14,7.18,7.05,7.06,2543656.0,18099397.0
2019-10-30,7.03,7.08,6.91,6.93,2476594.0,17222438.0
2019-10-31,6.94,7.0,6.7,6.7,3087718.0,21062106.0
2019-11-01,6.74,6.78,6.63,6.75,2437803.0,16333340.0
2019-11-04,6.72,6.8,6.69,6.72,1795901.0,12124708.0
2019-11-05,6.7,6.83,6.67,6.78,2310024.0,15598515.0
2019-11-06,6.77,6.77,6.64,6.66,2446800.0,16395583.999999998
2019-11-07,6.66,6.71,6.62,6.66,1453380.0,9690090.0
2019-11-08,6.69,6.7,6.61,6.61,1640935.0,10904326.0
2019-11-11,6.56,6.59,6.26,6.31,3921919.0,25115903.0
2019-11-12,6.3,6.35,6.21,6.33,2349069.0,14743746.0
2019-11-13,6.3,6.33,6.2,6.23,1630625.0,10227296.0
2019-11-14,6.24,6.31,6.21,6.28,1582708.0,9905937.0
2019-11-15,6.27,6.39,6.24,6.28,2395750.0,15182123.0
2019-11-18,6.27,6.29,6.16,6.28,1607966.0,10029693.0
2019-11-19,6.26,6.39,6.26,6.38,1973559.0,12540514.0
2019-11-20,6.38,6.49,6.33,6.46,2450560.0,15703434.0
2019-11-21,6.4,6.44,6.31,6.37,2122127.0,13512678.0
2019-11-22,6.36,6.43,6.3,6.36,1990875.0,12682262.0
2019-11-25,6.36,6.55,6.33,6.54,3510010.0,22771682.0
2019-11-26,6.54,6.54,6.39,6.42,2602853.0,16783123.0
2019-11-27,6.42,6.52,6.22,6.48,2775622.0,17750330.0
2019-11-28,6.45,6.48,6.33,6.36,1924307.0,12305578.0
2019-11-29,6.37,6.39,6.32,6.37,1311691.0,8330513.999999999
2019-12-02,6.37,6.38,6.29,6.31,1326455.0,8400975.0
2019-12-03,6.3,6.41,6.23,6.4,2184913.0,13883013.0
2019-12-04,6.39,6.5,6.35,6.48,2596418.0,16741767.0
2019-12-05,6.48,6.53,6.45,6.5,2252650.0,14599501.0
2019-12-06,6.47,6.62,6.47,6.59,3390618.0,22275722.0
2019-12-09,6.59,6.64,6.52,6.56,2756318.0,18124089.0
2019-12-10,6.57,6.61,6.53,6.58,2302825.0,15131842.0
2019-12-11,6.65,6.65,6.52,6.52,2022050.0,13292406.0
2019-12-12,6.52,6.65,6.52,6.58,2924879.0,19284411.0
2019-12-13,6.59,6.66,6.57,6.6,2848722.0,18811554.0
2019-12-16,6.58,6.69,6.58,6.69,3418018.0,22677332.0
2019-12-17,6.66,6.84,6.64,6.78,4585010.0,31020410.0
2019-12-18,6.77,6.87,6.73,6.78,3760501.0,25500608.0
2019-12-19,6.75,6.85,6.73,6.8,2661165.0,18027825.0
2019-12-20,6.78,6.85,6.68,6.68,3103835.0,21033313.0
2019-12-23,6.65,6.7,6.52,6.53,3335550.0,22014322.0
2019-12-24,6.53,6.88,6.52,6.85,5361638.0,36132237.0
2019-12-25,6.85,6.87,6.74,6.81,3870491.0,26329828.0
2019-12-26,6.8,7.03,6.79,6.97,6766980.0,46928077.0
2019-12-27,6.94,7.32,6.94,7.0,10155355.0,72305701.0
2019-12-30,6.88,7.08,6.88,7.0,5725404.0,39963249.0
2019-12-31,6.98,7.16,6.93,7.0,4625650.0,32548800.0
2020-01-02,7.08,7.14,7.02,7.09,5318976.0,37622287.0
2020-01-03,7.08,7.3,7.03,7.25,9687683.0,69452085.0
2020-01-06,7.19,7.42,7.17,7.33,9699792.0,70932414.0
2020-01-07,7.34,7.45,7.28,7.4,7268678.0,53631962.0
2020-01-08,7.39,7.54,7.26,7.35,8632592.0,63734868.0
2020-01-09,7.34,7.43,7.27,7.37,6763328.0,49724583.0
2020-01-10,7.34,7.37,7.2,7.22,4936532.0,35817768.0
2020-01-13,7.12,7.3,7.12,7.29,4253521.0,30749374.0
2020-01-14,7.3,7.45,7.24,7.31,5296348.0,39003245.0
2020-01-15,7.32,7.36,7.18,7.24,3648501.0,26391313.0
2020-01-16,7.22,7.33,7.19,7.23,3529804.0,25672510.0
2020-01-17,7.23,7.3,7.03,7.1,4439842.0,31737379.0
2020-01-20,7.07,7.21,7.0,7.17,3987411.0,28347363.0
2020-01-21,7.15,7.4,7.02,7.23,7102237.0,51429893.0
2020-01-22,7.19,7.25,7.01,7.19,4557882.0,32525669.0
2020-01-23,7.13,7.18,6.72,6.81,5871780.0,40616460.0
2020-02-03,6.13,6.13,6.13,6.13,1052600.0,6452438.0
2020-02-04,5.52,5.91,5.52,5.78,8769432.0,50423661.0
2020-02-05,5.8,6.05,5.77,5.96,6133639.0,36553736.0
2020-02-06,6.02,6.07,5.87,6.01,4638169.0,27750842.0
2020-02-07,6.02,6.09,5.93,6.05,4421182.0,26597263.0
2020-02-10,6.07,6.23,6.01,6.23,4472386.0,27438137.0
2020-02-11,6.23,6.32,6.16,6.16,3281191.0,20432256.0
2020-02-12,6.13,6.43,6.13,6.35,5617603.0,35471895.0
2020-02-13,6.33,6.43,6.24,6.3,5515443.0,34903608.0
2020-02-14,6.28,6.64,6.28,6.44,10467466.0,67700235.0
2020-02-17,6.46,6.83,6.42,6.79,11457042.0,75804987.0
2020-02-18,6.84,7.08,6.74,7.03,11729788.0,81555961.0
2020-02-19,6.93,7.15,6.83,6.96,12384096.0,86576423.0
2020-02-20,7.1,7.2,6.9,7.14,10780704.0,76385879.0
2020-02-21,7.08,7.24,7.02,7.11,9186416.0,65427320.0
2020-02-24,7.32,7.72,7.31,7.51,18288194.0,137122760.0
2020-02-25,7.2,7.45,6.97,7.37,16200460.0,117399633.0
2020-02-26,7.15,7.56,7.1,7.38,14114623.0,104077589.0
2020-02-27,7.31,7.45,7.1,7.14,11416756.0,82224774.0
2020-02-28,6.87,6.94,6.48,6.49,10815175.0,72782373.0
2020-03-02,6.6,6.92,6.6,6.88,8422451.0,57241340.0
2020-03-03,7.08,7.24,6.97,7.06,9723359.0,69163229.0
2020-03-04,7.06,7.18,6.93,7.12,7391909.0,52083321.0
2020-03-05,7.18,7.34,7.13,7.3,10693025.0,77671149.0
2020-03-06,7.2,7.25,7.09,7.14,8095423.0,58010132.0
2020-03-09,6.97,7.25,6.95,6.95,9151371.0,64880936.0
2020-03-10,6.87,7.09,6.7,7.08,7397107.0,51094475.0
2020-03-11,7.1,7.21,6.97,6.98,5970325.0,42431334.0
2020-03-12,6.88,6.94,6.77,6.81,5684615.0,38885379.0
2020-03-13,6.45,6.81,6.41,6.71,6922826.0,45562760.0
2020-03-16,6.76,6.87,6.43,6.48,5257243.0,35143931.0
2020-03-17,6.52,6.58,6.2,6.39,4787690.0,30570220.0
2020-03-18,6.45,6.52,6.21,6.22,4617222.0,29419054.0
2020-03-19,6.17,6.25,6.07,6.21,4638680.0,28572491.0
2020-03-20,6.3,6.34,6.16,6.29,3289876.0,20572511.0
2020-03-23,6.24,6.24,6.07,6.08,3523725.0,21644599.0
2020-03-24,6.2,6.28,6.08,6.21,3554468.0,21955438.0
2020-03-25,6.31,6.36,6.23,6.27,4379251.0,27484523.0
2020-03-26,6.25,6.45,6.17,6.3,6579227.0,41538135.0
2020-03-27,6.33,6.36,6.24,6.25,3811500.0,23984751.0
2020-03-30,6.09,6.14,5.9,5.98,5243201.0,31439954.0
2020-03-31,6.06,6.14,5.94,6.05,4277000.0,25817767.0
2020-04-01,6.02,6.12,5.95,6.03,3438100.0,20747312.0
2020-04-02,5.98,6.1,5.92,6.09,2888896.0,17361854.0
2020-04-03,6.07,6.14,6.03,6.11,3226070.0,19629106.0
2020-04-07,6.22,6.29,6.13,6.27,4199789.0,26106882.0
2020-04-08,6.21,6.4,6.21,6.34,4015103.0,25404990.0
2020-04-09,6.39,6.44,6.31,6.37,3035051.0,19333814.0
2020-04-10,6.35,6.46,6.25,6.26,4039986.0,25678837.0
2020-04-13,6.28,6.28,6.16,6.2,2018300.0,12524063.0
2020-04-14,6.21,6.34,6.21,6.33,2575951.0,16199683.0
2020-04-15,6.3,6.4,6.03,6.29,4793058.0,30231371.0
2020-04-16,6.22,6.28,6.14,6.22,3236500.0,20014642.0
2020-04-17,6.22,6.25,6.16,6.18,2564425.0,15920006.0
2020-04-20,6.18,6.18,6.07,6.1,2887510.0,17641546.0
2020-04-21,6.08,6.08,5.95,6.0,2977759.0,17881016.0
2020-04-22,5.98,6.08,5.93,6.08,2313785.0,13951009.0
2020-04-23,6.08,6.1,6.0,6.04,2026900.0,12251969.0
2020-04-24,6.04,6.04,5.9,5.92,2533650.0,15071887.0
2020-04-27,5.93,5.94,5.82,5.86,2172510.0,12731956.0
2020-04-28,5.85,5.87,5.6,5.75,3217485.0,18454102.0
2020-04-29,5.76,5.85,5.72,5.78,1721920.0,9992856.0
2020-04-30,5.79,5.93,5.76,5.93,2964162.0,17409576.0
2020-05-06,5.89,6.04,5.85,6.02,3297725.0,19723751.0
2020-05-07,6.02,6.07,5.95,5.96,2217117.0,13283419.0
2020-05-08,5.99,6.05,5.98,6.01,1897540.0,11412112.0
2020-05-11,6.02,6.04,5.94,5.97,1690110.0,10134538.0
2020-05-12,6.0,6.05,5.85,5.94,1918800.0,11367911.0
2020-05-13,5.94,6.01,5.85,5.97,2027801.0,12102831.0
2020-05-14,5.97,6.12,5.92,6.07,4490817.0,27222539.0
2020-05-15,6.08,6.13,6.0,6.06,3746100.0,22691493.0
2020-05-18,6.15,6.25,6.07,6.16,5738527.0,35438023.0
2020-05-19,6.17,6.53,6.1,6.43,10040700.0,63305833.0
2020-05-20,6.5,6.69,6.41,6.61,15257810.0,99679921.0
2020-05-21,6.59,6.59,6.33,6.37,8346900.0,53721222.0
2020-05-22,6.34,6.37,6.1,6.17,5953492.0,36976618.0
2020-05-25,6.23,6.33,6.15,6.28,4940639.0,30877067.0
2020-05-26,6.32,6.6,6.28,6.43,6589559.0,42507232.0
2020-05-27,6.44,6.97,6.34,6.75,13707393.0,91209845.0
2020-05-28,6.75,6.96,6.68,6.82,12637612.0,86358294.0
2020-05-29,6.83,6.93,6.69,6.7,7025308.0,47698099.0
2020-06-01,6.73,6.84,6.66,6.78,6560801.0,44239336.0
2020-06-02,6.8,6.86,6.67,6.77,5540117.0,37454781.0
2020-06-03,6.77,6.79,6.67,6.68,5544345.0,37191036.0
2020-06-04,6.72,6.78,6.64,6.67,3338733.0,22370556.0
2020-06-05,6.71,6.71,6.49,6.6,5013455.0,33026127.0
2020-06-08,6.63,6.78,6.46,6.64,6811148.0,45474262.0
2020-06-09,6.68,6.73,6.56,6.63,3485768.0,23125587.0
2020-06-10,6.59,6.63,6.45,6.45,4124400.0,26893580.0
2020-06-11,6.48,6.49,6.36,6.4,2636300.0,16941373.0
2020-06-12,6.27,6.45,6.19,6.43,5441227.0,34209359.0
2020-06-15,6.4,6.45,6.31,6.31,3309043.0,21120823.0
2020-06-16,6.36,6.44,6.3,6.4,3085852.0,19637813.0
2020-06-17,6.42,6.44,6.34,6.39,2378790.0,15201812.0
2020-06-18,6.39,6.44,6.3,6.37,3007500.0,19209117.0
2020-06-19,6.39,6.42,6.33,6.37,2247475.0,14314472.0
2020-06-22,6.43,6.43,6.35,6.37,1766608.0,11268056.0
2020-06-23,6.37,6.38,6.3,6.31,2517130.0,15927873.0
2020-06-24,6.31,6.35,6.24,6.27,2197828.0,13816218.0
2020-06-29,6.27,6.32,6.14,6.19,2102079.0,13069400.0
2020-06-30,6.21,6.26,6.18,6.22,1997449.0,12447081.0
2020-07-01,6.28,6.28,6.18,6.27,3347347.0,20848474.0
2020-07-02,6.28,6.4,6.26,6.4,4697001.0,29830873.0
2020-07-03,6.43,6.77,6.36,6.71,8394746.0,54884018.0
2020-07-06,6.74,7.02,6.68,6.96,11533909.0,79024015.0
2020-07-07,7.01,7.05,6.8,6.84,11114103.0,76898828.0
2020-07-08,7.02,7.32,7.02,7.23,16575724.0,119151016.0
2020-07-09,7.24,7.44,7.18,7.4,14830132.0,108206861.0
2020-07-10,7.4,7.4,7.18,7.19,8747712.0,63539184.0
2020-07-13,7.22,7.91,7.22,7.91,14723273.0,112841137.0
2020-07-14,8.03,8.48,7.85,8.33,27313623.0,223088812.0
2020-07-15,8.25,8.28,7.82,7.88,16194806.0,129695624.0
2020-07-16,7.98,8.12,7.4,7.42,12677766.0,97960382.0
2020-07-17,7.48,7.61,7.28,7.56,9219122.0,68950283.0
2020-07-20,7.63,8.14,7.63,8.08,11439631.0,90250496.0
2020-07-21,8.08,8.23,7.82,7.88,9212058.0,72986484.0
2020-07-22,7.98,8.14,7.87,7.88,8004237.0,63776317.0
2020-07-23,7.89,8.15,7.73,8.05,11257978.0,89626286.0
2020-07-24,8.05,8.25,7.67,7.7,12786262.0,101850457.0
2020-07-27,7.72,8.2,7.72,8.0,12794318.0,102472658.0
2020-07-28,8.6,8.7,8.03,8.15,21590578.0,180987690.0
2020-07-29,7.87,8.12,7.55,8.07,16818440.0,131331219.0
2020-07-30,8.0,8.17,7.81,7.85,10732148.0,85324311.0
2020-07-31,7.8,8.32,7.76,8.18,15609394.0,126108058.0
2020-08-03,8.12,8.75,8.12,8.43,21344301.0,180684607.0
2020-08-04,8.5,8.71,8.3,8.66,15509341.0,131884868.0
2020-08-05,8.51,8.98,8.36,8.83,15669964.0,136804925.0
2020-08-06,8.9,9.01,8.7,8.84,15743282.0,139503382.0
2020-08-07,8.83,8.98,8.45,8.8,13878000.0,120887272.0
2020-08-10,8.68,8.85,8.5,8.52,9925046.0,85615182.0
2020-08-11,8.56,8.65,8.19,8.24,10121202.0,85720414.0
2020-08-12,8.13,8.3,7.95,8.13,8064396.0,65072847.0
2020-08-13,8.2,8.2,7.99,7.99,5547034.0,44680522.0
2020-08-14,8.06,8.1,7.94,8.09,5386037.0,43277977.0
2020-08-17,8.1,8.36,7.97,8.36,8240815.0,67192261.0
2020-08-18,8.45,8.46,8.25,8.31,9704125.0,81142298.0
2020-08-19,8.22,9.14,8.22,9.14,9231897.0,82734650.0
2020-08-20,9.1,9.29,8.65,8.7,22401638.0,199705107.0
2020-08-21,8.83,9.57,8.73,9.24,33123739.0,309575466.0
2020-08-24,8.99,9.09,8.58,9.09,25331092.0,223856815.0
2020-08-25,8.8,9.14,8.71,8.72,14352944.0,126837252.0
2020-08-26,8.66,8.71,8.2,8.23,13145387.0,110767509.0
2020-08-27,8.25,8.37,8.03,8.33,6819598.0,56290106.0
2020-08-28,8.33,8.38,8.14,8.33,5300541.0,43775789.0
2020-08-31,8.41,8.62,8.31,8.31,6788251.0,57332545.0
2020-09-01,8.26,8.43,8.26,8.38,4128401.0,34465914.0
2020-09-02,8.36,8.36,8.16,8.2,6155660.0,50709042.0
2020-09-03,8.16,8.35,8.16,8.19,4802002.0,39599266.0
2020-09-04,8.0,8.6,7.96,8.31,6891604.0,56422266.0
2020-09-07,8.37,8.44,8.16,8.18,5450161.0,45264320.0
2020-09-08,8.18,8.24,8.05,8.17,3516656.0,28598560.0
2020-09-09,8.08,8.15,8.0,8.03,3694310.0,29847775.0
2020-09-10,8.08,8.14,7.82,7.95,4986451.0,39839417.0
2020-09-11,7.84,7.94,7.75,7.89,4108756.0,32163888.0
2020-09-14,7.87,8.15,7.87,8.1,3786750.0,30570282.0
2020-09-15,8.12,8.3,8.04,8.14,4244525.0,34669972.0
2020-09-16,8.14,8.14,7.91,8.0,2794935.0,22348047.0
2020-09-17,7.99,8.0,7.88,7.94,3101194.0,24586173.0
2020-09-18,7.94,8.19,7.89,8.16,4450535.0,35826291.0
2020-09-21,8.13,8.3,8.1,8.16,3976950.0,32551828.0
2020-09-22,8.07,8.09,7.83,7.86,3989050.0,31715704.0
2020-09-23,7.89,7.95,7.78,7.82,2421286.0,18998446.0
2020-09-24,7.73,7.74,7.42,7.42,4310885.0,32597054.0
2020-09-25,7.51,7.51,7.25,7.41,2316477.0,17102024.0
2020-09-28,7.4,7.47,7.33,7.34,1807876.0,13350648.0
2020-09-29,7.39,7.53,7.37,7.43,1908502.0,14227248.0
2020-09-30,7.45,7.48,7.31,7.44,1874700.0,13861542.0
2020-10-09,7.43,7.68,7.43,7.63,3127409.0,23759003.0
2020-10-12,7.62,7.9,7.62,7.88,3905090.0,30494196.0
2020-10-13,7.85,7.94,7.75,7.87,2602545.0,20415721.0
2020-10-14,7.86,7.87,7.62,7.66,3416352.0,26357042.0
2020-10-15,7.66,7.75,7.58,7.66,2053002.0,15708324.0
2020-10-16,7.72,7.72,7.48,7.53,2513407.0,19026746.0
2020-10-19,7.57,7.67,7.48,7.5,2320596.0,17564476.0
2020-10-20,7.46,7.58,7.36,7.58,2126600.0,15873974.0
2020-10-21,7.56,7.63,7.38,7.44,2456101.0,18393862.0
2020-10-22,7.44,7.49,7.34,7.45,2132451.0,15822738.0
2020-10-23,7.45,7.6,7.36,7.38,1817096.0,13521456.0
2020-10-26,7.39,7.42,7.28,7.39,1463400.0,10770697.0
2020-10-27,7.34,7.44,7.27,7.3,2004638.0,14677004.0
2020-10-28,7.35,7.4,7.18,7.34,2364950.0,17249766.0
2020-10-29,7.25,7.44,7.2,7.39,2470700.0,18249607.0
2020-10-30,7.39,7.42,7.08,7.11,2743601.0,19856321.0
2020-11-02,7.09,7.1,6.86,6.92,3692460.0,25732345.0
2020-11-03,6.97,7.42,6.95,7.37,4978383.0,36151166.0
2020-11-04,7.41,7.46,7.31,7.39,2620810.0,19323334.0
2020-11-05,7.39,7.45,7.36,7.41,2452626.0,18146610.0
2020-11-06,7.43,7.57,7.42,7.45,3822201.0,28619290.0
2020-11-09,7.52,7.73,7.49,7.67,4776550.0,36451895.0
2020-11-10,7.61,7.76,7.57,7.63,3400300.0,26044418.0
2020-11-11,7.56,7.92,7.56,7.79,6710104.0,52320443.0
2020-11-12,7.71,8.09,7.65,8.03,7767827.0,61780960.0
2020-11-13,8.05,8.25,7.95,8.08,10090169.0,81780035.0
2020-11-16,8.08,8.56,7.98,8.43,12181948.0,101321683.0
2020-11-17,8.33,8.43,8.19,8.29,8444633.0,70120825.0
2020-11-18,8.25,8.5,8.21,8.37,8446390.0,70574582.0
2020-11-19,8.28,8.37,7.98,8.11,8527570.0,69373720.0
2020-11-20,8.12,8.5,8.05,8.43,9460872.0,78560679.0
2020-11-23,8.45,8.82,8.33,8.63,13239169.0,114118552.0
2020-11-24,8.57,8.82,8.5,8.73,8270105.0,71576053.0
2020-11-25,8.82,8.82,8.36,8.38,9003299.0,76990908.0
2020-11-26,8.36,8.46,8.17,8.27,6373646.0,52767255.0
2020-11-27,8.27,8.29,7.99,8.22,6134251.0,49824959.0
2020-11-30,8.22,8.7,8.14,8.32,11233575.0,95054753.0
2020-12-01,8.4,8.53,8.17,8.5,7980574.0,66785391.0
2020-12-02,8.55,8.74,8.43,8.5,8180015.0,69929990.0
2020-12-03,8.51,8.53,8.25,8.25,5352580.0,44546001.0
2020-12-04,8.21,8.51,8.18,8.49,5685104.0,47663614.0
2020-12-07,8.45,8.64,8.4,8.5,5800625.0,49393954.0
2020-12-08,8.5,8.55,8.31,8.33,4095576.0,34440545.0
2020-12-09,8.37,8.65,8.26,8.3,8420550.0,71205505.0
2020-12-10,8.24,8.33,8.08,8.09,5200009.0,42499199.0
2020-12-11,8.2,8.3,7.7,7.82,8069335.0,63877818.0
2020-12-14,7.8,8.0,7.58,7.99,4665096.0,36667080.0
2020-12-15,7.86,7.99,7.76,7.86,2999375.0,23531955.0
2020-12-16,7.88,7.96,7.67,7.76,4101198.0,32000732.0
2020-12-17,7.75,8.22,7.68,8.2,7225813.0,57898800.0
2020-12-18,8.23,8.54,8.18,8.36,8782316.0,73387771.0
2020-12-21,8.41,8.69,8.31,8.69,11222781.0,95975462.0
2020-12-22,8.61,8.7,8.41,8.47,9196455.0,78643406.0
2020-12-23,8.42,8.79,8.42,8.68,9599785.0,82952683.0
2020-12-24,8.69,8.88,8.6,8.69,11526413.0,100760367.0
2020-12-25,8.73,9.3,8.65,9.03,19582753.0,176246553.0
2020-12-28,9.03,9.13,8.75,8.93,13524468.0,120735152.0
2020-12-29,8.88,8.88,8.44,8.49,10272580.0,88221543.0
2020-12-30,8.48,9.06,8.44,9.0,14712719.0,130232447.0
2020-12-31,8.82,9.03,8.76,8.82,11488135.0,101950438.0
2021-01-04,8.84,9.29,8.77,9.17,13556180.0,123305227.0
2021-01-05,9.17,9.3,8.78,9.19,13468455.0,120650382.0
2021-01-06,9.19,9.19,8.55,8.68,12549128.0,109340974.0
2021-01-07,8.63,9.55,8.53,9.32,35176598.0,327332292.0
2021-01-08,8.9,8.97,8.39,8.4,26717608.0,228327073.0
2021-01-11,8.06,8.23,7.56,7.74,18616027.0,144548043.0
2021-01-12,7.76,7.84,7.58,7.68,7693982.0,59043790.0
2021-01-13,7.68,7.83,7.5,7.56,8127229.0,62166409.0
2021-01-14,7.52,7.64,7.36,7.52,6641906.0,49691066.0
2021-01-15,7.55,7.62,7.38,7.49,5018952.0,37665260.0
2021-01-18,7.51,7.81,7.51,7.79,5953767.0,45767521.0
2021-01-19,7.84,7.87,7.64,7.74,5504256.0,42614857.0
2021-01-20,7.67,7.85,7.62,7.8,5319243.0,41250320.0
2021-01-21,7.79,8.16,7.73,7.96,8851096.0,71034808.0
2021-01-22,7.91,8.1,7.87,7.99,5868747.0,46820979.0
2021-01-25,7.9,8.2,7.7,8.09,8033634.0,64097489.0
2021-01-26,8.0,8.06,7.75,7.91,5374977.0,42463575.0
2021-01-27,7.89,7.9,7.54,7.57,4988701.0,38195128.0
2021-01-28,7.48,7.7,7.37,7.48,3775388.0,28567789.0
2021-01-29,7.56,7.62,7.06,7.12,5925647.0,42940641.0
2021-02-01,7.18,7.47,7.12,7.42,4133438.0,30063441.0
2021-02-02,7.4,7.43,7.22,7.28,3872224.0,28254206.0
2021-02-03,7.24,7.49,7.19,7.26,3936615.0,28940555.0
2021-02-04,7.25,7.25,6.92,7.1,4540004.0,32199913.0
2021-02-05,7.07,7.18,6.76,6.76,3430817.0,23813822.0
2021-02-08,6.76,6.89,6.64,6.77,2641493.0,17907360.0
2021-02-09,6.74,7.23,6.74,7.16,4289024.0,30290678.0
2021-02-10,7.13,7.44,7.09,7.37,3919827.0,28647611.0
2021-02-18,7.8,8.05,7.68,7.83,8391706.0,65745424.0
2021-02-19,7.8,8.18,7.77,8.17,9784762.0,78569370.0
2021-02-22,8.23,8.99,8.22,8.55,21545543.0,187815519.0
2021-02-23,8.36,8.63,8.32,8.45,13288009.0,112763028.0
2021-02-24,8.41,8.53,8.25,8.37,8904155.0,74682151.0
2021-02-25,8.48,8.6,8.2,8.29,7680102.0,64296700.0
2021-02-26,8.06,8.39,8.0,8.21,5619901.0,46167456.0
2021-03-01,8.27,8.65,8.25,8.65,9348501.0,79423146.0
2021-03-02,8.55,8.72,8.4,8.53,9096064.0,77829054.0
2021-03-03,8.47,8.95,8.46,8.8,9457080.0,82859902.0
2021-03-04,8.66,9.2,8.61,8.85,12439294.0,110978569.0
2021-03-05,8.67,8.75,8.42,8.52,8901361.0,76256747.0
2021-03-08,8.53,8.97,8.48,8.5,10725781.0,93890009.0
2021-03-09,8.51,8.57,8.08,8.12,7730581.0,64254969.0
2021-03-10,8.21,8.36,8.01,8.09,5947930.0,48598251.0
2021-03-11,8.06,8.76,7.96,8.73,11184863.0,94752933.0
2021-03-12,8.65,8.9,8.55,8.81,9783348.0,85363957.0
2021-03-15,8.77,9.07,8.65,8.92,10688268.0,95236971.0
2021-03-16,8.86,8.93,8.66,8.78,6858751.0,60080037.0
2021-03-17,8.72,8.8,8.52,8.72,6573582.0,56934376.0
2021-03-18,8.7,8.77,8.45,8.51,5762312.0,49319605.0
2021-03-19,8.32,8.7,8.32,8.52,5778619.0,49477392.0
2021-03-22,8.54,8.85,8.46,8.69,6488927.0,56167189.0
2021-03-23,8.7,8.75,8.18,8.27,7676688.0,64234247.0
2021-03-24,8.2,8.24,7.78,7.85,7315532.0,58159678.0
2021-03-25,7.77,7.94,7.69,7.72,5413910.0,42324603.0
2021-03-26,7.72,7.9,7.68,7.86,3767058.0,29387609.0
2021-03-29,7.88,7.9,7.76,7.79,3600801.0,28160868.0
2021-03-30,7.84,8.05,7.65,7.97,8138800.0,64407711.0
2021-03-31,7.93,8.1,7.88,7.93,5528442.0,44137375.0
2021-04-01,7.91,8.16,7.82,8.07,5147376.0,41213254.0
2021-04-02,8.04,8.26,7.93,8.11,4725534.0,38156210.0
2021-04-06,8.07,8.18,7.99,8.02,3677495.0,29616036.0
2021-04-07,8.06,8.14,7.93,8.12,3924614.0,31572845.0
2021-04-08,8.1,8.42,8.07,8.22,6169525.0,51102591.0
2021-04-09,8.1,8.36,8.1,8.33,5356128.0,44332991.0
2021-04-12,8.36,8.41,8.08,8.15,5423600.0,44710121.0
2021-04-13,8.12,8.12,7.75,7.82,4401264.0,34844160.0
2021-04-14,7.89,7.99,7.79,7.96,2826500.0,22252632.0
2021-04-15,7.91,8.04,7.86,8.02,2818974.0,22418061.0
2021-04-16,8.06,8.28,7.97,8.23,4184490.0,34092799.0
2021-04-19,8.23,8.43,8.17,8.37,5472302.0,45644136.0
2021-04-20,8.41,8.45,8.28,8.31,4804634.0,40103454.0
2021-04-21,8.31,8.31,8.11,8.2,4125396.0,33719602.0
2021-04-22,8.22,8.35,8.15,8.35,3841317.0,31846667.0
2021-04-23,8.3,8.3,8.12,8.24,3656615.0,30010192.0
2021-04-26,8.26,8.52,8.22,8.3,6750029.0,56511538.0
2021-04-27,8.32,8.65,8.2,8.58,10948318.0,92391476.0
2021-04-28,8.56,8.56,8.07,8.3,10108992.0,83152154.0
2021-04-29,8.26,8.71,8.2,8.49,11188652.0,94655451.0
2021-04-30,8.5,8.67,8.28,8.64,9548502.0,81067064.0
2021-05-06,8.71,8.84,8.61,8.73,11322165.0,98768562.0
2021-05-07,8.71,9.1,8.66,8.81,19231686.0,170889530.0
2021-05-10,8.87,9.69,8.83,9.69,33332390.0,311216775.0
2021-05-11,9.49,9.54,9.06,9.35,23013164.0,213916449.0
2021-05-12,9.26,9.56,9.2,9.4,14778405.0,138723351.0
2021-05-13,9.2,9.23,8.93,9.06,13913657.0,126136435.0
2021-05-14,9.08,9.11,8.84,8.95,9828743.0,87806826.0
2021-05-17,8.87,9.03,8.68,9.01,8097034.0,71757895.0
2021-05-18,9.01,9.52,8.83,9.26,13979736.0,127776125.0
2021-05-19,9.14,9.27,9.07,9.08,8675275.0,79449976.0
2021-05-20,8.81,8.97,8.65,8.66,9947001.0,87459990.0
2021-05-21,8.62,8.82,8.6,8.78,4958986.0,43185934.0
2021-05-24,8.68,8.91,8.68,8.78,4929796.0,43452620.0
2021-05-25,8.79,8.85,8.53,8.75,6100680.0,53173429.0
2021-05-26,8.75,8.97,8.66,8.92,7624145.0,67410964.0
2021-05-27,8.88,8.92,8.76,8.8,5376434.0,47533738.0
2021-05-28,8.88,9.28,8.87,9.28,14026877.0,127557080.0
2021-05-31,9.3,9.56,9.14,9.55,16976989.0,158483530.0
2021-06-01,9.45,9.45,9.21,9.31,10207055.0,94882817.0
2021-06-02,9.27,10.24,9.19,9.85,34836116.0,347998027.0
2021-06-03,9.72,10.84,9.72,10.84,17355292.0,182461464.0
2021-06-04,11.27,11.49,10.35,10.52,38104595.0,411757477.0
2021-06-07,10.47,10.81,10.15,10.75,25465857.0,266941074.00000003
2021-06-08,10.55,10.83,10.09,10.1,20586436.0,213197337.0
2021-06-09,10.14,10.4,10.08,10.1,13024919.0,133130698.0
2021-06-10,10.13,10.33,9.94,10.2,14037008.0,142328475.0
2021-06-11,10.05,10.14,9.82,10.02,11453871.0,114326230.0
2021-06-15,9.96,10.3,9.77,10.2,11373578.0,114245974.0
2021-06-16,10.14,10.15,9.44,9.48,13198860.0,128987699.0
2021-06-17,9.43,9.69,9.18,9.63,7381146.0,70197370.0
2021-06-18,9.59,10.0,9.39,9.96,10913682.0,106488053.0
2021-06-21,9.89,10.06,9.8,10.05,7869900.0,78574529.0
2021-06-22,9.98,10.16,9.82,10.0,7393478.0,73748107.0
2021-06-23,9.96,10.27,9.94,10.1,9197259.0,93226362.0
2021-06-24,10.1,10.1,9.53,9.55,10908869.0,105857577.0
2021-06-25,9.55,9.74,9.44,9.73,5743174.0,55070562.0
2021-06-28,9.65,9.79,9.35,9.45,6827575.0,64724347.0
2021-06-29,9.47,9.6,9.42,9.42,4868910.0,46285127.0
2021-06-30,9.38,9.57,9.32,9.38,5160859.0,48569464.0
2021-07-01,9.38,9.4,8.84,8.85,10139174.0,92082736.0
2021-07-02,8.86,9.1,8.81,8.84,5197915.0,46527099.0
2021-07-05,8.86,9.27,8.86,9.26,7236312.0,66232626.00000001
2021-07-06,9.37,9.89,9.36,9.6,12867424.0,123617503.0
2021-07-07,9.59,10.04,9.5,10.02,13975041.0,137363914.0
2021-07-08,10.1,10.23,9.94,10.12,14784291.0,149714910.0
2021-07-09,10.1,11.13,10.02,11.13,27785291.0,298545156.0
2021-07-12,11.25,12.24,11.23,12.24,28556261.0,337017318.0
2021-07-13,12.2,12.2,11.6,11.72,24282618.0,286110721.0
2021-07-14,11.75,11.9,11.17,11.26,18559331.0,213591161.0
2021-07-15,11.37,11.41,10.77,11.26,20605263.0,228509829.0
2021-07-16,11.16,11.65,11.04,11.28,17085716.0,194256608.0
2021-07-19,11.4,11.68,11.13,11.31,16445051.0,187663558.0
2021-07-20,11.13,11.35,10.88,11.2,10294994.0,114771975.0
2021-07-21,11.35,11.74,11.26,11.6,18714248.0,215825403.0
2021-07-22,11.59,11.84,11.37,11.63,15655345.0,181702566.0
2021-07-23,11.67,12.53,11.67,11.77,22774035.0,273623933.0
2021-07-26,11.63,12.07,11.3,11.6,16560450.0,193332723.0
2021-07-27,11.74,12.15,11.12,11.13,18093172.0,212210584.0
2021-07-28,10.94,11.16,10.15,10.89,15633681.0,169162085.0
2021-07-29,11.12,11.95,11.11,11.78,16035544.0,184468837.0
2021-07-30,11.92,12.96,11.71,12.96,34889899.0,437122545.0
2021-08-02,13.06,13.67,12.8,13.04,31388341.0,414688189.0
2021-08-03,13.04,13.2,12.1,12.16,20077594.0,250917063.0
2021-08-04,12.25,12.73,12.05,12.67,15996944.0,199748345.0
2021-08-05,12.61,12.65,12.18,12.52,12288575.0,151892048.0
2021-08-06,12.37,13.77,12.37,13.77,25679984.0,342534045.0
2021-08-09,14.12,14.79,13.76,14.45,34699221.0,494373578.0
2021-08-10,14.49,14.55,13.8,14.08,21529549.0,303975649.0
2021-08-11,13.98,14.23,13.55,13.95,17019476.0,235510876.0
2021-08-12,14.1,15.35,13.96,15.35,27404437.0,406764014.0
2021-08-13,15.35,16.07,14.89,15.16,27462504.0,423557057.0
2021-08-16,15.39,16.68,15.27,16.07,37179235.0,602761007.0
2021-08-17,16.01,16.27,14.52,15.6,40711799.0,623182975.0
2021-08-18,15.53,16.09,14.88,15.9,28058768.0,432602638.0
2021-08-19,15.3,15.47,14.7,15.18,19700059.0,296479320.0
2021-08-20,15.18,15.45,14.58,14.83,14360730.0,213794002.0
2021-08-23,15.03,15.95,14.95,15.73,23279452.0,363681144.0
2021-08-24,15.71,16.25,14.88,15.82,22085886.0,346676159.0
2021-08-25,15.62,16.88,15.43,16.7,22223781.0,360652331.0
2021-08-26,16.4,18.18,16.13,17.33,24728660.0,420464904.0
2021-08-27,17.29,17.95,17.03,17.67,22364301.0,392398515.0
2021-08-30,17.96,17.98,17.0,17.28,19432200.0,338592432.0
2021-08-31,16.72,17.23,16.19,16.99,16647996.0,279024741.0
2021-09-01,17.07,17.53,15.6,15.79,21849423.0,358632956.0
2021-09-02,15.6,16.26,15.5,15.94,16251799.0,259661556.0
2021-09-03,15.74,16.48,14.84,15.18,19478050.0,302226497.0
2021-09-06,15.4,16.7,15.37,16.7,23417019.0,377677912.0
2021-09-07,16.75,17.38,16.2,16.47,22168976.0,370330909.0
2021-09-08,16.48,16.5,15.7,15.92,15359414.0,244623188.0
2021-09-09,15.79,16.12,15.66,15.96,13005320.0,206936100.0
2021-09-10,15.98,16.78,15.56,16.39,19913845.0,323452981.0
2021-09-13,16.25,16.34,15.41,16.31,17868510.0,284066519.0
2021-09-14,15.98,15.99,15.0,15.27,22508726.0,346832907.0
2021-09-15,15.2,16.2,14.4,16.16,26708577.0,410228624.0
2021-09-16,15.6,16.17,15.3,15.38,16620476.0,261074834.0
2021-09-17,15.19,15.71,14.02,14.41,16455186.0,241863037.0
2021-09-22,13.97,14.54,13.72,14.29,9549804.0,135169619.0
2021-09-23,14.22,14.56,13.96,13.98,10036115.0,142892427.0
2021-09-24,13.9,14.09,13.1,13.2,15826538.0,211652273.0
2021-09-27,13.2,13.42,11.88,12.19,19872365.0,246657069.0
2021-09-28,12.29,12.46,11.89,12.3,13195102.0,161398928.0
2021-09-29,12.31,12.31,11.54,11.66,9881213.0,117202651.0
2021-09-30,11.81,12.18,11.7,11.76,8615600.0,102133530.0
2021-10-08,11.99,12.17,11.42,11.72,7516275.0,87717152.0
2021-10-11,11.98,11.99,11.49,11.72,6345687.0,74331945.0
2021-10-12,11.69,12.19,11.36,11.56,11868200.0,139278639.0
2021-10-13,11.7,11.72,10.96,11.49,12857900.0,144471186.0
2021-10-14,11.49,12.08,11.38,11.87,12047844.0,142100561.0
2021-10-15,11.81,11.94,11.5,11.64,7514383.0,87599219.0
2021-10-18,11.69,12.03,11.57,12.03,10946349.0,130079727.0
2021-10-19,12.07,12.22,11.87,12.04,12376133.0,149186273.0
2021-10-20,12.02,12.45,11.66,12.12,16468018.0,200647479.0
2021-10-21,12.22,12.44,12.06,12.36,14635683.0,179606563.0
2021-10-22,12.29,12.29,11.55,11.56,15088825.0,179380581.0
2021-10-25,11.63,12.05,11.55,11.97,9816697.0,116425344.0
2021-10-26,12.15,12.15,11.7,11.72,9027754.0,107736108.0
2021-10-27,11.72,11.82,11.03,11.21,9959100.0,112699922.0
2021-10-28,11.03,11.16,10.34,10.54,13301382.0,141331380.0
2021-10-29,10.54,10.88,10.5,10.81,8022399.0,86076441.0
2021-11-01,10.81,11.13,10.74,11.13,6254752.0,68516864.0
2021-11-02,11.13,11.22,10.32,10.53,10353175.0,110786973.0
2021-11-03,10.56,10.68,10.25,10.6,11727680.0,122196644.0
2021-11-04,10.66,10.68,10.5,10.63,8661475.0,91641410.0
2021-11-05,10.57,10.75,9.57,10.29,9255626.0,96597809.0
2021-11-08,10.3,10.68,10.22,10.68,8282367.0,87337057.0
2021-11-09,10.71,10.74,10.37,10.5,8063775.0,84492582.0
2021-11-10,10.5,10.51,10.04,10.38,9587778.0,98149704.0
2021-11-11,10.35,10.46,10.29,10.4,7603367.0,78893022.0
2021-11-12,10.42,10.66,10.36,10.62,9540825.0,100329601.0
2021-11-15,10.62,10.63,10.3,10.41,8512642.0,88487334.0
2021-11-16,10.41,10.46,10.06,10.09,7785084.0,79879756.0
2021-11-17,10.1,10.6,10.08,10.6,13437500.0,140540296.0
2021-11-18,10.61,10.85,10.38,10.73,14778275.0,157165923.0
2021-11-19,10.73,11.38,10.6,11.34,19641339.0,217097509.0
2021-11-22,11.32,11.66,11.24,11.47,17130802.0,196149410.0
2021-11-23,11.47,11.7,11.35,11.5,11528145.0,132799537.0
2021-11-24,11.46,11.99,11.41,11.77,15252479.0,179584856.0
2021-11-25,11.88,11.88,11.55,11.63,10271092.0,119868322.0
2021-11-26,11.53,12.06,11.44,11.87,12673300.0,150151925.0
2021-11-29,11.6,11.74,11.4,11.57,10850229.0,125510440.0
2021-11-30,11.59,11.76,11.4,11.58,8347339.0,96684429.0
2021-12-01,11.45,11.64,11.33,11.6,7644907.0,87840929.0
2021-12-02,11.5,11.68,11.41,11.49,7613901.0,87803391.0
2021-12-03,11.5,11.57,11.3,11.47,6881176.0,78743693.0
2021-12-06,11.54,11.96,11.52,11.65,13161419.0,154692180.0
2021-12-07,11.71,11.78,10.98,11.18,12248675.0,138143146.0
2021-12-08,11.68,12.3,11.68,12.3,10819844.0,132340820.0
2021-12-09,12.92,13.53,12.65,13.53,62918390.0,832679614.0
2021-12-10,13.07,14.8,13.07,14.23,55667138.0,787857567.0
2021-12-13,14.19,14.4,13.16,13.19,44897349.0,604341832.0
2021-12-14,13.28,13.37,12.68,12.82,33458360.0,432154386.0
2021-12-15,12.66,13.13,12.62,12.79,26009659.0,335036313.0
2021-12-16,12.7,12.93,12.61,12.9,23981769.0,306147969.0
2021-12-17,12.89,13.11,12.38,12.4,25075649.0,317465409.0
2021-12-20,12.33,12.82,12.25,12.62,20324166.0,253978152.0
2021-12-21,12.52,12.65,12.26,12.65,15299083.0,190146458.0
2021-12-22,12.69,12.71,12.35,12.39,12887880.0,160669119.0
2021-12-23,12.45,12.65,12.39,12.65,15367731.0,192666019.0
2021-12-24,12.59,12.59,11.78,11.8,18683572.0,226374097.0
2021-12-27,11.7,11.81,11.2,11.81,11777451.0,136416943.0
2021-12-28,11.82,12.08,11.78,11.9,8862736.0,105599407.0
2021-12-29,11.7,11.98,11.67,11.83,6966987.0,82588354.0
2021-12-30,11.93,12.07,11.86,11.98,8220370.0,98371216.0
2021-12-31,12.01,12.02,11.71,11.79,8617600.0,102391832.0
2022-01-04,11.81,12.01,11.8,11.81,8158250.0,96899463.0
2022-01-05,11.8,11.82,11.21,11.35,11174200.0,127642204.0
2022-01-06,11.33,11.54,11.26,11.44,6164976.0,70277488.0
2022-01-07,11.42,11.47,11.12,11.12,7646401.0,86136557.0
2022-01-10,11.06,11.24,11.01,11.19,5056000.0,56408569.0
2022-01-11,11.25,11.29,11.07,11.11,6231825.0,69722836.0
2022-01-12,11.21,11.49,11.21,11.46,8308057.0,94744842.0
2022-01-13,11.46,11.54,11.25,11.26,7253804.0,82355205.0
2022-01-14,11.23,11.35,11.14,11.15,5539811.0,62108236.0
2022-01-17,11.18,11.38,11.18,11.31,5829200.0,65685274.00000001
2022-01-18,11.3,11.4,11.19,11.21,5668138.0,64019543.0
2022-01-19,11.15,11.19,10.92,11.0,7477100.0,82695727.0
2022-01-20,11.03,11.15,10.67,10.75,6889475.0,74522576.0
2022-01-21,10.76,10.81,10.53,10.72,3694802.0,39471211.0
2022-01-24,10.72,10.85,10.56,10.79,3528165.0,37886629.0
2022-01-25,10.77,10.79,10.23,10.24,6757600.0,70684286.0
2022-01-26,10.27,10.46,10.24,10.42,4017931.0,41688463.0
2022-01-27,10.36,10.48,10.03,10.06,3922650.0,40100218.0
2022-01-28,10.06,10.23,9.9,10.18,3455301.0,34844132.0
2022-02-07,10.32,10.57,10.3,10.47,4005360.0,41918465.0
2022-02-08,10.46,10.7,10.42,10.7,4878453.0,51555153.0
2022-02-09,10.7,11.07,10.63,11.05,8170126.0,89082918.0
2022-02-10,11.21,11.25,10.88,11.02,7424712.0,81809831.0
2022-02-11,10.99,10.99,10.72,10.78,7039286.0,76287572.0
2022-02-14,10.82,10.91,10.64,10.71,4726216.0,50885519.0
2022-02-15,10.78,10.85,10.6,10.83,4486000.0,48254895.0
2022-02-16,10.85,11.01,10.85,10.96,4798852.0,52519215.0
2022-02-17,10.88,11.2,10.87,11.07,8221570.0,91124104.0
2022-02-18,10.95,11.21,10.92,11.15,6192472.0,68934434.0
2022-02-21,11.1,11.29,11.05,11.25,6386350.0,71737456.0
2022-02-22,11.24,11.33,11.06,11.24,8817011.0,98626974.0
2022-02-23,11.24,11.45,11.18,11.41,9254272.0,105022202.0
2022-02-24,11.4,11.52,11.01,11.16,11268872.0,127252191.0
2022-02-25,11.21,11.47,11.21,11.31,7020525.0,79676049.0
2022-02-28,11.46,11.66,11.14,11.6,12959618.0,148864962.0
2022-03-01,11.9,11.9,11.4,11.5,11022541.0,127177714.0
2022-03-02,11.54,11.68,11.44,11.58,7979139.0,92278925.0
2022-03-03,11.69,11.85,11.55,11.75,10788575.0,126699262.0
2022-03-04,11.73,11.73,11.26,11.31,9381675.0,107264523.0
2022-03-07,11.3,11.42,11.15,11.22,6389558.0,72140446.0
2022-03-08,11.22,11.37,10.65,10.86,8507100.0,93396397.0
2022-03-09,10.73,10.86,9.77,10.33,10157500.0,105220673.0
2022-03-10,10.49,10.66,10.38,10.47,6204700.0,65218758.0
2022-03-11,10.4,10.47,10.08,10.35,6073384.0,62341242.0
2022-03-14,10.29,10.29,9.95,9.95,6422241.0,64699032.0
2022-03-15,9.9,9.9,9.07,9.08,9813026.0,92671783.0
2022-03-16,9.2,9.55,8.99,9.54,7713825.0,71512936.0
2022-03-17,9.71,9.86,9.51,9.57,6394100.0,61996724.0
2022-03-18,9.58,9.75,9.5,9.68,5547700.0,53586183.0
2022-03-21,9.68,9.88,9.58,9.83,5944294.0,58082925.0
2022-03-22,9.83,9.9,9.67,9.84,4390889.0,42994504.0
2022-03-23,9.84,10.09,9.77,10.08,5806416.0,57802524.0
2022-03-24,9.97,10.03,9.82,9.86,5013643.0,49610186.0
2022-03-25,9.85,9.97,9.81,9.89,3872742.0,38304981.0
2022-03-28,9.74,9.83,9.5,9.66,4465700.0,43013717.0
2022-03-29,9.74,9.86,9.63,9.69,4527392.0,44071398.0
2022-03-30,9.62,9.77,9.58,9.68,4944156.0,47760571.0
2022-03-31,9.6,9.98,9.5,9.8,6860682.0,66293903.99999999
2022-04-01,9.71,9.84,9.58,9.65,6695400.0,64835730.0
2022-04-06,9.57,9.72,9.51,9.66,3793200.0,36407568.0
2022-04-07,9.64,9.66,9.41,9.42,3633255.0,34569400.0
2022-04-08,9.6,9.73,9.42,9.62,5206739.0,49901833.0
2022-04-11,9.51,9.52,9.1,9.19,4774875.0,44371962.0
2022-04-12,9.09,9.49,9.05,9.48,3880314.0,36103176.0
2022-04-13,9.44,9.77,9.35,9.63,6749541.0,64941474.0
2022-04-14,9.6,9.85,9.56,9.79,7013860.0,68331914.0
2022-04-15,9.75,10.21,9.7,9.86,9940675.0,98921688.0
2022-04-18,9.83,9.93,9.5,9.78,5546274.0,53689952.0
2022-04-19,9.78,10.17,9.78,10.08,10269010.0,102887370.0
2022-04-20,10.03,10.09,9.82,10.0,6796564.0,67686618.0
2022-04-21,10.02,10.08,9.46,9.51,5612035.0,54912592.0
2022-04-22,9.4,9.49,9.17,9.23,4168000.0,38782475.0
2022-04-25,9.09,9.09,8.31,8.31,8913000.0,75609745.0
2022-04-26,8.11,8.25,7.67,7.69,8087588.0,63810301.0
2022-04-27,7.58,8.24,7.36,8.18,7247950.0,56625885.0
2022-04-28,8.01,8.42,7.89,8.27,6948116.0,57178831.0
2022-04-29,8.32,8.59,8.29,8.53,5324313.0,44948335.0
2022-05-05,8.52,8.7,8.4,8.58,4589338.0,39367510.0
2022-05-06,8.38,8.57,8.27,8.48,4313550.0,36388565.0
2022-05-09,8.39,8.65,8.39,8.61,3101462.0,26601371.0
2022-05-10,8.59,8.83,8.47,8.79,4217310.0,36702337.0
2022-05-11,8.81,9.17,8.8,8.93,6265205.0,56473599.0
2022-05-12,8.93,9.1,8.86,9.0,3361200.0,30191433.0
2022-05-13,8.99,9.15,8.96,9.11,4375933.0,39748380.0
2022-05-16,9.18,9.48,9.15,9.25,5803941.0,54135995.0
2022-05-17,9.24,9.54,9.21,9.43,5395188.0,50530820.0
2022-05-18,9.45,9.55,9.42,9.46,3622505.0,34349904.0
2022-05-19,9.31,9.51,9.26,9.47,4387600.0,41371114.0
2022-05-20,9.55,9.93,9.54,9.79,9853660.0,96076378.0
2022-05-23,9.9,10.21,9.74,10.19,10107434.0,101417286.0
2022-05-24,10.1,10.12,9.6,9.61,9720125.0,95890749.0
2022-05-25,9.6,9.81,9.58,9.73,4629100.0,45008642.0
2022-05-26,9.73,9.86,9.52,9.81,5006501.0,48742446.0
2022-05-27,9.92,9.92,9.59,9.66,4643348.0,45156248.0
2022-05-30,9.78,10.0,9.7,10.0,6340576.0,62539959.0
2022-05-31,9.95,10.14,9.88,10.14,7045523.0,70580519.0
2022-06-01,10.14,10.14,9.85,9.96,5479901.0,54680833.0
2022-06-02,10.03,10.47,9.94,10.19,8790167.0,89860640.0
2022-06-06,10.1,10.48,10.1,10.38,9052952.0,93535516.0
2022-06-07,10.36,10.4,10.13,10.24,6017500.0,61753762.0
2022-06-08,10.21,10.42,9.99,10.35,6831001.0,70034867.0
2022-06-09,10.37,10.37,10.01,10.09,5384101.0,54534856.0
2022-06-10,10.08,10.34,9.98,10.3,6507700.0,66714388.00000001
2022-06-13,10.2,10.91,10.16,10.75,13540728.0,143774947.0
2022-06-14,10.6,10.87,10.42,10.82,11315275.0,120496967.0
2022-06-15,10.83,10.92,10.62,10.63,10944456.0,117773434.0
2022-06-16,10.73,10.84,10.47,10.56,6691629.0,71097898.0
2022-06-17,10.46,10.77,10.43,10.76,7586725.0,80718991.0
2022-06-20,10.69,10.77,10.53,10.58,6490450.0,68776759.0
2022-06-21,10.6,10.6,9.97,10.11,10260454.0,104606197.0
2022-06-22,10.19,10.37,10.04,10.08,6404025.0,65228037.0
2022-06-23,10.05,10.44,10.04,10.34,7570650.0,77868032.0
2022-06-24,10.34,10.47,10.23,10.39,6154744.0,63935195.0
2022-06-27,10.46,10.55,10.29,10.44,6121900.0,63791801.0
2022-06-28,10.43,11.2,10.43,11.1,15230952.0,166074428.0
2022-06-29,11.11,11.15,10.39,10.4,11694607.0,124690196.0
2022-06-30,10.39,10.71,10.39,10.47,6235261.0,65856417.0
2022-07-01,10.5,10.63,10.39,10.47,4941859.0,51946685.0
2022-07-04,10.48,10.91,10.41,10.75,7985578.0,85719131.0
2022-07-05,10.76,10.95,10.6,10.84,8202643.0,88314158.0
2022-07-06,10.76,10.76,10.2,10.36,7785411.0,80933732.0
2022-07-07,10.4,10.8,10.31,10.66,7695868.0,81530020.0
2022-07-08,10.67,10.88,10.48,10.49,6902787.0,73669129.0
2022-07-11,10.51,10.51,9.96,10.07,9547486.0,96467348.0
2022-07-12,10.05,10.15,9.94,9.96,4888800.0,48969685.0
2022-07-13,9.94,10.03,9.79,10.0,4511910.0,44724295.0
2022-07-14,9.93,10.31,9.9,10.23,6072800.0,61684788.0
2022-07-15,10.13,10.29,9.9,9.9,4882700.0,49127564.0
2022-07-18,9.99,10.37,9.92,10.36,7581801.0,77408473.0
2022-07-19,10.32,10.57,10.3,10.45,5667889.0,59239061.0
2022-07-20,10.49,10.76,10.41,10.74,7011452.0,74285346.0
2022-07-21,10.7,10.96,10.59,10.78,9555515.0,103470859.0
2022-07-22,10.78,10.89,10.5,10.63,6491025.0,69225809.0
2022-07-25,10.7,10.77,10.33,10.38,5446200.0,57205550.0
2022-07-26,10.47,10.52,10.23,10.42,4365610.0,45388526.0
2022-07-27,10.46,10.62,10.41,10.54,3935322.0,41442340.0
2022-07-28,10.54,10.72,10.51,10.64,5185611.0,55073139.0
2022-07-29,10.66,10.79,10.49,10.51,4452150.0,47149035.0
2022-08-01,10.51,10.62,10.4,10.59,3969426.0,41741794.0
2022-08-02,10.55,10.55,9.85,9.97,8454253.0,84975079.0
2022-08-03,9.96,10.44,9.96,10.08,7232523.0,74029950.0
2022-08-04,10.14,10.29,10.0,10.26,4568002.0,46490468.0
2022-08-05,10.29,10.47,10.16,10.46,4912350.0,50676372.0
2022-08-08,10.49,10.65,10.31,10.61,5087102.0,53530905.0
2022-08-09,10.62,10.75,10.51,10.67,5712181.0,60783532.0
2022-08-10,10.68,10.84,10.62,10.75,5873300.0,62965648.0
2022-08-11,10.8,10.84,10.61,10.75,5389590.0,57672991.0
2022-08-12,10.79,10.89,10.66,10.72,6367231.0,68660844.0
2022-08-15,10.69,10.98,10.66,10.9,9078365.0,98627014.0
2022-08-16,10.91,10.92,10.74,10.8,5533151.0,59716202.0
2022-08-17,10.8,10.83,10.59,10.69,4955301.0,52867442.0
2022-08-18,10.72,10.74,10.57,10.68,4004851.0,42690935.0
2022-08-19,10.74,10.74,10.37,10.39,6311989.0,66494243.0
2022-08-22,10.34,10.8,10.28,10.77,8259702.0,87425010.0
2022-08-23,10.76,10.83,10.6,10.83,6606601.0,70804242.0
2022-08-24,10.91,10.98,10.23,10.25,9405800.0,98485905.0
2022-08-25,10.3,10.43,10.12,10.37,8425700.0,86611893.0
2022-08-26,10.23,10.69,10.23,10.43,8535300.0,89671104.0
2022-08-29,10.26,10.33,10.13,10.3,6414090.0,65581652.0
2022-08-30,10.32,10.53,10.06,10.21,7793259.0,79964121.0
2022-08-31,10.15,10.2,9.64,9.65,9912565.0,97288867.0
2022-09-01,9.56,9.68,9.38,9.4,6506552.0,61953381.0
2022-09-02,9.43,9.53,9.35,9.51,4233501.0,40054689.0
2022-09-05,9.48,9.63,9.45,9.62,3860254.0,36944152.0
2022-09-06,9.63,10.14,9.6,10.1,9475812.0,94618061.0
2022-09-07,10.11,10.6,10.05,10.58,12606511.0,131714829.0
2022-09-08,10.63,10.75,10.47,10.69,10728590.0,114132753.0
2022-09-09,10.69,10.83,10.6,10.69,6466233.0,69175324.0
2022-09-13,10.75,10.94,10.66,10.82,7601988.0,82301401.0
2022-09-14,10.66,10.95,10.6,10.73,8083888.0,87339410.0
2022-09-15,10.8,10.84,10.14,10.26,9005801.0,93363725.0
2022-09-16,10.26,10.32,9.72,9.74,8663631.0,86278376.0
2022-09-19,9.81,9.87,9.31,9.38,9935713.0,94151761.0
2022-09-20,9.54,9.86,9.5,9.77,8684584.0,84594584.0
2022-09-21,9.8,9.83,9.61,9.77,5349400.0,52033208.0
2022-09-22,9.7,10.23,9.66,10.05,8292221.0,83180468.0
2022-09-23,10.08,10.11,9.69,9.77,6265728.0,61657794.0
2022-09-26,9.65,9.65,9.35,9.39,6294564.0,59631429.0
2022-09-27,9.48,9.65,9.16,9.54,5920229.0,55316317.0
2022-09-28,9.48,9.48,8.86,8.91,8860125.0,80145352.0
2022-09-29,9.0,9.13,8.91,8.97,5538375.0,49967180.0
2022-09-30,8.94,9.05,8.84,8.88,4196339.0,37475247.0
2022-10-10,8.88,8.95,8.62,8.66,4076103.0,35813395.0
2022-10-11,8.66,8.84,8.66,8.79,3867126.0,33910414.0
2022-10-12,8.77,9.07,8.68,9.07,5152300.0,45745853.0
2022-10-13,9.05,9.2,8.99,9.06,5874700.0,53416006.0
2022-10-14,9.11,9.21,9.05,9.19,5497600.0,50277769.0
2022-10-17,9.12,9.24,9.05,9.24,5361362.0,49076168.0
2022-10-18,9.22,9.26,9.13,9.17,4462031.0,41008776.0
2022-10-19,9.16,9.19,9.07,9.08,4003726.0,36537619.0
2022-10-20,9.05,9.14,8.88,9.05,4093425.0,36909754.0
2022-10-21,9.06,9.1,8.96,9.0,2859443.0,25821112.0
2022-10-24,9.02,9.15,8.83,8.88,4343500.0,39169468.0
2022-10-25,8.88,8.94,8.63,8.9,4519473.0,39644652.0
2022-10-26,8.89,9.09,8.85,9.03,4453300.0,40071734.0
2022-10-27,9.05,9.19,9.02,9.09,5020300.0,45805725.0
2022-10-28,9.02,9.02,8.6,8.64,5762976.0,50624884.0
2022-10-31,8.53,8.77,8.53,8.69,3018671.0,26156531.0
2022-11-01,8.63,9.08,8.63,9.08,5725823.0,51128369.0
2022-11-02,9.1,9.24,9.02,9.17,4801585.0,43955936.0
2022-11-03,9.12,9.29,9.1,9.24,4217533.0,38910618.0
2022-11-04,9.15,9.47,9.1,9.44,6298844.0,59089190.0
2022-11-07,9.44,9.6,9.42,9.48,5004725.0,47566699.0
2022-11-08,9.5,9.67,9.47,9.58,6334725.0,60648625.0
2022-11-09,9.65,9.68,9.53,9.59,4086931.0,39200914.0
2022-11-10,9.56,9.56,9.38,9.41,3855300.0,36375396.0
2022-11-11,9.6,9.65,9.45,9.55,5221901.0,49830868.0
2022-11-14,9.56,9.61,9.3,9.33,5453801.0,51482675.0
2022-11-15,9.39,9.53,9.3,9.53,3991400.0,37588615.0
2022-11-16,9.57,9.59,9.42,9.45,3217475.0,30457239.0
2022-11-17,9.42,9.46,9.27,9.36,3520350.0,32843957.000000004
2022-11-18,9.36,9.39,9.19,9.21,4029500.0,37448225.0
2022-11-21,9.17,9.22,9.01,9.21,3321117.0,30224254.0
2022-11-22,9.19,9.25,9.05,9.1,3019755.0,27619724.0
2022-11-23,9.1,9.33,9.05,9.31,5467474.0,50126993.0
2022-11-24,9.34,9.34,9.11,9.14,4640413.0,42734096.0
2022-11-25,9.14,9.16,9.03,9.09,3247200.0,29495408.0
2022-11-28,9.03,9.03,8.89,9.02,3298825.0,29555806.0
2022-11-29,9.08,9.18,9.0,9.17,3362361.0,30642992.0
2022-11-30,9.17,9.22,9.12,9.22,4052250.0,37201148.0
2022-12-01,9.28,9.35,9.24,9.34,5628844.0,52401405.0
2022-12-02,9.35,9.36,9.26,9.32,3705104.0,34492861.0
2022-12-05,9.36,9.53,9.28,9.52,6817852.0,64273844.0
2022-12-06,9.51,9.53,9.4,9.44,4250426.0,40156296.0
2022-12-07,9.4,9.49,9.36,9.41,3257800.0,30649828.0
2022-12-08,9.4,9.42,9.3,9.36,2325001.0,21774464.0
2022-12-09,9.36,9.53,9.29,9.48,4769750.0,44959603.0
2022-12-12,9.44,9.48,9.23,9.27,3522401.0,32878145.0
2022-12-13,9.3,9.42,9.23,9.41,3420500.0,32044673.0
2022-12-14,9.41,9.6,9.35,9.45,5104828.0,48438502.0
2022-12-15,9.4,9.46,9.33,9.42,2931300.0,27522940.0
2022-12-16,9.39,9.39,9.15,9.2,3338606.0,30881878.0
2022-12-19,9.16,9.27,8.88,8.96,2851700.0,25816964.0
2022-12-20,8.91,9.03,8.85,8.91,1844402.0,16465847.000000002
2022-12-21,8.94,8.97,8.73,8.83,2177923.0,19298179.0
2022-12-22,8.9,8.91,8.62,8.65,2515200.0,22015197.0
2022-12-23,8.58,8.7,8.54,8.61,2596971.0,22350986.0
2022-12-26,8.62,8.74,8.58,8.72,2047001.0,17756169.0
2022-12-27,8.74,8.96,8.7,8.94,2620300.0,23225432.0
2022-12-28,8.93,9.1,8.81,9.0,3067300.0,27535236.0
2022-12-29,8.98,9.05,8.81,8.83,2619951.0,23299486.0
2022-12-30,8.92,8.92,8.82,8.89,2047623.0,18186833.0
2023-01-03,8.88,9.49,8.82,9.47,8635719.0,80008161.0
2023-01-04,9.45,9.55,9.36,9.45,4228100.0,39894499.0
2023-01-05,9.45,9.48,9.37,9.41,2255700.0,21245390.0
2023-01-06,9.37,9.48,9.37,9.46,3212600.0,30304157.0
2023-01-09,9.5,9.62,9.44,9.56,4390017.0,41880121.0
2023-01-10,9.55,9.59,9.45,9.47,2792100.0,26531037.0
2023-01-11,9.47,9.5,9.34,9.35,2537701.0,23877743.0
2023-01-12,9.36,9.45,9.29,9.32,2298725.0,21545337.0
2023-01-13,9.36,9.46,9.3,9.37,2285325.0,21415106.0
2023-01-16,9.38,9.49,9.36,9.45,2851150.0,26923670.0
2023-01-17,9.45,9.51,9.4,9.51,2822657.0,26712055.0
2023-01-18,9.56,9.78,9.47,9.73,4970600.0,48130850.0
2023-01-19,9.68,10.7,9.68,10.7,19206659.0,202363367.0
2023-01-20,10.41,10.81,10.35,10.72,23989389.0,254748986.0
2023-01-30,11.05,11.79,11.05,11.79,23040803.0,267149440.0
2023-01-31,11.88,12.29,11.61,12.01,35581373.0,426409725.0
2023-02-01,12.12,13.21,12.1,13.21,16578618.0,212653325.0
2023-02-02,14.0,14.36,13.22,13.42,55969487.0,762225673.0
2023-02-03,13.4,13.53,12.95,13.19,39482113.0,521417418.0
2023-02-06,13.11,13.13,12.39,12.69,29337300.0,370863454.0
2023-02-07,12.79,13.19,12.6,12.96,28845573.0,372478784.0
2023-02-08,12.8,12.89,12.57,12.65,14164304.0,180008173.0
2023-02-09,12.69,12.91,12.63,12.7,12396950.0,157960932.0
2023-02-10,12.64,12.68,12.19,12.32,18531751.0,229178417.0
2023-02-13,12.4,12.65,12.21,12.52,13014837.0,162421101.0
2023-02-14,12.51,13.14,12.37,12.68,22883322.0,293008299.0
2023-02-15,12.66,13.05,12.5,12.76,17142605.0,219203484.0
2023-02-16,12.65,12.77,12.06,12.18,18495472.0,229942083.0
2023-02-17,12.3,12.38,12.1,12.2,9060002.0,111152142.0
2023-02-20,12.2,12.67,12.14,12.52,11631979.0,144079182.0
2023-02-21,12.59,12.85,12.42,12.7,11621605.0,147179353.0
2023-02-22,12.64,12.69,12.47,12.66,8311900.0,104369695.0
2023-02-23,12.66,12.85,12.52,12.56,8214554.0,103981299.0
2023-02-24,12.51,12.73,12.45,12.66,7228250.0,91233779.0
2023-02-27,12.61,12.77,12.45,12.53,5765652.0,72451745.0
2023-02-28,12.52,12.65,12.42,12.58,5911375.0,74021484.0
2023-03-01,12.59,12.79,12.5,12.77,9666779.0,122320045.0
2023-03-02,12.78,12.85,12.39,12.43,8764995.0,109364074.0
2023-03-03,12.43,12.55,12.37,12.48,4223206.0,52619198.0
2023-03-06,12.51,12.77,12.38,12.68,6723800.0,84469508.0
2023-03-07,12.68,12.68,12.25,12.25,6621750.0,82424516.0
2023-03-08,12.3,12.36,12.13,12.24,4968683.0,60789833.0
2023-03-09,12.88,13.3,11.96,12.13,26283362.0,327323287.0
2023-03-10,11.78,12.0,11.6,11.79,17915382.0,211307672.0
2023-03-13,11.59,12.05,11.5,11.73,7432100.0,87382288.0
2023-03-14,11.72,12.09,11.66,11.88,9163253.0,108898748.0
2023-03-15,11.8,12.08,11.8,11.96,6496397.0,77812172.0
2023-03-16,11.79,11.87,11.5,11.51,6220673.0,72450955.0
2023-03-17,11.65,11.72,11.46,11.49,5022000.0,57969693.0
2023-03-20,11.5,11.89,11.4,11.62,7133336.0,83019830.0
2023-03-21,11.65,11.85,11.51,11.85,5186833.0,60824576.0
2023-03-22,11.87,12.08,11.72,11.81,5162225.0,61361324.0
2023-03-23,11.81,11.88,11.73,11.83,3638440.0,42972488.0
2023-03-24,11.82,11.96,11.79,11.88,3625400.0,43045841.0
2023-03-27,11.84,11.85,11.6,11.67,4767925.0,55689977.0
2023-03-28,11.74,11.74,11.37,11.37,4203600.0,48239030.0
2023-03-29,11.37,11.5,11.3,11.38,3893500.0,44326734.0
2023-03-30,11.3,11.45,11.2,11.35,3299231.0,37305454.0
2023-03-31,11.47,12.2,11.36,11.77,10895326.0,129107001.0
2023-04-03,11.69,12.07,11.65,11.97,7242025.0,86468377.0
2023-04-04,11.87,11.96,11.71,11.76,5504812.0,65075932.0
2023-04-06,11.79,12.32,11.75,12.17,9859816.0,119487250.0
2023-04-07,12.13,12.13,11.88,11.94,6928001.0,82893495.0
2023-04-10,11.82,11.86,11.46,11.53,7425143.0,86285285.0
2023-04-11,11.58,12.03,11.45,11.99,8943501.0,105363480.0
2023-04-12,11.95,12.12,11.77,11.94,7418400.0,88510649.0
2023-04-13,12.05,12.73,12.0,12.66,28159133.0,350079508.0
2023-04-14,12.48,13.0,12.18,12.94,34294416.0,433356227.0
2023-04-17,12.78,13.23,12.6,13.1,25424255.0,328561194.0
2023-04-18,13.1,13.23,12.81,12.87,15522190.0,200850241.0
2023-04-19,12.78,13.0,12.6,12.64,13365411.0,170340479.0
2023-04-20,12.68,12.92,12.4,12.86,12045015.0,152831267.0
2023-04-21,12.68,12.84,12.21,12.25,8835110.0,110687627.0
2023-04-24,12.19,12.37,12.05,12.13,6867951.0,83802003.0
2023-04-25,12.32,12.43,11.17,11.29,12318149.0,142441624.0
2023-04-26,11.13,11.87,11.13,11.73,10533476.0,122352170.0
2023-04-27,11.61,11.69,11.31,11.34,5411810.0,61974816.0
2023-04-28,11.32,11.45,11.25,11.45,4438416.0,50577829.0
2023-05-04,11.4,11.58,11.17,11.23,6560407.0,74300715.0
2023-05-05,11.24,11.29,10.61,10.84,9870345.0,107021337.0
2023-05-08,10.83,11.06,10.81,10.94,5869205.0,64211401.0
2023-05-09,10.97,11.29,10.81,10.99,7417905.0,81922027.0
2023-05-10,10.91,11.01,10.83,11.0,4116430.0,44983383.0
2023-05-11,10.99,11.0,10.77,10.91,4098240.0,44655996.0
2023-05-12,10.89,10.91,10.63,10.7,3554150.0,38115752.0
2023-05-15,10.58,10.89,10.58,10.88,3386001.0,36399258.0
2023-05-16,10.85,10.91,10.65,10.8,4450558.0,47954346.0
2023-05-17,10.72,10.98,10.69,10.97,3956675.0,43004663.0
2023-05-18,10.96,11.16,10.96,11.1,4796839.0,53062032.0
2023-05-19,11.11,11.19,10.9,11.16,4343810.0,48046453.0
2023-05-22,11.15,11.15,10.93,11.05,3321461.0,36656542.0
2023-05-23,10.98,11.09,10.92,10.94,3099523.0,34077554.0
2023-05-24,10.93,11.12,10.84,11.01,4143524.0,45676832.0
2023-05-25,11.05,11.05,10.7,10.9,4013000.0,43531673.0
2023-05-26,10.85,11.12,10.73,11.06,4571901.0,50203192.0
2023-05-29,11.1,11.19,10.75,10.75,4482894.0,48676033.0
2023-05-30,10.7,10.92,10.7,10.88,3225301.0,34868905.0
2023-05-31,10.86,10.91,10.71,10.72,3511401.0,37883967.0
2023-06-01,10.7,11.08,10.68,10.95,5454670.0,59604924.0
2023-06-02,10.98,11.4,10.92,11.38,9293701.0,104361646.0
2023-06-05,11.34,11.34,11.05,11.16,6104200.0,68120850.0
2023-06-06,11.1,11.15,10.85,10.88,4777400.0,52515091.0
2023-06-07,10.88,10.88,10.72,10.77,3640200.0,39294714.0
2023-06-08,10.8,10.86,10.66,10.79,3668800.0,39484417.0
2023-06-09,10.79,11.0,10.78,10.92,4693976.0,51185100.0
2023-06-12,10.93,10.94,10.7,10.84,3433500.0,37078488.0
2023-06-13,10.84,10.84,10.73,10.79,2808809.0,30279339.0
2023-06-14,10.8,11.11,10.69,10.97,6437746.0,70263095.0
2023-06-15,10.92,11.23,10.74,11.18,8138800.0,89523450.0
2023-06-16,11.15,11.77,11.08,11.55,12567896.0,143861176.0
2023-06-19,11.87,12.71,11.87,12.71,23321115.0,289125637.0
2023-06-20,12.89,12.97,12.41,12.78,31923190.0,406000905.0
2023-06-21,12.66,13.0,12.3,12.37,17613400.0,222457498.0
2023-06-26,12.15,12.37,11.94,11.99,12930704.0,156890091.0
2023-06-27,12.09,12.27,11.95,12.13,9158950.0,110833367.0
2023-06-28,12.25,12.25,11.7,11.85,9037875.0,107023045.0
2023-06-29,11.82,12.18,11.71,12.03,6411200.0,76942001.0
2023-06-30,11.97,12.33,11.97,12.25,6779525.0,82801736.0
2023-07-03,12.21,12.38,12.2,12.32,6919477.0,85008111.0
2023-07-04,12.77,13.08,12.1,12.18,19660101.0,243917849.0
2023-07-05,12.02,13.4,12.02,13.4,33059639.0,426882496.0
2023-07-06,13.4,13.67,13.11,13.17,37127006.0,494394687.0
2023-07-07,13.17,13.2,12.68,12.84,18517563.0,238243712.0
2023-07-10,12.81,12.95,12.66,12.67,11019001.0,140486952.0
2023-07-11,12.7,12.77,12.41,12.77,12988514.0,163972109.0
2023-07-12,12.63,12.7,12.13,12.55,12753712.0,159866651.0
2023-07-13,12.62,12.87,12.51,12.6,12287713.0,155839171.0
2023-07-14,12.62,12.79,12.5,12.57,8202000.0,103464547.0
2023-07-17,12.45,12.6,12.28,12.36,6993916.0,86803125.0
2023-07-18,12.38,12.55,12.35,12.45,5220844.0,65011168.0
2023-07-19,12.45,12.51,12.28,12.44,5779959.0,71560925.0
2023-07-20,12.51,12.51,12.12,12.16,5819250.0,71404251.0
2023-07-21,12.14,12.28,12.0,12.1,4691911.0,56862207.0
2023-07-24,12.1,12.22,11.96,12.12,3230875.0,39114281.0
2023-07-25,12.17,12.31,12.11,12.21,5104050.0,62267688.0
2023-07-26,12.23,12.28,11.92,11.99,5403172.0,64923148.0
2023-07-27,12.03,12.21,11.95,11.99,4353000.0,52676222.0
2023-07-28,12.0,12.13,11.78,12.13,5741600.0,68943984.0
2023-07-31,12.2,12.6,12.18,12.35,13763000.0,171005628.0
2023-08-01,12.39,13.59,12.38,13.58,36439585.0,471187124.0
2023-08-02,14.24,14.94,13.4,13.46,78465174.0,1110236615.0
2023-08-03,12.6,13.1,12.41,12.85,44493446.0,566990555.0
2023-08-04,12.76,13.34,12.25,12.92,46351783.0,583964705.0
2023-08-07,12.58,14.09,12.43,13.89,52411760.0,697305857.0
2023-08-08,13.42,13.42,12.99,13.0,32138298.0,423689775.0
2023-08-09,12.72,13.6,12.7,13.41,34622562.0,461201166.0
2023-08-10,13.34,13.4,12.94,13.13,20370505.0,267228436.0
2023-08-11,13.19,13.3,12.41,12.42,21276716.0,271596033.0
2023-08-14,12.3,12.68,12.21,12.44,11480965.0,142845435.0
2023-08-15,12.39,12.75,12.32,12.37,12721406.0,159322676.0
2023-08-16,12.28,12.35,11.71,11.9,18457437.0,220959518.0
2023-08-17,11.81,12.09,11.58,12.07,10921101.0,129601339.0
2023-08-18,11.97,12.15,11.75,11.75,8531867.0,101931756.0
2023-08-21,11.99,12.6,11.95,12.08,16698392.0,204314898.0
2023-08-22,12.12,12.44,11.86,12.18,12629027.0,153515072.0
2023-08-23,12.07,12.08,11.5,11.53,12079215.0,141459206.0
2023-08-24,11.52,11.66,11.35,11.38,8928589.0,102635426.0
2023-08-25,11.26,11.3,10.92,11.0,9881789.0,109532186.0
2023-08-28,11.54,11.69,11.18,11.24,11454401.0,130666686.0
2023-08-29,11.2,11.78,11.13,11.78,10445277.0,121242538.0
2023-08-30,11.72,12.1,11.71,11.94,8561900.0,102135990.0
2023-08-31,11.86,11.92,11.66,11.78,6648200.0,78313393.0
2023-09-01,11.71,12.09,11.71,11.98,7519100.0,89968125.0
2023-09-04,11.99,12.52,11.99,12.5,13737683.0,169171473.0
2023-09-05,12.37,12.61,12.31,12.55,9806868.0,122529086.0
2023-09-06,12.5,12.54,12.34,12.53,7176501.0,89418427.0
2023-09-07,12.46,12.47,12.22,12.23,8052001.0,99188447.0
2023-09-08,12.27,12.48,12.15,12.37,7053767.0,87162640.0
2023-09-11,12.37,12.53,12.22,12.46,6882796.0,85494934.0
2023-09-12,12.4,12.46,12.29,12.3,4581300.0,56552827.0
2023-09-13,12.29,13.53,12.29,13.19,52707016.0,691990337.0
2023-09-14,13.98,14.28,12.69,12.86,45275207.0,595043291.0
2023-09-15,13.89,14.15,13.62,14.15,25113643.0,351768445.0
2023-09-18,15.57,15.57,14.45,14.65,109344175.0,1686039750.0
2023-09-19,13.6,13.81,13.19,13.19,72748760.0,970976224.0
2023-09-20,12.79,13.68,12.74,13.0,51125457.0,677981565.0
2023-09-21,13.0,13.61,13.0,13.35,41583758.0,556950925.0
2023-09-22,13.17,13.3,12.94,13.08,32520681.0,425708205.0
2023-09-25,12.98,13.25,12.94,13.07,22040555.0,288526902.0
2023-09-26,12.88,12.9,12.6,12.62,22797710.0,289628944.0
2023-09-27,12.58,12.71,12.52,12.57,14562212.0,183453439.0
2023-09-28,12.6,12.83,12.54,12.77,12811811.0,162777294.0
2023-10-09,12.63,12.85,12.53,12.81,12165450.0,155267361.0
2023-10-10,12.83,12.99,12.71,12.86,14037640.0,180631628.0
2023-10-11,12.78,12.92,12.74,12.85,10003001.0,128331074.0
2023-10-12,12.93,13.18,12.9,13.1,21068774.0,275643538.0
2023-10-13,13.09,13.09,12.8,12.83,14735902.0,189969272.0
2023-10-16,12.83,12.87,12.48,12.62,10759900.0,136106104.0
2023-10-17,12.62,12.62,12.27,12.36,9130739.0,112924355.0
2023-10-18,12.29,12.29,11.93,11.93,8826062.0,106199823.0
2023-10-19,11.91,12.18,11.83,11.95,8510182.0,102541505.0
2023-10-20,11.9,12.06,11.84,11.88,6488700.0,77487929.0
2023-10-23,11.8,11.86,11.48,11.55,6867975.0,80000066.0
2023-10-24,11.61,11.83,11.58,11.82,7695676.0,90323067.0
2023-10-25,11.85,11.98,11.8,11.8,10945100.0,129980150.0
2023-10-26,11.69,11.78,11.45,11.76,9432950.0,109316776.0
2023-10-27,11.71,12.0,11.55,11.98,9661960.0,114604658.0
2023-10-30,12.15,12.32,11.92,12.21,15375718.0,186422233.0
2023-10-31,12.05,12.4,12.0,12.27,10428934.0,127834208.0
2023-11-01,12.24,12.94,12.16,12.63,25210717.0,317366068.0
2023-11-02,12.48,12.71,12.35,12.36,15798668.0,197582771.0
2023-11-03,12.37,12.61,12.31,12.47,10261400.0,128200917.0
2023-11-06,12.67,12.76,12.47,12.57,10283325.0,129071970.0
2023-11-07,12.61,12.75,12.5,12.71,12373701.0,156515658.0
2023-11-08,12.74,12.74,12.51,12.67,10449382.0,131710637.0
2023-11-09,12.6,12.85,12.55,12.7,12019301.0,153036189.0
2023-11-10,12.7,12.84,12.62,12.67,9198550.0,116924175.0
2023-11-13,12.64,12.84,12.6,12.84,10181900.0,129713033.0
2023-11-14,12.81,12.91,12.74,12.78,8404300.0,107534096.0
2023-11-15,12.85,12.9,12.77,12.84,8463700.0,108610510.0
2023-11-16,12.78,12.86,12.61,12.61,9019000.0,114768395.0
2023-11-17,12.6,12.8,12.56,12.69,6945607.0,87893250.0
2023-11-20,12.73,12.9,12.6,12.89,9445675.0,120749579.0
2023-11-21,12.87,13.05,12.76,12.8,12188425.0,157122518.0
2023-11-22,12.75,12.81,12.56,12.56,7823725.0,99114634.0
2023-11-23,12.5,12.63,12.45,12.6,5209381.0,65417275.0
2023-11-24,12.6,12.6,12.27,12.27,8209102.0,101690982.0
2023-11-27,12.26,12.36,12.17,12.3,5680410.0,69683047.0
2023-11-28,12.3,12.34,12.14,12.34,4155085.0,50997702.0
2023-11-29,12.3,12.63,12.3,12.43,7838527.0,97948723.0
2023-11-30,12.39,12.39,12.14,12.25,5417900.0,66230012.0
2023-12-01,12.29,12.41,12.15,12.39,4682301.0,57649449.0
2023-12-04,12.44,13.05,12.44,12.68,16546904.0,211411100.0
2023-12-05,12.59,12.67,12.21,12.22,10397700.0,129348548.0
2023-12-06,12.17,12.72,12.12,12.49,11263917.0,141241426.0
2023-12-07,12.46,12.47,12.21,12.31,7525300.0,92535735.0
2023-12-08,12.3,12.36,11.97,11.97,8974719.0,108654257.0
2023-12-11,11.84,12.14,11.77,12.11,6458100.0,77428338.0
2023-12-12,12.12,12.55,12.02,12.26,10407778.0,127647102.0
2023-12-13,12.21,12.24,12.06,12.09,6689626.0,81207491.0
2023-12-14,12.16,12.27,12.07,12.09,4351201.0,52895228.0
2023-12-15,12.14,12.25,12.03,12.09,5035400.0,61239359.0
2023-12-18,12.01,12.04,11.75,11.76,4838589.0,57453016.0
2023-12-19,11.75,11.92,11.66,11.83,4644000.0,54745600.0
2023-12-20,11.83,11.9,11.7,11.71,3494800.0,41302406.0
2023-12-21,11.62,11.73,11.4,11.72,4491913.0,52032293.0
2023-12-22,11.7,11.9,11.6,11.72,4996100.0,58690484.0
2023-12-25,11.68,11.97,11.65,11.95,6094301.0,72264660.0
2023-12-26,11.9,11.92,11.49,11.51,7016200.0,81559766.0
2023-12-27,11.46,11.76,11.44,11.71,5062516.0,58883322.0
2023-12-28,11.78,12.36,11.63,12.3,12346901.0,149657952.0
2023-12-29,12.23,12.46,12.21,12.39,7618400.0,94225215.0
2024-01-02,12.39,12.99,12.35,12.77,15849609.0,202115635.0
2024-01-03,12.73,12.81,12.5,12.63,9546650.0,120446259.0
2024-01-04,12.58,12.66,12.48,12.6,6327069.0,79764844.0
2024-01-05,12.56,12.87,12.34,12.44,9612400.0,121213955.0
2024-01-08,12.32,12.47,11.95,11.98,8563500.0,103949033.0
2024-01-09,11.94,12.12,11.82,11.91,6421702.0,76758364.0
2024-01-10,11.83,11.98,11.6,11.65,6004600.0,70609630.0
2024-01-11,11.62,11.87,11.47,11.78,8114704.0,94463376.0
2024-01-12,11.72,12.03,11.68,11.8,6842800.0,81185185.0
2024-01-15,11.75,11.79,11.49,11.55,6063905.0,70251358.0
2024-01-16,11.55,11.55,11.12,11.31,8877726.0,100420824.0
2024-01-17,11.27,11.27,10.9,10.9,7935525.0,87732426.0
2024-01-18,10.78,10.87,10.35,10.72,10000300.0,105876722.0
2024-01-19,10.66,10.8,10.48,10.53,5429000.0,57575595.0
2024-01-22,10.47,10.51,9.65,9.77,8923523.0,89717060.0
2024-01-23,9.69,9.97,9.54,9.94,7867917.0,77031940.0
2024-01-24,10.0,10.21,9.7,10.19,7955580.0,79490770.0
2024-01-25,10.13,10.63,10.1,10.62,8069000.0,84193966.0
2024-01-26,10.62,10.89,10.55,10.77,7833105.0,84494156.0
2024-01-29,10.79,10.85,10.46,10.58,6673063.0,71111818.0
2024-01-30,10.46,10.6,10.17,10.2,4641655.0,48213854.0
2024-01-31,10.1,10.2,9.58,9.64,6848950.0,67405798.0
2024-02-01,9.59,9.68,9.24,9.44,6189911.0,58629306.0
2024-02-02,9.46,9.66,8.62,9.02,9385016.0,85864953.0
2024-02-05,8.91,8.97,8.12,8.16,12364837.0,103021950.0
2024-02-06,8.05,8.87,7.77,8.72,11388020.0,94877581.0
2024-02-07,8.67,9.24,8.53,8.88,13412005.0,118943143.0
2024-02-08,8.9,9.55,8.76,9.43,14253893.0,130531181.0
2024-02-19,9.43,9.56,9.28,9.52,12184461.0,114911331.0
2024-02-20,9.42,9.49,9.24,9.44,7441402.0,69839111.0
2024-02-21,9.34,9.86,9.31,9.59,10571512.0,102239378.0
2024-02-22,9.58,9.99,9.53,9.88,9435367.0,92523961.0
2024-02-23,9.89,10.2,9.8,10.15,10581600.0,105694074.0
2024-02-26,10.18,10.33,10.02,10.18,9734261.0,98954039.0
2024-02-27,10.16,10.45,10.08,10.45,7345177.0,75453599.0
2024-02-28,10.44,10.73,9.77,9.78,13789000.0,141659346.0
2024-02-29,9.71,10.28,9.65,10.28,10818076.0,109209289.0
2024-03-01,10.29,10.45,10.2,10.41,8111200.0,83963196.0
2024-03-04,10.56,10.8,10.33,10.64,13374037.0,141520755.0
2024-03-05,10.48,10.58,10.33,10.37,8500500.0,88810728.0
2024-03-06,10.38,10.87,10.35,10.6,10043062.0,106192219.0
2024-03-07,10.75,11.08,10.59,10.8,18850667.0,205114767.0
2024-03-08,10.77,11.21,10.56,11.19,18513040.0,201744185.0
2024-03-11,11.0,11.07,10.82,11.03,14576163.0,159566494.0
2024-03-12,11.0,11.02,10.8,10.89,10324578.0,112339471.0
2024-03-13,10.86,11.0,10.83,10.9,9001835.0,98328195.0
2024-03-14,10.96,11.3,10.82,10.92,12282730.0,135753915.0
2024-03-15,10.86,11.44,10.81,11.34,15879135.0,176922553.0
2024-03-18,11.25,11.38,11.21,11.36,9943796.0,112393089.0
2024-03-19,11.35,11.7,11.3,11.34,10947038.0,125636790.0
2024-03-20,11.33,11.56,11.29,11.45,8520740.0,97282997.0
2024-03-21,11.53,11.65,11.26,11.43,7577695.0,86534897.0
2024-03-22,11.37,11.42,11.09,11.17,9224029.0,103546513.0
2024-03-25,11.1,11.38,11.04,11.05,7744401.0,86888201.0
2024-03-26,11.0,11.12,10.76,10.97,7573839.0,82914194.0
2024-03-27,10.91,10.98,10.57,10.59,6609526.0,71280612.0
2024-03-28,10.59,10.97,10.59,10.9,7963801.0,86296118.0
2024-03-29,10.9,11.31,10.81,11.27,9245500.0,103163053.0
2024-04-01,11.32,11.71,11.31,11.57,11049901.0,127847479.0
2024-04-02,11.5,12.19,11.43,11.95,21746621.0,258628848.43
2024-04-03,12.19,12.84,11.9,12.44,37873277.0,465673797.75
2024-04-08,12.27,12.7,12.01,12.08,31077376.0,384072667.17
2024-04-09,11.91,12.76,11.91,12.53,28058963.0,347143620.19
2024-04-10,12.44,12.5,11.92,12.07,18275969.0,221679072.04
2024-04-11,11.86,12.44,11.75,12.09,17140440.0,207475535.07
2024-04-12,12.12,12.33,11.88,12.05,13873026.0,167844689.85
2024-04-15,11.81,11.88,11.1,11.49,19216592.0,219751316.18
2024-04-16,11.35,11.38,10.34,10.34,17591800.0,188059704.0
2024-04-17,10.34,11.0,10.34,10.96,14261786.0,153352431.6
2024-04-18,10.96,11.32,10.77,11.24,12036000.0,134011532.0
2024-04-19,11.13,11.44,10.89,10.95,11150550.0,123962351.0
2024-04-22,10.83,11.15,10.75,10.79,11093500.0,121035627.5
2024-04-23,10.61,10.79,10.42,10.44,9165668.0,96627974.68
2024-04-24,10.44,11.06,10.4,11.05,11127702.0,120231072.72
2024-04-25,10.88,11.08,10.71,10.86,7696468.0,83733877.04
2024-04-26,10.7,11.04,10.52,10.96,10800300.0,117025573.0
2024-04-29,10.94,11.27,10.83,11.19,10011596.0,111077445.58
2024-04-30,11.1,11.24,10.64,10.68,17695410.0,192255900.59
2024-05-06,10.77,11.05,10.73,11.04,12751090.0,139244520.92
2024-05-07,11.02,11.53,11.02,11.29,17416281.0,196435149.85
2024-05-08,11.2,11.23,10.94,10.94,13392443.0,148111765.16
2024-05-09,10.95,11.57,10.95,11.54,19743171.0,224802732.26
2024-05-10,12.69,12.69,12.15,12.23,75208591.0,938689373.38
2024-05-13,12.0,12.1,11.55,11.6,47713541.0,559074214.18
2024-05-14,11.6,11.95,11.51,11.53,24480183.0,285169896.97
2024-05-15,11.4,11.65,11.21,11.39,17422477.0,199717569.41
2024-05-16,11.55,11.6,11.1,11.13,19659375.0,222120709.46
2024-05-17,11.13,11.21,10.94,11.2,13409222.0,148594648.4
2024-05-20,11.36,11.76,11.22,11.73,28575172.0,329180863.15
2024-05-21,11.7,11.73,11.27,11.33,19241989.0,220077539.26
2024-05-22,11.41,11.42,11.15,11.22,11745102.0,132380587.54
2024-05-23,10.96,11.0,10.71,10.73,14962169.0,162106546.32
2024-05-24,10.7,10.85,10.63,10.63,10202766.0,109392954.71
2024-05-27,10.68,10.9,10.62,10.87,9610643.0,103261525.19
2024-05-28,10.8,11.83,10.79,11.25,29119255.0,330305044.5
2024-05-29,11.18,12.38,11.18,12.19,58873392.0,709457993.23
2024-05-30,12.1,12.22,11.5,11.62,33303762.0,393375505.17
2024-05-31,11.65,11.72,11.47,11.5,16352343.0,189047377.63
2024-06-03,11.44,11.47,10.83,10.98,20764201.0,229834913.0
2024-06-04,10.97,11.41,10.83,11.23,18707154.0,208081365.69
2024-06-05,11.07,11.1,10.74,10.76,15958700.0,173868023.0
2024-06-06,10.86,11.03,10.52,10.61,18773050.0,201731683.45
2024-06-07,10.74,10.8,10.35,10.5,15651057.0,164959453.94
2024-06-11,10.33,10.47,10.07,10.47,10437168.0,107188565.01
2024-06-12,10.4,10.68,10.4,10.66,8317600.0,88255036.65
2024-06-13,10.74,11.5,10.74,11.08,30968021.0,345574792.03
2024-06-14,10.95,11.08,10.6,10.72,18274500.0,196414419.5
2024-06-17,10.73,10.74,10.5,10.54,9763375.0,103397423.25
2024-06-18,10.58,10.82,10.56,10.76,10247146.0,109764144.22
2024-06-19,10.73,11.08,10.68,10.81,13868041.0,150502954.08
2024-06-20,10.78,10.91,10.53,10.57,10385941.0,110770918.57
2024-06-21,10.47,10.68,10.44,10.49,7403535.0,78071257.38
2024-06-24,10.38,10.38,9.95,10.07,9753775.0,98793285.24
2024-06-25,10.02,10.3,9.96,10.15,7395525.0,74939920.0
2024-06-26,10.08,10.45,9.99,10.42,7685070.0,78659404.4
2024-06-27,10.3,10.36,9.98,10.01,9271246.0,93980824.96
2024-06-28,9.96,10.35,9.96,10.21,7965580.0,81305898.83
2024-07-01,10.33,10.36,10.13,10.36,6160175.0,63301247.5
2024-07-02,10.27,10.33,10.2,10.24,4857028.0,49797349.84
2024-07-03,10.25,10.29,10.08,10.12,3611075.0,36654860.25
2024-07-04,10.16,10.24,9.76,9.81,8943059.0,88946892.64
2024-07-05,9.81,10.0,9.61,9.95,6157005.0,60550167.67
2024-07-08,9.89,9.98,9.64,9.69,5167346.0,50515695.97
2024-07-09,9.7,10.01,9.5,10.0,7909726.0,77752657.6
2024-07-10,9.96,10.12,9.81,9.84,5739500.0,57263913.0
2024-07-11,9.96,10.36,9.96,10.35,11490192.0,117473997.53
2024-07-12,10.3,10.35,10.11,10.16,6453746.0,65854953.11
2024-07-15,10.16,10.26,10.09,10.13,4328021.0,44036626.66
2024-07-16,10.09,10.2,10.05,10.17,3937701.0,39886606.15
2024-07-17,10.16,10.22,9.92,9.92,5820800.0,58268297.0
2024-07-18,9.92,10.0,9.66,9.98,5497127.0,53982363.12
2024-07-19,9.9,10.04,9.78,9.93,3887302.0,38577583.96
2024-07-22,9.99,10.01,9.9,9.99,3600503.0,35820770.88
2024-07-23,10.0,10.08,9.6,9.62,7084700.0,69455467.08
2024-07-24,9.56,9.64,9.24,9.33,7166101.0,67344304.34
2024-07-25,9.26,9.48,9.2,9.35,3973000.0,37158406.0
2024-07-26,9.36,9.64,9.36,9.59,4556500.0,43586424.0
2024-07-29,9.59,9.67,9.48,9.58,2911100.0,27830140.47
2024-07-30,9.53,9.65,9.43,9.59,2945701.0,28130625.58
2024-07-31,9.63,9.89,9.57,9.88,6193623.0,60656874.33
2024-08-01,9.86,10.03,9.84,9.92,5703522.0,56595137.22
2024-08-02,9.8,10.18,9.74,9.94,6666473.0,66496135.34
2024-08-05,9.84,10.04,9.64,9.65,6626360.0,65008936.44
2024-08-06,9.8,9.86,9.7,9.84,4862620.0,47590764.4
2024-08-07,9.93,10.08,9.72,10.01,6890802.0,68655353.96
2024-08-08,9.91,10.11,9.9,9.95,5588300.0,55853874.0
2024-08-09,9.97,10.09,9.94,9.95,5008438.0,50137799.87
2024-08-12,9.91,9.95,9.75,9.78,4060000.0,39901569.0
2024-08-13,9.86,9.88,9.72,9.84,2909845.0,28470367.55
2024-08-14,9.87,10.1,9.8,9.85,5698026.0,56563111.48
2024-08-15,9.72,10.03,9.67,10.02,6717540.0,66486365.99
2024-08-16,10.03,10.13,9.93,9.96,3464704.0,34697414.25
2024-08-19,10.0,10.14,9.94,10.08,4894400.0,49292772.0
2024-08-20,10.01,10.21,9.91,9.95,5851100.0,58884399.0
2024-08-21,9.9,10.13,9.86,10.07,4036526.0,40529475.6
2024-08-22,10.03,10.08,9.64,9.68,6385402.0,62602142.36
2024-08-23,9.68,9.7,9.49,9.61,4667628.0,44697882.56
2024-08-26,9.61,10.14,9.61,10.05,7655329.0,76203425.54
2024-08-27,9.99,10.01,9.87,9.91,3678280.0,36505900.99
2024-08-28,9.91,10.4,9.91,10.3,12470441.0,127722752.67
2024-08-29,10.2,10.44,10.15,10.4,8537502.0,88297362.65
2024-08-30,10.33,10.52,10.29,10.34,11459802.0,119338240.58
2024-09-02,10.23,10.51,10.21,10.3,6455300.0,66967732.0
2024-09-03,10.28,10.55,10.26,10.42,5822801.0,60651156.38
2024-09-04,10.31,10.43,10.23,10.28,5125401.0,52832617.38
2024-09-05,10.25,10.45,10.21,10.3,4015685.0,41334867.39
2024-09-06,10.26,10.36,10.08,10.08,3977070.0,40403025.98
2024-09-09,10.02,10.09,9.91,9.97,3758500.0,37514195.0
2024-09-10,9.99,10.06,9.75,9.96,3652001.0,36059748.94
2024-09-11,9.9,10.03,9.88,9.99,2658127.0,26502011.39
2024-09-12,9.94,10.15,9.94,9.99,3233500.0,32497453.0
2024-09-13,10.01,10.1,9.77,9.77,3404300.0,33629084.0
2024-09-18,9.77,9.87,9.55,9.78,3119574.0,30233281.22
2024-09-19,9.82,10.2,9.73,10.2,7216383.0,72650640.34
2024-09-20,10.19,10.19,10.09,10.17,4263346.0,43191187.66
2024-09-23,10.13,10.29,10.11,10.24,4266324.0,43534335.74
2024-09-24,10.26,10.46,10.22,10.43,8785288.0,91048124.81
2024-09-25,10.53,10.7,10.33,10.4,13657225.0,143616077.5
2024-09-26,10.36,10.73,10.36,10.72,10900397.0,114913044.2
2024-09-27,10.82,11.19,10.82,11.07,18764438.0,206299744.55
2024-09-30,11.52,11.99,11.16,11.92,36487304.0,424257830.14
2024-10-08,13.1,13.1,11.71,12.55,41180888.0,509419081.06
2024-10-09,12.29,12.29,11.45,11.71,27627281.0,328940771.77
2024-10-10,11.79,12.48,11.55,12.07,22822237.0,275502975.46
2024-10-11,11.97,12.19,11.61,11.7,14550180.0,172875869.55
2024-10-14,11.74,11.98,11.63,11.94,12745926.0,150792667.21
2024-10-15,11.87,11.99,11.51,11.57,13202683.0,155044307.2
2024-10-16,11.38,11.7,11.31,11.5,9764349.0,112538796.57
2024-10-17,11.55,11.73,11.37,11.41,9004824.0,104216342.06
2024-10-18,11.42,11.95,11.37,11.79,15938857.0,186024675.75
2024-10-21,11.82,12.25,11.8,12.04,15942076.0,191661184.64
2024-10-22,12.01,12.22,11.93,12.08,11850701.0,142914584.08
2024-10-23,11.99,12.31,11.96,12.19,14940199.0,181107799.17
2024-10-24,12.1,12.18,11.9,12.09,9476300.0,114063533.0
2024-10-25,12.1,12.38,12.08,12.27,12603526.0,153865851.38
2024-10-28,12.24,12.45,12.22,12.45,12195615.0,150814629.86
2024-10-29,12.6,13.0,12.33,12.55,28890051.0,365058162.27
2024-10-30,12.7,12.99,12.49,12.66,17294103.0,219412730.65
2024-10-31,12.58,13.93,12.54,13.58,60799703.0,834207438.52
2024-11-01,13.3,14.8,13.1,13.88,65546456.0,912131078.33
2024-11-04,13.94,14.08,12.98,13.44,39793838.0,528214249.97
2024-11-05,13.3,14.26,13.26,14.22,42191622.0,577651721.23
2024-11-06,14.06,14.47,13.8,13.92,38181345.0,539884227.39
2024-11-07,13.7,14.05,13.59,13.92,20825982.0,288708573.0
2024-11-08,13.95,14.25,13.65,13.76,25354569.0,353688683.4
2024-11-11,13.7,14.46,13.59,14.29,25945654.0,366516306.82
2024-11-12,15.5,15.72,14.96,15.18,69128065.0,1066407995.76
2024-11-13,14.88,15.26,14.03,14.4,43865110.0,638136603.09
2024-11-14,14.3,14.39,13.66,13.67,26221820.0,366216110.7
2024-11-15,13.6,14.15,13.47,13.5,18750312.0,257807401.76
2024-11-18,13.51,13.59,12.89,13.01,16981216.0,222847221.35
2024-11-19,13.01,13.45,12.92,13.44,14012891.0,184393755.58
2024-11-20,13.31,14.34,13.24,14.06,28181690.0,391142177.63
2024-11-21,14.07,15.23,14.07,14.62,39063479.0,573486112.96
2024-11-22,14.51,14.93,13.97,14.01,34560808.0,502023042.09
2024-11-25,13.96,14.38,13.87,14.28,25197977.0,356222753.48
2024-11-26,14.4,15.15,13.97,14.0,35256011.0,513897717.87
2024-11-27,13.7,15.4,13.21,15.4,68789604.0,1014731769.51
2024-11-28,16.4,16.89,16.28,16.89,60794104.0,1019818118.5
2024-11-29,16.24,17.88,15.65,15.86,92733066.0,1532039258.99
2024-12-02,15.3,15.85,15.05,15.3,56178951.0,860423074.0
2024-12-03,15.3,16.67,15.27,16.02,63153065.0,1020644366.71
2024-12-04,15.8,16.02,14.56,14.8,60092226.0,902755301.05
2024-12-05,14.54,14.95,14.45,14.88,31113523.0,458362244.13
2024-12-06,14.7,14.96,14.53,14.85,24383321.0,360789797.39
2024-12-09,14.85,15.03,14.47,14.59,21655650.0,318634381.0
2024-12-10,14.9,14.95,14.59,14.65,21495951.0,317810179.73
2024-12-11,14.73,15.09,14.67,14.94,21035904.0,313022545.98
2024-12-12,14.83,14.9,14.53,14.8,18366418.0,270693574.94
2024-12-13,14.68,14.68,14.12,14.15,22100280.0,316854198.6
2024-12-16,14.14,14.24,13.71,13.81,15818725.0,220379409.75
2024-12-17,13.77,13.89,13.49,13.54,10175307.0,139060943.57
2024-12-18,13.6,13.82,13.49,13.7,9569529.0,131151106.96
2024-12-19,13.61,13.65,13.37,13.56,10428775.0,140929652.49
2024-12-20,13.56,13.88,13.52,13.71,10773571.0,147638638.98
2024-12-23,13.71,13.79,13.23,13.26,10711925.0,144073581.0
2024-12-24,13.3,13.45,13.14,13.44,7728629.0,102982339.6
2024-12-25,13.4,13.43,12.98,13.12,8508422.0,111704869.89
2024-12-26,13.11,13.99,13.1,13.75,18991775.0,260420325.0
2024-12-27,13.84,14.1,13.67,13.77,13520848.0,187562239.25
2024-12-30,13.79,14.24,13.67,14.09,16834049.0,235623813.8
2024-12-31,14.18,14.46,13.6,13.7,16188209.0,227018949.04
2025-01-02,13.63,14.36,13.4,13.85,19594653.0,272683045.93
2025-01-03,13.72,14.22,13.2,13.3,22304120.0,307373152.79
2025-01-06,13.43,14.25,13.05,13.65,19712440.0,269890565.2
2025-01-07,13.59,15.02,13.55,15.02,40752423.0,588089852.1
2025-01-08,15.04,15.49,14.49,14.87,53450293.0,796526097.17
2025-01-09,14.86,15.1,14.67,14.7,31402568.0,467003399.14
2025-01-10,14.59,14.79,14.08,14.09,27287369.0,392781773.34
2025-01-13,13.9,14.79,13.32,14.79,39206005.0,560636070.67
2025-01-14,14.7,15.49,14.45,15.42,46734381.0,699952341.66
2025-01-15,15.15,15.32,14.91,14.99,27341473.0,411516558.43
2025-01-16,15.07,15.46,15.07,15.45,33545462.0,513166273.63
2025-01-17,15.38,15.38,14.85,15.04,21512974.0,323658387.3
2025-01-20,15.08,15.14,14.72,14.78,17817614.0,264807821.82
2025-01-21,14.86,14.94,14.45,14.92,17012001.0,250573672.39
2025-01-22,14.81,15.05,14.62,14.67,13110761.0,194304610.85
2025-01-23,14.78,15.92,14.78,14.91,30148500.0,461561474.52
2025-01-24,14.81,15.05,14.7,14.96,15504000.0,230748052.5
2025-01-27,14.87,14.98,14.2,14.2,17046600.0,247413983.0
2025-02-05,14.41,14.47,14.08,14.2,11856581.0,169063023.05
2025-02-06,14.2,14.83,14.16,14.77,16468665.0,239600614.54
2025-02-07,14.75,14.95,14.55,14.84,18196954.0,269049841.68
2025-02-10,14.83,15.3,14.73,15.08,19543767.0,292507799.1
2025-02-11,15.01,15.25,14.95,15.14,17136100.0,258588329.0
2025-02-12,15.1,15.1,14.8,15.09,14357601.0,214754895.72
2025-02-13,15.04,15.13,14.67,14.68,13484330.0,200407381.7
2025-02-14,14.66,14.83,14.46,14.55,11052920.0,161183706.39
2025-02-17,14.52,14.67,14.39,14.54,12623214.0,183061737.94
2025-02-18,14.58,14.65,14.04,14.16,13121576.0,188738810.91
2025-02-19,14.5,14.86,14.45,14.86,25387840.0,373341953.3
2025-02-20,14.71,14.97,14.63,14.89,18211724.0,269697442.37
2025-02-21,14.9,15.31,14.77,15.2,24089479.0,363325476.77
2025-02-24,15.18,15.51,15.07,15.21,18118907.0,277038415.97
2025-02-25,15.1,15.19,14.87,15.03,12767650.0,191980949.33
2025-02-26,15.04,15.3,14.95,15.1,14122122.0,213350807.5
2025-02-27,15.22,15.39,14.51,14.85,16131000.0,239737699.53
2025-02-28,14.68,14.8,14.28,14.32,13447376.0,195661280.52
2025-03-03,14.36,15.48,14.33,15.02,26559475.0,399462462.49
2025-03-04,14.92,15.83,14.86,15.64,37347001.0,580562722.87
2025-03-05,15.46,15.66,15.2,15.61,18300925.0,282771097.75
2025-03-06,15.7,15.85,15.49,15.7,20259691.0,317312586.42
2025-03-07,15.61,16.85,15.6,16.3,37961352.0,621380639.11
2025-03-10,16.55,16.6,15.96,16.2,25449696.0,412285912.76
2025-03-11,15.91,16.51,15.83,16.44,22307100.0,362191335.25
2025-03-12,16.5,17.02,16.34,16.35,32168507.0,536800684.96
2025-03-13,16.5,16.67,15.98,16.65,23415751.0,381930160.98
2025-03-14,18.32,18.32,16.92,17.12,70559331.0,1242915651.86
2025-03-17,16.62,16.77,16.22,16.39,40138461.0,659748152.62
2025-03-18,16.34,16.65,16.3,16.3,23630025.0,388703275.78
2025-03-19,16.26,16.32,15.94,16.17,19606435.0,315383476.0
2025-03-20,16.18,16.18,15.94,15.95,12839286.0,205829227.84
2025-03-21,15.85,16.08,15.52,15.65,15216275.0,240382481.5
2025-03-24,15.73,16.15,15.55,15.93,17568705.0,278806297.7
2025-03-25,16.1,17.2,15.88,16.72,41730542.0,696030526.45
2025-03-26,16.48,16.85,16.26,16.42,22299655.0,368327897.5
2025-03-27,16.19,16.35,15.83,16.15,15147776.0,243886098.15
2025-03-28,16.01,16.17,15.63,15.87,15235421.0,241702304.68
2025-03-31,15.71,15.87,15.34,15.76,11653108.0,181930052.18
2025-04-01,15.79,16.91,15.75,16.39,24723575.0,404348218.21
2025-04-02,16.31,16.54,16.11,16.2,13722300.0,224093876.0
2025-04-03,16.02,16.2,15.62,15.74,11938300.0,189570669.99
2025-04-07,14.79,14.79,14.17,14.17,13353900.0,190555988.0
2025-04-08,13.81,13.97,12.84,13.21,25724005.0,339927339.15
2025-04-09,12.89,13.85,12.02,13.72,21915779.0,288828565.9
2025-04-10,14.14,14.4,14.03,14.17,15963600.0,226933730.0
2025-04-11,14.05,14.43,14.04,14.31,10062655.0,143976708.25
2025-04-14,14.51,14.98,14.5,14.8,13558120.0,200135337.0
2025-04-15,14.77,14.84,14.33,14.51,10927800.0,158676920.0
2025-04-16,14.51,14.62,14.0,14.22,7173800.0,102226310.96
2025-04-17,14.23,14.6,14.2,14.29,6789895.0,97791056.1
2025-04-18,14.28,14.5,14.12,14.38,5715195.0,81919379.82
2025-04-21,14.38,14.8,14.29,14.76,8272771.0,121097421.22
2025-04-22,14.71,14.97,14.59,14.81,8852050.0,130704407.5
2025-04-23,14.82,15.16,14.67,15.0,10370600.0,154839454.0
2025-04-24,14.95,15.08,14.76,14.99,7119750.0,106186673.49
2025-04-25,14.99,15.22,14.81,15.05,10410477.0,156264124.53
2025-04-28,15.04,15.04,14.75,14.82,5420456.0,80471978.02
2025-04-29,14.8,14.92,14.65,14.72,5778550.0,85360124.5
2025-04-30,14.77,15.08,14.72,14.88,5998525.0,89552436.0
2025-05-06,15.0,15.49,15.0,15.43,14008126.0,214962483.54
2025-05-07,15.49,15.66,15.25,15.35,10211851.0,157383752.79
2025-05-08,15.33,15.53,15.25,15.53,7785251.0,120322237.63
2025-05-09,15.54,15.61,15.39,15.48,8376202.0,129914009.99
2025-05-12,15.58,16.65,15.42,16.49,27094373.0,438481309.94
2025-05-13,16.44,16.45,16.15,16.2,12572854.0,204624948.3
2025-05-14,16.19,16.34,16.01,16.13,10332700.0,166827432.0
2025-05-15,16.13,16.23,15.92,16.01,7990105.0,128165484.28
2025-05-16,15.97,16.77,15.93,16.29,17141128.0,281534568.94
2025-05-19,16.5,17.24,16.18,16.68,24809874.0,412572804.44
2025-05-20,16.58,17.4,16.43,17.0,22587126.0,380180520.36
2025-05-21,16.67,18.7,16.61,17.85,60777992.0,1086306338.44
2025-05-22,17.77,18.43,17.41,17.51,43660012.0,779754881.74
2025-05-23,17.56,19.26,17.56,18.23,59885833.0,1112013035.05
2025-05-26,18.54,19.32,17.99,18.95,71668552.0,1344069384.11
2025-05-27,18.56,18.6,17.43,17.65,49242553.0,873981536.77
2025-05-28,17.4,17.98,17.32,17.44,33758443.0,594988342.6
2025-05-29,17.26,18.11,17.02,17.67,37555801.0,663239871.47
2025-05-30,17.29,17.37,16.5,16.63,30105353.0,505002303.65
2025-06-03,16.63,16.99,16.48,16.91,16204667.0,271475441.33
2025-06-04,16.9,17.66,16.9,17.24,18753900.0,324627525.0
2025-06-05,17.18,17.6,17.14,17.23,13991857.0,242389769.19
2025-06-06,17.24,17.35,16.85,16.89,15377700.0,262465233.0
2025-06-09,17.0,17.18,16.62,16.82,19967734.0,336312535.38
2025-06-10,16.81,16.87,16.38,16.55,17979364.0,298242941.16
2025-06-11,16.56,16.82,16.48,16.65,13085500.0,218331020.0
2025-06-12,16.75,16.82,16.5,16.59,12449500.0,207740227.0
2025-06-13,16.59,16.71,16.28,16.33,12365123.0,202617348.59
2025-06-16,16.32,16.92,16.08,16.56,14191225.0,235950978.75
2025-06-17,16.57,16.82,16.39,16.46,10104125.0,167521721.75
2025-06-18,16.5,16.5,16.21,16.31,8139110.0,132596407.1
2025-06-19,16.29,16.37,15.87,15.93,10350928.0,166514451.02
2025-06-20,15.9,16.18,15.7,15.76,8304700.0,132295948.0
2025-06-23,15.68,16.2,15.68,16.05,10316402.0,164713699.97
2025-06-24,15.61,16.12,15.43,15.87,19601869.0,309443660.04
2025-06-25,15.88,16.1,15.78,15.92,13163896.0,209463012.86
2025-06-26,15.95,16.37,15.94,16.05,19360800.0,312903327.0
2025-06-27,16.16,16.34,16.08,16.25,15898500.0,258248694.75
2025-06-30,16.26,16.44,16.08,16.41,16576339.0,270560955.1
2025-07-01,16.36,16.75,16.36,16.75,20053992.0,332883558.78
2025-07-02,16.7,16.7,16.38,16.47,14976610.0,246893415.2
2025-07-03,16.46,16.55,16.19,16.38,11861926.0,193659096.1
2025-07-04,16.3,16.58,16.18,16.28,11544364.0,188573741.8
2025-07-07,16.41,16.54,16.2,16.43,9745800.0,159660321.0
2025-07-08,16.35,16.77,16.35,16.65,15495139.0,256656163.55
2025-07-09,16.69,16.76,16.46,16.48,12529712.0,207965145.69
2025-07-10,16.49,16.64,16.38,16.59,10209150.0,168491547.5
2025-07-11,16.58,17.17,16.58,16.93,24733585.0,417284829.21
2025-07-14,16.95,17.18,16.89,16.95,15080198.0,256196225.29
2025-07-15,16.94,17.05,16.6,16.75,11860725.0,198748463.53
2025-07-16,16.72,16.89,16.55,16.61,10274805.0,171398228.74
2025-07-17,16.63,16.99,16.5,16.95,11850651.0,198447428.94
2025-07-18,16.9,17.4,16.87,17.25,21222759.0,366583931.64
2025-07-21,17.26,17.65,17.07,17.55,17040766.0,297611584.4
2025-07-22,17.51,17.69,17.33,17.67,17906391.0,313775364.41
2025-07-23,18.18,18.55,17.95,17.98,36348238.0,662642771.56
2025-07-24,17.9,18.55,17.76,18.32,27764942.0,507205787.32
2025-07-25,18.3,18.3,17.88,18.1,19200380.0,346505536.72
2025-07-28,18.0,18.39,17.75,18.15,16333528.0,296085101.27
2025-07-29,18.01,18.16,17.66,17.85,14955316.0,266758683.55
2025-07-30,17.84,17.85,17.14,17.35,15464845.0,269450244.51
2025-07-31,17.28,17.41,16.81,16.88,12499125.0,212668263.82
2025-08-01,16.86,17.01,16.71,16.9,9412977.0,158867707.76
2025-08-04,16.81,17.19,16.76,17.17,9303100.0,158655488.0
2025-08-05,17.24,17.25,17.08,17.16,7848100.0,134583018.0
2025-08-06,17.2,17.27,17.12,17.26,7521110.0,129469035.61
2025-08-07,17.25,17.46,16.93,17.42,15408125.0,265178356.46
2025-08-08,17.26,17.46,17.09,17.39,10557901.0,182620472.14
2025-08-11,17.33,17.6,17.21,17.58,12102549.0,210758610.32
2025-08-12,17.57,17.88,17.3,17.83,16224150.0,286377781.35
2025-08-13,17.83,19.61,17.83,19.61,47233558.0,917424068.04
2025-08-14,19.24,20.58,19.23,19.84,74008967.0,1471642047.4
2025-08-15,19.74,20.15,19.52,20.06,44070284.0,877911580.64
2025-08-18,20.2,21.0,19.86,20.79,49521812.0,1014912822.26
2025-08-19,21.56,22.25,20.7,21.05,49576688.0,1057876389.91
2025-08-20,20.8,22.09,20.6,21.48,35297104.0,753420960.65
2025-08-21,21.18,22.07,20.82,20.98,28085994.0,595264512.8
2025-08-22,20.8,21.17,20.5,20.68,24020486.0,498242114.96
2025-08-25,21.07,21.18,20.71,21.05,25621861.0,537157699.42
2025-08-26,21.35,21.48,20.95,21.01,23387276.0,495149934.2
2025-08-27,21.0,21.34,20.4,20.4,22389272.0,466659911.54
2025-08-28,20.44,20.93,20.21,20.88,23878615.0,493182227.32
2025-08-29,20.99,22.12,20.98,21.96,34414470.0,744431105.32
2025-09-01,21.97,22.88,21.58,22.55,36968335.0,826648221.69
2025-09-02,22.66,22.8,21.6,21.79,26685051.0,584261085.36
2025-09-03,22.0,22.09,21.0,21.07,18607234.0,399845790.03
2025-09-04,21.1,21.87,20.14,20.5,21574793.0,453721006.62
2025-09-05,20.48,22.55,20.47,22.55,26724612.0,581222903.77
2025-09-08,23.3,24.25,22.56,23.67,44800006.0,1054277865.83
2025-09-09,23.55,24.06,23.17,23.34,27584233.0,649488308.07
2025-09-10,23.01,23.59,22.39,22.8,21250164.0,486200355.7
2025-09-11,22.81,23.65,22.44,23.54,20747042.0,481981278.71
2025-09-12,23.54,24.95,23.2,24.7,31350874.0,760731092.96
2025-09-15,24.6,24.6,23.77,24.35,22176409.0,535886010.51
2025-09-16,24.5,24.57,23.35,24.22,18451844.0,440457128.59
2025-09-17,24.2,24.35,23.65,24.05,11968271.0,286450484.42
2025-09-18,23.96,23.97,22.71,23.18,18281115.0,428621925.7
2025-09-19,23.18,24.77,23.02,24.25,21188965.0,511055423.98
2025-09-22,24.26,24.61,23.8,24.13,12959188.0,311838503.56
2025-09-23,24.13,24.2,22.92,23.44,15599008.0,365186875.7
2025-09-24,23.44,25.07,23.26,24.9,25619801.0,622891481.32
2025-09-25,24.81,25.88,24.4,25.08,20306634.0,509810419.66
2025-09-26,25.0,25.63,24.48,24.48,13776950.0,343665582.5
2025-09-29,24.69,24.95,24.29,24.5,11548951.0,283763375.84
2025-09-30,24.66,25.17,24.06,24.4,16114629.0,395749762.64
2025-10-09,24.98,26.26,24.88,25.99,24659588.0,634188298.94
2025-10-10,25.99,26.0,24.83,25.11,19321958.0,489173197.5
2025-10-13,24.1,27.62,24.1,27.62,24746674.0,638936554.5
2025-10-14,28.66,29.58,27.65,28.22,44222715.0,1261424728.48
2025-10-15,28.22,28.22,26.12,27.14,28585013.0,770049822.04
2025-10-16,27.15,28.8,26.9,27.77,25356188.0,709278269.88
2025-10-17,27.57,28.18,26.3,26.45,19307539.0,518509854.35
2025-10-20,26.95,29.1,26.55,28.07,44214348.0,1259142766.89
2025-10-21,28.01,28.73,27.44,27.58,32867701.0,915439623.62
2025-10-22,27.2,27.64,26.63,26.8,17572978.0,475460329.19
2025-10-23,27.5,29.48,26.46,29.48,39126992.0,1094807354.17
2025-10-24,29.0,29.74,28.38,29.0,39655745.0,1146811720.4
2025-10-27,29.46,31.9,29.09,31.9,44207152.0,1392433059.98
2025-10-28,32.8,35.09,32.58,34.5,60642664.0,2096468780.64
2025-10-29,34.5,35.8,33.6,34.2,67069578.0,2311006413.47
2025-10-30,33.62,34.29,32.8,33.07,38369147.0,1282145839.46
2025-10-31,33.11,33.47,30.83,31.02,32050386.0,1018715960.47
2025-11-03,31.6,31.96,28.92,30.01,36642004.0,1098734859.6
2025-11-04,30.53,30.62,29.57,29.88,25490705.0,766845317.94
2025-11-05,29.33,31.23,29.01,31.0,36129781.0,1107537465.28
2025-11-06,30.95,31.94,30.34,30.81,29894782.0,925696199.45
2025-11-07,30.55,32.2,30.55,31.13,32752551.0,1030937269.82
2025-11-10,31.05,31.05,28.02,28.02,44556525.0,1287727529.79
2025-11-11,27.91,28.7,27.35,27.93,29813312.0,833246752.62
2025-11-12,27.6,27.76,26.05,26.38,34705254.0,927624350.9
2025-11-13,26.55,27.88,26.41,27.5,26686753.0,729440645.94
2025-11-14,27.31,27.53,26.59,27.18,14668988.0,399463245.28
2025-11-17,27.37,27.98,27.06,27.42,15438377.0,423535199.2
2025-11-18,27.32,27.45,26.36,26.67,15394197.0,412529755.64
2025-11-19,26.56,27.01,26.19,26.67,13494264.0,358495744.54
2025-11-20,26.8,27.25,26.5,26.52,11770425.0,315895406.6
2025-11-21,26.2,26.27,24.8,24.81,17775725.0,450561945.25
2025-11-24,24.84,26.12,24.84,25.81,15435838.0,394410983.54
2025-11-25,26.0,26.97,25.62,26.43,16585350.0,437910365.5
2025-11-26,26.45,27.27,26.16,26.83,14470251.0,387392168.46
2025-11-27,26.85,27.28,26.01,26.12,14604575.0,388495808.75
2025-11-28,26.2,28.1,26.16,27.77,26689201.0,730773316.04
2025-12-01,28.0,28.8,27.13,28.23,35395364.0,999764550.89
2025-12-02,28.04,28.04,26.9,27.51,17886450.0,489586543.0
2025-12-03,27.39,27.58,26.93,27.12,13116038.0,356753589.92
2025-12-04,27.11,27.35,26.66,26.75,10113464.0,272535238.34
2025-12-05,26.76,27.88,26.7,27.55,13796889.0,377543031.65
2025-12-08,29.0,29.65,28.03,28.11,29036600.0,833607378.82
2025-12-09,28.0,28.09,27.04,27.44,16909032.0,465059030.22
2025-12-10,27.6,27.86,26.93,27.41,12397201.0,338597034.95
2025-12-11,27.41,28.65,27.4,27.85,19862950.0,557339551.5
2025-12-12,28.01,30.17,27.23,29.7,35326193.0,1021990061.47
2025-12-15,29.39,29.81,28.89,29.33,18467775.0,541798456.44
2025-12-16,29.06,29.1,27.35,27.84,20782401.0,579936028.54
2025-12-17,27.71,29.39,27.65,29.07,21803751.0,626734406.24
2025-12-18,28.8,29.25,28.45,28.49,14999125.0,431474005.8
2025-12-19,28.77,29.98,28.63,29.63,22110281.0,651968089.05
2025-12-22,29.64,30.37,29.36,29.88,21852914.0,653866173.51
2025-12-23,30.15,31.15,29.41,29.84,26342593.0,799369860.38
2025-12-24,29.7,30.7,28.9,30.34,19763578.0,589432146.2
2025-12-25,29.98,30.46,29.81,29.95,16757705.0,504182056.3
2025-12-26,30.19,31.11,29.4,30.72,28518445.0,865331498.85
2025-12-29,30.99,32.91,30.5,31.79,32641513.0,1035563875.67
2025-12-30,30.8,32.41,30.5,31.23,21487883.0,679082344.66
2025-12-31,31.18,33.6,31.0,33.06,29472733.0,960559854.34
2026-01-05,33.37,34.28,32.54,33.29,28975016.0,965613887.49
2026-01-06,33.26,36.16,32.7,35.49,31758952.0,1095417353.49
2026-01-07,35.0,36.68,34.6,35.2,24894624.0,882673295.15
2026-01-08,35.0,37.0,34.78,35.4,27717361.0,995681937.06
2026-01-09,35.41,38.94,34.74,37.4,56788091.0,2152129849.6
2026-01-12,37.32,39.95,35.63,39.12,54283656.0,2034719293.1
2026-01-13,38.5,39.04,37.15,38.05,30732875.0,1167370557.55
2026-01-14,38.28,39.41,36.78,36.91,33838972.0,1284288465.03
2026-01-15,36.15,37.49,36.15,37.46,24362528.0,896876071.75
2026-01-16,37.03,37.86,36.36,36.4,20855334.0,773254025.73
2026-01-19,36.26,38.2,35.6,38.04,26252636.0,981861350.36
2026-01-20,38.0,38.78,35.68,37.82,27580809.0,1025019581.58
2026-01-21,37.64,39.42,37.4,39.0,22853805.0,888626825.49
2026-01-22,39.0,39.0,37.31,37.66,19719600.0,748390851.73
2026-01-23,38.16,39.12,37.6,38.91,20934424.0,805140900.19
2026-01-26,39.97,41.02,38.8,39.58,30391387.0,1215243202.66
2026-01-27,38.83,40.33,37.85,39.11,23772750.0,926021019.37
2026-01-28,39.0,43.02,38.69,43.02,31547880.0,1311418185.35
2026-01-29,44.0,44.08,39.82,40.66,41455254.0,1726952689.57
2026-01-30,39.05,39.23,36.59,38.68,33974306.0,1273673352.47
2026-02-02,38.21,42.28,38.03,39.28,35096282.0,1432895774.02
2026-02-03,40.02,43.21,40.02,43.21,29806572.0,1266651249.49
2026-02-04,45.26,46.85,44.25,44.9,37232600.0,1692502108.59
2026-02-05,44.9,45.65,40.77,41.87,34481330.0,1467242774.82
2026-02-06,40.78,44.13,40.78,42.58,24281408.0,1039740267.54
2026-02-09,43.13,43.45,41.0,41.67,24790751.0,1035743934.85
2026-02-10,41.87,42.3,40.15,40.49,18133936.0,740501440.19
2026-02-11,40.26,44.54,40.26,44.54,28553786.0,1237936076.45
2026-02-12,44.93,48.99,44.2,48.99,46715222.0,2214500685.05
2026-02-13,48.49,50.0,47.3,47.68,32723070.0,1588103645.82
2026-02-24,48.5,48.5,46.38,46.65,26843623.0,1261474895.68
2026-02-25,46.66,51.32,46.25,51.32,34745051.0,1698969181.08
2026-02-26,53.11,55.9,52.34,55.0,39223404.0,2128646203.47
2026-02-27,55.0,59.95,55.0,58.81,33464185.0,1955648154.57
2026-03-02,58.23,58.98,55.01,57.65,33341970.0,1912874809.55
2026-03-03,57.27,58.2,52.0,52.21,36884625.0,1986788606.33
2026-03-04,51.28,54.89,50.3,53.06,24114866.0,1284498139.01
2026-03-05,55.0,57.78,54.5,55.58,27110700.0,1513318035.19
2026-03-06,55.08,57.32,53.16,53.78,24172388.0,1326766152.72
2026-03-09,52.82,56.85,51.38,55.03,27569150.0,1479862155.53
2026-03-10,55.43,55.97,52.88,55.63,21786562.0,1187336311.81
2026-03-11,55.7,58.0,53.15,53.35,25893656.0,1419509823.44
2026-03-12,52.68,52.9,49.6,51.08,28437571.0,1449980056.77
2026-03-13,49.8,50.78,48.53,48.71,20505118.0,1012315999.64
2026-03-16,49.2,51.9,49.04,50.94,25421489.0,1288550854.02
2026-03-17,50.96,51.83,48.35,48.45,20316166.0,1014053024.34
2026-03-18,48.9,49.48,47.78,48.37,12207521.0,590342363.26
2026-03-19,47.15,48.0,45.2,45.52,23280125.0,1073559045.0
2026-03-20,46.5,46.59,44.5,44.55,15519490.0,707866260.25
2026-03-23,43.68,45.83,42.46,43.1,23613772.0,1037037968.95
2026-03-24,44.33,44.62,42.49,44.05,16875273.0,733569639.29
2026-03-25,45.97,47.45,45.4,46.44,26032481.0,1209084545.38
2026-03-26,47.41,47.88,45.1,45.62,17467502.0,803722061.6
2026-03-27,44.95,47.73,44.8,46.19,20174141.0,936056309.26
2026-03-30,45.68,47.49,45.29,47.22,18585546.0,866897304.14
2026-03-31,46.55,47.05,43.93,44.41,23971103.0,1081770930.03
2026-04-01,45.63,45.65,43.6,44.36,14397881.0,637932390.61
2026-04-02,44.2,44.36,41.58,42.07,21968296.0,932116315.42
2026-04-03,42.06,42.24,40.42,40.51,18394727.0,753271500.8
2026-04-07,40.51,41.08,40.11,40.46,11528709.0,468247421.86
2026-04-08,41.8,44.51,41.8,44.51,18761051.0,814909818.7
2026-04-09,44.51,46.21,43.81,45.33,26346701.0,1187686481.88
2026-04-10,45.77,46.06,44.73,44.88,14541484.0,658385343.7
2026-04-13,44.48,45.0,43.03,43.74,12950646.0,566330365.02
2026-04-14,44.45,45.7,43.88,44.85,18411601.0,824709976.15
2026-04-15,45.2,47.28,44.21,44.48,24509089.0,1121640412.95
2026-04-16,44.5,46.64,43.25,46.29,25603786.0,1161094164.85
2026-04-17,45.83,48.3,45.71,46.73,21830213.0,1027227007.13
2026-04-20,46.81,49.1,46.28,48.76,26718659.0,1288181138.52
2026-04-21,48.77,52.11,47.88,51.62,31092124.0,1560289654.16
2026-04-22,50.81,51.51,49.47,50.99,30813332.0,1551639834.5
2026-04-23,50.56,50.79,47.28,47.58,26549042.0,1295040864.07
2026-04-24,46.88,48.75,46.24,47.96,17191361.0,820340816.4
2026-04-27,47.8,48.28,46.03,46.54,16810130.0,787181630.89
2026-04-28,45.12,45.14,42.3,43.22,27715844.0,1199328376.2
2026-04-29,43.21,44.95,42.61,44.39,19045772.0,838245445.72
2026-04-30,44.2,44.5,43.22,43.87,11674857.0,510270613.61
2026-05-06,44.5,46.93,44.05,46.33,19585500.0,894183199.17
2026-05-07,46.48,49.17,46.37,49.11,27916024.0,1337143571.8
2026-05-08,48.33,49.2,47.71,48.39,17915137.0,866672483.86
2026-05-11,49.08,49.1,47.2,48.65,20247567.0,977618100.07
2026-05-12,48.9,48.97,46.99,48.51,15919535.0,763503132.04
2026-05-13,48.28,50.93,48.08,50.48,25139705.0,1257324342.88
2026-05-14,51.0,53.97,50.46,50.46,26856262.0,1392742793.61
2026-05-15,50.1,52.83,49.6,51.24,28545411.0,1469636260.62
2026-05-18,50.51,56.36,50.25,56.36,29259297.0,1614936415.41
2026-05-19,57.59,58.48,54.11,55.5,35004970.0,1939973759.8
2026-05-20,54.93,56.18,53.3,55.04,22098881.0,1215948137.27
2026-05-21,56.3,60.54,55.88,56.59,30941275.0,1805764308.25
2026-05-22,57.5,62.25,57.03,62.25,29405194.0,1786546882.9
2026-05-25,67.17,68.38,63.27,64.77,40591160.0,2647856692.97
2026-05-26,63.68,66.88,61.5,66.46,34172502.0,2198344445.58
2026-05-27,66.47,68.9,63.78,64.12,25990660.0,1718468744.62
2026-05-28,64.0,67.07,62.31,66.29,26228359.0,1708938105.66
2026-05-29,66.64,67.0,59.66,59.66,28281001.0,1762094249.81
2026-06-01,57.31,59.19,54.59,55.31,39605491.0,2227380037.39
2026-06-02,55.32,56.88,51.75,56.49,26640343.0,1457822133.6
2026-06-03,56.0,58.74,55.5,57.2,26141276.0,1500677073.15
2026-06-04,57.0,60.85,55.45,59.13,25554562.0,1500893436.83
2026-06-05,58.01,58.22,54.55,55.85,22504500.0,1263522579.73
2026-06-08,53.14,54.18,50.4,50.76,24307912.0,1268274170.56
2026-06-09,52.74,55.34,50.99,55.11,22122911.0,1181462630.97
2026-06-10,54.88,54.98,51.64,53.01,15517161.0,820005692.43
2026-06-11,53.6,58.31,53.6,57.92,40039800.0,2298914895.39
2026-06-12,57.92,59.44,56.03,57.26,41982808.0,2412244611.31
2026-06-15,59.7,61.5,58.08,61.1,37319673.0,2248916565.98
2026-06-16,61.84,66.67,60.5,64.36,38205265.0,2457555118.21
2026-06-17,62.64,64.89,61.62,62.36,31680412.0,1992881814.12
2026-06-18,62.37,63.95,61.25,63.01,28768954.0,1804672781.06
2026-06-22,65.2,69.31,64.7,69.31,31958513.0,2193384894.65
2026-06-23,75.04,76.12,71.6,72.8,73661276.0,5503435279.76
2026-06-24,70.0,76.68,69.68,76.38,49508548.0,3649728124.23
2026-06-25,74.58,84.02,74.58,84.02,38402118.0,3156119315.51
2026-06-26,85.0,90.15,81.0,87.03,42830674.0,3648906231.71
2026-06-29,88.99,95.73,88.99,93.88,50023771.0,4632564250.19
2026-06-30,91.0,96.24,89.0,90.6,44687234.0,4112362938.92
2026-07-01,91.5,95.5,83.45,86.31,47982400.0,4234036968.55
2026-07-02,82.6,91.49,79.9,82.88,40117158.0,3393662413.64
2026-07-03,82.0,82.84,75.3,75.56,39838756.0,3092743860.93
2026-07-06,76.69,78.18,68.0,68.0,33400860.0,2382389161.62
2026-07-07,66.11,67.79,63.16,63.66,32858747.0,2134537874.41
2026-07-08,64.02,66.7,61.79,63.04,29526314.0,1896739162.24
2026-07-09,64.0,65.5,59.03,65.3,36305672.0,2275208033.93
2026-07-10,65.3,68.88,64.44,65.02,37722000.0,2518379886.92
2026-07-13,64.92,65.01,58.58,58.76,30609512.0,1862997963.95
2026-07-14,59.93,64.14,58.25,64.0,31028920.0,1916852905.65
2026-07-15,65.14,65.45,59.21,59.68,23351505.0,1434952091.3
2026-07-16,58.49,60.13,55.23,55.77,19262032.0,1104699445.48
2026-07-17,55.77,56.26,51.45,51.63,23027917.0,1234660027.42
2026-07-20,52.67,55.0,46.47,47.8,29393000.0,1472041884.18
2026-07-21,48.77,51.6,43.31,50.98,32414287.0,1568908137.15
2026-07-22,50.5,52.8,49.6,50.1,27139676.0,1393745187.59
2026-07-23,51.0,53.47,49.85,51.25,23572912.0,1223081869.47
2026-07-24,50.33,50.6,48.0,48.38,15767613.0,774117003.77
2026-07-27,48.36,51.18,46.92,51.08,18481095.0,914469157.27
2026-07-28,49.8,51.06,45.97,46.02,20853400.0,994639414.56
2026-07-29,45.46,46.7,43.72,45.31,23774970.0,1071091335.98
2026-07-30,44.91,45.85,40.78,41.05,25403231.0,1074522271.0
2026-07-31,44.0,45.16,43.38,43.88,31581450.0,1406810716.1
2026-08-03,43.94,44.5,42.2,42.67,25313530.0,1097666109.96
2026-08-04,42.99,46.94,42.38,46.94,20354505.0,927357889.08
2026-08-05,47.1,51.63,47.0,51.63,24797711.0,1235731308.49
2026-08-06,53.4,55.7,51.85,53.86,51139718.0,2740716006.75
2026-08-07,53.84,55.4,51.79,55.18,47544220.0,2574275180.37
2026-08-10,56.69,58.48,54.55,57.45,50337291.0,2831055782.7
2026-08-11,56.0,57.59,54.05,54.79,42097596.0,2335615881.09
2026-08-12,55.0,55.8,53.63,55.0,30540243.0,1679090880.26
2026-08-13,55.48,55.9,52.9,52.96,28361243.0,1549351893.92
2026-08-14,54.68,56.39,53.76,55.37,35601009.0,1963386683.19
2026-08-17,57.0,57.8,55.0,57.56,35698980.0,2021917494.34
2026-08-18,58.36,59.27,55.68,56.36,31972536.0,1831556535.79
2026-08-19,54.34,54.71,50.79,50.95,31164596.0,1636870819.1
2026-08-20,52.85,53.45,51.06,51.8,23243757.0,1207794857.6
2026-08-21,51.84,53.19,50.96,53.01,19405353.0,1018357522.76
2026-08-24,53.86,53.98,49.9,51.4,19830897.0,1017266689.9
2026-08-25,50.01,54.04,50.01,51.99,25682407.0,1346264003.72
2026-08-26,52.0,53.45,51.44,52.32,20843840.0,1093646182.46
2026-08-27,52.32,57.55,52.15,57.55,34851031.0,1944087381.4
2026-08-28,59.8,59.8,57.2,57.72,39512441.0,2303486658.27
2026-08-31,56.25,57.19,54.84,56.79,25052722.0,1403953260.82
2026-09-01,57.18,57.18,54.3,54.55,18487520.0,1017273009.26
2026-09-02,53.49,54.5,52.63,53.52,12717397.0,680148425.83
2026-09-03,54.15,55.5,52.76,55.04,21840882.0,1183874488.88
2026-09-04,55.3,55.8,51.0,51.42,27362797.0,1445829353.51
2026-09-07,51.7,54.67,50.88,53.7,21662301.0,1154732754.91
2026-09-08,55.12981414794922,56.937110900878906,52.634830474853516,54.665340423583984,24289392.0,769271552.0
2026-09-09,52.7012825012207,53.522647857666016,49.19880638122559,49.95785903930664,25759326.0,877421184.0
2026-09-10,52.03096008300781,53.08035659790039,48.43927001953125,50.365848541259766,32399100.0,1243915008.0
2026-09-11,51.19474411010742,55.08730697631836,50.97655487060547,54.455810546875,23660044.0,763167104.0
2026-09-14,52.77132034301758,53.63026809692383,49.0102294921875,49.02819061279297,19105100.0,587499520.0
2026-09-15,47.715030670166016,53.93100967407227,45.61674118041992,53.580936431884766,26806814.0,908432768.0
2026-09-16,48.22284278869629,48.22284278869629,48.22284278869629,48.22284278869629,22507516.0,598603008.0
2026-09-17,43.40055850982666,43.40055850982666,43.40055850982666,43.40055850982666,32594956.0,986233344.0
2026-09-18,39.109230041503906,41.75708770751953,39.060502658843994,39.067813873291016,27714342.0,931462272.0
2026-09-21,40.84553527832031,42.97459526062012,40.11479568481445,42.97459526062012,28916304.0,985916160.0
2026-09-22,45.232269287109375,46.48912048339844,42.77336883544922,44.32979202270508,26164232.0,888758400.0
2026-09-23,42.27713394165039,42.82588577270508,39.89681282043457,39.89681282043457,19110776.0,582687616.0
2026-09-24,37.86226272583008,38.497047424316406,35.90713153839111,36.337188720703125,24959800.0,781059200.0
2026-09-25,36.04866027832031,38.32138442993164,35.28339767456055,37.91401672363281,20751720.0,619720832.0
2026-09-28,41.7054183959961,41.7054183959961,41.7054183959961,41.7054183959961,29739980.0,1086594816.0
2026-09-29,45.87596023559571,45.87596023559571,45.51996994018555,45.87596023559571,43169284.0,1644169088.0
2026-09-30,49.76301574707031,50.46355625915529,48.37311935424805,50.46355625915529,28549012.0,1060393472.0
2026-10-01,53.46022415161133,55.50991188507082,51.9605598449707,55.055362701416016,34442444.0,1300729856.0
2026-10-02,59.430179595947266,60.56089897155762,57.84129333496094,60.56089897155762,47790788.0,2085471488.0
2026-10-05,56.54255676269531,60.971954345703125,54.50480907440186,56.00760269165039,25726208.0,1124237568.0
2026-10-06,55.374996185302734,58.344642639160156,53.69871139526367,57.543888092041016,19272756.0,704457984.0
2026-10-07,56.283447265625,58.47727584838867,54.44081497192383,57.737213134765625,25811976.0,1021656064.0
2026-10-08,56.359825134277344,58.66924285888672,51.96349182128906,51.96349182128906,30878996.0,1343710464.0
2026-10-09,47.142852783203125,46.8427734375,46.767142639160156,46.767142639160156,23909314.0,790784000.0
2026-10-12,42.090428375244144,45.252235412597656,42.090428375244144,42.48868942260742,25591406.0,877315328.0
2026-10-13,45.347557067871094,46.73755836486817,41.69981384277344,43.8057746887207,26663748.0,1046216192.0
2026-10-14,42.16705322265625,43.28199005126953,39.425197219848634,40.74746322631836,26432590.0,855082496.0
2026-10-15,41.35942077636719,43.32801055908203,40.1613883972168,42.18722152709961,20321534.0,622521536.0
2026-10-16,41.18939208984375,41.31776428222656,38.45204162597656,38.9762077331543,22760814.0,643792640.0
2026-10-19,41.300987243652344,42.87382850646973,40.706298828125,42.87382850646973,17626500.0,524036288.0
2026-10-20,47.161211357116706,47.161211357116706,47.09309387207031,47.161211357116706,25766112.0,1105898496.0
2026-10-21,51.87733249282838,51.87733249282838,42.44509022140504,44.70783233642578,39819088.0,1562729728.0
2026-10-22,42.423038482666016,43.798866271972656,40.586368560791016,42.160919189453125,23473956.0,781531008.0
2026-10-23,41.97024917602539,43.82796096801758,40.854122161865234,42.219390869140625,25033386.0,836464640.0
2026-10-26,42.295379638671875,43.19023895263672,38.46875762939453,39.65739822387695,29831350.0,1060716672.0
2026-10-27,40.123233795166016,41.54961395263672,39.01209259033203,40.3158073425293,24125604.0,763842816.0
2026-10-28,40.49427032470703,42.26233673095703,39.06880569458008,40.7559814453125,21655312.0,665600448.0
2026-10-29,40.44124984741211,41.34102249145508,37.50251388549805,38.931941986083984,26736344.0,891508480.0
2026-10-30,38.19908905029297,39.8847541809082,35.038747787475586,36.347930908203125,38114560.0,1273564288.0
2026-11-02,39.77376937866211,39.98272399902344,38.82746124267578,39.98272399902344,43451968.0,1334036736.0
2026-11-03,40.20651626586914,43.98099639892579,39.57931137084961,43.98099639892579,40088552.0,1300328448.0
2026-11-04,48.379096038818375,48.379096038818375,43.63530349731445,46.72856140136719,27432350.0,1052744960.0
2026-11-05,45.9418830871582,47.582271575927734,43.58815002441406,45.86632537841797,41175544.0,1450652032.0
2026-11-06,44.03799819946289,45.5426025390625,41.279692840576175,42.17972183227539,22670992.0,774409088.0
2026-11-09,44.27479934692383,46.397694015502935,43.033905029296875,46.397694015502935,38332040.0,1376621824.0
2026-11-10,44.60401916503906,49.040225982666016,42.88525390625,47.79812240600586,45901816.0,1578888576.0
2026-11-11,49.08331298828125,51.8138542175293,47.15064239501953,50.01298904418945,42843460.0,1555021440.0
2026-11-12,49.779502868652344,50.60055160522461,46.3259391784668,48.20596694946289,30647552.0,1087522048.0
2026-11-13,47.4281120300293,48.87284851074219,43.986392974853516,46.13232421875,17186656.0,554027264.0
2026-11-16,47.93046569824219,50.745556640625004,44.62556457519531,48.519378662109375,33014728.0,1278428672.0
2026-11-17,48.748451232910156,52.984920501708984,48.076148986816406,52.10736846923828,36186212.0,1415406720.0
2026-11-18,53.099430084228516,54.605350494384766,51.99024963378906,54.07862854003906,31184072.0,1150960768.0
2026-11-19,54.63430404663086,56.87802505493164,51.279884338378906,54.46173095703125,33337880.0,1225056256.0
2026-11-20,54.69721603393555,59.90790405273438,49.015557861328126,55.68877029418945,56959180.0,2295995648.0
2026-11-23,50.11989326477051,55.2128791809082,50.11989326477051,50.56981658935547,32874232.0,1268686336.0
2026-11-24,50.175148010253906,53.33784484863281,48.97831344604492,53.040225982666016,17700324.0,563332608.0
2026-11-25,50.85933303833008,52.1057014465332,47.73620338439942,47.73620338439942,45472456.0,1744262272.0
2026-11-26,49.4211540222168,52.509823722839364,48.66240310668945,52.509823722839364,53788544.0,1725293440.0
2026-11-27,56.53887176513672,57.76080609512331,53.56249237060547,57.76080609512331,32170544.0,1181208576.0
2026-11-30,57.97858810424805,61.168914794921875,55.81196594238281,59.175785064697266,49811960.0,1916434176.0
