timestamps,open,high,low,close,volume,amount
2015-01-05,10.92,11.32,10.7,11.2,11199047,122874834.2
2015-01-06,11.13,11.44,10.97,11.37,9768914,109997341.7
2015-01-07,11.33,11.37,11.19,11.27,5473049,61719213.300000004
2015-01-08,11.25,11.47,11.2,11.32,6626513,75055437.5
2015-01-09,11.32,11.4,11.08,11.09,6451076,72887413.0
2015-01-12,11.04,11.12,10.8,10.81,5088596,55527041.5
2015-01-13,10.72,11.18,10.72,11.1,4318022,47508654.199999996
2015-01-14,11.14,11.14,10.89,10.93,4169598,45906150.199999996
2015-01-15,10.89,11.34,10.89,11.28,10426453,117050875.19999999
2015-01-16,11.25,11.48,11.21,11.43,11906067,135508313.9
2015-01-19,11.1,11.45,10.85,11.07,7931982,88843365.60000001
2015-01-20,11.06,11.69,11.06,11.69,14588448,167410045.4
2015-01-21,11.69,11.86,11.6,11.83,16689544,195919209.5
2015-01-22,11.76,12.03,11.68,11.9,20058784,238503995.5
2015-01-23,11.86,12.03,11.71,11.83,14734075,174700261.7
2015-01-26,11.83,11.98,11.65,11.88,15917017,187360407.79999998
2015-01-27,11.92,11.94,11.65,11.89,12943551,152941907.0
2015-01-28,11.8,11.95,11.74,11.79,8034596,95145503.80000001
2015-01-29,11.7,11.79,11.58,11.59,7135095,83314324.1
2015-01-30,11.62,11.69,11.51,11.51,5646796,65577630.300000004
2015-02-02,11.4,11.55,11.35,11.39,4461792,51065310.3
2015-02-03,11.48,11.77,11.47,11.69,7972187,92996161.30000001
2015-02-04,11.68,11.85,11.6,11.77,8433574,98898964.9
2015-02-05,11.8,11.98,11.56,11.65,11625395,137738205.6
2015-02-06,11.6,11.66,11.14,11.21,7618253,87170925.9
2015-02-09,11.18,11.32,11.05,11.13,4436729,49653100.1
2015-02-10,11.19,11.27,11.1,11.26,3638242,40709886.3
2015-02-11,11.26,11.43,11.26,11.35,3958980,44927505.1
2015-02-12,11.37,11.43,11.33,11.36,4357245,49574342.1
2015-02-13,11.4,11.63,11.4,11.52,7961310,91887123.60000001
2015-02-16,11.53,11.98,11.53,11.94,13993923,165881504.7
2015-02-17,12.0,12.03,11.83,11.89,9411225,112046172.60000001
2015-02-25,11.91,12.12,11.88,12.01,13803524,166064344.2
2015-02-26,12.02,12.1,11.92,12.02,10352166,124229424.19999999
2015-02-27,12.05,12.14,12.0,12.1,12731615,153553985.79999998
2015-03-02,12.14,12.38,12.04,12.33,19243016,234739321.7
2015-03-03,12.32,12.35,11.99,12.04,15508871,189484403.6
2015-03-04,12.05,12.57,12.05,12.5,19955678,245632752.2
2015-03-05,12.49,12.56,12.34,12.55,16040486,199853685.3
2015-03-06,12.54,12.6,12.18,12.21,11872026,146439124.4
2015-03-09,12.18,12.42,12.03,12.35,9221566,113024037.7
2015-03-10,12.37,12.64,12.37,12.48,14680247,184210954.8
2015-03-11,12.5,12.57,12.27,12.35,12002133,148767521.70000002
2015-03-12,12.37,12.48,12.08,12.24,10839966,132757438.49999999
2015-03-13,12.29,12.58,12.19,12.54,14252545,176791166.3
2015-03-16,12.62,12.83,12.58,12.74,19171602,244062294.5
2015-03-17,12.82,12.85,12.55,12.79,21814666,277580335.29999995
2015-03-18,12.8,13.07,12.69,12.99,21479196,277026384.9
2015-03-19,12.91,13.11,12.8,12.98,20602468,266932693.70000002
2015-03-20,13.03,13.48,12.94,13.3,30465587,403395674.79999995
2015-03-23,13.36,13.49,13.27,13.41,22784439,304235267.70000005
2015-03-24,13.41,13.42,12.55,13.2,25719779,337305160.5
2015-03-25,13.11,14.52,12.96,14.52,49169514,697247211.6999999
2015-03-26,14.78,15.29,14.3,14.39,60191241,889375815.3000001
2015-03-27,14.28,15.09,14.13,14.67,32982662,482076675.40000004
2015-03-30,14.51,14.87,14.16,14.3,49897737,715628682.7
2015-03-31,14.28,14.45,14.07,14.16,37802581,538738741.0
2015-04-01,14.18,14.75,14.18,14.68,40210108,583702641.5
2015-04-02,14.68,14.8,14.43,14.77,36424512,532439093.29999995
2015-04-03,14.74,15.2,14.6,15.1,40664853,607679033.6
2015-04-07,15.1,15.32,14.96,15.17,35363601,534002350.6999999
2015-04-08,15.18,15.18,14.44,14.59,37097124,547540983.8000001
2015-04-09,14.66,14.66,13.83,14.46,26516019,376423091.5
2015-04-10,14.4,14.99,14.28,14.76,24402787,359636663.40000004
2015-04-13,14.79,15.32,14.74,15.13,32952824,497200462.5
2015-04-14,15.08,15.37,14.81,14.93,30167486,457024320.59999996
2015-04-15,14.91,15.09,14.32,14.4,21041872,308157178.5
2015-04-16,14.36,14.76,14.01,14.56,18655658,269736658.9
2015-04-17,14.66,14.74,14.31,14.6,30187286,438853766.8
2015-04-20,14.39,14.39,13.87,13.95,32317025,455546475.8
2015-04-21,13.95,14.36,13.9,14.27,22870798,324829010.7
2015-04-22,14.31,14.72,14.31,14.62,29928875,435688291.2
2015-04-23,14.7,15.58,14.53,15.54,55851537,838671560.6
2015-04-24,15.25,15.39,14.87,15.08,38044316,574994862.1999999
2015-04-27,15.16,15.4,14.85,15.1,30508878,460845065.3
2015-04-28,14.99,15.0,14.32,14.49,30570834,447356868.20000005
2015-04-29,14.39,15.03,14.34,14.94,26452936,390142495.79999995
2015-04-30,14.86,15.35,14.83,14.84,31311144,472659246.70000005
2015-05-04,14.85,15.2,14.61,15.16,25321903,378969695.0
2015-05-05,15.18,15.27,14.27,14.27,23098399,340919365.70000005
2015-05-06,14.32,14.6,13.56,13.79,19964045,284458962.0
2015-05-07,13.66,13.98,13.47,13.52,14986054,205747116.2
2015-05-08,13.79,14.05,13.65,14.0,16671325,230730002.10000002
2015-05-11,14.16,14.52,14.0,14.43,24437953,348775451.9
2015-05-12,14.4,14.58,14.17,14.47,20841767,299925078.90000004
2015-05-13,14.39,15.17,14.3,14.95,36030286,533019320.1
2015-05-14,14.85,15.34,14.79,14.98,33003157,498225898.2
2015-05-15,14.89,15.9,14.82,15.27,50897383,784818002.9
2015-05-18,15.1,16.34,15.02,16.03,46743436,736889868.6
2015-05-19,15.98,16.15,15.6,16.11,32432874,515030119.7
2015-05-20,16.2,16.75,15.8,15.85,49424492,802864097.1
2015-05-21,15.75,16.34,15.71,16.14,33362187,534222506.00000006
2015-05-22,16.29,16.44,15.81,16.22,43142840,694150619.8
2015-05-25,16.08,16.93,15.91,16.76,47715941,784666708.3000001
2015-05-26,16.75,17.14,16.48,16.98,51411203,864962676.5
2015-05-27,17.0,17.62,16.55,17.4,49868551,853323870.0999999
2015-05-28,17.4,17.98,15.79,15.89,52392444,896843176.8000001
2015-05-29,15.92,17.16,15.5,17.09,50476150,825121846.9
2015-06-01,17.47,18.75,17.29,18.37,51117200,919467725.6999999
2015-06-02,18.3,19.14,17.81,18.96,45771033,844171298.5
2015-06-03,18.92,19.8,18.5,18.75,47910800,918373932.3
2015-06-04,18.7,18.7,16.99,18.28,43077348,773957836.8000001
2015-06-05,18.69,19.25,18.06,18.48,39924227,746214079.0
2015-06-08,18.32,18.48,17.4,17.83,37865230,677804891.0
2015-06-09,17.84,18.4,17.69,18.12,27233203,491451588.0
2015-06-10,18.0,18.76,17.65,18.43,30403679,556778058.1999999
2015-06-11,18.42,18.95,18.2,18.95,34754379,648094359.8
2015-06-12,19.03,20.03,19.03,19.31,44515040,870335347.9000001
2015-06-15,19.32,20.21,19.0,19.5,39617125,775704981.9
2015-06-16,18.99,19.16,17.91,18.14,34150126,630360936.4
2015-06-17,18.14,18.49,17.28,18.4,25732410,460961754.4
2015-06-18,18.38,18.54,17.29,17.29,22005355,397113884.8
2015-06-19,17.0,17.02,15.56,15.62,26229616,431396280.09999996
2015-06-23,15.73,16.13,14.85,16.08,20786630,326022211.5
2015-06-24,16.16,16.57,15.95,16.55,25616329,418175901.8
2015-06-25,16.53,16.53,15.2,15.5,23319130,375238039.70000005
2015-06-26,15.15,15.18,13.95,13.95,31668945,456080558.20000005
2015-06-29,14.2,14.3,12.56,12.56,36045274,476185480.90000004
2015-06-30,12.47,13.55,11.33,13.46,36841877,460594398.4
2015-07-01,13.14,13.64,12.2,12.22,32980049,432840046.09999996
2015-07-02,12.17,12.5,11.1,11.27,31422186,372540651.3
2015-07-03,11.0,11.74,10.16,10.3,31918212,346237705.7
2015-07-06,11.33,11.33,9.27,10.0,48444924,489203037.0
2015-07-07,9.39,9.62,9.0,9.0,23563346,216805200.5
2015-07-08,8.1,8.95,8.1,8.36,72602892,604611548.8
2015-07-09,8.35,9.2,8.35,9.2,22832560,204715711.0
2015-07-10,9.78,10.12,9.58,10.12,12747618,127039889.0
2015-07-13,11.08,11.13,10.52,11.13,43177397,471565367.8
2015-07-14,11.05,11.89,10.75,11.38,63464700,723903198.6
2015-07-15,10.92,11.13,10.24,10.24,33411209,353013661.7
2015-07-16,10.21,10.86,9.46,10.44,28458817,291910724.2
2015-07-17,10.46,11.43,10.46,11.23,32422383,356160654.3
2015-07-20,11.25,11.62,11.0,11.29,35313859,398523562.2
2015-07-21,11.1,11.6,10.92,11.44,28181945,320950677.2
2015-07-22,11.4,11.98,11.25,11.88,36712575,427188744.7
2015-07-23,11.8,12.28,11.66,12.18,37173848,445788782.59999996
2015-07-24,12.18,12.29,11.59,11.7,38529655,463664599.8
2015-07-27,11.31,11.76,10.53,10.53,28821923,323216868.8
2015-07-28,9.99,10.5,9.48,10.0,36335810,360764437.5
2015-07-29,10.18,10.7,9.74,10.65,22871782,232506314.7
2015-07-30,10.63,11.09,10.17,10.28,23017628,247046778.5
2015-07-31,10.1,10.47,10.08,10.37,16678535,170998496.9
2015-08-03,10.23,10.35,9.84,10.31,19367612,194494872.1
2015-08-04,10.3,11.11,10.29,11.09,20216886,217225713.8
2015-08-05,11.03,11.27,10.72,10.77,20732517,227420576.20000002
2015-08-06,10.43,11.0,10.31,10.94,14918553,161256585.7
2015-08-07,11.02,11.35,11.02,11.35,22648763,254487527.0
2015-08-10,11.54,11.99,11.3,11.88,29103229,338438110.6
2015-08-11,11.8,12.03,11.7,11.82,26408951,313504922.8
2015-08-12,11.7,11.95,11.6,11.62,19949631,234500914.2
2015-08-13,11.55,11.99,11.4,11.98,20585537,241339662.5
2015-08-14,12.04,12.28,11.93,12.03,27985674,338939938.4
2015-08-17,11.95,12.36,11.88,12.34,23243192,282245948.6
2015-08-18,12.43,12.44,11.11,11.11,30362792,357210247.6
2015-08-19,10.77,11.48,10.02,11.43,21662914,236501564.7
2015-08-20,11.3,11.99,11.25,11.4,22816073,265633199.10000002
2015-08-21,11.01,11.18,10.32,10.34,19085485,205285704.8
2015-08-24,9.85,9.88,9.31,9.31,10647507,100850420.89999999
2015-08-25,8.4,8.86,8.38,8.38,17167611,145587627.6
2015-08-26,8.45,8.78,7.9,7.99,20666684,173213978.1
2015-08-27,8.21,8.5,7.9,8.48,13532609,111522341.9
2015-08-28,8.62,9.14,8.5,9.11,23071334,201990333.5
2015-08-31,9.03,9.03,8.55,8.6,13694969,119842911.2
2015-09-01,8.6,8.65,7.95,8.0,14391491,118353022.7
2015-09-02,7.7,8.33,7.51,8.17,16943757,135821809.29999998
2015-09-07,8.24,8.71,8.22,8.41,13245483,112492478.1
2015-09-08,8.33,9.08,8.27,8.94,11813355,102079155.89999999
2015-09-09,8.88,9.26,8.84,9.16,19342238,175793557.8
2015-09-10,9.0,9.09,8.8,8.84,12124738,108394386.89999999
2015-09-11,8.77,9.02,8.72,8.9,8491474,75516651.3
2015-09-14,9.0,9.03,8.01,8.01,15553866,129347147.89999999
2015-09-15,7.71,8.01,7.32,7.41,10550910,81367014.5
2015-09-16,7.59,8.15,7.51,8.14,12249044,96034107.69999999
2015-09-17,8.08,8.41,8.0,8.01,13974917,114530170.10000001
2015-09-18,8.09,8.17,7.92,8.12,9355742,75453425.3
2015-09-21,8.0,8.47,7.9,8.43,10848456,89912217.0
2015-09-22,8.43,8.62,8.35,8.46,10819617,91909515.9
2015-09-23,8.3,8.45,8.13,8.26,9193173,76266845.5
2015-09-24,8.32,8.49,8.3,8.44,8710166,73064927.80000001
2015-09-25,8.38,8.51,8.0,8.1,10148119,83567105.80000001
2015-09-28,8.11,8.3,7.99,8.28,7635402,62459650.4
2015-09-29,8.14,8.25,8.02,8.11,6671736,54140094.7
2015-09-30,8.15,8.21,8.06,8.13,6231318,50757707.699999996
2015-10-08,8.5,8.64,8.35,8.5,13230864,112508093.0
2015-10-09,8.5,8.8,8.48,8.73,12863712,111301786.9
2015-10-12,8.77,9.26,8.66,9.19,18786225,169662482.2
2015-10-13,9.06,9.26,9.01,9.22,15740861,143630240.8
2015-10-14,9.12,9.22,9.01,9.02,12358863,112604952.30000001
2015-10-15,9.02,9.36,8.99,9.35,16509261,152328456.8
2015-10-16,9.41,9.48,9.16,9.44,18731082,174922334.6
2015-10-19,9.48,9.52,9.21,9.35,17301625,162383076.89999998
2015-10-20,9.3,9.56,9.28,9.56,15462072,146380824.8
2015-10-21,9.56,9.84,8.76,8.95,24919875,235129961.2
2015-10-22,8.95,9.28,8.81,9.25,15308033,138730274.89999998
2015-10-23,9.2,9.69,9.2,9.58,17134556,162348121.9
2015-10-26,9.72,9.92,9.61,9.74,20266557,197493909.0
2015-10-27,9.63,9.95,9.21,9.87,20588957,197098294.1
2015-10-28,9.79,10.18,9.59,9.82,23954326,237456142.0
2015-10-29,9.82,10.17,9.68,10.02,21851523,217961017.1
2015-10-30,9.93,10.25,9.65,10.14,25465544,254726227.7
2015-11-02,10.17,10.73,9.99,10.27,42654063,444659303.7
2015-11-03,10.08,10.33,9.83,10.0,23640545,238209697.9
2015-11-04,10.02,10.55,10.02,10.53,25529653,263941093.60000002
2015-11-05,10.55,10.6,10.18,10.3,43903648,455026055.5
2015-11-06,10.31,10.89,10.31,10.86,38770962,414391802.09999996
2015-11-09,10.7,10.91,10.54,10.76,32583211,349918397.5
2015-11-10,10.7,10.94,10.62,10.89,30202611,326766752.90000004
2015-11-11,10.85,11.3,10.78,11.25,32995279,368488884.59999996
2015-11-12,11.21,11.75,10.9,11.26,48242272,543148026.1999999
2015-11-13,11.1,11.59,10.8,11.18,36405896,407173598.2
2015-11-16,10.96,11.68,10.9,11.68,34312285,389603990.6
2015-11-17,11.68,11.99,11.22,11.37,45199650,525434005.40000004
2015-11-18,11.42,11.45,10.9,10.96,25617826,286407745.6
2015-11-19,11.1,11.49,10.97,11.49,25344572,285523749.7
2015-11-20,11.54,12.19,11.43,11.94,53924112,634891348.8000001
2015-11-23,11.9,11.95,11.47,11.58,35672185,417260209.8
2015-11-24,11.51,12.31,11.48,12.2,39668001,472199643.3
2015-11-25,12.11,12.67,11.99,12.53,41052663,505115848.6
2015-11-26,12.48,12.84,12.2,12.27,36600459,457211281.8
2015-11-27,12.16,12.48,11.05,11.28,36276190,432320731.0
2015-11-30,11.31,12.08,10.81,12.03,37507951,433120062.5
2015-12-01,11.85,11.98,11.56,11.78,28929502,341648151.7
2015-12-02,11.73,11.83,10.68,11.3,28009215,314517565.79999995
2015-12-03,11.26,11.64,11.17,11.64,27868674,317963164.8
2015-12-04,11.49,11.79,11.24,11.28,25341238,291194651.4
2015-12-07,11.36,11.55,11.28,11.53,21076729,240807125.20000002
2015-12-08,11.48,11.48,10.93,10.93,25123638,278975099.3
2015-12-09,10.84,10.98,10.58,10.65,19354181,208259630.20000002
2015-12-10,10.72,10.85,10.6,10.75,15294444,164243736.70000002
2015-12-11,10.71,10.98,10.62,10.86,14873943,161276194.0
2015-12-14,10.8,11.19,10.7,11.19,15505721,170075861.0
2015-12-15,11.19,11.41,11.06,11.33,21395548,240580024.8
2015-12-16,11.32,11.38,11.15,11.24,18287107,206555270.3
2015-12-17,11.33,11.58,11.27,11.53,26882453,307694183.0
2015-12-18,11.44,11.61,11.27,11.34,22758349,259732215.7
2015-12-21,11.26,11.55,11.26,11.55,20863840,238732904.29999998
2015-12-22,11.55,11.62,11.37,11.6,21235019,244506969.3
2015-12-23,11.61,11.84,11.55,11.58,25805269,301167318.4
2015-12-24,11.55,11.59,11.25,11.46,15762510,179777696.1
2015-12-25,11.49,11.76,11.45,11.71,21479725,250089657.6
2015-12-28,11.75,12.04,11.4,11.44,30891062,364287816.3
2015-12-29,11.4,11.72,11.29,11.72,16366516,188330651.2
2015-12-30,11.74,12.18,11.69,12.09,31996016,384933736.2
2015-12-31,12.09,12.15,11.61,11.65,22366060,265572870.50000003
2016-01-04,11.54,11.64,10.49,10.49,25483249,278721759.59999996
2016-01-05,9.83,10.36,9.5,10.02,23435888,234166802.0
2016-01-06,10.06,10.3,9.93,10.29,15619816,158360902.4
2016-01-07,10.09,10.09,9.26,9.26,4023500,38786232.0
2016-01-08,9.53,9.62,8.81,9.32,18324193,171133774.20000002
2016-01-11,9.12,9.15,8.39,8.39,20532734,179729696.20000002
2016-01-12,8.41,8.58,8.25,8.51,14760487,124846590.1
2016-01-13,8.58,8.7,8.14,8.14,13755262,116164522.10000001
2016-01-14,7.9,8.51,7.78,8.49,15593138,127558041.4
2016-01-15,8.39,8.52,7.97,8.07,13109516,108320905.5
2016-01-18,7.93,8.43,7.89,8.31,11663796,95738738.3
2016-01-19,8.3,8.68,8.25,8.64,14674463,124778430.0
2016-01-20,8.61,8.74,8.45,8.5,15477032,132502851.0
2016-01-21,8.38,8.72,8.24,8.24,16117775,137195031.5
2016-01-22,8.39,8.51,8.15,8.45,10214491,85602494.5
2016-01-25,8.56,8.67,8.4,8.54,12027169,103009085.30000001
2016-01-26,8.45,8.45,7.69,7.69,14956260,120987774.8
2016-01-27,7.78,7.8,7.2,7.62,14696445,110668503.7
2016-01-28,7.48,7.7,7.36,7.41,11075402,83542711.3
2016-01-29,7.42,7.84,7.34,7.81,11616784,88746706.8
2016-02-01,7.82,7.82,7.51,7.67,8793685,67646731.7
2016-02-02,7.72,8.03,7.67,7.92,12364397,97527695.9
2016-02-03,7.81,7.96,7.7,7.92,10829492,84563987.8
2016-02-04,7.94,8.15,7.9,8.08,13785518,110956585.60000001
2016-02-05,8.1,8.12,7.91,7.92,10271099,82286210.9
2016-02-15,7.62,7.93,7.52,7.85,10162542,78770294.5
2016-02-16,7.9,8.31,7.86,8.26,16021369,130599049.7
2016-02-17,8.23,8.38,8.12,8.36,16669692,137582160.20000002
2016-02-18,8.4,8.6,8.34,8.41,20568296,173706409.1
2016-02-19,8.36,8.88,8.32,8.68,21827094,187781291.0
2016-02-22,8.81,8.87,8.7,8.79,20230395,177789805.0
2016-02-23,8.77,8.85,8.51,8.68,16286822,141218941.7
2016-02-24,8.63,8.82,8.46,8.8,17145664,148468547.1
2016-02-25,8.73,8.78,7.92,7.92,22561913,187600811.7
2016-02-26,8.02,8.18,7.85,8.06,11688592,94064649.69999999
2016-02-29,8.04,8.05,7.4,7.63,13550646,103320011.8
2016-03-01,7.67,7.97,7.56,7.86,12565011,97433798.7
2016-03-02,7.85,8.3,7.82,8.27,16352442,132173883.39999999
2016-03-03,8.22,8.6,8.22,8.47,21731100,182885154.5
2016-03-04,8.4,8.46,7.93,8.01,23859704,195815165.70000002
2016-03-07,8.12,8.35,8.12,8.27,13802435,113672634.9
2016-03-08,8.23,8.26,7.82,8.25,14160320,114123820.39999999
2016-03-09,8.0,8.14,7.95,8.01,12213203,98084256.1
2016-03-10,8.05,8.13,7.85,7.88,10027246,80250162.1
2016-03-11,7.78,7.93,7.71,7.9,7383981,57744835.9
2016-03-14,7.99,8.34,7.92,8.22,16065739,131658675.9
2016-03-15,8.2,8.26,8.1,8.16,10899385,89131201.0
2016-03-16,8.18,8.25,8.0,8.07,10568859,85980668.60000001
2016-03-17,8.1,8.43,8.08,8.37,16757587,138739732.4
2016-03-18,8.38,8.68,8.32,8.65,25707379,219818256.9
2016-03-21,8.78,8.84,8.7,8.81,25310593,221753628.5
2016-03-22,8.76,8.96,8.72,8.78,21016912,185729605.5
2016-03-23,8.75,8.82,8.6,8.82,17727119,154680583.0
2016-03-24,8.61,8.78,8.58,8.58,16138954,140268991.0
2016-03-25,8.6,8.77,8.58,8.76,13419412,116660168.1
2016-03-28,8.79,8.93,8.67,8.69,18238441,161163375.20000002
2016-03-29,8.65,8.71,8.38,8.48,14619635,124795337.3
2016-03-30,8.55,8.83,8.53,8.82,16809815,145995137.79999998
2016-03-31,8.83,9.01,8.76,8.95,24061193,214653636.39999998
2016-04-01,8.89,8.93,8.61,8.83,16247899,142628173.2
2016-04-05,8.84,9.13,8.8,9.1,22087501,198928377.2
2016-04-06,9.04,9.14,8.95,9.1,17698088,160104221.6
2016-04-07,9.11,9.13,8.82,8.85,16439974,147467327.2
2016-04-08,8.78,8.87,8.66,8.83,11705601,102639228.4
2016-04-11,8.93,9.1,8.88,9.05,16661962,150293850.6
2016-04-12,8.99,9.04,8.79,8.92,11173225,99397717.9
2016-04-13,8.96,9.18,8.96,9.06,23315999,212337059.29999998
2016-04-14,9.11,9.26,9.07,9.22,17084145,156516079.8
2016-04-15,9.22,9.23,9.09,9.17,13918421,127334316.39999999
2016-04-18,9.06,9.1,8.91,9.03,11613136,104647172.60000001
2016-04-19,9.09,9.24,9.02,9.21,14896460,135837668.29999998
2016-04-20,9.19,9.25,8.47,8.75,19781414,174688984.5
2016-04-21,8.67,8.79,8.62,8.68,10505032,91608760.1
2016-04-22,8.67,8.68,8.46,8.61,11672964,100113702.1
2016-04-25,8.49,8.49,8.21,8.38,13211986,110090125.4
2016-04-26,8.36,8.49,8.3,8.48,9455374,79473074.2
2016-04-27,8.49,8.63,8.44,8.44,12823090,109378800.3
2016-04-28,8.47,8.53,8.26,8.51,10096172,84907943.7
2016-04-29,8.45,8.57,8.4,8.5,6980159,59291887.8
2016-05-03,8.47,8.72,8.41,8.71,13809175,119143130.60000001
2016-05-04,8.65,9.25,8.65,9.01,30707808,275345528.6
2016-05-05,8.9,8.96,8.8,8.94,19181851,170373126.8
2016-05-06,8.91,9.23,8.86,8.92,37650845,340389889.29999995
2016-05-09,8.95,9.45,8.81,9.17,58916517,538387598.3
2016-05-10,9.0,9.06,8.35,8.59,36450288,315233168.8
2016-05-11,8.61,8.64,8.15,8.19,27449549,229133264.8
2016-05-12,8.02,8.19,7.78,8.19,18329512,146283361.29999998
2016-05-13,8.1,8.22,8.01,8.04,13464079,109430237.2
2016-05-16,7.99,8.21,7.9,8.19,12180275,98747517.2
2016-05-17,8.21,8.22,8.01,8.13,12907647,104996784.8
2016-05-18,8.05,8.07,7.65,7.8,16635779,130689182.8
2016-05-19,7.85,8.16,7.82,8.02,18950266,152339345.1
2016-05-20,7.93,8.82,7.85,8.57,36334679,307252938.1
2016-05-23,8.59,8.82,8.49,8.66,28554216,247070389.7
2016-05-24,8.56,8.64,8.36,8.54,15809911,134318339.29999998
2016-05-25,8.61,8.7,8.43,8.54,16797502,143986928.0
2016-05-26,8.47,8.57,8.15,8.53,19939920,166774328.4
2016-05-27,8.49,9.1,8.46,8.86,45450040,402105964.2
2016-05-30,8.77,8.97,8.66,8.78,27392892,241539092.8
2016-05-31,8.76,9.18,8.76,9.1,39495706,356785457.5
2016-06-01,9.03,9.55,9.01,9.45,46269078,431624737.1
2016-06-02,9.4,9.88,9.32,9.75,52971291,511072262.70000005
2016-06-03,9.68,9.73,9.46,9.57,40523472,388334081.59999996
2016-06-06,9.6,9.7,9.42,9.6,26533313,253515672.6
2016-06-07,9.55,9.65,9.4,9.56,22433174,213875291.1
2016-06-08,9.51,9.75,9.45,9.55,24247342,232853242.3
2016-06-13,9.32,9.39,8.8,8.8,30282727,277012253.90000004
2016-06-14,8.8,9.07,8.69,9.02,19659729,174597175.0
2016-06-15,8.89,9.54,8.84,9.44,28293393,263386924.60000002
2016-06-16,9.38,9.79,9.34,9.62,31953407,306331780.6
2016-06-17,9.6,9.73,9.26,9.49,32200445,306049018.5
2016-06-20,9.43,9.9,9.4,9.8,32429957,315204998.29999995
2016-06-21,9.89,9.93,9.28,9.39,30070779,289483046.8
2016-06-22,9.39,10.29,9.27,10.06,44161798,434095354.40000004
2016-06-23,9.99,9.99,9.66,9.82,32050408,314949960.5
2016-06-24,9.72,10.18,9.28,9.98,43216550,424821460.59999996
2016-06-27,9.83,10.27,9.83,10.19,35410783,359039031.59999996
2016-06-28,10.11,10.17,9.9,10.11,29845292,299188046.90000004
2016-06-29,10.12,10.15,9.92,9.99,20622540,206052165.79999998
2016-06-30,9.99,10.08,9.88,10.0,16360924,163145558.2
2016-07-01,10.01,10.04,9.68,9.76,21882806,214944125.3
2016-07-04,9.66,9.92,9.64,9.87,17365639,170731402.89999998
2016-07-05,9.84,10.05,9.83,9.97,20858741,207447826.6
2016-07-06,9.91,9.94,9.76,9.81,15217156,149601319.4
2016-07-07,9.78,10.06,9.7,10.04,24891891,246874649.29999998
2016-07-08,9.97,10.03,9.85,9.89,12833964,127386350.1
2016-07-11,9.9,10.17,9.86,9.9,23424218,234602722.2
2016-07-12,9.92,10.0,9.53,9.83,23398049,227872121.3
2016-07-13,9.81,10.07,9.75,10.04,23071052,228887202.1
2016-07-14,9.96,10.07,9.87,9.95,14780424,147421412.79999998
2016-07-15,10.0,10.26,9.98,10.11,34909840,353841801.3
2016-07-18,10.11,10.11,9.8,9.87,17519772,173739778.6
2016-07-19,9.85,9.94,9.73,9.93,10819332,106584917.0
2016-07-20,9.93,9.98,9.82,9.85,10178806,100745981.0
2016-07-21,9.84,10.05,9.8,9.93,16418981,163115052.9
2016-07-22,9.94,9.95,9.72,9.73,14638903,143711843.5
2016-07-25,9.73,9.94,9.69,9.9,17280863,170247090.20000002
2016-07-26,9.91,10.04,9.88,10.02,17121522,170681757.2
2016-07-27,10.02,10.09,9.29,9.36,30228800,292840785.7
2016-07-28,9.36,9.45,8.98,9.17,19101447,175515207.4
2016-07-29,9.16,9.19,9.01,9.07,8313554,75622563.1
2016-08-01,9.07,9.08,8.69,8.77,13266958,116884366.7
2016-08-02,8.81,8.93,8.79,8.9,7453400,66046088.699999996
2016-08-03,8.86,8.95,8.86,8.92,8008906,71366646.39999999
2016-08-04,8.95,9.04,8.88,9.0,7183578,64370182.4
2016-08-05,9.05,9.05,8.85,8.87,7903189,70682496.10000001
2016-08-08,8.88,9.06,8.82,9.05,7757269,69499551.5
2016-08-09,9.04,9.23,9.01,9.18,10711410,97852821.80000001
2016-08-10,9.15,9.2,9.04,9.08,7276023,66342413.9
2016-08-11,9.07,9.13,8.88,8.9,7772183,69954702.69999999
2016-08-12,8.88,9.04,8.86,9.02,5315483,47562235.2
2016-08-15,9.04,9.26,9.02,9.22,12878971,118064400.6
2016-08-16,9.23,9.3,9.19,9.23,8992594,82986476.0
2016-08-17,9.24,9.28,9.17,9.26,8194533,75728978.5
2016-08-18,9.27,9.29,9.18,9.22,9303126,86009980.3
2016-08-19,9.22,9.3,9.21,9.27,8765080,81167900.8
2016-08-22,9.29,9.43,9.25,9.28,13574376,126660756.0
2016-08-23,9.24,9.33,9.16,9.21,9266163,85739963.39999999
2016-08-24,9.23,9.39,9.22,9.31,10545737,98231917.7
2016-08-25,9.25,9.28,9.06,9.24,11641512,106695638.39999999
2016-08-26,9.22,9.38,9.22,9.28,10466325,97378182.2
2016-08-29,9.28,9.58,9.25,9.49,22285935,211512010.0
2016-08-30,9.41,9.6,9.41,9.47,12218360,116124057.8
2016-08-31,9.45,9.49,9.34,9.46,8549384,80449669.5
2016-09-01,9.45,9.73,9.42,9.56,21307529,204537216.9
2016-09-02,9.58,9.63,9.38,9.58,16661217,158693734.39999998
2016-09-05,9.59,10.16,9.55,10.1,45196641,447783825.59999996
2016-09-06,10.04,11.11,9.99,11.11,84672642,900133666.5
2016-09-07,11.11,11.27,10.85,10.94,76033169,838931216.7
2016-09-08,10.8,10.96,10.6,10.88,43895637,472339177.29999995
2016-09-09,10.77,11.38,10.75,11.0,68302800,754416843.8000001
2016-09-12,10.78,11.87,10.49,11.6,81123032,910785769.6
2016-09-13,11.5,12.76,11.5,12.52,132387563,1643336553.1
2016-09-14,12.09,12.45,11.88,12.16,55996697,679133282.6999999
2016-09-19,12.49,12.76,11.91,12.01,52805861,649369216.9
2016-09-20,11.95,13.1,11.77,12.81,62244863,782355605.5
2016-09-21,12.62,12.88,12.45,12.73,33757756,427052099.2
2016-09-22,12.8,12.84,12.26,12.5,36091716,450153150.4
2016-09-23,12.52,12.77,12.21,12.4,28028620,348528410.90000004
2016-09-26,12.36,12.74,12.09,12.1,31512945,392169519.3
2016-09-27,12.3,12.3,11.22,11.7,46077129,535017997.9
2016-09-28,11.66,12.11,11.49,11.85,36266676,430227076.1
2016-09-29,11.75,12.08,11.65,11.73,19463074,231030078.29999998
2016-09-30,11.85,12.16,11.67,12.08,24908017,297357571.2
2016-10-10,12.2,12.67,12.02,12.59,33377404,413381683.8
2016-10-11,12.59,12.87,12.35,12.57,28492475,357016818.09999996
2016-10-12,12.55,12.8,12.23,12.72,33319256,417408066.2
2016-10-13,12.63,12.66,12.34,12.4,24671803,307824584.2
2016-10-14,12.3,12.47,11.8,12.01,23623704,286540566.9
2016-10-17,12.06,12.15,11.74,12.06,30097068,359052859.6
2016-10-18,12.02,13.27,11.97,13.27,51946678,665485213.9
2016-10-19,13.6,13.97,13.27,13.75,74954906,1016417052.3
2016-10-20,13.62,13.97,13.43,13.97,44586871,610309678.6
2016-10-21,13.97,13.97,13.42,13.58,33908922,463848522.5
2016-10-24,13.68,13.68,13.31,13.59,22303503,301618501.0
2016-10-25,13.59,13.78,13.21,13.3,23483251,317171163.5
2016-10-26,13.12,13.45,13.01,13.38,23005107,304093736.7
2016-10-27,13.2,13.65,13.0,13.08,22785129,303287208.2
2016-10-28,13.02,13.28,12.57,12.64,21093013,271040321.0
2016-10-31,12.72,13.08,12.51,12.96,19769640,253536988.0
2016-11-01,12.98,13.23,12.82,13.16,19886306,259063144.0
2016-11-02,13.01,13.2,12.4,12.4,21626237,275782797.0
2016-11-03,12.43,12.77,12.2,12.42,22697766,283346589.0
2016-11-04,12.35,12.66,12.35,12.55,14463154,180675307.0
2016-11-07,12.5,13.1,12.42,12.84,26616649,341276853.0
2016-11-08,12.96,13.11,12.78,12.8,20127965,259830064.0
2016-11-09,12.8,12.97,12.36,12.8,22947818,291711590.0
2016-11-10,12.93,13.06,12.66,12.82,19647866,251691243.0
2016-11-11,12.82,12.87,12.23,12.33,31636449,394858720.0
2016-11-14,12.3,12.46,12.21,12.37,16642643,205219184.0
2016-11-15,12.43,12.54,12.3,12.53,14392939,179102710.0
2016-11-16,12.53,12.59,12.44,12.52,10571614,132290473.99999999
2016-11-17,12.52,12.55,12.26,12.51,9050364,112328133.0
2016-11-18,12.55,12.95,12.41,12.87,23581883,299755711.0
2016-11-21,12.89,13.08,12.6,12.8,16910468,217096545.0
2016-11-22,12.73,12.84,12.56,12.75,13701685,173569486.0
2016-11-23,12.8,13.02,12.68,12.69,14409908,185354473.0
2016-11-24,12.66,12.74,12.27,12.35,15328160,191004596.0
2016-11-25,12.36,12.37,12.01,12.27,10954195,133677446.0
2016-11-28,12.28,12.37,12.19,12.31,8098711,99509652.0
2016-11-29,12.29,12.32,12.07,12.09,7989505,97236766.0
2016-11-30,12.18,12.55,12.06,12.55,16387078,202400630.0
2016-12-01,12.48,12.57,12.28,12.37,10345015,128018773.0
2016-12-02,12.4,12.49,12.07,12.08,8222020,100506852.0
2016-12-05,11.9,12.07,11.73,11.88,7937882,94156155.0
2016-12-06,11.87,12.12,11.83,11.88,6192526,73951377.0
2016-12-07,11.9,12.01,11.82,11.88,8286661,98824670.0
2016-12-08,11.91,12.57,11.91,12.26,21916124,270392542.0
2016-12-09,12.21,12.21,11.97,12.0,10093443,121684854.0
2016-12-12,11.95,12.07,10.94,11.09,16172586,186052174.0
2016-12-13,11.08,11.44,11.0,11.38,8987832,101189218.0
2016-12-14,11.3,11.38,11.09,11.22,5862946,65844761.0
2016-12-15,11.15,11.38,11.13,11.23,6909907,77805117.0
2016-12-16,11.21,11.88,11.21,11.74,11188773,130166891.0
2016-12-19,11.7,11.91,11.6,11.74,6599238,77747139.0
2016-12-20,11.74,12.03,11.54,11.86,8458727,100181500.0
2016-12-21,11.86,12.12,11.75,11.97,6523082,77850489.0
2016-12-22,11.99,12.28,11.8,12.22,8638856,104513182.0
2016-12-23,12.21,12.28,11.9,12.0,6522596,78596650.0
2016-12-26,12.0,12.35,11.84,12.23,9617744,117218991.0
2016-12-27,12.21,12.61,12.15,12.34,12674115,157375472.0
2016-12-28,12.28,12.42,12.27,12.27,5727980,70608944.0
2016-12-29,12.23,12.57,12.2,12.52,9708141,121080470.0
2016-12-30,12.54,12.79,12.43,12.43,9422593,118964594.0
2017-01-03,12.4,12.63,12.18,12.46,11608656,143654757.0
2017-01-04,12.41,13.02,12.32,12.84,16169513,206347282.0
2017-01-05,12.81,12.9,12.64,12.77,9226429,117407910.0
2017-01-06,12.81,13.02,12.45,12.48,13021904,165829937.0
2017-01-09,12.44,12.71,12.41,12.52,11614771,145971287.0
2017-01-10,12.48,12.82,12.48,12.54,9362227,118404917.0
2017-01-11,12.46,12.6,12.03,12.11,11527919,141414694.0
2017-01-12,12.1,12.27,12.01,12.11,6072702,73506362.0
2017-01-13,12.19,12.25,11.75,11.81,7188212,86266551.0
2017-01-16,11.77,11.78,10.77,11.5,8779964,100943524.0
2017-01-17,11.35,11.67,11.32,11.65,3876938,44754601.0
2017-01-18,11.61,11.71,11.5,11.56,2894331,33601539.0
2017-01-19,11.59,11.65,11.42,11.45,3272288,37722799.0
2017-01-20,11.39,11.97,11.39,11.91,6757494,79761176.0
2017-01-23,11.91,12.28,11.88,12.1,6239944,75734348.0
2017-01-24,12.15,12.16,11.93,11.97,4050757,48715055.0
2017-01-25,12.0,12.28,11.95,12.18,4513883,54984484.0
2017-01-26,12.25,12.43,12.16,12.24,3865610,47605548.0
2017-02-03,12.23,12.56,12.21,12.48,4748634,58733229.0
2017-02-06,12.47,12.55,12.32,12.44,5613530,69650340.0
2017-02-07,12.42,12.65,12.35,12.42,7545039,94274541.0
2017-02-08,12.43,12.76,12.18,12.76,15144889,189402645.0
2017-02-09,12.55,12.96,12.49,12.84,17023505,217058586.0
2017-02-10,12.85,12.92,12.62,12.67,9075717,115635320.0
2017-02-13,12.62,12.83,12.51,12.68,9751296,123234969.0
2017-02-14,12.74,13.15,12.62,13.11,19812794,257779293.0
2017-02-15,13.06,13.44,12.85,12.85,21184586,279224530.0
2017-02-16,12.82,13.38,12.8,13.13,15318628,201238709.0
2017-02-17,13.03,13.26,12.88,12.97,10625120,138700648.0
2017-02-20,12.87,13.68,12.87,13.56,18255817,244154599.0
2017-02-21,13.55,13.58,13.38,13.53,12817236,172495084.0
2017-02-22,13.59,13.6,13.31,13.53,9910110,133050133.0
2017-02-23,13.45,13.65,13.21,13.4,10466619,139977482.0
2017-02-24,13.35,13.52,13.31,13.38,6818111,91387620.0
2017-02-27,13.38,13.38,12.95,12.96,13532091,177544038.0
2017-02-28,12.95,13.15,12.89,13.06,7598134,98860065.0
2017-03-01,13.05,13.11,12.79,12.81,12720811,164386290.0
2017-03-02,12.84,13.1,12.8,12.91,12303494,159375870.0
2017-03-03,12.86,13.7,12.76,13.59,24999563,332593676.0
2017-03-06,13.55,14.2,13.5,14.0,31463989,437683829.0
2017-03-07,13.9,14.09,13.72,13.92,15031042,208898748.0
2017-03-08,13.95,14.08,13.72,13.9,11475597,159074325.0
2017-03-09,13.9,13.9,13.51,13.69,12596681,171865667.0
2017-03-10,13.69,13.88,13.58,13.62,11586607,159014366.0
2017-03-13,13.58,14.43,13.36,14.42,27189274,382096943.0
2017-03-14,14.36,14.49,14.05,14.26,16871344,240401429.0
2017-03-15,14.3,14.45,14.1,14.36,12862180,184144134.0
2017-03-16,14.37,14.62,14.3,14.43,14913336,215326458.0
2017-03-17,14.44,14.66,14.12,14.25,17562423,251945216.0
2017-03-20,14.19,14.24,13.87,14.03,12708808,178040268.0
2017-03-21,14.09,14.5,13.9,14.3,13653572,194245148.0
2017-03-22,14.35,14.8,14.2,14.5,23603202,344145962.0
2017-03-23,14.33,14.51,14.0,14.51,16394344,234398204.0
2017-03-24,14.43,15.05,14.36,14.77,26748550,395699475.0
2017-03-27,14.74,14.84,14.45,14.68,17460325,255977992.0
2017-03-28,14.71,14.88,14.5,14.72,8783883,128845696.0
2017-03-29,14.77,15.13,14.52,14.91,24975217,372660928.0
2017-03-30,14.82,14.97,14.46,14.46,14813421,217141039.0
2017-03-31,14.45,14.83,14.27,14.5,14072255,203876072.0
2017-04-05,14.53,15.5,14.4,15.45,23016573,347794039.0
2017-04-06,15.38,15.58,15.25,15.29,12827376,196964006.0
2017-04-07,15.27,15.58,15.19,15.41,11703576,179364943.0
2017-04-10,15.38,15.56,14.9,15.05,15126633,229461137.0
2017-04-11,15.1,15.28,14.84,15.24,12694594,191583647.0
2017-04-12,15.11,15.69,14.97,15.3,12929181,199554689.0
2017-04-13,15.07,15.69,15.07,15.21,11778934,181591027.0
2017-04-14,15.1,15.1,13.86,13.89,41023714,585058487.0
2017-04-17,14.25,14.68,14.21,14.48,20760962,299795327.0
2017-04-18,14.37,14.88,14.32,14.48,11398564,167231547.0
2017-04-19,14.33,14.85,14.23,14.72,15474649,227457848.0
2017-04-20,14.84,15.83,14.63,15.59,25785018,395005773.0
2017-04-21,15.62,15.75,15.15,15.38,14684122,225796139.0
2017-04-24,15.34,15.34,14.4,14.77,15847011,235446960.0
2017-04-25,14.77,15.4,14.73,15.31,13968034,212844203.0
2017-04-26,15.39,15.47,14.92,15.0,15825708,239662628.0
2017-04-27,14.8,15.07,14.37,14.85,15474153,226851003.0
2017-04-28,14.8,15.22,14.6,14.86,10664834,159341962.0
2017-05-02,14.76,15.25,14.76,15.15,9787580,147413917.0
2017-05-03,15.02,15.14,14.72,14.9,12091643,180094514.0
2017-05-04,14.81,14.91,14.5,14.68,13482470,198076540.0
2017-05-05,14.58,14.68,13.9,13.95,22664401,322997714.0
2017-05-08,13.85,13.99,13.33,13.38,15628294,212933059.0
2017-05-09,13.07,13.88,13.07,13.78,13459761,183133839.0
2017-05-10,13.75,14.23,13.68,13.72,17905960,250535083.0
2017-05-11,13.58,13.95,13.48,13.91,10975545,150828123.0
2017-05-12,13.88,13.93,13.35,13.7,10943003,148586584.0
2017-05-15,13.75,13.92,13.61,13.87,7922594,109298275.0
2017-05-16,13.8,14.58,13.68,14.48,18132388,258160733.0
2017-05-17,14.48,14.65,14.27,14.41,9128483,131957894.0
2017-05-18,14.24,14.63,14.16,14.48,8715820,126325086.0
2017-05-19,14.47,14.52,14.0,14.27,6293536,89788240.0
2017-05-22,14.25,14.35,13.6,13.73,8396626,116847184.0
2017-05-23,13.72,13.96,13.4,13.54,6939256,94771093.0
2017-05-24,13.5,13.87,13.28,13.7,7030317,95772679.0
2017-05-25,13.7,13.87,13.4,13.73,7449612,101769606.0
2017-05-26,13.79,13.79,12.97,12.98,17403210,230367976.0
2017-05-31,13.3,13.3,12.88,12.89,7607457,99376129.0
2017-06-01,12.91,13.18,12.41,12.58,8375033,107616901.0
2017-06-02,12.52,12.96,12.34,12.87,8351216,105712978.0
2017-06-05,12.82,13.37,12.8,13.2,11332305,149544005.0
2017-06-06,13.25,13.34,13.06,13.2,6432213,84922259.0
2017-06-07,13.15,13.64,13.14,13.55,11068698,149388880.0
2017-06-08,13.52,13.65,13.35,13.43,8548310,115538159.0
2017-06-09,13.48,13.62,13.39,13.52,6406396,86398152.0
2017-06-12,13.4,13.4,12.88,13.04,12408905,161787108.0
2017-06-13,12.94,13.31,12.86,13.22,6770234,88919661.0
2017-06-14,13.17,13.24,12.88,12.99,7343108,95775851.0
2017-06-15,12.99,13.47,12.99,13.42,10500779,139473353.0
2017-06-16,13.38,13.45,13.1,13.15,7352013,97471450.0
2017-06-19,13.15,13.54,13.09,13.51,10401453,139386223.0
2017-06-20,13.4,13.66,13.4,13.6,9732721,131898848.99999999
2017-06-21,13.69,13.95,13.55,13.8,9315565,128683866.0
2017-06-22,13.76,14.06,13.63,13.72,11258048,155907914.0
2017-06-23,13.73,13.94,13.49,13.9,8255667,113379957.0
2017-06-26,13.89,14.78,13.8,14.45,19715039,282433657.0
2017-06-27,14.46,14.8,14.32,14.34,11985631,174846797.0
2017-06-28,14.44,14.53,14.1,14.38,7970341,114130640.0
2017-06-29,14.41,14.45,14.06,14.41,9042993,129267761.0
2017-06-30,14.31,14.46,14.12,14.42,6989159,100113230.0
2017-07-03,14.39,14.47,14.18,14.37,6701416,95984509.0
2017-07-04,14.39,14.83,14.24,14.63,13800435,201508653.0
2017-07-05,14.63,14.73,14.28,14.45,12291507,177079456.0
2017-07-06,14.4,14.71,14.34,14.71,14383707,209421473.0
2017-07-07,14.65,14.79,14.37,14.64,14757275,215107905.0
2017-07-10,14.56,14.6,13.35,13.6,36240010,501399438.0
2017-07-11,13.6,13.78,13.38,13.46,17162180,233417313.0
2017-07-12,13.4,13.64,13.27,13.61,9842711,132353734.0
2017-07-13,13.62,13.64,13.43,13.5,7052596,95206372.0
2017-07-14,13.52,13.54,13.08,13.35,13545374,179224512.0
2017-07-17,13.24,13.29,12.6,12.84,12382800,160429488.0
2017-07-18,12.84,13.12,12.67,13.08,10415129,134231537.0
2017-07-19,13.0,13.59,12.88,13.46,16064463,213543805.0
2017-07-20,13.38,13.66,13.35,13.45,8795646,118756513.0
2017-07-21,13.4,13.58,13.26,13.45,7935575,106698987.0
2017-07-24,13.37,13.52,13.24,13.37,6283824,84221236.0
2017-07-25,13.39,13.66,13.29,13.52,7329979,98927659.0
2017-07-26,13.45,13.47,13.13,13.19,7534920,99967859.0
2017-07-27,13.2,13.48,12.91,13.4,9939117,131153337.99999999
2017-07-28,13.33,13.46,13.15,13.17,6252574,83177397.0
2017-07-31,13.17,13.64,13.08,13.64,10697746,143702837.0
2017-08-01,13.73,13.95,13.39,13.5,9793476,133412105.00000001
2017-08-02,13.56,13.76,13.4,13.45,7921501,107571844.0
2017-08-03,13.46,13.54,13.1,13.15,10086659,133900204.99999999
2017-08-04,13.16,13.24,12.87,12.97,12836095,166987002.0
2017-08-07,12.95,13.24,12.93,13.2,7596219,99578430.0
2017-08-08,13.19,13.35,13.11,13.24,5866486,77716658.0
2017-08-09,13.27,13.3,13.1,13.22,4874712,64252043.0
2017-08-10,13.2,13.35,12.96,13.24,9475366,124943646.0
2017-08-11,13.12,13.7,13.08,13.7,22040996,297583328.0
2017-08-14,13.7,14.34,13.7,14.19,29940121,422119542.0
2017-08-15,14.18,14.32,14.05,14.22,15130538,214576684.0
2017-08-16,14.08,14.3,14.08,14.14,9782457,138630814.0
2017-08-17,14.05,14.28,14.01,14.24,11469127,162399104.0
2017-08-18,14.13,14.31,13.98,14.03,9253687,130769474.0
2017-08-21,14.09,14.5,14.03,14.39,12766532,182623164.0
2017-08-22,14.0,14.29,14.0,14.07,7293238,102916992.0
2017-08-23,14.17,14.24,14.02,14.15,5222867,73755554.0
2017-08-24,14.28,14.74,14.22,14.44,22662505,329151200.0
2017-08-25,14.3,14.62,14.12,14.42,14768424,212058079.0
2017-08-28,14.35,14.77,14.13,14.58,18545231,268538301.0
2017-08-29,14.58,15.03,14.52,14.98,20722543,307335893.0
2017-08-30,15.05,15.38,14.86,15.13,19966699,302992502.0
2017-08-31,15.13,15.26,15.0,15.13,11364771,171968933.0
2017-09-01,15.05,15.16,14.82,15.06,16941918,253569651.0
2017-09-04,15.03,15.65,14.88,15.25,16768320,258420411.0
2017-09-05,15.18,15.42,14.91,15.0,11332297,170855477.0
2017-09-06,14.96,15.23,14.8,15.1,9732915,146562015.0
2017-09-07,15.11,15.2,14.62,14.7,11481050,170363946.0
2017-09-08,14.72,14.79,14.23,14.37,18120863,261758408.0
2017-09-11,14.39,14.67,14.31,14.6,12708222,184641307.0
2017-09-12,14.62,14.96,14.39,14.75,15652123,229573710.0
2017-09-13,14.76,14.76,14.0,14.22,23884052,341391922.0
2017-09-14,14.25,14.54,14.08,14.52,16052266,230043074.0
2017-09-15,14.45,14.75,14.39,14.64,12908299,188805953.0
2017-09-18,14.62,14.84,14.55,14.61,8788610,129195691.0
2017-09-19,14.61,14.87,14.34,14.42,9432103,137721923.0
2017-09-20,14.48,14.68,14.11,14.67,10832640,156676911.0
2017-09-21,14.6,14.84,14.25,14.59,14668695,212740836.0
2017-09-22,14.38,14.5,14.16,14.22,6996050,100254292.0
2017-09-25,14.21,14.38,14.14,14.19,7158073,102284452.0
2017-09-26,14.18,14.3,14.01,14.27,5647581,79912265.0
2017-09-27,14.31,14.46,14.14,14.41,7233588,103315351.0
2017-09-28,14.4,15.11,14.38,14.98,25751328,381762163.0
2017-09-29,14.92,15.44,14.88,15.33,21832724,332099567.0
2017-10-09,15.46,15.6,14.89,15.4,27156827,415069091.0
2017-10-10,15.38,15.44,14.95,15.09,18975757,287817330.0
2017-10-11,15.0,15.17,14.65,14.67,20651881,306686748.0
2017-10-12,14.69,14.83,14.35,14.57,18964724,276197785.0
2017-10-13,14.54,14.77,14.41,14.6,21372850,312276023.0
2017-10-16,14.61,14.65,14.27,14.45,13303535,191750307.0
2017-10-17,14.4,14.89,14.3,14.78,16365488,239161069.0
2017-10-18,14.7,15.16,14.65,14.82,19137989,284998164.0
2017-10-19,14.8,14.8,13.34,13.56,36117767,500661453.0
2017-10-20,13.58,14.92,13.57,14.92,41370667,595794988.0
2017-10-23,15.2,15.39,14.93,15.31,39252400,595623306.0
2017-10-24,15.23,15.26,14.75,15.06,23184736,346089200.0
2017-10-25,15.1,15.56,14.88,15.48,25293325,384261286.0
2017-10-26,15.46,15.46,15.07,15.37,23139374,353494194.0
2017-10-27,15.26,16.13,15.13,15.72,36313319,569599300.0
2017-10-30,15.47,16.44,15.33,16.0,37726081,600877795.0
2017-10-31,15.85,16.28,15.71,16.01,17664002,282158797.0
2017-11-01,16.15,16.73,15.95,16.5,34035341,559287489.0
2017-11-02,16.4,16.65,15.9,16.16,27495295,447790990.0
2017-11-03,16.05,16.34,15.84,16.13,19654910,314823761.0
2017-11-06,16.08,16.65,15.61,16.57,32080044,519981646.0
2017-11-07,16.63,17.24,16.43,17.1,28691450,483936987.0
2017-11-08,17.0,17.39,16.85,17.0,18903177,322803870.0
2017-11-09,16.89,18.47,16.82,18.4,36120790,641460105.0
2017-11-10,18.35,18.99,18.06,18.4,28329734,524759360.0
2017-11-13,18.4,19.1,18.17,18.52,21712643,402966176.0
2017-11-14,18.5,18.8,17.67,18.13,26721868,485573092.0
2017-11-15,18.05,18.26,17.55,17.73,18291972,327689102.0
2017-11-16,17.71,18.08,17.32,17.73,16439629,291142641.0
2017-11-17,17.74,17.83,16.26,16.3,27506172,468162199.0
2017-11-20,16.44,17.05,16.21,16.97,24873126,414496080.0
2017-11-21,16.93,17.49,16.63,17.09,22682610,387552727.0
2017-11-22,17.11,17.45,16.52,16.85,17008065,288170036.0
2017-11-23,16.84,16.84,15.51,15.84,27030387,432561677.0
2017-11-24,15.66,16.01,15.41,15.78,12158163,192175370.0
2017-11-27,15.76,15.77,15.12,15.28,13310906,203736297.0
2017-11-28,15.27,15.7,15.16,15.61,11096156,171232093.0
2017-11-29,15.47,15.56,14.73,15.24,20156495,303738253.0
2017-11-30,15.05,15.21,14.87,14.9,9838443,147873171.0
2017-12-01,14.9,15.42,14.86,15.31,12964365,196518369.0
2017-12-04,15.42,15.7,14.9,14.99,14351724,220535988.0
2017-12-05,14.95,15.32,14.65,14.96,10892615,163821440.0
2017-12-06,14.88,15.47,14.83,15.4,13971045,212589367.0
2017-12-07,15.38,16.1,15.38,15.69,25067453,395568165.0
2017-12-08,15.77,16.02,15.6,15.68,13377020,211562226.0
2017-12-11,15.79,16.22,15.79,16.11,15719468,251934496.0
2017-12-12,16.0,16.2,15.77,15.8,11965248,190461492.0
2017-12-13,15.8,15.92,15.47,15.8,10634828,167051582.0
2017-12-14,15.76,15.76,14.99,15.14,19056192,290513276.0
2017-12-15,14.91,15.13,14.66,15.01,12418277,185455126.0
2017-12-18,14.99,15.08,14.61,14.8,11083394,163848105.0
2017-12-19,14.84,15.11,14.75,15.06,7510564,112762013.0
2017-12-20,15.0,15.06,14.61,14.74,9358232,138107485.0
2017-12-21,14.74,14.84,14.29,14.68,14341042,208569572.0
2017-12-22,14.65,14.71,14.36,14.49,8881925,128686591.0
2017-12-25,14.5,14.52,13.33,13.49,22654890,310166421.0
2017-12-26,13.31,13.64,13.31,13.44,9376129,126403806.0
2017-12-27,13.48,13.79,13.41,13.58,11717032,159767698.0
2017-12-28,13.5,13.57,13.25,13.33,9737059,130372163.0
2017-12-29,13.43,13.58,13.36,13.55,8587379,115657399.0
2018-01-02,13.59,13.85,13.29,13.76,12810713,173210673.0
2018-01-03,13.68,14.26,13.59,14.11,14594260,203611939.0
2018-01-04,13.99,14.2,13.9,14.0,9460401,132891581.0
2018-01-05,14.05,14.08,13.8,13.95,6254066,87200226.0
2018-01-08,13.95,15.35,13.9,15.1,31634490,465769092.0
2018-01-09,15.05,15.27,14.85,14.95,11557327,173365752.0
2018-01-10,15.1,15.44,14.77,14.92,14517138,218839293.0
2018-01-11,14.89,15.07,14.73,14.98,10303889,153623831.0
2018-01-12,15.02,15.03,14.52,14.65,8909214,130787119.0
2018-01-15,14.64,14.65,13.9,14.0,13964262,198359923.0
2018-01-16,14.1,14.28,13.41,13.8,10426100,144066804.0
2018-01-17,13.73,13.75,12.75,13.5,19225357,253041352.0
2018-01-18,13.36,13.64,13.2,13.4,7248712,97278968.0
2018-01-19,13.4,13.54,13.16,13.27,6067301,80692270.0
2018-01-22,13.17,13.47,12.92,13.3,7105398,94097789.0
2018-01-23,13.37,13.65,13.2,13.31,9164487,122652762.0
2018-01-24,13.34,13.39,12.7,13.05,17710138,229645764.0
2018-01-25,12.98,13.08,12.6,12.66,20381516,260941380.0
2018-01-26,12.6,12.76,12.41,12.47,11660101,146533112.0
2018-01-29,12.54,12.57,11.78,12.05,20151756,243280913.0
2018-01-30,12.14,12.17,11.8,11.9,11622318,139239368.0
2018-01-31,11.92,11.95,11.27,11.37,15043689,173603387.0
2018-02-01,11.4,11.48,10.23,10.23,31650605,332159076.0
2018-02-02,9.62,9.75,9.24,9.52,37885794,359363259.0
2018-02-05,9.32,9.63,9.26,9.44,15207966,143990005.0
2018-02-06,9.3,9.3,8.5,8.5,32953438,290467205.0
2018-02-07,8.7,8.93,8.4,8.74,28367507,246553461.0
2018-02-08,8.75,9.14,8.75,9.13,24924392,224725197.0
2018-02-09,8.87,9.07,8.7,8.94,15849626,141348534.0
2018-02-12,9.09,9.34,8.95,9.21,21219689,194865779.0
2018-02-13,9.24,9.26,9.01,9.05,15368302,140308037.0
2018-02-14,9.04,9.06,8.85,8.93,9003401,80630755.0
2018-02-22,9.05,9.3,8.99,9.22,16673273,152975630.0
2018-02-23,9.21,9.29,9.11,9.18,12495344,114775461.0
2018-02-26,9.27,10.07,9.13,9.91,33949121,328815145.0
2018-02-27,10.0,10.18,9.82,9.85,27685261,276705896.0
2018-02-28,9.74,9.99,9.62,9.85,18166498,178432726.0
2018-03-01,9.7,10.2,9.69,10.17,25048928,249263701.0
2018-03-02,10.03,10.33,10.0,10.11,21922266,222743801.0
2018-03-05,10.12,10.25,9.97,10.23,15158763,152930397.0
2018-03-06,10.2,10.74,10.1,10.67,34663298,363884453.0
2018-03-07,10.53,10.64,10.37,10.45,18064257,189449878.0
2018-03-08,10.45,10.55,10.22,10.35,17241700,178586054.0
2018-03-09,10.34,10.73,10.25,10.66,25275441,266366055.0
2018-03-12,10.75,11.06,10.67,10.99,28744783,312744293.0
2018-03-13,10.9,10.98,10.75,10.76,22966125,249087946.0
2018-03-14,10.7,10.85,10.4,10.41,19910484,210678331.0
2018-03-15,10.37,10.55,10.08,10.38,18344202,189052953.0
2018-03-16,10.26,10.45,10.13,10.13,14757742,152251554.0
2018-03-19,10.18,10.47,10.15,10.31,15238534,157519899.0
2018-03-20,10.25,10.26,9.99,10.19,14971607,151877412.0
2018-03-21,10.34,10.44,9.99,10.11,19207213,197257711.0
2018-03-22,10.11,10.16,9.89,9.9,20250086,202509199.0
2018-03-23,9.4,9.46,8.91,8.91,31697400,288492329.0
2018-03-26,8.52,9.08,8.26,9.0,24418271,211348983.0
2018-03-27,9.12,9.41,9.05,9.33,22329054,206738312.0
2018-03-28,9.14,9.38,9.03,9.18,14326970,132230741.00000001
2018-03-29,9.2,9.43,9.2,9.33,14609365,136508527.0
2018-03-30,9.38,9.82,9.36,9.76,21995273,211496603.0
2018-04-02,9.7,10.25,9.67,10.11,27521731,274861294.0
2018-04-03,9.92,9.94,9.62,9.79,18636401,182193240.0
2018-04-04,9.81,9.87,9.45,9.48,14301129,138745671.0
2018-04-09,9.4,9.63,9.33,9.46,10898437,103371178.0
2018-04-10,9.44,9.58,9.14,9.31,19161701,178361371.0
2018-04-11,9.49,9.65,9.39,9.42,16311829,154798534.0
2018-04-12,9.04,9.34,9.03,9.1,20932450,191333531.0
2018-04-13,9.19,9.24,9.0,9.03,13729951,125008352.0
2018-04-16,9.01,9.12,8.89,8.96,11254769,101436829.0
2018-04-17,9.05,9.08,8.6,8.63,12798902,112540679.0
2018-04-18,8.68,9.16,8.66,9.11,19422392,173911075.0
2018-04-19,9.15,9.18,8.98,9.04,14311937,130008863.0
2018-04-20,8.97,9.25,8.9,8.92,17080333,155153127.0
2018-04-23,8.88,8.89,8.36,8.58,17426501,150219839.0
2018-04-24,8.53,8.9,8.5,8.87,13131500,114757937.0
2018-04-25,8.84,9.16,8.84,9.07,15619615,141309227.0
2018-04-26,9.06,9.06,8.56,8.59,16251359,143087117.0
2018-04-27,8.64,8.85,8.64,8.7,11001874,96321380.0
2018-05-02,8.71,8.8,8.38,8.4,14195584,121051557.0
2018-05-03,8.37,8.84,8.34,8.81,15698464,135556463.0
2018-05-04,8.8,8.87,8.7,8.74,10532574,92658411.0
2018-05-07,8.75,8.87,8.71,8.82,12303924,108467994.0
2018-05-08,8.8,9.06,8.77,8.96,14448663,128665574.0
2018-05-09,8.9,9.05,8.87,8.91,10011711,89722256.0
2018-05-10,8.98,9.08,8.91,8.96,9404656,84515998.0
2018-05-11,9.01,9.01,8.82,8.83,8254958,73528000.0
2018-05-14,8.8,9.13,8.8,9.03,14735140,133031813.0
2018-05-15,9.05,9.05,8.88,9.02,8131676,72873118.0
2018-05-16,8.98,9.02,8.86,8.89,9123980,81593334.0
2018-05-17,8.88,8.93,8.73,8.78,7628049,67207146.0
2018-05-18,8.83,8.87,8.71,8.83,5829120,51210948.0
2018-05-21,8.97,9.13,8.96,9.08,14513335,131585582.0
2018-05-22,9.07,9.11,8.94,9.06,9828892,88721025.0
2018-05-23,9.1,9.14,8.91,8.94,9141524,82420030.0
2018-05-24,8.95,9.02,8.88,8.92,6468990,57845027.0
2018-05-25,8.91,8.91,8.65,8.69,8799914,76877962.0
2018-05-28,8.66,8.75,8.47,8.5,6972747,60088594.0
2018-05-29,8.54,8.68,8.51,8.56,5349023,45968012.0
2018-05-30,8.41,8.42,8.1,8.13,9771322,80510991.0
2018-05-31,8.21,8.26,8.13,8.21,4684752,38448091.0
2018-06-01,8.18,8.2,7.8,7.98,7833016,62865614.0
2018-06-04,8.0,8.06,7.9,7.92,3713794,29625746.0
2018-06-05,7.92,8.14,7.92,8.13,7585612,61109058.0
2018-06-06,8.13,8.15,8.02,8.1,4959920,40138258.0
2018-06-07,8.12,8.14,7.93,7.98,6016236,48285502.0
2018-06-08,7.9,7.98,7.67,7.74,8352346,64960767.0
2018-06-11,7.76,7.81,7.64,7.69,4094581,31588230.0
2018-06-12,7.71,7.79,7.63,7.75,4692054,36240733.0
2018-06-13,7.76,7.76,7.46,7.46,8564151,65090874.0
2018-06-14,7.46,7.57,7.41,7.46,4726525,35387762.0
2018-06-15,7.46,7.47,7.1,7.3,12291579,88977046.0
2018-06-19,7.2,7.21,6.57,6.57,14225921,96806985.0
2018-06-20,6.55,6.72,6.46,6.6,10024347,66157503.0
2018-06-21,6.56,6.58,6.22,6.23,10445773,66715089.00000001
2018-06-22,6.22,6.43,6.11,6.4,8324923,52787534.0
2018-06-25,6.44,6.55,6.36,6.4,6269655,40553387.0
2018-06-26,6.3,6.64,6.25,6.59,8124877,52956746.0
2018-06-27,6.62,7.25,6.6,6.94,25522507,180042816.0
2018-06-28,6.85,7.06,6.76,6.79,16416834,113031690.0
2018-06-29,6.81,7.25,6.79,7.06,15337816,107420678.0
2018-07-02,7.01,7.23,6.98,7.11,12848089,91273716.0
2018-07-03,7.19,7.36,7.05,7.3,14639405,105930179.0
2018-07-04,7.22,7.24,6.95,6.97,12595830,88928411.0
2018-07-05,6.92,7.07,6.79,6.8,10432298,72203409.0
2018-07-06,6.83,7.12,6.75,6.93,11020496,76384841.0
2018-07-09,6.97,7.23,6.93,7.17,11682009,83493045.0
2018-07-10,7.17,7.24,7.08,7.18,7793736,55732491.0
2018-07-11,7.09,7.09,6.85,6.93,9272865,64397543.0
2018-07-12,6.93,7.58,6.93,7.42,21536351,158162629.0
2018-07-13,7.39,7.42,7.29,7.4,11678089,85934276.0
2018-07-16,7.4,7.59,7.33,7.45,15297409,114147631.0
2018-07-17,7.44,7.44,7.22,7.35,11482014,84079926.0
2018-07-18,7.5,8.09,7.5,8.09,24175921,193162530.0
2018-07-19,8.16,8.69,8.09,8.26,71142097,595147908.0
2018-07-20,8.02,8.1,7.83,8.0,37355498,297900651.0
2018-07-23,7.9,8.23,7.83,8.06,24380015,196203114.0
2018-07-24,8.0,8.43,7.9,8.22,33322643,271851692.0
2018-07-25,8.16,8.27,8.03,8.05,19079658,155114605.0
2018-07-26,8.12,8.15,7.92,7.95,11960233,95375115.0
2018-07-27,7.92,8.27,7.9,8.01,16251804,131283544.0
2018-07-30,8.0,8.1,7.86,7.92,13040483,104047025.0
2018-07-31,7.93,7.96,7.58,7.68,18254659,141646886.0
2018-08-01,7.7,7.82,7.5,7.52,11865024,91209335.0
2018-08-02,7.69,7.8,7.21,7.53,14680055,110174612.0
2018-08-03,7.5,7.74,7.46,7.57,10646861,81139164.0
2018-08-06,7.44,7.65,7.24,7.31,11187873,82839345.0
2018-08-07,7.34,7.59,7.24,7.58,11522427,85790662.0
2018-08-08,7.57,7.57,7.28,7.29,11237814,83409690.0
2018-08-09,7.3,7.64,7.27,7.49,14642673,110047724.0
2018-08-10,7.49,7.73,7.46,7.69,15580265,118858658.0
2018-08-13,7.58,8.09,7.55,8.03,22810186,179269725.0
2018-08-14,7.97,8.05,7.84,7.95,14222991,112681051.0
2018-08-15,8.0,8.04,7.76,7.79,11311948,88680413.0
2018-08-16,7.7,7.95,7.6,7.74,12340890,96442862.0
2018-08-17,7.81,7.85,7.27,7.29,16999684,127757940.0
2018-08-20,7.24,7.36,7.06,7.32,9119599,65799221.99999999
2018-08-21,7.32,7.45,7.24,7.34,6911543,50811654.0
2018-08-22,7.32,7.33,7.13,7.16,6383663,46060621.0
2018-08-23,7.15,7.3,7.13,7.23,6767035,48949922.0
2018-08-24,7.23,7.39,7.19,7.22,6779807,49342262.0
2018-08-27,7.21,7.68,7.2,7.62,13777135,103203293.0
2018-08-28,7.64,7.73,7.56,7.69,11161972,85388560.0
2018-08-29,7.53,7.53,7.28,7.41,15919752,117941183.0
2018-08-30,7.46,7.49,7.29,7.34,8060599,59625977.0
2018-08-31,7.37,7.41,7.25,7.27,5818346,42697221.0
2018-09-03,7.3,7.38,7.12,7.38,6792837,49013475.0
2018-09-04,7.35,7.44,7.28,7.39,6750244,49805835.0
2018-09-05,7.35,7.36,7.18,7.18,6695500,48581359.0
2018-09-06,7.15,7.26,7.08,7.09,5690233,40677508.0
2018-09-07,7.14,7.22,6.99,7.0,9066661,64277951.0
2018-09-10,6.98,6.98,6.59,6.59,11372233,76720458.0
2018-09-11,6.63,6.73,6.56,6.66,6885436,45712352.0
2018-09-12,6.71,6.72,6.61,6.66,4546017,30305869.0
2018-09-13,6.72,6.83,6.65,6.77,7717267,52023892.0
2018-09-14,6.8,6.8,6.66,6.68,5751100,38681913.0
2018-09-17,6.65,6.72,6.53,6.57,3297572,21692940.0
2018-09-18,6.62,6.7,6.54,6.69,4734076,31446172.0
2018-09-19,6.69,6.87,6.65,6.79,7183153,48683623.0
2018-09-20,6.76,6.84,6.74,6.75,5172034,35074051.0
2018-09-21,6.78,6.9,6.73,6.88,7130985,48656938.0
2018-09-25,6.82,6.87,6.77,6.8,3989152,27221431.0
2018-09-26,6.81,6.9,6.78,6.86,5353352,36668481.0
2018-09-27,6.87,6.95,6.72,6.79,6444434,43901183.0
2018-09-28,6.83,6.84,6.75,6.76,5003500,34008184.0
2018-10-08,6.62,6.78,6.55,6.58,6095933,40567301.0
2018-10-09,6.68,6.79,6.6,6.62,5315694,35527529.0
2018-10-10,6.65,6.74,6.56,6.58,6354094,42195849.0
2018-10-11,6.31,6.49,5.96,6.09,11196401,69413081.0
2018-10-12,6.08,6.08,5.66,5.98,10257571,60790812.0
2018-10-15,6.01,6.07,5.85,5.92,5186047,30982333.0
2018-10-16,5.91,5.96,5.62,5.7,5690377,32971909.0
2018-10-17,5.8,5.86,5.67,5.83,6283179,36291912.0
2018-10-18,5.83,5.83,5.63,5.65,5847703,33528667.0
2018-10-19,5.64,5.81,5.56,5.78,7007746,40086150.0
2018-10-22,5.87,6.2,5.87,6.08,9507020,57468946.0
2018-10-23,6.09,6.12,5.9,5.94,7160146,43021634.0
2018-10-24,5.95,6.06,5.94,5.98,5207502,31229879.0
2018-10-25,5.81,5.92,5.76,5.89,8259541,48234719.0
2018-10-26,5.96,6.08,5.95,6.04,7233561,43528772.0
2018-10-29,6.02,6.12,5.98,6.03,6222364,37692173.0
2018-10-30,6.0,6.12,5.95,6.11,7043798,42631688.0
2018-10-31,6.48,6.72,6.43,6.5,24769837,162678051.0
2018-11-01,6.49,7.15,6.49,6.97,41330182,286001636.0
2018-11-02,6.95,7.09,6.88,7.07,29347511,205735181.0
2018-11-05,7.11,7.18,6.89,7.02,22654081,159753280.0
2018-11-06,7.01,7.18,6.91,7.16,18571669,130974369.0
2018-11-07,7.15,7.48,7.07,7.27,25122036,182596963.0
2018-11-08,7.28,7.34,7.09,7.09,12880151,92692864.0
2018-11-09,7.13,7.4,7.09,7.23,18918561,137836726.0
2018-11-12,7.23,7.53,7.23,7.46,19277575,143522129.0
2018-11-13,7.35,7.54,7.34,7.5,21540717,160701349.0
2018-11-14,7.47,7.52,7.34,7.39,14257509,105842267.0
2018-11-15,7.35,7.44,7.33,7.42,14994349,110711127.0
2018-11-16,7.45,7.64,7.4,7.46,19779776,148682984.0
2018-11-19,7.42,7.76,7.41,7.66,21594297,164452458.0
2018-11-20,7.56,7.62,7.21,7.25,19960197,148267616.0
2018-11-21,7.16,7.44,7.15,7.44,19895203,145049857.0
2018-11-22,7.5,7.51,7.2,7.28,12818955,94114703.0
2018-11-23,7.26,7.36,6.99,7.0,18035502,129294832.0
2018-11-26,7.0,7.15,6.88,7.1,11308903,79831454.0
2018-11-27,7.14,7.35,7.11,7.17,9429557,68066467.0
2018-11-28,7.2,7.75,7.17,7.67,27138034,203351724.0
2018-11-29,7.8,7.8,7.38,7.4,19948651,151287685.0
2018-11-30,7.47,7.57,7.23,7.53,18124430,134626143.0
2018-12-03,7.79,7.99,7.63,7.72,26385171,204640582.0
2018-12-04,7.7,7.83,7.65,7.81,15306292,118402319.0
2018-12-05,7.61,7.69,7.51,7.61,14795504,112666709.0
2018-12-06,7.53,7.63,7.37,7.39,11399264,85226642.0
2018-12-07,7.39,7.53,7.39,7.45,6978665,51988981.0
2018-12-10,7.37,7.49,7.35,7.38,6961672,51600173.0
2018-12-11,7.48,7.48,7.38,7.48,7668711,57025663.0
2018-12-12,7.52,7.55,7.38,7.4,6101300,45308179.0
2018-12-13,7.4,7.53,7.29,7.4,9632250,71615309.0
2018-12-14,7.42,7.47,7.15,7.16,9557378,69972532.0
2018-12-17,7.14,7.32,7.12,7.27,6633740,47898174.0
2018-12-18,7.29,7.66,7.28,7.55,20647293,155026477.0
2018-12-19,7.6,7.64,7.25,7.29,13816857,102380235.0
2018-12-20,7.23,7.96,7.23,7.86,38386312,295020198.0
2018-12-21,7.8,7.92,7.68,7.76,25954411,201671206.0
2018-12-24,7.79,8.16,7.78,8.07,31353092,251092186.0
2018-12-25,7.94,8.4,7.78,8.26,38877319,314233516.0
2018-12-26,8.3,8.3,8.0,8.12,27331783,221993724.0
2018-12-27,8.2,8.21,7.9,7.9,22347218,179785963.0
2018-12-28,7.85,7.97,7.75,7.8,17443504,137194401.0
2019-01-02,7.85,8.35,7.8,8.26,30690564,249573217.0
2019-01-03,8.21,8.37,7.81,7.83,32709845,262458811.0
2019-01-04,7.63,7.93,7.42,7.84,25815576,199011183.0
2019-01-07,7.85,8.62,7.8,8.62,41009141,341148880.0
2019-01-08,8.9,8.95,8.45,8.69,60477493,528212756.00000006
2019-01-09,8.64,9.34,8.56,8.84,61528600,553325371.0
2019-01-10,8.88,9.06,8.62,9.05,43780845,388022147.0
2019-01-11,8.97,9.2,8.84,8.89,32938589,295435081.0
2019-01-14,8.73,8.92,8.53,8.9,26789730,233673167.0
2019-01-15,8.77,8.85,8.57,8.8,24505477,214197330.0
2019-01-16,8.76,9.39,8.74,9.08,48179062,440621673.0
2019-01-17,9.05,9.17,8.83,8.88,27288445,245221912.0
2019-01-18,8.74,8.89,8.53,8.71,29706754,257958949.0
2019-01-21,8.8,8.99,8.68,8.79,24349656,214872939.0
2019-01-22,8.77,8.87,8.59,8.73,17718553,154079198.0
2019-01-23,8.68,9.13,8.58,9.07,31397998,279527054.0
2019-01-24,9.0,9.12,8.88,8.96,23686277,212758382.0
2019-01-25,8.99,9.34,8.92,8.98,36301793,331787153.0
2019-01-28,9.02,9.24,8.7,9.14,33325411,298787383.0
2019-01-29,9.05,9.09,8.45,8.58,33256087,290096968.0
2019-01-30,8.47,8.67,8.12,8.15,29458392,245774634.0
2019-01-31,8.21,8.34,8.13,8.19,18605546,152966499.0
2019-02-01,8.25,8.45,8.22,8.37,18189088,151856705.0
2019-02-11,8.42,8.79,8.37,8.79,23482182,202916645.0
2019-02-12,8.76,9.05,8.73,8.87,25167295,223309657.0
2019-02-13,8.87,9.64,8.85,9.4,47569818,442082142.0
2019-02-14,9.34,9.42,9.17,9.34,30719934,285488200.0
2019-02-15,9.29,9.48,9.24,9.33,28289802,264452857.00000003
2019-02-18,9.39,9.86,9.38,9.68,44220557,424844927.0
2019-02-19,9.65,10.21,9.3,10.0,55751785,537510335.0
2019-02-20,9.83,9.85,9.54,9.72,36495358,354327905.0
2019-02-21,9.79,10.4,9.77,9.91,58300952,586652105.0
2019-02-22,9.83,10.18,9.73,10.14,38960014,389529318.0
2019-02-25,10.32,10.67,10.06,10.49,59999267,621238014.0
2019-02-26,10.31,10.38,9.97,10.12,49556523,503932100.0
2019-02-27,9.91,10.07,9.6,9.73,39360810,389138553.0
2019-02-28,9.74,9.99,9.72,9.83,22224753,218863125.0
2019-03-01,9.88,9.91,9.59,9.79,19399118,188232120.0
2019-03-04,9.85,10.23,9.85,9.95,40711161,407923812.0
2019-03-05,9.85,10.32,9.74,10.31,44825097,451417337.0
2019-03-06,10.25,10.37,9.99,10.21,39795224,403530535.0
2019-03-07,10.13,10.23,9.91,10.15,38054333,383335723.0
2019-03-08,9.9,11.15,9.77,10.37,72749335,765331576.0
2019-03-11,10.48,10.99,10.48,10.97,54085241,583205767.0
2019-03-12,11.04,11.12,10.7,10.91,53398889,580295551.0
2019-03-13,10.85,10.95,10.42,10.55,35827990,383002262.0
2019-03-14,10.5,10.65,10.01,10.2,26147967,268005681.99999997
2019-03-15,10.22,10.33,10.08,10.23,23538251,240545071.0
2019-03-18,10.26,10.44,10.0,10.38,23598648,241525771.0
2019-03-19,10.41,10.55,10.23,10.42,24166557,251153701.0
2019-03-20,10.38,10.4,10.06,10.27,20061085,204924205.0
2019-03-21,10.24,10.42,10.19,10.28,24809778,255685242.0
2019-03-22,10.23,10.32,10.06,10.19,20547141,208672175.0
2019-03-25,9.95,10.2,9.85,10.01,17491534,176308173.0
2019-03-26,10.06,10.14,9.53,9.66,21686720,213288818.0
2019-03-27,9.76,10.26,9.56,10.2,32308986,322862101.0
2019-03-28,10.12,10.29,9.93,9.94,24449373,246656324.0
2019-03-29,9.92,10.19,9.76,10.15,23314692,233299022.0
2019-04-01,10.21,10.64,10.2,10.63,42165310,440202988.0
2019-04-02,10.62,10.62,10.39,10.47,29595910,310547411.0
2019-04-03,10.36,10.51,10.31,10.5,22244649,231654409.0
2019-04-04,10.49,10.52,10.27,10.36,21521756,223628382.0
2019-04-08,10.4,10.45,10.04,10.16,21455483,220026352.0
2019-04-09,10.16,10.3,10.04,10.18,11847985,120600566.0
2019-04-10,10.09,10.23,10.04,10.12,12740497,128710847.0
2019-04-11,10.09,10.14,9.87,9.89,16188916,161574649.0
2019-04-12,9.89,10.07,9.86,10.03,10895844,108962508.0
2019-04-15,10.63,10.76,10.23,10.26,35134183,367212826.0
2019-04-16,10.21,11.29,10.21,11.29,63954199,696166064.0
2019-04-17,11.7,12.3,11.52,11.53,108557799,1286458322.0
2019-04-18,11.43,12.5,11.32,11.98,83404764,999187036.0
2019-04-19,11.8,11.93,11.52,11.78,45970797,539136305.0
2019-04-22,11.83,12.25,11.7,11.8,45929983,549225061.0
2019-04-23,11.66,12.78,11.36,12.3,66357103,799217933.0
2019-04-24,12.43,12.68,12.03,12.49,60310321,743565066.0
2019-04-25,12.3,12.39,11.53,11.6,44674127,537400634.0
2019-04-26,11.6,12.54,11.51,12.02,56628303,686152753.0
2019-04-29,12.0,12.1,11.17,11.64,42952642,499349474.0
2019-04-30,11.4,11.66,10.48,10.49,53064092,582876461.0
2019-05-06,9.93,9.95,9.44,9.44,34627134,334853406.0
2019-05-07,9.3,9.58,8.98,9.36,33944586,315702347.0
2019-05-08,8.99,9.6,8.86,9.22,24200472,224721114.0
2019-05-09,9.2,9.36,9.03,9.05,18226498,167848118.0
2019-05-10,9.2,9.65,8.9,9.65,34609398,324719405.0
2019-05-13,9.42,9.61,9.24,9.42,23043894,217165804.0
2019-05-14,9.24,9.45,9.21,9.26,18170598,169540884.0
2019-05-15,9.4,9.52,9.31,9.48,22391577,210970712.0
2019-05-16,9.42,9.79,9.38,9.73,28889203,276313221.0
2019-05-17,9.64,9.74,9.13,9.2,26436902,249584595.0
2019-05-20,9.26,9.59,9.15,9.57,22565365,212183355.0
2019-05-21,9.48,9.79,9.41,9.59,30632843,294546138.0
2019-05-22,9.59,9.86,9.5,9.7,26799845,259429888.0
2019-05-23,9.7,9.71,9.35,9.39,19780537,187545907.0
2019-05-24,9.31,9.46,9.0,9.03,19990525,182959198.0
2019-05-27,9.05,9.45,9.01,9.43,20004941,185490013.0
2019-05-28,9.4,9.53,9.3,9.33,18669515,176006958.0
2019-05-29,9.33,9.63,9.28,9.49,21076373,200130075.0
2019-05-30,9.44,9.47,9.15,9.33,17606172,163148421.0
2019-05-31,9.3,9.44,9.2,9.23,13884360,129234817.0
2019-06-03,9.22,9.38,8.98,9.24,18035337,165366318.0
2019-06-04,9.19,9.23,8.98,9.02,13886708,126080305.0
2019-06-05,9.14,9.21,9.01,9.07,10872167,99019997.0
2019-06-06,9.08,9.08,8.47,8.6,20000217,173896958.0
2019-06-10,8.68,8.84,8.6,8.78,11028700,96547873.0
2019-06-11,8.75,9.18,8.7,9.16,18846466,170048628.0
2019-06-12,9.17,9.24,9.07,9.13,14830707,135728739.0
2019-06-13,9.13,9.2,9.07,9.12,8583809,78392594.0
2019-06-14,9.11,9.17,8.76,8.76,12123705,108479138.0
2019-06-17,8.78,8.93,8.74,8.81,7593526,67037151.0
2019-06-18,8.82,8.85,8.68,8.74,6779619,59338655.0
2019-06-19,9.0,9.08,8.94,8.95,14960512,134858399.0
2019-06-20,8.91,9.18,8.89,9.13,13902697,125895421.0
2019-06-21,9.15,9.8,9.15,9.7,36126243,341273865.0
2019-06-24,9.65,9.65,9.46,9.51,17878081,170260626.0
2019-06-25,9.44,9.44,9.1,9.24,13790854,127342996.0
2019-06-26,9.23,9.37,9.16,9.23,12537090,116340223.0
2019-06-27,9.4,9.72,9.35,9.6,34522379,330191353.0
2019-06-28,9.57,9.63,9.24,9.37,22183468,209112018.0
2019-07-01,9.7,10.08,9.6,9.97,40567786,399901146.0
2019-07-02,9.86,10.25,9.86,9.94,32356499,324353406.0
2019-07-03,9.89,10.1,9.63,9.83,29077077,286838978.0
2019-07-04,9.88,9.95,9.65,9.73,16789674,164457555.0
2019-07-05,9.76,10.01,9.69,10.01,23205106,229305560.0
2019-07-08,9.92,9.95,9.33,9.53,24891256,239822089.0
2019-07-09,9.52,9.73,9.49,9.64,14598924,140187825.0
2019-07-10,9.65,9.86,9.53,9.67,19551912,190231658.0
2019-07-11,9.7,9.85,9.45,9.7,21732555,209450686.0
2019-07-12,9.64,10.08,9.61,10.06,32440800,321279042.0
2019-07-15,9.85,10.19,9.73,10.15,31018298,308487099.0
2019-07-16,10.0,10.15,9.93,10.02,25404926,255196887.0
2019-07-17,9.95,10.28,9.87,10.17,33482817,339249218.0
2019-07-18,10.03,10.07,9.77,9.82,22741165,224707305.0
2019-07-19,9.8,10.03,9.8,9.85,16101149,159543758.0
2019-07-22,9.92,9.92,9.24,9.24,21095785,199844454.0
2019-07-23,9.31,9.46,9.27,9.42,13296288,124659711.0
2019-07-24,9.45,10.16,9.44,10.12,37946135,376052655.0
2019-07-25,10.14,10.55,10.02,10.4,51865576,536440756.00000006
2019-07-26,10.4,10.5,10.25,10.42,32170158,334358405.0
2019-07-29,10.51,10.91,10.43,10.54,41906009,444786576.0
2019-07-30,10.66,10.74,10.27,10.35,31534553,330593658.0
2019-07-31,10.41,10.52,10.28,10.31,23008579,239525968.0
2019-08-01,10.32,10.66,10.29,10.58,36106575,380086712.0
2019-08-02,10.25,10.29,10.03,10.17,31890399,324071451.0
2019-08-05,10.2,10.44,10.11,10.14,21127619,216891436.0
2019-08-06,9.87,10.09,9.52,9.97,29861263,292969850.0
2019-08-07,10.02,10.08,9.57,9.59,21488231,210797763.0
2019-08-08,9.59,9.88,9.59,9.84,18480356,179985389.0
2019-08-09,9.89,10.26,9.82,9.98,31616757,318188915.0
2019-08-12,10.09,10.9,9.96,10.78,46455557,482582333.0
2019-08-13,10.6,10.73,10.46,10.66,39552125,419777697.0
2019-08-14,10.91,11.05,10.5,10.55,42804479,461582826.0
2019-08-15,10.2,10.79,10.19,10.72,31978188,334761949.0
2019-08-16,10.61,10.97,10.58,10.62,31084756,333365548.0
2019-08-19,10.8,11.55,10.68,11.34,57464621,637823690.0
2019-08-20,11.28,11.45,11.14,11.2,34854906,392020588.0
2019-08-21,11.25,11.48,11.1,11.43,35927269,406547000.0
2019-08-22,11.45,11.48,10.97,11.21,36304847,406518746.0
2019-08-23,11.12,11.66,11.03,11.4,35416689,401274567.0
2019-08-26,11.15,11.59,11.07,11.54,34300042,389845408.0
2019-08-27,11.67,11.73,11.31,11.37,34633166,398012908.0
2019-08-28,11.36,11.36,11.04,11.06,25098339,279466241.0
2019-08-29,11.1,11.26,11.0,11.02,20261520,225827448.0
2019-08-30,11.13,11.41,10.87,11.1,25434329,284046152.0
2019-09-02,10.98,11.33,10.67,11.24,34378057,378769386.0
2019-09-03,11.16,11.68,11.14,11.61,42889573,489393752.0
2019-09-04,11.51,11.92,11.39,11.7,43469054,505664206.0
2019-09-05,11.87,12.35,11.7,11.9,56594059,680999517.0
2019-09-06,11.94,12.23,11.75,12.03,37007819,443941381.0
2019-09-09,12.07,12.38,12.0,12.35,39958996,487413284.0
2019-09-10,12.22,12.24,11.83,11.93,35804775,430158342.0
2019-09-11,12.0,12.04,11.76,11.84,20582427,244807765.0
2019-09-12,11.93,12.14,11.84,12.02,22003451,264453419.0
2019-09-16,12.09,12.17,11.8,12.06,23271307,279759870.0
2019-09-17,11.99,11.99,11.47,11.63,25616641,299286978.0
2019-09-18,11.69,11.76,11.43,11.65,16252827,188604205.0
2019-09-19,11.63,12.29,11.61,12.25,39049112,469907875.0
2019-09-20,12.2,12.35,12.06,12.33,31224304,381735949.0
2019-09-23,12.22,12.22,11.86,12.16,23279105,280133538.0
2019-09-24,12.13,12.32,12.01,12.06,25402928,309053488.0
2019-09-25,11.91,11.92,11.16,11.18,41238191,471847077.0
2019-09-26,11.25,11.27,10.65,10.65,22947124,250302399.0
2019-09-27,10.77,10.95,10.65,10.87,14888778,161408936.0
2019-09-30,10.83,10.93,10.47,10.47,13254982,141036818.0
2019-10-08,10.54,10.75,10.44,10.53,10738627,113889854.0
2019-10-09,10.46,10.67,10.33,10.67,10858130,114357353.0
2019-10-10,10.67,10.85,10.58,10.8,13904134,149134149.0
2019-10-11,10.83,10.87,10.62,10.75,11755267,126578275.0
2019-10-14,10.87,11.03,10.83,10.92,13852790,151433434.0
2019-10-15,10.85,10.85,10.49,10.51,14608967,154854430.0
2019-10-16,10.55,10.62,10.34,10.35,10759572,112525908.0
2019-10-17,10.37,10.44,10.26,10.28,6955599,71979332.0
2019-10-18,10.34,10.38,9.93,9.98,11917220,120282401.0
2019-10-21,9.98,10.15,9.72,10.07,9177791,91191657.0
2019-10-22,10.05,10.16,10.0,10.14,8305179,83861099.0
2019-10-23,10.14,10.14,9.9,9.93,7885051,79152810.0
2019-10-24,9.97,10.09,9.88,9.93,8292764,82596807.0
2019-10-25,9.89,10.02,9.72,9.99,11711694,115655275.0
2019-10-28,10.04,10.4,10.04,10.38,15875068,162505566.0
2019-10-29,10.32,10.43,10.08,10.12,11007538,112699554.0
2019-10-30,10.1,10.25,9.93,10.21,10630108,107403072.0
2019-10-31,10.24,10.25,10.0,10.02,7834000,79186239.0
2019-11-01,10.01,10.21,9.95,10.21,8560438,86755575.0
2019-11-04,10.23,10.41,10.16,10.38,13495594,139178845.0
2019-11-05,10.31,10.38,10.24,10.27,10587466,109131863.0
2019-11-06,10.29,10.35,9.95,10.03,10911446,110339283.0
2019-11-07,10.04,10.2,9.94,10.08,9207899,92760651.0
2019-11-08,10.14,10.29,10.04,10.1,12460666,127022697.0
2019-11-11,10.0,10.0,9.6,9.61,14457598,141287758.0
2019-11-12,9.63,9.68,9.38,9.6,10200912,97007678.0
2019-11-13,9.56,9.56,9.4,9.42,9595570,90665925.0
2019-11-14,9.46,9.74,9.32,9.69,12379844,118261572.0
2019-11-15,9.62,9.69,9.5,9.5,8640046,82788938.0
2019-11-18,9.49,9.64,9.47,9.58,6893739,65976220.0
2019-11-19,9.57,9.85,9.54,9.82,11783724,114727791.0
2019-11-20,9.82,9.89,9.62,9.65,9998162,97504261.0
2019-11-21,9.6,10.05,9.56,9.93,13409910,131428478.0
2019-11-22,9.89,10.27,9.88,10.03,24409917,245201895.0
2019-11-25,9.98,9.99,9.75,9.96,11337636,111806129.0
2019-11-26,9.9,10.09,9.83,9.83,8138711,80912815.0
2019-11-27,9.78,10.09,9.67,10.06,13979175,139212223.0
2019-11-28,10.0,10.13,9.92,9.93,8104665,81120772.0
2019-11-29,9.95,10.15,9.91,10.03,10809375,108393880.0
2019-12-02,10.0,10.29,9.98,10.23,16615190,168968916.0
2019-12-03,10.15,10.27,10.08,10.26,14117780,143784394.0
2019-12-04,10.17,10.24,10.03,10.12,12128979,122771712.0
2019-12-05,10.13,10.35,10.12,10.28,17873537,183165274.0
2019-12-06,10.26,10.3,10.15,10.28,16101969,164818778.0
2019-12-09,10.28,10.51,10.26,10.38,19449842,202268054.0
2019-12-10,10.31,10.7,10.25,10.67,26182523,274924543.0
2019-12-11,10.61,10.73,10.51,10.67,18165566,192840002.0
2019-12-12,10.7,11.74,10.62,11.74,90847891,1050709791.9999999
2019-12-13,12.07,12.07,11.55,11.76,60784975,716744214.0
2019-12-16,11.8,12.94,11.79,12.94,50791029,637674958.0
2019-12-17,13.6,14.23,13.34,14.23,90613658,1261071059.0
2019-12-18,14.6,15.3,13.71,14.72,92780943,1357750988.0
2019-12-19,15.47,16.19,14.65,14.9,114990098,1788992325.0
2019-12-20,14.61,15.33,14.38,14.38,94342016,1393634151.0
2019-12-23,14.22,14.33,13.78,13.97,59018760,827736769.0
2019-12-24,13.94,14.07,13.5,14.02,46441093,643453430.0
2019-12-25,13.91,15.33,13.76,14.71,80715215,1171437542.0
2019-12-26,14.49,14.58,14.12,14.48,41539977,596967335.0
2019-12-27,15.34,15.69,13.95,13.98,66317018,978196742.0
2019-12-30,13.51,13.97,12.82,13.78,48126060,647137889.0
2019-12-31,13.7,13.9,13.36,13.51,29960657,407006400.0
2020-01-02,13.79,14.11,13.47,13.89,47327021,653032329.0
2020-01-03,13.94,14.79,13.94,14.15,53248562,763390699.0
2020-01-06,14.05,14.75,13.89,14.57,46372731,669999579.0
2020-01-07,14.6,14.69,14.11,14.29,38403770,548217137.0
2020-01-08,14.39,15.09,14.14,14.49,55152810,807630826.0
2020-01-09,14.82,15.3,14.42,15.06,61510374,915690814.0
2020-01-10,14.88,14.94,14.38,14.62,38707551,567749276.0
2020-01-13,14.36,15.07,14.3,14.99,35660755,525808299.0
2020-01-14,15.03,15.08,14.48,14.58,36619293,537552019.0
2020-01-15,14.59,14.59,13.8,14.09,38285149,538731644.0
2020-01-16,13.99,14.26,13.96,14.06,26037420,367256865.0
2020-01-17,14.06,14.17,13.72,13.97,25657820,358008913.0
2020-01-20,13.9,14.6,13.9,14.6,36814740,526231194.0
2020-01-21,14.5,14.68,14.11,14.19,30987882,445249437.0
2020-01-22,14.0,14.78,13.75,14.59,40862407,588602335.0
2020-01-23,14.37,14.44,13.35,13.5,39171148,545512934.0
2020-02-03,12.15,12.15,12.15,12.15,2121800,25779870.0
2020-02-04,10.94,12.12,10.94,11.79,42914111,500498965.0
2020-02-05,11.84,12.54,11.75,12.2,37140261,452730150.0
2020-02-06,12.15,12.49,12.01,12.35,34931310,429083073.0
2020-02-07,12.34,13.03,12.22,12.98,48778451,616764740.0
2020-02-10,12.8,13.06,12.6,12.94,33180021,425570488.0
2020-02-11,13.01,13.12,12.6,12.83,30644596,393587928.0
2020-02-12,12.82,13.4,12.76,13.28,36957994,484794427.0
2020-02-13,13.14,13.56,13.05,13.15,33847348,449470686.0
2020-02-14,13.29,13.88,13.16,13.7,44059954,598044372.0
2020-02-17,13.75,14.86,13.56,14.63,55162954,785154739.0
2020-02-18,14.5,14.85,14.24,14.75,46488643,676834623.0
2020-02-19,15.28,15.95,15.03,15.08,71592147,1104206796.0
2020-02-20,15.45,16.08,15.2,15.69,57614929,899346888.0
2020-02-21,15.48,16.2,15.33,15.73,55591645,879040800.0
2020-02-24,15.8,17.3,15.53,17.28,64705344,1070448804.0
2020-02-25,16.66,17.09,15.55,16.9,75669125,1249774784.0
2020-02-26,16.5,16.5,15.21,15.21,58386634,922410007.0
2020-02-27,15.2,15.48,14.49,14.9,35849921,538771689.0
2020-02-28,14.02,14.35,13.51,13.58,40194716,560183026.0
2020-03-02,13.91,14.66,13.64,14.56,38796357,548827478.0
2020-03-03,15.01,15.23,14.48,14.62,41885749,624964408.0
2020-03-04,14.4,14.78,14.1,14.56,28838185,415803876.0
2020-03-05,14.96,15.02,14.32,14.6,28019246,409271568.0
2020-03-06,14.26,14.47,14.11,14.3,19669939,281468645.0
2020-03-09,13.86,14.03,13.1,13.12,31427586,426455997.0
2020-03-10,12.97,14.04,12.95,14.02,31119536,420809411.0
2020-03-11,13.95,14.34,13.6,13.6,27044263,378546117.0
2020-03-12,13.3,13.78,13.22,13.48,20229867,272539501.0
2020-03-13,12.5,13.88,12.5,13.61,25160054,335214985.0
2020-03-16,13.82,13.88,12.5,12.65,30222678,396823658.0
2020-03-17,12.8,12.95,12.02,12.57,22282451,279037067.0
2020-03-18,12.6,13.02,12.38,12.39,22947735,291736546.0
2020-03-19,12.48,12.84,12.16,12.75,21139534,264783406.00000003
2020-03-20,12.89,12.96,12.53,12.81,17236170,219788514.0
2020-03-23,12.33,12.42,11.6,11.68,25114011,303383483.0
2020-03-24,12.0,12.1,11.64,12.06,20121425,240577576.0
2020-03-25,12.35,12.49,12.12,12.33,20044185,247435688.0
2020-03-26,12.14,12.27,12.0,12.03,14202462,172080147.0
2020-03-27,12.21,12.27,11.87,11.89,12977521,156752982.0
2020-03-30,11.65,11.65,11.1,11.37,17804721,201888407.0
2020-03-31,11.5,11.57,11.23,11.29,11816815,134735901.0
2020-04-01,11.28,11.64,11.18,11.33,14992201,171857965.0
2020-04-02,11.44,12.22,11.36,12.2,26940625,318601190.0
2020-04-03,12.05,12.44,11.92,12.22,24119836,294656222.0
2020-04-07,12.68,12.75,12.42,12.49,21182604,265450909.0
2020-04-08,12.43,12.73,12.35,12.58,16735513,210607950.0
2020-04-09,12.66,12.76,12.56,12.62,14465579,183029619.0
2020-04-10,12.6,12.61,12.12,12.16,15754886,193365559.0
2020-04-13,12.14,12.2,11.67,11.81,14854446,175479483.0
2020-04-14,11.99,12.14,11.86,12.14,10775402,129369349.0
2020-04-15,12.14,12.46,12.05,12.2,16663968,203634724.0
2020-04-16,12.05,12.28,11.91,12.19,10764300,130470074.0
2020-04-17,12.3,12.58,12.18,12.24,16899701,209053265.0
2020-04-20,12.3,12.44,12.2,12.39,16200050,199565270.0
2020-04-21,12.3,12.3,11.95,12.18,13483245,163209729.0
2020-04-22,12.0,12.3,11.91,12.29,12190409,148273337.0
2020-04-23,12.29,12.3,12.03,12.07,10743447,130391336.0
2020-04-24,12.01,12.15,11.5,11.56,17471403,205012541.0
2020-04-27,11.57,11.64,11.41,11.5,9118380,105206066.0
2020-04-28,11.52,11.55,10.6,11.14,17915332,199019805.0
2020-04-29,11.15,11.46,11.09,11.3,10783528,122135093.0
2020-04-30,11.41,12.04,11.41,12.03,20504264,242794209.0
2020-05-06,11.88,12.41,11.82,12.4,21928802,267135808.00000003
2020-05-07,12.47,12.67,12.29,12.31,19458889,242123033.0
2020-05-08,12.44,12.69,12.39,12.57,22990340,288765229.0
2020-05-11,12.66,12.85,12.5,12.82,24582516,313130416.0
2020-05-12,12.76,12.8,12.34,12.66,20269518,254787293.0
2020-05-13,12.65,12.76,12.45,12.54,15543500,195723051.0
2020-05-14,12.56,12.69,12.45,12.45,14780331,185610363.0
2020-05-15,12.57,12.9,12.47,12.7,22345560,284216280.0
2020-05-18,12.74,12.85,12.23,12.3,19760251,247519358.0
2020-05-19,12.45,13.11,12.4,13.06,32090169,412714764.0
2020-05-20,12.95,13.23,12.67,12.76,29007868,374383075.0
2020-05-21,12.86,12.88,12.14,12.19,26791157,332287395.0
2020-05-22,12.16,12.17,11.67,11.8,19564600,232859617.0
2020-05-25,11.79,11.92,11.56,11.7,11340870,132903178.00000001
2020-05-26,11.77,12.2,11.73,12.19,15907763,190979313.0
2020-05-27,12.16,12.16,11.86,11.94,12414207,148780729.0
2020-05-28,11.94,12.1,11.62,12.04,15293422,180894028.0
2020-05-29,11.87,12.09,11.83,11.91,12849415,153861288.0
2020-06-01,12.09,12.7,12.03,12.65,29445486,366953345.0
2020-06-02,12.65,12.94,12.63,12.78,28158327,360131607.0
2020-06-03,12.85,12.98,12.62,12.65,24557679,313954323.0
2020-06-04,12.74,12.88,12.49,12.6,16324000,206700821.0
2020-06-05,12.58,12.79,12.48,12.72,18315169,231423515.0
2020-06-08,12.84,13.1,12.59,12.71,24454015,314129637.0
2020-06-09,12.73,12.98,12.6,12.87,19646755,252300678.0
2020-06-10,12.8,12.84,12.57,12.69,13176431,166785677.0
2020-06-11,12.66,12.87,12.5,12.55,15861600,200974909.0
2020-06-12,12.1,12.51,12.04,12.36,15451502,189647114.0
2020-06-15,12.25,12.48,12.13,12.16,11517344,141512258.0
2020-06-16,12.22,12.83,12.22,12.8,28205331,355221098.0
2020-06-17,12.8,13.25,12.77,13.22,41878255,544438011.0
2020-06-18,13.29,13.47,13.1,13.29,29193418,387998884.0
2020-06-19,13.38,13.51,13.16,13.32,25911720,346325483.0
2020-06-22,13.34,13.74,13.34,13.5,23681254,320791992.0
2020-06-23,13.5,13.62,13.24,13.43,20866820,280037543.0
2020-06-24,13.47,13.6,13.27,13.46,16963267,228458619.0
2020-06-29,13.46,13.83,13.29,13.7,27021964,367876725.0
2020-06-30,13.7,14.04,13.54,13.91,30360275,419536568.0
2020-07-01,13.89,14.07,13.43,13.69,29418532,403336348.0
2020-07-02,13.72,13.9,13.58,13.82,24572360,338026215.0
2020-07-03,13.8,14.34,13.75,14.2,30946475,435007529.0
2020-07-06,14.35,14.86,14.21,14.74,32671767,475192655.0
2020-07-07,14.87,15.18,14.56,14.57,37888001,564278489.0
2020-07-08,14.65,14.97,14.57,14.92,25655443,380410949.0
2020-07-09,14.91,15.35,14.82,15.15,32093546,483613451.0
2020-07-10,15.06,15.27,14.7,14.9,28029270,420265323.0
2020-07-13,15.0,15.55,14.99,15.48,26117066,398600581.0
2020-07-14,15.33,15.59,14.3,14.71,44900094,667618873.0
2020-07-15,14.7,14.84,13.98,14.03,29104443,416587696.0
2020-07-16,14.09,14.22,13.23,13.37,29926635,415269855.0
2020-07-17,13.43,13.56,13.11,13.3,21118375,282351435.0
2020-07-20,13.44,13.73,13.31,13.7,15942460,215992020.0
2020-07-21,13.72,13.88,13.48,13.85,17184042,235541350.0
2020-07-22,13.78,14.03,13.63,13.76,19095097,264006836.0
2020-07-23,13.62,13.67,13.09,13.49,20681307,276699229.0
2020-07-24,13.35,13.66,12.8,12.81,21624234,285071731.0
2020-07-27,12.85,12.93,12.51,12.62,15960189,202269083.0
2020-07-28,12.76,12.86,12.5,12.67,12908082,163496424.0
2020-07-29,12.57,13.18,12.51,13.15,17232503,222877313.0
2020-07-30,13.17,13.29,12.99,13.01,14004118,183441388.0
2020-07-31,12.98,13.41,12.94,13.25,17891435,236532228.0
2020-08-03,13.42,13.6,13.37,13.55,21555343,291184080.0
2020-08-04,13.62,13.62,13.23,13.3,16451121,219607201.0
2020-08-05,13.6,13.68,13.29,13.37,20400295,274085684.0
2020-08-06,13.32,13.54,13.11,13.5,19495391,259468083.0
2020-08-07,13.39,13.4,12.83,12.99,20647638,269312044.0
2020-08-10,12.98,13.07,12.8,12.98,12608014,162946030.0
2020-08-11,12.95,13.03,12.54,12.55,14782440,189297768.0
2020-08-12,12.55,12.62,12.21,12.58,15509003,192136099.0
2020-08-13,12.53,12.76,12.49,12.55,9475422,119716307.0
2020-08-14,12.53,12.77,12.45,12.73,9135228,115438723.0
2020-08-17,12.81,13.02,12.68,13.0,13020904,167831370.0
2020-08-18,12.99,13.06,12.84,12.9,9752003,125876527.0
2020-08-19,12.91,12.91,12.58,12.58,11257621,142956941.0
2020-08-20,12.67,12.73,12.48,12.62,6426168,81151236.0
2020-08-21,12.69,12.75,12.53,12.58,9047635,114439400.0
2020-08-24,12.95,13.84,12.95,13.84,43166879,582934909.0
2020-08-25,14.24,14.45,13.8,13.92,64569827,910681721.0
2020-08-26,13.82,14.39,13.82,14.0,47239141,663866268.0
2020-08-27,13.82,13.95,13.4,13.62,33924044,459804682.0
2020-08-28,13.58,13.98,13.44,13.94,27295022,373605638.0
2020-08-31,13.94,14.14,13.67,13.69,28097122,390228245.0
2020-09-01,13.66,13.94,13.5,13.94,20976180,287739998.0
2020-09-02,14.07,14.1,13.71,13.98,23625237,329026386.0
2020-09-03,13.87,13.93,13.57,13.7,15358161,211056324.0
2020-09-04,13.4,13.78,13.35,13.7,13441595,183166419.0
2020-09-07,13.71,13.96,13.32,13.35,20693059,283027524.0
2020-09-08,13.44,14.55,13.34,14.23,45440450,639034066.0
2020-09-09,14.1,14.22,13.51,13.64,30375790,419051831.0
2020-09-10,13.83,14.72,13.78,14.31,64457364,923372451.0
2020-09-11,14.21,14.97,13.89,14.86,61447541,898936563.0
2020-09-14,14.74,15.13,14.55,14.96,52823060,781844463.0
2020-09-15,14.73,14.76,14.18,14.47,35414971,510390934.0
2020-09-16,14.44,14.85,14.19,14.77,32121457,466830522.0
2020-09-17,14.59,14.87,14.36,14.66,28754221,419920976.0
2020-09-18,14.56,14.66,14.16,14.41,24747696,356147722.0
2020-09-21,14.4,14.6,14.22,14.42,19313885,278702116.0
2020-09-22,14.33,14.34,13.22,13.36,37825960,521816801.0
2020-09-23,13.46,13.5,13.11,13.28,19170291,253871740.0
2020-09-24,13.24,13.24,12.93,13.02,12956212,169019526.0
2020-09-25,13.09,13.1,12.82,13.02,8819147,114331688.0
2020-09-28,13.04,13.13,12.93,12.94,8175729,106579771.0
2020-09-29,13.02,13.23,12.98,13.14,10170832,133655628.99999999
2020-09-30,13.16,13.19,12.9,12.93,11677157,151839238.0
2020-10-09,13.17,13.48,13.16,13.44,14955216,199543734.0
2020-10-12,13.53,13.85,13.45,13.81,19274069,263263656.00000003
2020-10-13,13.98,13.98,13.64,13.7,16717770,230566005.0
2020-10-14,13.6,13.7,13.23,13.3,17149801,229118624.0
2020-10-15,13.28,13.47,13.23,13.25,7908888,105429183.0
2020-10-16,13.25,13.32,13.09,13.27,7097298,93622314.0
2020-10-19,13.35,13.41,13.0,13.03,9547058,126058587.0
2020-10-20,13.02,13.3,13.01,13.29,8293254,109044075.0
2020-10-21,13.29,13.29,12.88,12.94,10725260,139509549.0
2020-10-22,12.88,13.07,12.75,12.98,5977935,77397760.0
2020-10-23,12.97,13.09,12.77,12.8,6367457,82139147.0
2020-10-26,12.75,12.77,12.48,12.58,8769012,110638869.0
2020-10-27,12.52,12.64,12.41,12.62,5901051,74083327.0
2020-10-28,12.56,12.84,12.36,12.78,8785221,110608642.0
2020-10-29,12.58,12.97,12.52,12.92,8689959,111393509.0
2020-10-30,12.6,12.71,11.95,12.06,20066768,247770919.0
2020-11-02,11.88,12.06,11.74,11.87,8393625,99856146.0
2020-11-03,11.89,12.26,11.89,12.19,6977261,84669829.0
2020-11-04,12.21,12.24,11.97,12.01,5675500,68514303.0
2020-11-05,12.15,12.37,12.08,12.32,10428180,127784238.0
2020-11-06,12.36,12.39,12.2,12.3,6932400,85169946.0
2020-11-09,12.44,12.85,12.44,12.76,16633015,210595549.0
2020-11-10,12.74,12.76,12.43,12.5,10750001,135409575.0
2020-11-11,12.54,12.54,12.21,12.22,8245057,101563668.0
2020-11-12,12.29,12.37,12.14,12.2,5090431,62272713.0
2020-11-13,12.17,12.28,12.06,12.22,5002881,60880034.0
2020-11-16,12.25,12.29,12.07,12.24,6497087,79009439.0
2020-11-17,12.21,12.23,11.93,12.08,8608601,103577370.0
2020-11-18,12.03,12.18,12.01,12.14,5483954,66429312.99999999
2020-11-19,12.09,12.27,12.02,12.23,6691626,81659828.0
2020-11-20,12.25,12.41,12.13,12.35,11579780,142622230.0
2020-11-23,12.31,12.38,12.17,12.3,8806400,108067943.0
2020-11-24,12.28,12.4,12.24,12.36,6792381,83833146.0
2020-11-25,12.36,12.42,12.18,12.18,8289386,101843918.0
2020-11-26,12.18,12.21,11.98,12.0,7681569,92546141.0
2020-11-27,12.03,12.13,11.9,12.09,5327768,63993924.0
2020-11-30,12.12,12.36,12.07,12.29,9981120,122319106.0
2020-12-01,12.55,12.83,12.44,12.64,21259249,268370418.0
2020-12-02,12.59,12.73,12.49,12.68,15600909,197082774.0
2020-12-03,12.91,13.04,12.66,12.71,19995370,256899178.0
2020-12-04,12.9,13.04,12.78,12.88,18340137,236314095.0
2020-12-07,13.0,13.11,12.69,12.74,16806985,215977644.0
2020-12-08,12.58,13.07,12.51,13.06,28272697,363575383.0
2020-12-09,12.94,12.94,12.48,12.48,19024810,240958221.0
2020-12-10,12.47,12.55,12.26,12.26,10914506,135530474.0
2020-12-11,12.22,12.3,11.86,12.01,12085361,145083417.0
2020-12-14,11.95,12.08,11.87,12.07,5943532,71298210.0
2020-12-15,12.06,12.06,11.86,11.96,6186490,73873440.0
2020-12-16,11.95,11.99,11.64,11.67,7848800,92534216.0
2020-12-17,11.66,11.84,11.39,11.81,8213084,95279227.0
2020-12-18,11.77,11.89,11.68,11.7,5924821,69666318.0
2020-12-21,11.71,12.0,11.66,11.95,8283324,98480772.0
2020-12-22,11.88,11.91,11.55,11.57,7270123,85211787.0
2020-12-23,11.6,11.75,11.57,11.65,4873226,56804288.0
2020-12-24,11.62,11.63,11.17,11.27,9301346,105659528.0
2020-12-25,11.27,11.41,11.16,11.33,4748810,53819543.0
2020-12-28,11.3,11.3,11.01,11.04,6386931,71148819.0
2020-12-29,11.04,11.36,11.04,11.25,5690064,63928062.0
2020-12-30,11.27,11.34,11.12,11.27,4669300,52513419.0
2020-12-31,11.28,11.54,11.25,11.47,7381001,84192328.0
2021-01-04,11.44,11.72,11.35,11.63,10474425,120599582.0
2021-01-05,11.57,11.72,11.5,11.64,7695364,89214974.0
2021-01-06,11.62,11.66,11.26,11.28,8516678,96915273.0
2021-01-07,11.31,11.36,10.88,10.95,10568694,117047259.0
2021-01-08,10.98,11.23,10.89,11.05,6818078,75580146.0
2021-01-11,11.0,11.31,10.97,11.08,8002522,89336753.0
2021-01-12,11.05,11.35,10.89,11.27,8605940,95873353.0
2021-01-13,11.27,11.28,10.97,11.1,8063426,89519077.0
2021-01-14,11.1,11.54,11.08,11.45,13087679,148570218.0
2021-01-15,11.42,11.43,11.22,11.33,6761389,76595272.0
2021-01-18,11.3,11.55,11.24,11.48,8547608,97865770.0
2021-01-19,11.48,11.51,11.35,11.37,5686912,64885397.0
2021-01-20,11.37,11.5,11.26,11.36,5846457,66538406.0
2021-01-21,11.38,11.45,11.24,11.33,6884701,78100463.0
2021-01-22,11.33,11.33,10.94,10.95,10293872,113574513.0
2021-01-25,10.97,10.97,10.34,10.38,14448331,152408717.0
2021-01-26,10.35,10.46,10.17,10.21,6885988,70692381.0
2021-01-27,10.21,10.3,10.09,10.24,4243254,43335678.0
2021-01-28,10.12,10.22,10.07,10.08,4669299,47347032.0
2021-01-29,10.14,10.18,9.66,9.85,7049010,69701216.0
2021-02-01,9.86,9.97,9.79,9.88,3968930,39251666.0
2021-02-02,9.89,9.93,9.5,9.63,8371319,81200941.0
2021-02-03,9.61,9.62,9.24,9.31,8299133,77985423.0
2021-02-04,9.24,9.38,9.08,9.31,8197478,75547199.0
2021-02-05,9.34,9.4,9.11,9.17,4955348,45749701.0
2021-02-08,9.17,9.24,9.12,9.14,3763314,34544559.0
2021-02-09,9.15,9.43,9.15,9.43,5453121,50765690.0
2021-02-10,9.4,9.47,9.35,9.42,3986880,37548759.0
2021-02-18,9.51,9.74,9.51,9.67,5652640,54569789.0
2021-02-19,9.7,9.97,9.6,9.96,7553601,74490782.0
2021-02-22,10.01,10.21,10.0,10.0,11162185,112739230.0
2021-02-23,9.95,10.04,9.78,9.82,6294357,62201066.0
2021-02-24,9.88,10.07,9.86,9.93,6328209,63102384.0
2021-02-25,9.95,10.01,9.85,9.88,4365042,43263336.0
2021-02-26,9.81,9.95,9.76,9.9,4131937,40807107.0
2021-03-01,9.95,10.14,9.93,10.07,6731974,67555556.0
2021-03-02,10.1,10.12,9.94,10.0,5118144,51213467.0
2021-03-03,10.0,10.19,9.95,10.16,6342077,64080309.0
2021-03-04,10.1,10.2,9.98,10.01,6302300,63512211.0
2021-03-05,9.98,10.13,9.95,10.09,5020400,50546069.0
2021-03-08,10.13,10.36,10.05,10.11,8948418,91384311.0
2021-03-09,10.09,10.11,9.51,9.75,8486716,83268234.0
2021-03-10,9.83,9.85,9.55,9.56,4638500,44759408.0
2021-03-11,9.56,9.85,9.54,9.81,5698458,55407511.0
2021-03-12,9.77,9.89,9.65,9.78,4023600,39365233.0
2021-03-15,9.75,9.79,9.63,9.71,3729641,36221054.0
2021-03-16,9.73,9.86,9.68,9.86,5384304,52635853.0
2021-03-17,9.87,10.01,9.75,10.0,6897076,68167748.0
2021-03-18,10.01,10.01,9.89,9.94,5050098,50172490.0
2021-03-19,9.82,10.03,9.8,9.92,4124764,40993101.0
2021-03-22,9.9,10.12,9.9,10.09,5391311,54099821.0
2021-03-23,10.1,10.17,10.01,10.05,4875621,49217866.0
2021-03-24,10.01,10.13,9.96,10.0,3934428,39479284.0
2021-03-25,10.03,10.05,9.87,9.92,4017816,40007609.0
2021-03-26,9.95,10.04,9.9,9.99,4000856,39896285.0
2021-03-29,10.0,10.15,9.99,10.04,4409214,44321580.0
2021-03-30,10.05,10.08,9.83,9.84,5083080,50271112.0
2021-03-31,9.79,9.84,9.71,9.78,3207201,31330575.0
2021-04-01,9.76,9.86,9.76,9.83,2865371,28152986.0
2021-04-02,9.84,10.03,9.82,10.03,6233069,62136696.0
2021-04-06,10.05,10.24,10.03,10.17,8071178,81921630.0
2021-04-07,10.17,10.17,10.05,10.15,4670547,47208716.0
2021-04-08,10.12,10.22,10.08,10.14,4919543,49996009.0
2021-04-09,10.19,10.34,10.11,10.27,8348100,85680063.0
2021-04-12,10.27,10.32,9.98,10.0,6796300,68533562.0
2021-04-13,10.31,10.66,10.24,10.26,16156808,168090317.0
2021-04-14,10.22,10.57,10.22,10.48,13513817,140928207.0
2021-04-15,10.45,10.75,10.43,10.61,14010546,148756815.0
2021-04-16,10.66,10.72,10.52,10.68,9316814,99044971.0
2021-04-19,10.68,11.05,10.6,10.98,16357523,177705090.0
2021-04-20,10.88,10.92,10.72,10.74,11441902,123793813.0
2021-04-21,10.68,10.74,10.58,10.67,7160016,76357704.0
2021-04-22,10.72,10.83,10.65,10.81,6425666,69091728.0
2021-04-23,10.75,10.78,10.53,10.57,6898596,73301778.0
2021-04-26,10.61,10.72,10.5,10.52,7043100,74862148.0
2021-04-27,10.53,10.6,10.3,10.48,6272647,65309606.0
2021-04-28,10.45,10.65,10.37,10.63,5476802,57791304.0
2021-04-29,10.6,10.82,10.57,10.74,7694354,82545969.0
2021-04-30,10.74,10.79,10.46,10.55,7829000,82834757.0
2021-05-06,10.52,10.6,10.43,10.45,4823122,50683153.0
2021-05-07,10.47,10.58,10.38,10.44,5096260,53385993.0
2021-05-10,10.46,10.49,10.26,10.28,6044203,62572667.0
2021-05-11,10.25,10.35,10.18,10.31,4468624,45879459.0
2021-05-12,10.29,10.43,10.2,10.41,4230353,43816131.0
2021-05-13,10.32,10.47,10.3,10.37,3647104,37892745.0
2021-05-14,10.37,10.49,10.33,10.49,4859518,50728604.0
2021-05-17,10.49,10.58,10.43,10.46,5122251,53822623.0
2021-05-18,10.42,10.54,10.36,10.37,4698101,48875485.0
2021-05-19,10.36,10.43,10.31,10.4,4443227,46053681.0
2021-05-20,10.32,10.41,10.29,10.38,3595149,37176936.0
2021-05-21,10.38,10.44,10.31,10.33,3003370,31130755.0
2021-05-24,10.31,10.41,10.27,10.4,3353564,34756311.0
2021-05-25,10.43,10.53,10.35,10.51,6185313,64678835.0
2021-05-26,10.53,10.64,10.49,10.5,6132600,64708467.0
2021-05-27,10.5,10.76,10.47,10.69,8908037,94869894.0
2021-05-28,10.64,10.67,10.5,10.52,6232825,65919473.0
2021-05-31,10.52,10.6,10.51,10.57,4893690,51612140.0
2021-06-01,10.57,10.68,10.46,10.68,6573994,69708449.0
2021-06-02,10.67,10.67,10.43,10.48,6422385,67570878.0
2021-06-03,10.51,10.64,10.48,10.52,4845152,51169265.0
2021-06-04,10.52,10.89,10.48,10.83,14415648,155098635.0
2021-06-07,10.83,10.94,10.68,10.84,13853532,149950455.0
2021-06-08,10.86,11.08,10.74,11.05,15269206,167055272.0
2021-06-09,11.13,11.17,10.88,10.96,9847986,108029237.0
2021-06-10,10.9,10.99,10.8,10.93,8755260,95205342.0
2021-06-11,10.9,10.91,10.59,10.62,9597181,103004415.0
2021-06-15,10.62,10.72,10.52,10.62,6118050,64965443.0
2021-06-16,10.63,10.75,10.53,10.58,7584077,80614578.0
2021-06-17,10.59,10.92,10.55,10.92,13062970,141225262.0
2021-06-18,10.9,10.97,10.82,10.95,8086794,88179701.0
2021-06-21,10.93,11.02,10.86,11.01,7809556,85328183.0
2021-06-22,11.06,11.06,10.88,10.96,6878885,75295038.0
2021-06-23,10.93,11.27,10.85,11.24,17441728,193727084.0
2021-06-24,11.17,11.34,11.06,11.11,12203276,136500780.0
2021-06-25,11.08,11.2,10.9,11.08,10147678,112147070.0
2021-06-28,11.09,11.27,11.07,11.12,8872026,99150291.0
2021-06-29,11.07,11.16,10.83,10.84,8825416,96710366.0
2021-06-30,10.87,11.54,10.86,11.23,18954490,213772911.0
2021-07-01,11.31,11.31,10.9,10.91,11916948,131972174.0
2021-07-02,10.91,11.17,10.81,10.87,10142402,111518592.0
2021-07-05,10.91,11.12,10.85,11.12,8588243,94307169.0
2021-07-06,11.0,11.15,10.88,11.04,9188533,101130816.0
2021-07-07,10.99,11.07,10.88,11.05,7983714,87729437.0
2021-07-08,11.06,11.29,11.01,11.24,14356056,160732180.0
2021-07-09,11.17,11.62,11.15,11.48,19486589,222431271.0
2021-07-12,11.47,11.77,11.38,11.77,21195483,245699356.0
2021-07-13,11.76,11.77,11.5,11.64,15603617,180895552.0
2021-07-14,11.56,11.67,11.4,11.49,11741141,134901205.0
2021-07-15,11.35,11.47,11.15,11.39,11665482,131915375.0
2021-07-16,11.38,11.52,11.28,11.3,9784066,111719995.0
2021-07-19,11.22,11.43,11.2,11.43,8535096,96538532.0
2021-07-20,11.25,11.41,11.2,11.39,6624587,74916118.0
2021-07-21,11.43,11.47,11.29,11.36,9894667,112498224.0
2021-07-22,11.32,11.64,11.31,11.59,14090019,162107167.0
2021-07-23,11.57,11.58,11.33,11.35,9464694,108273213.0
2021-07-26,11.31,11.49,10.98,11.06,12764255,142507997.0
2021-07-27,11.17,12.05,11.07,11.54,34912213,408345954.0
2021-07-28,11.51,11.59,10.71,11.04,22525222,249868377.0
2021-07-29,11.2,11.75,11.16,11.66,22951357,264687162.0
2021-07-30,11.71,11.91,11.53,11.81,19982021,234269587.0
2021-08-02,11.86,11.99,11.67,11.97,21211553,251491059.0
2021-08-03,11.93,11.93,11.52,11.59,19029907,222419537.0
2021-08-04,11.59,11.93,11.59,11.82,13877943,163601230.0
2021-08-05,11.82,11.88,11.61,11.63,11562365,135231927.0
2021-08-06,11.63,11.91,11.58,11.88,14643099,171929512.0
2021-08-09,11.8,11.95,11.67,11.94,12765596,150737656.0
2021-08-10,11.85,12.13,11.85,11.96,18010232,216166707.0
2021-08-11,11.88,11.92,11.68,11.87,14581329,172365699.0
2021-08-12,11.81,12.08,11.81,11.86,11850848,141581498.0
2021-08-13,11.8,11.81,11.61,11.7,12247009,143326069.0
2021-08-16,11.65,11.79,11.65,11.69,8253878,96684157.0
2021-08-17,11.78,11.98,11.35,11.41,13471985,156802280.0
2021-08-18,11.34,11.47,11.28,11.47,8340227,94840789.0
2021-08-19,11.39,11.55,11.36,11.48,6698022,76800109.0
2021-08-20,11.42,11.52,11.31,11.47,6679247,76291543.0
2021-08-23,11.44,11.84,11.44,11.81,11242725,131663428.00000001
2021-08-24,11.78,11.9,11.74,11.83,9411723,111290001.0
2021-08-25,11.8,11.9,11.71,11.8,9536185,112436532.0
2021-08-26,11.81,11.9,11.76,11.79,9374666,110857288.0
2021-08-27,11.72,11.75,11.37,11.57,12447027,143350745.0
2021-08-30,11.71,11.98,11.62,11.63,14867724,175249285.0
2021-08-31,11.67,11.69,11.31,11.44,13323738,152278503.0
2021-09-01,11.44,11.52,11.32,11.48,9847024,112385365.0
2021-09-02,11.46,11.46,11.22,11.39,9908724,112178153.0
2021-09-03,11.33,11.51,11.33,11.47,8521075,97412671.0
2021-09-06,11.44,11.59,11.38,11.59,8876005,102050829.0
2021-09-07,11.59,11.72,11.52,11.69,8369350,97164348.0
2021-09-08,11.71,11.87,11.62,11.86,12977456,152588067.0
2021-09-09,11.84,11.91,11.71,11.83,9538022,112458470.0
2021-09-10,11.84,12.06,11.78,11.91,16370221,195032393.0
2021-09-13,11.9,12.07,11.78,11.91,11694067,139164223.0
2021-09-14,11.93,11.98,11.62,11.69,11141563,131458103.0
2021-09-15,11.62,11.67,11.52,11.58,8156900,94508274.0
2021-09-16,11.56,11.75,11.35,11.38,10610503,122768883.0
2021-09-17,11.45,11.45,10.98,11.14,10883316,121889207.0
2021-09-22,10.99,11.13,10.89,11.13,7114898,78375827.0
2021-09-23,11.17,11.28,11.14,11.21,5734602,64253690.0
2021-09-24,11.21,11.25,10.88,10.88,6481401,71621395.0
2021-09-27,10.89,11.02,10.3,10.47,9834298,103849945.0
2021-09-28,10.44,10.55,10.4,10.47,4286212,44892931.0
2021-09-29,10.4,10.52,10.3,10.31,4765009,49622897.0
2021-09-30,10.38,10.52,10.35,10.49,3170382,33149046.000000004
2021-10-08,10.6,10.76,10.58,10.73,3537139,37876243.0
2021-10-11,10.7,10.8,10.68,10.71,2355158,25262303.0
2021-10-12,10.66,10.75,10.41,10.55,3241400,34238495.0
2021-10-13,10.63,10.71,10.41,10.7,2866693,30379603.0
2021-10-14,10.7,10.71,10.61,10.64,2113488,22500159.0
2021-10-15,10.65,10.75,10.63,10.68,3389099,36293128.0
2021-10-18,10.69,10.72,10.59,10.7,2677947,28579053.0
2021-10-19,10.7,10.76,10.69,10.73,3255052,34930875.0
2021-10-20,10.76,10.76,10.61,10.65,3101700,33169000.999999996
2021-10-21,10.66,10.74,10.61,10.62,3090115,32989511.0
2021-10-22,10.61,10.68,10.45,10.47,3923650,41383868.0
2021-10-25,10.49,10.57,10.4,10.57,3270380,34243769.0
2021-10-26,10.55,10.84,10.53,10.76,5484837,58842411.0
2021-10-27,10.77,10.77,10.44,10.54,3916846,41363634.0
2021-10-28,11.0,11.24,10.85,11.14,20574496,227454856.0
2021-10-29,11.2,11.26,11.01,11.25,11356105,126639540.0
2021-11-01,11.35,12.38,11.33,12.38,37520969,451715972.0
2021-11-02,12.74,13.15,12.2,12.28,56459936,716654494.0
2021-11-03,12.29,12.78,12.03,12.62,36164752,452321708.0
2021-11-04,12.62,12.86,12.52,12.73,26560711,337887473.0
2021-11-05,12.78,13.32,12.73,13.14,33901867,444077608.0
2021-11-08,13.2,13.2,12.73,12.93,22362335,288705409.0
2021-11-09,12.93,13.17,12.88,13.06,18335985,238672137.0
2021-11-10,13.04,13.43,12.95,13.2,17317275,228522288.0
2021-11-11,13.2,13.54,13.05,13.34,19391285,259408206.0
2021-11-12,13.31,14.18,13.28,13.95,29748100,414901975.0
2021-11-15,14.15,14.33,13.53,13.69,24163820,332939921.0
2021-11-16,13.75,14.03,13.62,13.72,16265599,224576400.0
2021-11-17,13.76,13.91,13.54,13.85,17122223,235645602.0
2021-11-18,13.77,14.05,13.69,13.73,15098662,209493389.0
2021-11-19,13.65,14.12,13.63,14.0,16899353,235255325.0
2021-11-22,14.04,14.27,13.82,14.06,17668797,248898082.0
2021-11-23,13.96,14.38,13.87,13.99,14784679,208266451.0
2021-11-24,14.01,14.47,13.97,14.2,18606201,265518034.99999997
2021-11-25,14.1,14.33,13.87,13.89,16086794,225811472.0
2021-11-26,13.76,14.07,13.6,13.84,17389888,240360186.0
2021-11-29,13.58,13.83,13.56,13.69,12722742,173988082.0
2021-11-30,13.81,14.2,13.7,13.88,15314695,213863651.0
2021-12-01,13.88,14.02,13.65,13.75,10819979,149056567.0
2021-12-02,13.75,13.75,13.0,13.23,21126605,280066515.0
2021-12-03,13.33,13.66,13.23,13.44,15688924,211820685.0
2021-12-06,13.64,13.64,13.13,13.21,10601014,141492322.0
2021-12-07,13.23,13.29,12.65,12.8,14643966,187933200.0
2021-12-08,12.87,13.02,12.78,12.95,7707118,99552938.0
2021-12-09,12.95,13.12,12.85,12.94,9708963,126202993.0
2021-12-10,12.89,12.97,12.7,12.75,8252990,105563192.0
2021-12-13,12.87,13.04,12.68,12.89,11243308,144741478.0
2021-12-14,12.83,13.0,12.75,12.96,7943441,102215237.0
2021-12-15,12.94,13.21,12.83,12.89,11449917,148787517.0
2021-12-16,12.89,12.95,12.77,12.86,7364248,94551526.0
2021-12-17,12.86,12.93,12.62,12.62,8149385,103862396.0
2021-12-20,12.64,12.8,12.44,12.45,7241127,91188755.0
2021-12-21,12.49,12.63,12.46,12.54,6494057,81304387.0
2021-12-22,12.59,13.14,12.53,12.91,19479411,251682490.0
2021-12-23,12.96,13.1,12.82,12.97,13387424,173842344.0
2021-12-24,12.97,13.53,12.94,13.4,22886965,305081963.0
2021-12-27,13.49,13.7,13.25,13.34,17300033,231108852.0
2021-12-28,13.4,13.65,13.28,13.42,12309009,165306474.0
2021-12-29,13.42,13.46,13.17,13.35,10479574,139709134.0
2021-12-30,13.26,13.79,13.26,13.68,17835946,243205352.0
2021-12-31,13.68,13.75,13.55,13.62,8138010,110881196.0
2022-01-04,13.6,13.9,13.57,13.69,10423841,142885128.0
2022-01-05,13.63,13.75,13.04,13.15,17054001,226653358.0
2022-01-06,13.19,13.7,13.03,13.5,11953239,159438991.0
2022-01-07,13.45,13.67,12.92,12.93,12441981,164352655.0
2022-01-10,12.92,13.39,12.83,13.22,9957426,131171264.0
2022-01-11,13.17,13.28,13.0,13.02,8714918,114269143.0
2022-01-12,13.15,13.43,13.03,13.4,10395986,138138768.0
2022-01-13,13.38,13.43,13.06,13.08,7196488,94858805.0
2022-01-14,13.05,13.43,12.96,13.15,9796107,129545895.0
2022-01-17,13.08,14.05,13.08,13.95,22649136,312345764.0
2022-01-18,13.95,14.04,13.73,13.78,13889101,192475660.0
2022-01-19,13.75,13.84,13.51,13.67,9055396,123783894.0
2022-01-20,13.63,13.67,12.54,12.62,22256355,289199855.0
2022-01-21,12.59,12.73,12.42,12.55,10374380,130597558.0
2022-01-24,12.45,12.57,12.34,12.43,7244191,90204271.0
2022-01-25,12.36,12.65,11.88,11.88,14297040,174378166.0
2022-01-26,11.93,12.11,11.85,12.03,6934055,83210694.0
2022-01-27,12.04,12.12,11.6,11.64,7929587,93501077.0
2022-01-28,11.64,11.98,11.59,11.78,8487900,100284038.0
2022-02-07,12.07,12.12,11.8,11.9,10496573,125525239.0
2022-02-08,11.83,12.05,11.74,12.04,7775129,92648002.0
2022-02-09,12.03,12.19,11.93,12.19,9384411,113568563.0
2022-02-10,12.15,12.24,12.08,12.13,6639710,80662301.0
2022-02-11,12.1,12.1,11.77,11.77,8083607,96122459.0
2022-02-14,11.7,11.85,11.61,11.65,8053502,94358812.0
2022-02-15,11.65,12.04,11.64,11.93,9681685,115220550.0
2022-02-16,11.97,13.12,11.95,13.12,24937053,315366524.0
2022-02-17,13.09,13.27,12.93,13.12,32084601,419524471.0
2022-02-18,12.86,13.03,12.77,12.85,15590583,200597148.0
2022-02-21,12.85,13.11,12.78,13.06,13365061,172843512.0
2022-02-22,12.9,13.1,12.88,13.1,10088806,131073136.99999999
2022-02-23,13.01,13.38,12.99,13.3,13563029,179497262.0
2022-02-24,13.24,13.26,12.6,12.76,13580236,175606792.0
2022-02-25,12.98,13.26,12.9,13.04,11939559,156525963.0
2022-02-28,13.1,13.14,12.86,13.04,7138239,92782820.0
2022-03-01,13.04,13.11,12.79,12.99,7071996,91649106.0
2022-03-02,12.99,12.99,12.76,12.91,5849317,75089426.0
2022-03-03,12.93,13.03,12.68,12.72,8546693,109400700.0
2022-03-04,12.67,12.79,12.29,12.38,10346613,129716645.0
2022-03-07,12.38,12.42,11.92,11.99,9490014,114741216.0
2022-03-08,12.02,12.15,11.67,11.78,11535374,137816025.0
2022-03-09,11.85,11.92,11.1,11.54,12122087,139753641.0
2022-03-10,11.8,11.89,11.65,11.65,8960877,105424603.0
2022-03-11,11.5,11.54,10.99,11.44,14097023,158909765.0
2022-03-14,11.35,11.41,11.17,11.19,7481400,84518452.0
2022-03-15,11.16,11.18,10.58,10.6,11248794,122430146.0
2022-03-16,10.78,11.1,10.43,11.0,10810083,116676521.0
2022-03-17,11.11,11.35,11.07,11.12,10499487,117561599.0
2022-03-18,11.06,11.18,10.98,11.1,6607327,73246277.0
2022-03-21,11.09,11.52,11.09,11.23,11365900,128718284.0
2022-03-22,11.18,11.29,11.11,11.25,5800865,64908783.0
2022-03-23,11.27,11.3,11.11,11.17,5973225,66885724.0
2022-03-24,11.13,11.13,10.94,10.98,5217325,57480445.0
2022-03-25,11.05,11.2,10.97,10.98,5828545,64603326.0
2022-03-28,10.82,11.22,10.73,11.03,6697475,73527060.0
2022-03-29,11.09,11.14,10.78,10.85,5300571,57898027.0
2022-03-30,10.93,11.05,10.86,11.02,6692379,73312650.0
2022-03-31,10.95,11.07,10.87,11.0,7677647,84175663.0
2022-04-01,10.88,11.03,10.8,11.0,6802829,74370648.0
2022-04-06,10.95,11.13,10.9,11.12,6759225,74591074.0
2022-04-07,11.08,11.11,10.64,10.65,8559131,92743181.0
2022-04-08,10.66,10.7,10.46,10.51,8379131,88349608.0
2022-04-11,10.5,10.51,9.83,9.89,14333487,144671695.0
2022-04-12,9.85,10.12,9.79,10.08,7602961,75470854.0
2022-04-13,10.06,10.11,9.93,9.93,5170570,51707651.0
2022-04-14,10.03,10.19,9.93,10.12,6791758,68263791.0
2022-04-15,10.06,10.12,9.9,10.05,5933500,59400944.0
2022-04-18,10.04,10.31,9.88,10.22,7064278,71843668.0
2022-04-19,10.21,10.29,10.15,10.25,4089319,41893974.0
2022-04-20,10.17,10.44,10.17,10.26,6741829,69494614.0
2022-04-21,10.21,10.3,9.89,9.92,7700725,77720334.0
2022-04-22,9.91,10.04,9.71,9.82,7595500,74857191.0
2022-04-25,9.7,9.7,8.84,8.84,19274435,175409240.0
2022-04-26,8.85,8.88,8.2,8.24,16295041,137765747.0
2022-04-27,8.07,8.61,8.0,8.6,16184173,134497826.0
2022-04-28,8.51,8.65,8.28,8.39,12140517,102372004.0
2022-04-29,8.48,8.83,8.48,8.79,11773554,102301726.0
2022-05-05,8.79,9.15,8.73,9.01,11465892,102877941.0
2022-05-06,8.84,9.07,8.75,8.98,8421478,75347475.0
2022-05-09,8.91,9.07,8.85,8.97,7612535,68419925.0
2022-05-10,8.85,9.07,8.83,9.05,9297513,83643432.0
2022-05-11,9.05,9.36,9.04,9.14,11947021,110245644.0
2022-05-12,9.05,9.19,8.98,9.1,7262300,66001418.99999999
2022-05-13,9.12,9.27,9.12,9.25,7568922,69659807.0
2022-05-16,9.27,9.43,9.16,9.22,7700116,71449052.0
2022-05-17,9.26,9.27,9.0,9.27,7099101,65027569.0
2022-05-18,9.3,9.39,9.21,9.32,6965400,64901076.0
2022-05-19,9.1,9.31,9.06,9.3,5861878,54168401.0
2022-05-20,9.36,9.43,9.28,9.42,7387991,69186685.0
2022-05-23,9.47,9.51,9.35,9.45,6769308,63838098.0
2022-05-24,9.49,9.49,8.99,9.0,12977338,119432669.0
2022-05-25,9.0,9.21,8.98,9.19,5950088,54199922.0
2022-05-26,9.24,9.3,9.05,9.22,7585364,69795265.0
2022-05-27,9.31,9.35,9.09,9.2,6916129,63761950.0
2022-05-30,9.15,9.28,9.13,9.27,6718910,62001179.0
2022-05-31,9.32,9.46,9.18,9.45,11636185,109026601.0
2022-06-01,9.43,9.58,9.37,9.52,9217140,87566941.0
2022-06-02,9.41,9.74,9.41,9.71,11112496,106951176.0
2022-06-06,9.73,9.85,9.71,9.77,12583597,122928541.0
2022-06-07,9.8,9.84,9.58,9.63,7822122,75630342.0
2022-06-08,9.67,9.67,9.4,9.57,8915559,84956922.0
2022-06-09,9.52,9.53,9.27,9.34,7017159,65872081.99999999
2022-06-10,9.31,9.52,9.25,9.51,5931335,55945043.0
2022-06-13,9.48,9.91,9.44,9.73,13953792,134735406.0
2022-06-14,9.6,9.64,9.32,9.63,11356802,107694889.0
2022-06-15,9.68,9.91,9.61,9.74,13595136,132974284.00000001
2022-06-16,9.73,9.94,9.73,9.85,11183775,110188471.0
2022-06-17,9.76,10.02,9.68,9.97,13254710,130951029.0
2022-06-20,10.0,10.03,9.87,10.03,12739860,126819885.0
2022-06-21,10.01,10.21,9.96,10.05,15684154,158058193.0
2022-06-22,10.02,10.11,9.86,9.87,11249416,112095577.0
2022-06-23,9.94,10.3,9.87,10.29,19551578,198644112.0
2022-06-24,10.31,10.42,10.18,10.25,16703323,171975463.0
2022-06-27,10.36,10.36,10.14,10.24,11896200,121785773.0
2022-06-28,10.15,10.62,10.11,10.57,19159421,199471374.0
2022-06-29,10.56,10.66,10.3,10.32,14714211,153854983.0
2022-06-30,10.35,10.57,10.31,10.34,10660209,111200991.0
2022-07-01,10.33,10.37,10.06,10.17,12414221,126631627.0
2022-07-04,10.17,10.34,10.04,10.34,12305736,125656590.0
2022-07-05,10.33,10.34,9.9,10.08,12261182,123591930.0
2022-07-06,10.01,10.1,9.84,9.94,7731691,76999992.0
2022-07-07,9.91,10.1,9.89,10.03,7557333,75567990.0
2022-07-08,10.01,10.22,10.0,10.15,10315479,104460908.0
2022-07-11,10.18,10.18,9.74,9.84,11767431,116324728.0
2022-07-12,9.88,9.88,9.64,9.75,8837549,85888870.0
2022-07-13,9.73,9.97,9.67,9.9,12604700,124399776.0
2022-07-14,9.93,10.02,9.8,9.93,7100800,70439248.0
2022-07-15,9.9,10.05,9.75,9.9,8807400,87534297.0
2022-07-18,10.28,10.55,10.13,10.2,25529060,261987193.0
2022-07-19,10.31,10.41,10.15,10.34,15661006,161287379.0
2022-07-20,10.42,10.45,10.27,10.31,8656694,89335873.0
2022-07-21,10.3,10.56,10.25,10.41,13682266,142575185.0
2022-07-22,10.38,10.51,10.22,10.33,11133668,115376943.0
2022-07-25,10.33,10.41,10.26,10.31,7359741,76014576.0
2022-07-26,10.28,10.31,10.15,10.25,9507814,97132360.0
2022-07-27,10.2,10.4,10.18,10.4,7646011,79056269.0
2022-07-28,10.48,10.84,10.4,10.66,19071875,203629249.0
2022-07-29,10.67,10.72,10.45,10.49,9712252,102608160.0
2022-08-01,10.44,10.79,10.41,10.74,12803559,136451556.0
2022-08-02,10.58,10.64,10.2,10.37,15002115,155981473.0
2022-08-03,10.4,10.7,10.32,10.37,13265289,140063160.0
2022-08-04,10.65,10.69,10.38,10.58,10046370,105685703.0
2022-08-05,10.58,10.9,10.56,10.86,17518324,188957846.0
2022-08-08,10.81,10.86,10.66,10.79,12415411,133472054.0
2022-08-09,10.76,10.78,10.55,10.74,12613907,134393355.0
2022-08-10,10.65,10.81,10.59,10.75,9184492,98521995.0
2022-08-11,10.85,11.08,10.76,11.03,18093466,198828085.0
2022-08-12,10.99,11.2,10.92,11.02,13674554,151693993.0
2022-08-15,10.97,11.27,10.89,11.2,13577513,150802108.0
2022-08-16,11.17,11.27,11.1,11.23,10830878,121123176.0
2022-08-17,11.25,11.25,11.06,11.18,11089189,123546875.0
2022-08-18,11.17,11.5,11.09,11.44,14304326,162104685.0
2022-08-19,11.37,11.49,11.12,11.14,11908427,133980774.0
2022-08-22,11.06,11.21,10.96,11.15,9605065,106646177.0
2022-08-23,11.08,11.16,11.0,11.07,7444748,82418269.0
2022-08-24,11.08,11.09,10.52,10.52,14176292,152076922.0
2022-08-25,10.6,10.72,10.46,10.58,9603095,101526121.0
2022-08-26,10.68,10.68,10.38,10.4,6761778,71062723.0
2022-08-29,10.3,10.43,10.15,10.39,6254993,64530214.0
2022-08-30,10.33,10.47,10.29,10.38,5949963,61646716.0
2022-08-31,10.45,10.67,10.31,10.31,14420509,151157735.0
2022-09-01,10.27,10.35,10.05,10.08,10860223,110567265.0
2022-09-02,10.15,10.34,10.05,10.31,7031428,72067718.0
2022-09-05,10.31,10.42,10.19,10.29,5220389,53687357.0
2022-09-06,10.26,10.42,10.23,10.41,7011837,72568178.0
2022-09-07,10.37,10.54,10.32,10.48,7822661,81774715.0
2022-09-08,10.46,10.51,10.27,10.3,6043294,62555522.0
2022-09-09,10.3,10.32,10.19,10.28,4772616,49000457.0
2022-09-13,10.31,10.41,10.15,10.17,5221196,53597230.0
2022-09-14,10.03,10.07,9.89,9.94,6311800,62829034.0
2022-09-15,9.97,9.99,9.53,9.64,8188589,79714913.0
2022-09-16,9.64,9.65,9.38,9.44,6164565,58538941.0
2022-09-19,9.4,9.42,9.15,9.23,6223814,57628521.0
2022-09-20,9.33,9.46,9.25,9.32,6063904,56651550.0
2022-09-21,9.3,9.37,9.16,9.34,6939912,64414364.0
2022-09-22,9.25,9.42,9.22,9.33,4541158,42444082.0
2022-09-23,9.33,9.37,9.05,9.17,4641800,42707583.0
2022-09-26,9.1,9.1,8.87,8.9,6912147,61929315.0
2022-09-27,8.96,9.13,8.96,9.11,4940274,44672182.0
2022-09-28,9.11,9.11,8.84,8.84,4056617,36382607.0
2022-09-29,8.94,8.99,8.81,8.85,4119379,36687273.0
2022-09-30,8.85,8.91,8.72,8.72,3506906,30860682.0
2022-10-10,8.75,8.77,8.48,8.5,5300126,45672474.0
2022-10-11,8.52,8.67,8.48,8.63,3452510,29649815.0
2022-10-12,8.64,8.94,8.55,8.94,6399408,56146619.0
2022-10-13,8.89,9.19,8.85,9.06,7674225,69402186.0
2022-10-14,9.11,9.25,9.11,9.21,5193338,47742761.0
2022-10-17,9.21,9.37,9.15,9.34,4567234,42516120.0
2022-10-18,9.4,9.41,9.3,9.38,4485933,42003265.0
2022-10-19,9.38,9.45,9.31,9.32,4206225,39417074.0
2022-10-20,9.28,9.5,9.19,9.41,5244704,49196693.0
2022-10-21,9.39,9.44,9.3,9.36,4377800,41010637.0
2022-10-24,9.38,9.53,9.17,9.22,5709631,53447842.0
2022-10-25,9.25,9.34,9.11,9.25,4445601,41018485.0
2022-10-26,9.29,9.55,9.29,9.47,6130012,57883669.0
2022-10-27,9.46,9.62,9.43,9.56,5171012,49360585.0
2022-10-28,9.6,9.65,9.22,9.28,7913711,74814650.0
2022-10-31,9.23,9.54,9.23,9.47,5837700,55238254.0
2022-11-01,9.43,9.63,9.42,9.62,6252845,59799910.0
2022-11-02,9.6,9.72,9.56,9.67,6653475,64402002.0
2022-11-03,9.58,9.7,9.53,9.67,5301166,51048127.0
2022-11-04,9.69,9.79,9.64,9.78,6958740,67661096.0
2022-11-07,9.76,9.84,9.71,9.74,5903345,57634375.0
2022-11-08,9.73,9.77,9.59,9.67,4965662,47894949.0
2022-11-09,9.66,9.72,9.62,9.64,3316451,32018487.0
2022-11-10,9.6,9.64,9.48,9.5,5762304,54954911.0
2022-11-11,9.74,9.74,9.55,9.55,7090399,68313418.0
2022-11-14,9.52,9.64,9.5,9.55,4897758,46843896.0
2022-11-15,9.54,9.88,9.47,9.86,10693970,104202279.0
2022-11-16,9.85,10.16,9.82,10.02,14116939,141095504.0
2022-11-17,9.95,10.2,9.88,10.19,9823731,98708309.0
2022-11-18,10.16,10.18,10.0,10.02,7572529,76370121.0
2022-11-21,10.02,10.05,9.89,10.03,5329430,53110646.0
2022-11-22,10.03,10.13,9.91,9.98,5913993,59317577.0
2022-11-23,9.97,10.01,9.75,9.98,6455074,63862627.0
2022-11-24,10.03,10.04,9.82,9.89,3425900,33989321.0
2022-11-25,9.86,9.92,9.8,9.82,3084010,30365819.0
2022-11-28,9.68,9.77,9.61,9.72,4023830,39055822.0
2022-11-29,9.74,9.97,9.74,9.92,3950570,39031232.0
2022-11-30,9.91,9.96,9.83,9.86,4354900,43083967.0
2022-12-01,9.95,10.05,9.93,9.96,5361510,53586171.0
2022-12-02,9.95,10.02,9.91,9.92,4030766,40136256.0
2022-12-05,9.97,10.17,9.95,10.17,8693306,87444585.0
2022-12-06,10.15,10.23,10.08,10.13,6745456,68408612.0
2022-12-07,10.1,10.12,10.02,10.07,4745372,47758925.0
2022-12-08,10.08,10.12,10.01,10.07,4340480,43674054.0
2022-12-09,10.05,10.08,9.94,9.98,5017355,50148685.0
2022-12-12,9.98,10.08,9.92,10.0,4619382,46266128.0
2022-12-13,10.04,10.07,9.88,9.9,4457050,44367995.0
2022-12-14,9.99,10.08,9.91,9.92,5077300,50776557.0
2022-12-15,9.87,10.21,9.86,10.0,9027081,91085670.0
2022-12-16,9.98,9.99,9.77,9.77,6645489,65474079.0
2022-12-19,9.8,9.85,9.41,9.44,7943091,75996236.0
2022-12-20,9.45,9.65,9.41,9.54,3692034,35207475.0
2022-12-21,9.54,9.62,9.37,9.49,3436100,32516640.0
2022-12-22,9.54,9.57,9.26,9.29,3214160,30222564.0
2022-12-23,9.27,9.38,9.21,9.24,2691209,24968274.0
2022-12-26,9.26,9.42,9.21,9.39,2405962,22502452.0
2022-12-27,9.39,9.43,9.32,9.42,2157394,20223385.0
2022-12-28,9.37,9.39,9.27,9.32,2204275,20519879.0
2022-12-29,9.3,9.37,9.27,9.27,1947858,18122173.0
2022-12-30,9.31,9.32,9.27,9.29,1974431,18345408.0
2023-01-03,9.25,9.58,9.22,9.54,4046599,38279832.0
2023-01-04,9.52,9.62,9.48,9.55,3099822,29627674.0
2023-01-05,9.56,9.59,9.53,9.58,2552095,24420172.0
2023-01-06,9.58,9.62,9.56,9.58,2894909,27763517.0
2023-01-09,9.6,9.69,9.59,9.61,3254592,31359434.0
2023-01-10,9.62,9.72,9.59,9.68,2783592,26889989.0
2023-01-11,9.67,9.73,9.54,9.54,2904206,28023228.0
2023-01-12,9.58,9.68,9.55,9.65,2896659,27858858.0
2023-01-13,9.62,9.69,9.59,9.65,2656200,25621681.0
2023-01-16,9.69,9.78,9.64,9.74,3504830,34109116.0
2023-01-17,9.73,9.93,9.71,9.89,4744826,46672207.0
2023-01-18,9.88,9.94,9.84,9.9,4452618,44049826.0
2023-01-19,9.9,10.03,9.88,10.02,3800404,37915433.0
2023-01-20,10.0,10.06,9.95,10.01,3172400,31768589.0
2023-01-30,10.1,10.2,10.0,10.1,8081345,81682595.0
2023-01-31,10.09,10.1,10.02,10.1,4540259,45689594.0
2023-02-01,10.15,10.32,10.1,10.32,8054874,82385422.0
2023-02-02,10.31,10.4,10.22,10.37,8431441,86845886.0
2023-02-03,10.31,10.34,10.15,10.29,7241501,74229768.0
2023-02-06,10.24,10.38,10.22,10.29,5384100,55525641.0
2023-02-07,10.33,10.44,10.25,10.41,6409768,66474848.0
2023-02-08,10.4,10.44,10.22,10.26,6830792,70339192.0
2023-02-09,10.2,10.58,10.19,10.57,11169478,116811585.0
2023-02-10,10.53,10.77,10.51,10.58,8720237,92703835.0
2023-02-13,10.58,10.7,10.54,10.59,5725833,60639787.0
2023-02-14,10.58,10.67,10.5,10.56,4882631,51623578.0
2023-02-15,10.58,10.78,10.56,10.72,7890921,84462855.0
2023-02-16,10.72,10.82,10.44,10.54,10567482,112675180.0
2023-02-17,10.6,10.62,10.34,10.37,7028711,73569055.0
2023-02-20,10.39,10.65,10.31,10.61,6998200,73469431.0
2023-02-21,10.65,10.76,10.51,10.59,6046311,64302266.0
2023-02-22,10.55,10.73,10.52,10.69,5836097,62288863.0
2023-02-23,10.7,10.73,10.56,10.64,5478263,58229797.0
2023-02-24,10.75,11.02,10.69,10.79,19203896,208310769.0
2023-02-27,10.72,10.83,10.52,10.56,11049011,117502857.0
2023-02-28,10.62,10.78,10.55,10.68,8043810,85736339.0
2023-03-01,10.68,10.85,10.6,10.8,7260837,78193669.0
2023-03-02,10.77,10.85,10.73,10.82,7886382,85094429.0
2023-03-03,10.9,10.96,10.67,10.77,7536916,81418544.0
2023-03-06,10.82,10.85,10.73,10.84,5994798,64713198.0
2023-03-07,10.81,10.88,10.42,10.42,10028398,106214137.0
2023-03-08,10.45,10.7,10.41,10.68,9155315,97142905.0
2023-03-09,10.72,10.81,10.64,10.78,8909782,95719303.0
2023-03-10,10.79,10.9,10.68,10.71,11007799,118842721.0
2023-03-13,10.64,10.7,10.48,10.7,7761662,82149976.0
2023-03-14,10.64,10.69,10.31,10.54,9046500,94954175.0
2023-03-15,10.59,10.86,10.56,10.67,9098616,97652201.0
2023-03-16,10.59,10.77,10.52,10.52,8297936,88403839.0
2023-03-17,10.64,10.9,10.64,10.78,10046725,108542215.0
2023-03-20,10.81,10.96,10.71,10.84,9181860,99418739.0
2023-03-21,10.91,11.09,10.84,11.03,11803202,129725537.0
2023-03-22,11.1,11.27,10.92,11.25,12911552,143802174.0
2023-03-23,11.22,11.55,11.18,11.53,19021475,216944460.0
2023-03-24,11.53,11.53,11.27,11.44,13946300,159030755.0
2023-03-27,11.44,11.65,11.27,11.41,15933868,182603079.0
2023-03-28,11.4,11.43,11.14,11.17,10077532,113416551.0
2023-03-29,11.29,11.42,11.2,11.33,7617832,86200767.0
2023-03-30,11.33,11.37,11.12,11.21,6976673,78335250.0
2023-03-31,11.33,11.34,11.02,11.3,7373427,82436299.0
2023-04-03,11.3,11.6,11.25,11.55,9449843,108494396.0
2023-04-04,11.58,11.62,11.43,11.48,9048739,104247915.0
2023-04-06,11.43,11.82,11.41,11.64,14407982,167742502.0
2023-04-07,11.68,11.69,11.41,11.51,8800165,101162527.0
2023-04-10,11.46,11.77,11.46,11.52,13326076,154925822.0
2023-04-11,11.41,11.61,11.32,11.45,9724307,111379678.0
2023-04-12,11.52,11.62,11.35,11.54,8064246,92916582.0
2023-04-13,11.51,11.55,11.24,11.28,9653086,109581270.0
2023-04-14,11.35,11.36,11.07,11.31,7823340,87906966.0
2023-04-17,10.5,10.71,10.23,10.25,32158014,332567803.0
2023-04-18,10.19,10.26,9.99,10.13,17825246,180523002.0
2023-04-19,10.1,10.45,10.09,10.3,14540659,149602937.0
2023-04-20,10.18,10.49,10.18,10.47,9412577,97796426.0
2023-04-21,10.47,10.47,9.85,9.86,15343066,154187015.0
2023-04-24,9.88,9.98,9.7,9.76,10422985,102005144.0
2023-04-25,9.76,9.85,9.35,9.47,9984211,95063580.0
2023-04-26,9.46,9.54,9.25,9.39,7586320,71129311.0
2023-04-27,9.38,9.43,9.31,9.38,9146201,85713453.0
2023-04-28,9.34,9.58,9.34,9.54,8014011,76125902.0
2023-05-04,9.35,9.53,9.22,9.31,13109122,122019907.0
2023-05-05,9.28,9.31,9.03,9.1,10931354,99695201.0
2023-05-08,9.09,9.26,9.09,9.23,7962900,73204742.0
2023-05-09,9.23,9.39,9.16,9.2,7428823,68850329.0
2023-05-10,9.16,9.27,9.11,9.22,6834201,62815419.0
2023-05-11,9.26,9.32,9.22,9.27,4495001,41670378.0
2023-05-12,9.25,9.31,9.16,9.17,4949908,45667478.0
2023-05-15,9.18,9.23,9.09,9.22,4789548,43859041.0
2023-05-16,9.22,9.22,9.11,9.15,4456000,40779652.0
2023-05-17,9.12,9.32,9.11,9.28,6974201,64465305.0
2023-05-18,9.26,9.42,9.25,9.36,7100846,66427474.0
2023-05-19,9.38,9.55,9.34,9.49,6581600,62119475.0
2023-05-22,9.45,9.48,9.38,9.43,4547800,42863682.0
2023-05-23,9.44,9.45,9.32,9.33,4049513,37995101.0
2023-05-24,9.29,9.5,9.21,9.38,5850368,54894758.0
2023-05-25,9.42,9.49,9.21,9.35,5522546,51557890.0
2023-05-26,9.36,9.49,9.32,9.48,5256401,49535469.0
2023-05-29,9.55,9.75,9.52,9.55,7918386,76057715.0
2023-05-30,9.52,9.67,9.48,9.64,5222916,49995857.0
2023-05-31,9.76,9.81,9.65,9.7,7247715,70522313.0
2023-06-01,9.7,9.75,9.62,9.66,5832746,56542353.0
2023-06-02,9.69,9.88,9.6,9.83,9901173,96792440.0
2023-06-05,9.83,9.93,9.81,9.84,6448155,63545413.0
2023-06-06,9.84,9.9,9.64,9.65,6743001,65660672.00000001
2023-06-07,9.63,9.8,9.6,9.72,4888956,47487988.0
2023-06-08,9.69,9.78,9.59,9.67,10839196,104841698.0
2023-06-09,9.88,9.99,9.23,9.31,27242721,258368618.0
2023-06-12,9.45,9.56,9.36,9.41,19995861,189279894.0
2023-06-13,9.42,9.69,9.34,9.68,13806571,132142598.0
2023-06-14,9.62,9.67,9.51,9.55,6852010,65618335.99999999
2023-06-15,9.6,9.66,9.54,9.57,5620153,53894269.0
2023-06-16,9.57,9.66,9.5,9.64,5958542,57209803.0
2023-06-19,9.62,9.78,9.62,9.73,7221975,70081260.0
2023-06-20,9.69,9.73,9.59,9.65,5433302,52389478.0
2023-06-21,9.69,9.69,9.4,9.45,6787095,64530716.0
2023-06-26,9.37,9.44,9.1,9.11,8639794,79624108.0
2023-06-27,9.13,9.25,9.12,9.22,5852734,53737342.0
2023-06-28,9.22,9.28,9.06,9.23,10262275,94259498.0
2023-06-29,9.14,9.45,9.12,9.36,10111435,93906175.0
2023-06-30,9.34,9.5,9.33,9.48,5595147,52787243.0
2023-07-03,9.48,9.63,9.45,9.5,5666308,53944200.0
2023-07-04,9.49,9.76,9.44,9.75,10168564,98322068.0
2023-07-05,9.7,9.9,9.66,9.69,8293380,81117177.0
2023-07-06,9.66,9.9,9.64,9.8,6256081,61436290.0
2023-07-07,9.8,9.85,9.6,9.67,6233297,60344497.0
2023-07-10,9.76,9.77,9.54,9.57,4617656,44309560.0
2023-07-11,9.57,9.72,9.56,9.7,3779705,36578501.0
2023-07-12,9.55,9.7,9.44,9.47,8014378,76537084.0
2023-07-13,9.54,9.72,9.46,9.68,6788535,65350973.0
2023-07-14,9.69,9.78,9.65,9.76,4923995,47926511.0
2023-07-17,9.77,9.8,9.64,9.73,4892667,47606888.0
2023-07-18,9.72,9.85,9.69,9.78,4872065,47714912.0
2023-07-19,9.74,9.82,9.67,9.7,3759305,36556444.0
2023-07-20,9.71,9.76,9.45,9.48,6637200,63440095.0
2023-07-21,9.49,9.59,9.36,9.4,5855400,55330726.0
2023-07-24,9.38,9.56,9.32,9.48,3994392,37868190.0
2023-07-25,9.54,9.64,9.49,9.63,4426192,42429527.0
2023-07-26,9.63,9.63,9.46,9.49,4524498,43013664.0
2023-07-27,9.5,9.53,9.36,9.37,6090249,57564634.0
2023-07-28,9.37,9.46,9.29,9.45,5128511,48171905.0
2023-07-31,9.46,9.53,9.4,9.49,6077109,57659679.0
2023-08-01,9.47,9.53,9.45,9.47,6048201,57345656.0
2023-08-02,9.47,9.55,9.45,9.52,6557656,62342945.0
2023-08-03,9.49,9.51,9.42,9.49,4412651,41750228.0
2023-08-04,9.49,9.58,9.46,9.52,7161635,68229320.0
2023-08-07,9.49,9.54,9.42,9.43,3875191,36693987.0
2023-08-08,9.44,9.45,9.33,9.37,3914300,36690672.0
2023-08-09,9.34,9.36,9.22,9.25,5150029,47820776.0
2023-08-10,9.23,9.29,9.21,9.27,3900400,36089090.0
2023-08-11,9.26,9.27,9.09,9.11,5631620,51585499.0
2023-08-14,9.09,9.13,8.97,9.1,6605728,59686104.0
2023-08-15,9.09,9.12,8.96,9.02,5006813,45198195.0
2023-08-16,9.01,9.03,8.89,8.91,4798700,43003671.0
2023-08-17,8.87,9.02,8.78,9.0,6024071,53748882.0
2023-08-18,8.97,9.02,8.82,8.84,4650564,41514734.0
2023-08-21,8.81,8.91,8.8,8.81,3661800,32424160.0
2023-08-22,8.89,8.9,8.71,8.88,5036810,44321078.0
2023-08-23,8.86,8.87,8.7,8.7,3776108,33015331.0
2023-08-24,8.75,8.81,8.65,8.71,3726515,32537835.0
2023-08-25,8.7,8.76,8.51,8.57,6148430,53115306.0
2023-08-28,8.92,8.97,8.63,8.65,7704564,67967366.0
2023-08-29,8.67,8.93,8.64,8.92,6403917,56590263.0
2023-08-30,8.93,9.08,8.87,9.0,6446748,58070799.0
2023-08-31,9.0,9.06,8.96,9.02,4914746,44317724.0
2023-09-01,9.02,9.1,8.99,9.04,3388379,30612839.0
2023-09-04,9.07,9.18,9.04,9.17,6726451,61276419.0
2023-09-05,9.18,9.25,9.15,9.2,5537883,50923386.0
2023-09-06,9.17,9.35,9.15,9.35,6502236,60410068.0
2023-09-07,9.31,9.33,9.14,9.15,6275461,57889529.0
2023-09-08,9.15,9.31,9.12,9.28,3602108,33258286.0
2023-09-11,9.27,9.3,9.15,9.26,4982009,46027408.0
2023-09-12,9.28,9.31,9.18,9.27,3543200,32772172.0
2023-09-13,9.27,9.27,9.08,9.14,4087402,37407280.0
2023-09-14,9.14,9.19,9.05,9.12,4632181,42261556.0
2023-09-15,9.14,9.2,9.05,9.11,4159000,37869905.0
2023-09-18,9.12,9.16,9.02,9.13,3608092,32855854.0
2023-09-19,9.12,9.12,8.96,8.99,4942459,44562936.0
2023-09-20,8.96,9.05,8.93,8.93,2762959,24810980.0
2023-09-21,8.93,9.03,8.88,8.98,3715899,33268461.000000004
2023-09-22,8.98,9.2,8.94,9.19,4929985,44969972.0
2023-09-25,9.18,9.22,9.11,9.13,3233301,29576934.0
2023-09-26,9.13,9.15,9.0,9.0,4033459,36470931.0
2023-09-27,8.98,9.08,8.94,9.0,4035725,36438761.0
2023-09-28,9.03,9.26,9.01,9.22,6505791,59674235.0
2023-10-09,9.22,9.3,9.17,9.22,4720595,43551208.0
2023-10-10,9.29,9.32,9.23,9.31,5530666,51329741.0
2023-10-11,9.29,9.34,9.22,9.31,6158109,57236341.0
2023-10-12,9.35,9.37,9.28,9.35,4426701,41304175.0
2023-10-13,9.3,9.5,9.3,9.45,7744231,73128328.0
2023-10-16,9.42,9.45,9.27,9.32,5821731,54309237.0
2023-10-17,9.32,9.35,9.21,9.29,4878097,45153553.0
2023-10-18,9.28,9.28,9.06,9.08,5043330,46003821.0
2023-10-19,9.03,9.24,9.02,9.05,4425202,40469520.0
2023-10-20,9.02,9.09,8.81,8.82,5660158,50489331.0
2023-10-23,8.82,8.84,8.52,8.59,5154280,44598578.0
2023-10-24,8.59,8.78,8.48,8.74,6194323,53631151.0
2023-10-25,8.8,8.89,8.73,8.83,3972102,35120096.0
2023-10-26,8.8,8.92,8.73,8.91,3475249,30651961.0
2023-10-27,8.86,9.05,8.78,9.02,4471846,39868737.0
2023-10-30,8.96,9.3,8.94,9.28,7984368,73392473.0
2023-10-31,9.28,9.35,9.23,9.3,6052872,56279572.0
2023-11-01,9.3,9.41,9.26,9.37,6009099,56237587.0
2023-11-02,9.36,9.4,9.22,9.25,5082278,47302913.0
2023-11-03,9.25,9.53,9.22,9.49,8419856,79514375.0
2023-11-06,9.52,9.72,9.51,9.64,9545250,92069069.0
2023-11-07,9.69,9.82,9.62,9.78,8857148,86483981.0
2023-11-08,9.76,9.84,9.67,9.72,7267842,70767764.0
2023-11-09,9.7,9.76,9.54,9.58,5377654,51804547.0
2023-11-10,9.59,9.7,9.54,9.59,5232856,50230185.0
2023-11-13,9.63,9.74,9.6,9.72,6598207,63967452.0
2023-11-14,9.67,9.84,9.67,9.76,4843491,47312553.0
2023-11-15,9.81,9.82,9.7,9.73,4041833,39364497.0
2023-11-16,9.73,9.77,9.65,9.66,3133372,30468677.0
2023-11-17,9.67,9.79,9.63,9.77,3854900,37561134.0
2023-11-20,9.76,9.85,9.76,9.83,5208022,51114164.0
2023-11-21,9.84,9.86,9.62,9.63,5711801,55508981.0
2023-11-22,9.66,9.73,9.6,9.61,4754000,45908293.0
2023-11-23,9.61,9.76,9.57,9.72,4564800,44268767.0
2023-11-24,9.72,9.72,9.57,9.65,4669045,44912130.0
2023-11-27,9.53,9.64,9.52,9.58,7075122,67753532.0
2023-11-28,9.58,9.82,9.54,9.74,5767268,56125820.0
2023-11-29,9.74,9.85,9.7,9.76,5270170,51493286.0
2023-11-30,9.75,9.75,9.51,9.6,5293700,50804407.0
2023-12-01,9.58,9.7,9.45,9.66,5442000,52237808.0
2023-12-04,9.69,9.73,9.59,9.64,4397400,42412852.0
2023-12-05,9.67,9.67,9.38,9.4,5898271,55777915.0
2023-12-06,9.4,9.49,9.3,9.39,4019790,37784369.0
2023-12-07,9.38,9.5,9.37,9.44,4364451,41224862.0
2023-12-08,9.51,9.63,9.41,9.44,5165400,49155073.0
2023-12-11,9.44,9.51,9.26,9.5,6040967,56701112.0
2023-12-12,9.5,9.58,9.46,9.56,4226800,40222619.0
2023-12-13,9.57,9.6,9.45,9.49,3002000,28599618.0
2023-12-14,9.54,9.61,9.47,9.5,3537699,33738155.0
2023-12-15,9.5,9.54,9.39,9.42,3935400,37193429.0
2023-12-18,9.39,9.44,9.2,9.25,4902627,45536571.0
2023-12-19,9.27,9.36,9.19,9.33,4053200,37601688.0
2023-12-20,9.4,9.5,9.29,9.3,5089701,47872641.0
2023-12-21,9.27,9.37,9.09,9.36,4209400,38847104.0
2023-12-22,9.34,9.38,9.16,9.21,2875800,26673709.0
2023-12-25,9.2,9.24,9.06,9.17,3463800,31705965.0
2023-12-26,9.17,9.17,8.86,8.92,5018078,44915588.0
2023-12-27,8.95,9.18,8.91,9.16,4107000,37244439.0
2023-12-28,9.17,9.34,9.1,9.28,3974509,36770838.0
2023-12-29,9.35,9.58,9.26,9.57,6460001,61417065.0
2024-01-02,9.56,9.7,9.52,9.65,6133101,59070016.0
2024-01-03,9.62,9.63,9.47,9.57,4595699,43882644.0
2024-01-04,9.5,9.62,9.43,9.52,4338507,41265442.0
2024-01-05,9.53,9.58,9.3,9.36,4293166,40474236.0
2024-01-08,9.34,9.34,9.06,9.07,5151700,47317960.0
2024-01-09,9.12,9.23,9.05,9.14,5278900,48293424.0
2024-01-10,9.11,9.11,8.87,8.95,5305436,47597887.0
2024-01-11,8.92,9.14,8.9,9.1,4712785,42571190.0
2024-01-12,9.07,9.14,8.95,8.99,5182425,46863754.0
2024-01-15,8.91,9.03,8.79,8.94,5292574,47145053.0
2024-01-16,8.97,8.99,8.73,8.84,5433207,47950963.0
2024-01-17,8.83,8.85,8.6,8.61,4538699,39604485.0
2024-01-18,8.64,8.64,8.27,8.5,9092210,76631834.0
2024-01-19,8.5,8.55,8.33,8.35,5602780,47156795.0
2024-01-22,8.35,8.38,7.77,7.82,8415076,68005087.0
2024-01-23,7.8,7.83,7.54,7.78,8669201,66946046.0
2024-01-24,7.82,7.95,7.55,7.9,8293876,64418581.0
2024-01-25,7.9,8.3,7.85,8.29,7694609,62407264.0
2024-01-26,8.29,8.38,8.18,8.27,5643200,46755875.0
2024-01-29,8.28,8.32,7.97,8.01,6312208,51063444.0
2024-01-30,7.95,8.04,7.72,7.75,5731985,45144995.0
2024-01-31,7.75,7.8,7.29,7.35,9895000,74184204.0
2024-02-01,7.3,7.37,7.06,7.19,8996808,64923191.0
2024-02-02,7.23,7.31,6.5,6.74,14043615,96920050.0
2024-02-05,6.67,6.76,6.07,6.07,18105363,112228208.0
2024-02-06,5.9,6.42,5.69,6.27,17643264,106351161.0
2024-02-07,6.25,6.43,6.13,6.24,15808588,99502451.0
2024-02-08,6.3,6.86,6.27,6.86,15998996,105130643.0
2024-02-19,7.05,7.2,6.91,7.18,16551720,117197905.0
2024-02-20,7.16,7.16,7.01,7.1,8037384,56924300.0
2024-02-21,7.05,7.44,7.02,7.22,10299811,74992060.0
2024-02-22,7.23,7.39,7.2,7.37,7171901,52499950.0
2024-02-23,7.38,7.66,7.38,7.66,9163264,69031919.0
2024-02-26,7.67,7.87,7.58,7.73,10038823,77593950.0
2024-02-27,7.68,8.05,7.63,8.05,7765425,61187094.0
2024-02-28,8.11,8.17,7.41,7.46,16210677,126360255.0
2024-02-29,7.4,7.8,7.39,7.8,10346302,79233321.0
2024-03-01,7.85,8.01,7.8,7.94,11774703,93022303.0
2024-03-04,7.94,7.99,7.8,7.95,9597640,75947174.0
2024-03-05,7.94,7.96,7.78,7.8,7572821,59546612.0
2024-03-06,7.85,8.01,7.78,7.91,9010702,71201399.0
2024-03-07,7.95,8.06,7.87,7.88,8402366,67007172.99999999
2024-03-08,8.1,8.16,7.88,8.11,11007377,88464566.0
2024-03-11,8.04,8.11,7.97,8.09,8705050,69965140.0
2024-03-12,8.08,8.16,7.98,8.14,8252944,66811181.0
2024-03-13,8.16,8.26,8.09,8.14,8480002,69238866.0
2024-03-14,8.13,8.17,7.99,8.07,8201847,66304274.99999999
2024-03-15,8.06,8.2,7.99,8.18,5956786,48220155.0
2024-03-18,8.21,8.47,8.21,8.47,9866573,82513278.0
2024-03-19,8.47,8.53,8.38,8.48,7279179,61534188.0
2024-03-20,8.47,8.68,8.43,8.64,8679845,74564602.0
2024-03-21,8.65,8.68,8.51,8.64,7845439,67543909.0
2024-03-22,8.59,8.7,8.46,8.58,9445236,81085567.0
2024-03-25,8.59,8.68,8.33,8.34,10222411,87176623.0
2024-03-26,8.37,8.58,8.25,8.4,8745200,73473120.0
2024-03-27,8.38,8.46,8.05,8.06,8180227,67131573.0
2024-03-28,8.14,8.44,8.08,8.35,8780200,72826676.0
2024-03-29,8.36,8.53,8.18,8.49,8520742,71078151.0
2024-04-01,8.5,8.67,8.43,8.65,8414578,72309902.0
2024-04-02,8.65,8.66,8.48,8.56,6408960,54823967.28
2024-04-03,8.56,8.57,8.35,8.45,6673100,56277704.0
2024-04-08,8.55,8.55,8.13,8.16,7156764,59166646.24
2024-04-09,8.16,8.26,8.14,8.25,4865664,39963466.72
2024-04-10,8.26,8.28,7.9,8.02,7407193,59535400.93
2024-04-11,7.95,8.17,7.89,8.0,5769601,46545636.08
2024-04-12,8.04,8.22,8.04,8.07,6970927,56621857.23
2024-04-15,8.0,8.12,7.66,7.78,10321946,80839133.53
2024-04-16,7.7,7.73,7.3,7.33,11871098,88696072.17
2024-04-17,7.46,7.87,7.46,7.86,10179167,78217315.59
2024-04-18,7.84,7.95,7.71,7.8,6851936,53600253.38
2024-04-19,7.78,7.85,7.68,7.8,6357563,49288388.87
2024-04-22,7.46,7.56,7.2,7.45,13917695,103411236.03
2024-04-23,7.44,7.59,7.43,7.46,6419800,48172184.0
2024-04-24,7.46,7.74,7.46,7.74,7023993,53573423.2
2024-04-25,7.67,7.82,7.65,7.73,4675408,36235745.52
2024-04-26,7.72,7.89,7.68,7.88,6059201,47442827.87
2024-04-29,7.88,8.05,7.86,8.04,9315289,74473569.78
2024-04-30,8.06,8.15,7.99,8.1,7663328,61822686.54
2024-05-06,8.23,8.29,8.14,8.16,5959597,48866877.3
2024-05-07,8.18,8.24,8.1,8.18,4577321,37404122.37
2024-05-08,8.2,8.23,8.09,8.1,5030920,40995229.6
2024-05-09,8.09,8.2,8.05,8.17,4974810,40625973.7
2024-05-10,8.14,8.21,8.04,8.07,5172600,41834563.0
2024-05-13,8.03,8.04,7.82,7.88,8473997,66918968.41
2024-05-14,7.86,8.08,7.85,7.88,5845599,46316378.12
2024-05-15,7.86,7.93,7.79,7.8,5188300,40744017.0
2024-05-16,7.89,7.96,7.86,7.89,6697801,52997284.93
2024-05-17,7.9,8.1,7.85,8.09,6712449,53736987.37
2024-05-20,8.12,8.15,8.03,8.13,6175446,50090375.52
2024-05-21,8.13,8.18,8.07,8.1,6004110,48797281.2
2024-05-22,8.07,8.15,8.05,8.14,5510700,44749500.0
2024-05-23,8.15,8.16,8.0,8.02,4872402,39255322.04
2024-05-24,8.02,8.07,7.88,7.9,4945400,39411333.0
2024-05-27,7.96,7.96,7.65,7.89,7087100,55039446.0
2024-05-28,7.85,7.94,7.78,7.78,4747101,37295663.41
2024-05-29,7.73,7.86,7.73,7.78,3712835,28963009.4
2024-05-30,7.65,7.8,7.58,7.74,4344900,33564040.0
2024-05-31,7.77,8.15,7.74,8.01,9571184,76464249.78
2024-06-03,8.3,8.75,8.26,8.38,41624767,351879744.57
2024-06-04,8.33,8.38,7.76,7.88,31098491,247848285.46
2024-06-05,7.82,7.96,7.65,7.67,19494301,151755837.67
2024-06-06,7.74,8.2,7.35,7.42,25886631,199171348.1
2024-06-07,7.47,7.72,7.39,7.54,15806090,119367514.1
2024-06-11,7.54,7.87,7.35,7.87,17148901,131325394.07
2024-06-12,8.2,8.29,7.98,8.05,26945591,218805594.64
2024-06-13,8.06,8.5,8.06,8.18,33994025,281530787.79
2024-06-14,8.19,8.41,7.99,8.35,23824982,195743757.59
2024-06-17,8.33,8.93,8.25,8.62,41865852,361130891.04
2024-06-18,8.62,8.69,8.45,8.55,27146356,232058556.18
2024-06-19,8.57,8.58,8.32,8.38,19470894,163658808.89
2024-06-20,8.34,8.42,8.18,8.2,15630873,129579731.28
2024-06-21,8.14,8.45,8.0,8.34,17227643,142544447.76
2024-06-24,8.2,8.51,8.12,8.17,18987073,157648310.12
2024-06-25,8.16,8.22,7.89,7.96,16562725,132860568.5
2024-06-26,7.91,8.38,7.82,8.37,19359542,157596130.75
2024-06-27,8.27,8.48,8.15,8.2,18185961,151234742.14
2024-06-28,8.16,8.59,8.08,8.51,26367813,223148490.82
2024-07-01,8.45,8.45,8.22,8.42,20189072,168230606.31
2024-07-02,8.36,8.42,8.24,8.33,15105900,125674556.0
2024-07-03,8.26,8.39,8.14,8.25,13936401,114895179.17
2024-07-04,8.24,8.47,8.14,8.2,21461400,178046259.43
2024-07-05,8.15,8.16,7.89,8.08,14972000,119969215.0
2024-07-08,8.01,8.13,7.8,7.86,12036941,95492112.08
2024-07-09,7.85,8.39,7.8,8.38,23879913,195500467.88
2024-07-10,8.34,8.63,8.29,8.53,23093769,196175488.65
2024-07-11,8.67,8.89,8.55,8.77,27310000,238089887.95
2024-07-12,8.65,8.69,8.46,8.64,16572301,142141764.55
2024-07-15,8.59,8.64,8.38,8.53,12969730,110260802.32
2024-07-16,8.42,8.9,8.42,8.86,26161331,228567316.61
2024-07-17,8.8,8.8,8.51,8.52,18621100,160919715.0
2024-07-18,8.38,8.48,8.04,8.29,18971600,155993843.0
2024-07-19,8.37,8.46,8.2,8.25,14036317,116935565.4
2024-07-22,8.24,8.41,8.15,8.29,10921700,90179135.8
2024-07-23,8.29,8.29,8.0,8.02,11346400,92193473.0
2024-07-24,7.96,8.09,7.84,7.87,11789000,93799946.0
2024-07-25,7.8,7.82,7.61,7.71,11346321,87471976.7
2024-07-26,7.67,7.93,7.67,7.86,8380021,65528071.04
2024-07-29,7.86,7.96,7.79,7.85,7902330,62159676.88
2024-07-30,7.8,7.9,7.71,7.85,6557545,51200113.8
2024-07-31,7.82,8.12,7.77,8.09,12018499,96148896.91
2024-08-01,8.08,8.17,8.06,8.1,8720300,70722242.0
2024-08-02,7.99,8.03,7.86,7.88,10070176,80045452.88
2024-08-05,7.76,7.82,7.48,7.49,14674577,112159723.76
2024-08-06,7.59,7.69,7.52,7.61,7194117,54593528.67
2024-08-07,7.6,7.71,7.6,7.62,5195553,39777321.92
2024-08-08,7.61,7.68,7.49,7.61,5818653,44143511.86
2024-08-09,7.65,7.73,7.62,7.62,5196900,39870141.0
2024-08-12,7.61,7.67,7.53,7.56,4008256,30462416.34
2024-08-13,7.55,7.67,7.53,7.67,4143100,31568195.0
2024-08-14,7.67,7.7,7.62,7.65,3049346,23371189.74
2024-08-15,7.62,7.78,7.6,7.74,5085368,39294103.32
2024-08-16,7.75,7.89,7.74,7.84,7119205,55788691.46
2024-08-19,7.82,7.92,7.75,7.83,6031585,47359445.81
2024-08-20,7.83,7.87,7.61,7.64,6662684,51433055.92
2024-08-21,7.6,7.75,7.57,7.62,5095706,39072661.97
2024-08-22,7.64,7.68,7.43,7.43,6464238,48478628.34
2024-08-23,7.4,7.54,7.36,7.51,4609801,34340489.44
2024-08-26,7.62,7.68,7.48,7.67,5782303,43993145.89
2024-08-27,7.66,7.67,7.39,7.42,6035400,45322476.03
2024-08-28,7.39,7.48,7.35,7.43,3551499,26379209.54
2024-08-29,7.43,7.72,7.38,7.67,6624301,50352940.62
2024-08-30,7.7,7.96,7.62,7.86,10965551,86439063.14
2024-09-02,7.83,7.99,7.83,7.84,9735600,77185254.0
2024-09-03,7.79,8.0,7.79,7.97,6844784,54322220.29
2024-09-04,7.89,7.99,7.83,7.92,5592201,44294511.92
2024-09-05,7.91,7.99,7.89,7.95,4023401,31923118.91
2024-09-06,7.98,7.98,7.76,7.8,4642500,36422837.0
2024-09-09,7.75,7.8,7.61,7.66,5329800,41017818.99
2024-09-10,7.67,7.73,7.5,7.71,7021500,53393751.0
2024-09-11,7.68,7.69,7.54,7.57,5202584,39558482.76
2024-09-12,7.59,7.64,7.5,7.51,3870200,29327984.0
2024-09-13,7.49,7.55,7.38,7.38,5330346,39683617.61
2024-09-18,7.41,7.51,7.14,7.28,7018600,51087290.0
2024-09-19,7.3,7.45,7.17,7.43,6545167,48140069.17
2024-09-20,7.42,7.48,7.36,7.44,5442300,40452325.0
2024-09-23,7.43,7.61,7.41,7.58,6437501,48682706.56
2024-09-24,7.59,7.79,7.53,7.78,8712600,66984073.0
2024-09-25,7.89,8.01,7.81,7.87,10918276,86592582.96
2024-09-26,7.85,8.05,7.82,8.05,9496300,75477358.0
2024-09-27,8.14,8.39,8.1,8.3,15461903,127288080.11
2024-09-30,8.49,9.05,8.4,9.03,28870216,252734763.19
2024-10-08,9.89,9.93,9.26,9.85,39877233,387638358.08
2024-10-09,9.6,9.74,9.1,9.13,24713399,233059422.77
2024-10-10,9.3,9.37,9.0,9.14,15744767,144989074.8
2024-10-11,9.13,9.13,8.55,8.64,12931629,113577564.43
2024-10-14,8.68,8.93,8.56,8.9,11587100,101531174.0
2024-10-15,8.9,9.01,8.7,8.73,9331505,82739247.04
2024-10-16,8.53,8.79,8.53,8.64,8312811,71925898.34
2024-10-17,8.74,8.87,8.66,8.69,9674801,84970884.78
2024-10-18,8.65,9.08,8.65,8.94,16331684,145379425.56
2024-10-21,9.0,9.25,8.98,9.11,17933822,163372189.79
2024-10-22,9.08,9.22,9.02,9.14,12194657,111181806.69
2024-10-23,9.14,9.22,9.04,9.12,11708783,107189308.3
2024-10-24,9.08,9.19,8.97,9.17,10060428,91596416.31
2024-10-25,9.16,9.3,9.16,9.28,10906644,100826188.94
2024-10-28,9.28,9.46,9.23,9.46,12431059,116405890.28
2024-10-29,9.51,9.51,9.27,9.29,11775542,110339265.54
2024-10-30,9.4,9.6,9.34,9.49,17010415,161473439.99
2024-10-31,9.48,10.03,9.41,10.02,28697349,282331703.74
2024-11-01,10.02,10.02,9.44,9.45,22284560,215233375.52
2024-11-04,9.5,9.88,9.3,9.86,16790047,163543649.35
2024-11-05,9.88,9.97,9.73,9.92,19629386,193345922.57
2024-11-06,9.92,9.95,9.71,9.78,15186256,149268778.83
2024-11-07,9.7,9.86,9.66,9.86,12780760,124961828.78
2024-11-08,9.95,10.13,9.85,9.9,18048730,180103416.16
2024-11-11,9.84,10.16,9.82,10.15,18471616,185385498.96
2024-11-12,10.19,10.19,9.87,9.98,18015215,180656090.03
2024-11-13,9.9,10.02,9.71,9.92,12600201,124177937.78
2024-11-14,9.93,9.96,9.6,9.66,9852300,96099855.01
2024-11-15,9.65,9.9,9.57,9.57,11884586,115782347.48
2024-11-18,9.67,9.69,9.3,9.4,10993550,104250079.4
2024-11-19,9.44,9.71,9.39,9.71,9258408,88555108.1
2024-11-20,9.65,9.77,9.64,9.75,9123502,88556692.43
2024-11-21,9.7,9.78,9.55,9.69,8035802,77828188.39
2024-11-22,9.63,9.77,9.31,9.33,9593101,91778232.54
2024-11-25,9.35,9.45,9.2,9.38,7342701,68318697.37
2024-11-26,9.38,9.47,9.3,9.34,5907800,55409278.0
2024-11-27,9.29,9.45,9.02,9.45,8994779,82996094.8
2024-11-28,9.44,9.51,9.36,9.39,7034200,66363526.0
2024-11-29,9.36,9.6,9.27,9.56,7874084,74633718.15
2024-12-02,9.58,9.72,9.54,9.68,8356601,80611108.18
2024-12-03,9.66,9.76,9.59,9.71,7972602,77212473.4
2024-12-04,9.71,9.75,9.46,9.5,8131700,77967255.0
2024-12-05,9.49,9.7,9.44,9.61,7732001,74367361.6
2024-12-06,9.63,9.74,9.53,9.71,8742001,84520263.68
2024-12-09,9.74,9.87,9.67,9.76,9732601,95043773.75
2024-12-10,9.95,10.0,9.74,9.75,11752793,115908261.9
2024-12-11,9.76,9.97,9.75,9.92,10674918,105510497.88
2024-12-12,9.94,10.01,9.8,9.94,9471401,93998769.93
2024-12-13,9.91,9.95,9.75,9.76,9472500,93063957.0
2024-12-16,9.8,9.88,9.67,9.76,8417100,82476755.99
2024-12-17,9.77,10.64,9.59,10.09,46420148,472480053.75
2024-12-18,10.0,10.54,9.69,10.5,62896470,643765045.65
2024-12-19,10.19,10.51,9.99,10.51,46219029,475604087.49
2024-12-20,10.62,11.56,10.38,11.56,82176498,912317108.05
2024-12-23,11.32,11.6,10.72,10.98,75123607,830653996.59
2024-12-24,10.85,11.46,10.54,11.15,67703770,748957811.46
2024-12-25,10.95,10.99,10.44,10.6,43559694,463948248.98
2024-12-26,10.6,11.05,10.51,10.82,42241322,458549039.08
2024-12-27,10.8,11.28,10.8,10.9,39449573,434074234.02
2024-12-30,10.76,11.17,10.6,11.05,38769300,425861498.97
2024-12-31,11.05,11.07,10.29,10.32,38362669,406331736.57
2025-01-02,10.39,10.48,9.74,9.88,30952486,311506565.88
2025-01-03,9.91,9.97,9.24,9.29,26802493,257329405.33
2025-01-06,9.25,9.56,8.96,9.31,18432932,171743074.84
2025-01-07,9.24,9.75,9.24,9.75,23872959,229048942.28
2025-01-08,9.65,9.66,9.15,9.53,22511254,212491689.54
2025-01-09,9.46,10.38,9.46,9.99,36902241,371219788.7
2025-01-10,10.0,10.09,9.55,9.55,20972400,205326834.0
2025-01-13,9.37,9.55,9.14,9.39,14924540,139534206.3
2025-01-14,9.49,10.0,9.36,10.0,18546700,181485115.0
2025-01-15,9.92,10.23,9.9,10.01,19397829,195216492.5
2025-01-16,10.19,10.21,9.9,10.03,18420101,184926588.1
2025-01-17,10.0,10.59,9.93,10.47,32158203,333235728.76
2025-01-20,10.46,10.8,10.38,10.67,30503230,322999901.65
2025-01-21,10.67,10.82,10.56,10.72,23246800,248205656.28
2025-01-22,10.64,10.83,10.55,10.67,18645100,198966917.0
2025-01-23,10.73,10.81,10.46,10.47,23337210,248071511.82
2025-01-24,10.42,10.55,10.4,10.48,17139304,179545601.76
2025-01-27,10.47,10.57,10.27,10.27,15433167,160654460.45
2025-02-05,10.42,10.46,10.2,10.29,13428775,138673227.45
2025-02-06,10.23,10.77,10.23,10.74,21489357,227278187.58
2025-02-07,10.75,11.05,10.7,10.89,28009400,304156936.0
2025-02-10,10.9,11.3,10.87,11.05,21595351,237832462.81
2025-02-11,11.02,11.15,10.95,11.0,18391255,203327874.58
2025-02-12,11.0,11.04,10.89,11.02,16791467,184298673.84
2025-02-13,11.02,11.06,10.73,10.77,15093000,163492908.62
2025-02-14,10.73,10.93,10.62,10.78,13877000,149828901.07
2025-02-17,10.79,11.07,10.79,10.97,16033881,175558293.58
2025-02-18,10.95,11.07,10.58,10.65,13636400,147683245.98
2025-02-19,10.61,10.84,10.59,10.81,11982001,128991324.79
2025-02-20,10.81,11.17,10.75,11.15,24651582,271462254.62
2025-02-21,11.13,11.29,11.0,11.17,24746134,276122844.9
2025-02-24,11.2,11.2,10.89,11.01,20141597,221521038.03
2025-02-25,10.85,11.08,10.79,10.96,14030251,153517499.2
2025-02-26,10.9,11.04,10.89,10.98,13552761,148612425.33
2025-02-27,11.0,11.03,10.6,10.79,16448010,177178768.56
2025-02-28,10.73,10.76,10.17,10.22,15755213,164164616.38
2025-03-03,10.28,10.48,10.14,10.29,11961600,123899542.0
2025-03-04,10.23,10.5,10.2,10.46,9355241,97222435.45
2025-03-05,10.42,10.55,10.34,10.5,9986840,104299859.6
2025-03-06,10.5,10.82,10.49,10.72,14077981,150638714.09
2025-03-07,10.69,11.1,10.63,10.78,18962126,206519923.12
2025-03-10,10.79,10.9,10.65,10.83,12187800,131039078.0
2025-03-11,10.65,11.05,10.65,10.97,17378110,189542138.01
2025-03-12,10.99,11.29,10.91,11.15,21924944,243900511.26
2025-03-13,11.12,11.2,10.79,11.03,18069300,198252790.0
2025-03-14,11.01,11.47,10.94,11.41,25935427,292275728.99
2025-03-17,11.46,11.46,11.23,11.37,17687234,200327261.31
2025-03-18,11.39,11.84,11.38,11.79,29314872,341271303.51
2025-03-19,11.7,11.7,11.42,11.5,24754385,285736726.22
2025-03-20,11.4,11.49,11.2,11.23,24894368,281131217.76
2025-03-21,11.19,11.28,10.94,11.0,18225078,202012469.28
2025-03-24,11.06,11.15,10.63,10.95,19176061,209208640.49
2025-03-25,10.94,11.07,10.74,10.83,13066200,142335295.32
2025-03-26,10.84,10.99,10.82,10.82,9670404,105276391.52
2025-03-27,10.79,10.99,10.55,10.87,14874979,160561512.04
2025-03-28,10.86,11.04,10.71,10.73,12286816,133232787.05
2025-03-31,10.69,10.69,10.37,10.54,14471402,151997916.17
2025-04-01,10.58,10.76,10.58,10.67,10844100,115779259.91
2025-04-02,10.71,10.87,10.65,10.7,9965751,107048911.7
2025-04-03,10.58,10.72,10.2,10.29,17546433,182906408.27
2025-04-07,9.57,9.58,9.26,9.26,8459100,78872561.5
2025-04-08,9.11,9.22,8.33,8.5,33544393,289117335.2
2025-04-09,8.25,8.67,7.8,8.58,24333344,202428166.53
2025-04-10,8.84,9.02,8.74,8.74,23043197,204795459.52
2025-04-11,8.67,9.03,8.65,8.91,14563125,129500896.75
2025-04-14,9.8,9.8,9.8,9.8,11236425,110116965.0
2025-04-15,9.81,9.89,9.39,9.5,37587474,359209027.15
2025-04-16,9.43,9.51,9.13,9.28,18183206,169490541.39
2025-04-17,9.21,9.6,9.2,9.43,20083601,190187152.39
2025-04-18,9.44,9.58,9.32,9.57,14568754,137909928.66
2025-04-21,9.59,9.72,9.53,9.72,16960493,163190300.69
2025-04-22,9.51,9.61,9.48,9.56,14000500,133607158.0
2025-04-23,9.65,9.82,9.65,9.76,16551892,161078502.92
2025-04-24,9.76,9.78,9.55,9.64,13380245,129173424.85
2025-04-25,9.65,9.86,9.61,9.75,13296900,129787808.0
2025-04-28,9.76,9.83,9.62,9.69,11573597,112375046.9
2025-04-29,9.65,9.79,9.6,9.75,8967793,87301335.72
2025-04-30,9.76,9.91,9.73,9.85,11336505,111476234.25
2025-05-06,9.93,10.07,9.92,10.05,11447302,114684848.06
2025-05-07,10.13,10.18,9.92,9.99,12634933,126872301.22
2025-05-08,9.99,10.19,9.93,10.15,10391375,105156898.5
2025-05-09,10.16,10.17,10.02,10.06,8851400,89307773.99
2025-05-12,10.16,10.25,10.11,10.15,8541904,86834005.69
2025-05-13,10.3,10.31,10.11,10.12,9160800,93498132.0
2025-05-14,10.12,10.2,10.04,10.16,8861347,89769297.89
2025-05-15,10.12,10.18,10.02,10.03,7402843,74670055.58
2025-05-16,10.05,10.24,10.05,10.13,8235824,83653448.76
2025-05-19,10.13,10.18,10.03,10.16,6783542,68644544.66
2025-05-20,10.16,10.25,10.08,10.24,7673300,78111792.0
2025-05-21,10.23,10.23,10.06,10.16,7157400,72542681.0
2025-05-22,10.14,10.24,10.08,10.09,7723995,78473960.62
2025-05-23,10.09,10.18,9.9,9.92,8340801,83762516.09
2025-05-26,9.93,10.18,9.93,10.15,9842900,99559398.0
2025-05-27,10.28,10.44,10.1,10.37,21398052,220159110.24
2025-05-28,10.44,10.54,10.31,10.37,15863801,165135971.45
2025-05-29,10.35,10.51,10.35,10.46,11517389,120408696.16
2025-05-30,10.42,10.46,10.23,10.26,9264200,95481489.0
2025-06-03,10.25,10.29,10.18,10.21,7527120,76996393.6
2025-06-04,10.25,10.36,10.21,10.33,7519401,77567255.27
2025-06-05,10.33,10.56,10.23,10.53,12527651,130859213.63
2025-06-06,10.5,10.63,10.42,10.51,8931085,93929473.05
2025-06-09,10.53,10.62,10.5,10.54,7778162,82071124.56
2025-06-10,10.55,10.61,10.34,10.51,10202841,107092278.95
2025-06-11,10.47,10.78,10.46,10.6,11257300,119808718.0
2025-06-12,10.59,10.8,10.55,10.65,9952400,106409964.0
2025-06-13,10.62,10.69,10.4,10.43,11933960,125527415.73
2025-06-16,10.45,10.75,10.45,10.64,10269093,109045779.99
2025-06-17,10.67,10.76,10.6,10.74,9369818,99979023.14
2025-06-18,10.68,11.12,10.65,11.05,25980570,284176705.62
2025-06-19,11.06,11.3,10.9,10.95,27647600,306315218.0
2025-06-20,10.94,11.08,10.79,10.89,16390587,178663525.69
2025-06-23,10.78,11.0,10.75,10.97,15713001,171022040.41
2025-06-24,11.04,11.15,11.0,11.1,16740573,185227802.66
2025-06-25,11.12,11.18,11.04,11.13,14954746,166161283.02
2025-06-26,11.1,11.34,11.08,11.15,15942582,178441387.11
2025-06-27,11.11,11.5,11.05,11.32,18553925,209173231.5
2025-06-30,11.38,11.85,11.36,11.85,28720857,335119888.3
2025-07-01,11.75,12.24,11.68,11.97,34794803,414191992.64
2025-07-02,11.86,11.96,11.42,11.49,27883378,322763867.89
2025-07-03,11.5,12.35,11.5,12.29,46388651,556041784.52
2025-07-04,12.26,12.44,12.05,12.08,40244017,489936217.64
2025-07-07,12.0,12.1,11.7,11.89,23904758,283695974.3
2025-07-08,11.88,13.08,11.76,13.08,85566359,1086487301.34
2025-07-09,13.18,13.46,12.91,12.95,95935866,1258994497.62
2025-07-10,12.89,13.02,12.53,12.68,49469406,628609002.51
2025-07-11,12.62,12.67,12.26,12.33,44342598,547968344.23
2025-07-14,12.37,13.12,12.37,12.86,56901253,727790202.6
2025-07-15,12.74,12.83,12.31,12.41,45466449,568778710.46
2025-07-16,12.39,12.44,12.07,12.11,33416374,407254626.96
2025-07-17,12.22,12.9,12.12,12.68,50876114,642062774.86
2025-07-18,12.63,12.7,12.29,12.37,30443207,378981918.64
2025-07-21,12.36,12.74,12.27,12.64,29066200,362984718.0
2025-07-22,12.55,12.68,12.36,12.44,22780830,283976559.36
2025-07-23,12.35,12.45,12.14,12.18,22175127,271183823.17
2025-07-24,12.22,12.44,12.17,12.19,20880504,255855830.4
2025-07-25,12.2,12.3,12.15,12.21,15530204,189872750.0
2025-07-28,12.3,12.99,12.29,12.84,51352501,652742601.78
2025-07-29,12.76,13.0,12.7,13.0,34750322,447129194.47
2025-07-30,13.03,13.1,12.73,12.91,25428642,327720456.55
2025-07-31,12.91,13.42,12.91,12.99,44757408,589910952.13
2025-08-01,12.88,13.13,12.6,12.69,26981349,345877346.97
2025-08-04,12.58,12.76,12.42,12.7,23780002,299635042.23
2025-08-05,12.76,12.85,12.59,12.71,20514000,260313129.0
2025-08-06,12.69,13.15,12.53,12.74,30411109,391443823.66
2025-08-07,12.75,13.3,12.4,12.66,28881906,367398560.04
2025-08-08,12.61,13.43,12.49,12.98,44418586,576383692.22
2025-08-11,13.02,14.28,12.92,14.28,73640559,997219514.69
2025-08-12,14.56,14.56,13.63,13.82,81523893,1129259633.95
2025-08-13,13.83,14.27,13.7,14.1,68324942,957869605.98
2025-08-14,14.0,14.04,13.24,13.25,59346873,799774191.42
2025-08-15,13.32,13.87,13.27,13.6,44777818,610512683.09
2025-08-18,13.82,13.96,13.57,13.84,38531132,532643073.11
2025-08-19,13.92,14.0,13.66,13.83,38653865,535306566.07
2025-08-20,13.73,14.23,13.59,14.08,43105092,602585917.06
2025-08-21,14.09,14.1,13.6,13.69,37460020,515914647.73
2025-08-22,13.64,13.99,13.64,13.84,28421804,393754148.48
2025-08-25,13.92,14.06,13.7,13.96,34613617,479267900.38
2025-08-26,13.95,14.55,13.8,14.27,47921454,681934802.12
2025-08-27,14.09,14.46,13.8,13.84,43706315,622103553.38
2025-08-28,13.81,14.54,13.7,14.54,52871873,746207247.64
2025-08-29,14.57,14.6,14.23,14.46,49774171,716048801.47
2025-09-01,14.37,14.53,13.9,14.04,37478900,527531280.65
2025-09-02,14.1,14.18,13.1,13.24,42151160,567197382.79
2025-09-03,13.24,13.3,12.84,12.92,24656126,322504362.93
2025-09-04,13.0,13.46,12.49,12.7,31528581,410901265.22
2025-09-05,12.82,13.34,12.62,13.33,28626510,373482014.4
2025-09-08,13.29,13.38,12.98,13.23,20827454,274305541.17
2025-09-09,13.16,13.19,12.79,12.88,17566456,227706850.54
2025-09-10,12.91,13.4,12.91,13.2,26008415,343390993.38
2025-09-11,13.2,14.07,13.17,13.98,52900224,728063038.39
2025-09-12,13.99,14.02,13.7,13.76,30610126,424128596.29
2025-09-15,13.8,13.82,13.49,13.62,19890384,270562875.48
2025-09-16,13.58,13.75,13.45,13.69,18622397,253834463.2
2025-09-17,13.71,13.99,13.68,13.74,21713394,299685807.42
2025-09-18,13.66,14.92,13.65,14.44,67563480,972265109.75
2025-09-19,14.42,14.61,13.97,14.15,37367398,533893728.14
2025-09-22,14.26,14.32,14.03,14.16,22249406,315277000.19
2025-09-23,14.31,14.38,13.57,13.96,31286907,435822565.86
2025-09-24,13.8,14.54,13.5,14.48,35023329,495512438.9
2025-09-25,14.4,14.56,14.2,14.32,24094155,347090936.68
2025-09-26,14.27,14.32,13.64,13.65,28343800,392525756.62
2025-09-29,13.75,13.95,13.58,13.84,14743201,203459919.77
2025-09-30,13.99,14.33,13.83,13.88,21023300,294956843.84
2025-10-09,14.1,14.66,14.09,14.11,29494891,421802823.96
2025-10-10,14.08,14.08,13.52,13.71,27813628,383081163.78
2025-10-13,12.92,13.22,12.68,13.18,34403502,447155488.48
2025-10-14,13.34,13.48,12.7,12.74,26904201,350801569.42
2025-10-15,12.79,13.03,12.58,12.99,17232789,220954904.91
2025-10-16,12.98,12.98,12.64,12.72,14747901,188652528.99
2025-10-17,12.67,12.72,12.02,12.04,25427915,312216315.77
2025-10-20,12.27,12.54,12.25,12.39,17397315,215446776.96
2025-10-21,12.47,12.93,12.38,12.83,18887301,240370473.84
2025-10-22,12.71,12.85,12.62,12.71,11934593,151728254.88
2025-10-23,12.66,12.78,12.43,12.75,11098400,139558408.0
2025-10-24,12.9,13.48,12.8,13.46,27557912,365013895.72
2025-10-27,13.63,13.9,13.48,13.84,24852136,340728442.16
2025-10-28,13.7,14.02,13.63,13.93,20642700,286342188.09
2025-10-29,13.66,13.8,13.34,13.61,25981344,351795673.54
2025-10-30,13.52,13.53,13.15,13.18,18085663,240064144.82
2025-10-31,13.2,13.3,12.96,12.99,19701221,257644984.69
2025-11-03,12.98,12.98,12.62,12.98,16476861,211017099.06
2025-11-04,12.99,13.02,12.69,12.8,13789523,176926797.79
2025-11-05,12.7,12.93,12.62,12.88,10593731,135818233.46
2025-11-06,12.95,13.33,12.82,13.29,18517083,242041944.87
2025-11-07,13.16,13.48,13.03,13.1,19903112,262404690.04
2025-11-10,13.09,13.2,12.82,12.97,14467368,187388274.0
2025-11-11,13.09,13.19,12.84,12.85,14356600,186673602.0
2025-11-12,12.87,12.89,12.63,12.74,12222287,155646445.38
2025-11-13,12.76,12.87,12.7,12.78,9720700,124188775.0
2025-11-14,12.68,12.71,12.51,12.51,11097665,139877341.44
2025-11-17,12.53,12.57,12.39,12.43,9322100,116118467.0
2025-11-18,12.44,12.46,12.3,12.4,7840884,97144564.92
2025-11-19,12.42,12.44,12.1,12.18,10737201,131430472.63
2025-11-20,12.29,12.42,12.17,12.2,8651500,106241274.0
2025-11-21,12.08,12.15,11.63,11.66,14131579,167674082.8
2025-11-24,11.78,11.96,11.74,11.88,8582887,101637074.04
2025-11-25,11.96,12.28,11.96,12.09,12015700,146132911.01
2025-11-26,12.08,12.23,11.99,12.07,9454282,114477519.64
2025-11-27,12.07,12.58,12.07,12.39,17174798,213136016.74
2025-11-28,12.37,12.38,12.2,12.3,9719025,119258442.0
2025-12-01,12.33,13.2,12.31,12.9,25605513,326657517.52
2025-12-02,12.75,12.94,12.71,12.76,15072112,193249361.79
2025-12-03,12.82,13.11,12.78,12.87,21056522,272465906.65
2025-12-04,12.86,14.16,12.67,13.93,70359189,954771670.28
2025-12-05,13.62,14.77,13.52,14.39,74487124,1054128767.76
2025-12-08,14.63,14.75,14.19,14.51,47990359,696081195.57
2025-12-09,14.51,15.96,14.47,15.96,57683542,887774515.21
2025-12-10,15.96,16.35,15.58,15.88,72066300,1142633707.74
2025-12-11,15.89,15.97,15.39,15.49,40147195,626705321.76
2025-12-12,14.3,14.54,13.94,13.94,57875302,811208458.67
2025-12-15,13.62,13.75,13.33,13.35,56681888,766260146.66
2025-12-16,13.38,13.47,12.94,13.04,35200887,462568792.91
2025-12-17,13.04,13.44,12.8,13.4,32161766,422240429.76
2025-12-18,13.25,13.36,13.08,13.08,23245998,307031739.62
2025-12-19,13.2,13.28,13.01,13.03,24747282,324384085.44
2025-12-22,13.11,13.8,13.11,13.72,39949910,541196230.46
2025-12-23,13.79,13.95,13.6,13.71,29409506,404710366.91
2025-12-24,13.7,14.22,13.62,14.15,29341340,410280833.35
2025-12-25,14.03,14.07,13.84,13.97,25208586,351662586.11
2025-12-26,13.91,13.94,13.61,13.71,22888275,314201902.06
2025-12-29,13.7,14.05,13.68,13.92,26241838,364551498.57
2025-12-30,13.85,13.97,13.68,13.73,18582199,256072507.15
2025-12-31,13.76,13.8,13.53,13.56,14588796,198872363.51
2026-01-05,13.75,13.92,13.64,13.89,21058307,290083282.39
2026-01-06,13.88,13.99,13.71,13.89,24704484,342227907.46
2026-01-07,13.87,14.26,13.87,14.14,32022151,452002905.33
2026-01-08,14.08,14.29,13.96,14.11,26067501,368884483.14
2026-01-09,14.18,14.4,14.07,14.27,27891800,397303170.92
2026-01-12,14.38,14.56,14.27,14.53,34764795,502704136.13
2026-01-13,14.52,14.52,13.93,14.01,33757930,477126483.9
2026-01-14,14.01,14.28,13.88,14.08,28290903,399315007.02
2026-01-15,13.98,14.19,13.87,14.18,18889538,264894438.37
2026-01-16,14.28,14.43,14.03,14.35,25598958,364490062.74
2026-01-19,14.36,14.97,14.26,14.85,43411116,639415994.46
2026-01-20,14.66,14.7,14.18,14.34,35987395,517507900.04
2026-01-21,14.16,14.67,14.1,14.59,28417866,411323996.54
2026-01-22,14.89,15.35,14.81,15.24,46630259,703318992.14
2026-01-23,15.09,15.09,14.85,14.94,34828597,519858895.87
2026-01-26,15.06,15.06,14.62,14.82,23789433,351522817.64
2026-01-27,14.78,14.86,14.16,14.81,22885723,333619722.15
2026-01-28,14.72,15.0,14.7,14.83,19158060,283989146.32
2026-01-29,14.74,14.75,14.18,14.2,26012417,375092216.56
2026-01-30,14.17,14.42,13.84,14.27,19321473,272921060.54
2026-02-02,14.15,14.45,13.95,13.98,15431740,219053857.22
2026-02-03,14.15,14.58,14.12,14.54,24786422,357272295.47
2026-02-04,14.41,14.45,14.14,14.36,16487920,235173237.2
2026-02-05,14.21,14.38,13.88,13.98,16212695,227825569.74
2026-02-06,13.87,14.27,13.79,13.92,15718474,220604580.5
2026-02-09,14.17,14.34,14.13,14.27,16120609,229763045.87
2026-02-10,14.27,15.27,14.24,14.81,39353118,586806068.51
2026-02-11,14.82,15.2,14.77,14.93,24543465,368857006.36
2026-02-12,14.8,15.08,14.8,14.97,16981802,253746380.25
2026-02-13,14.9,15.23,14.9,15.0,21952372,331035606.4
2026-02-24,15.26,15.52,15.09,15.38,26213849,402539412.15
2026-02-25,15.37,15.99,15.3,15.96,34994208,550372103.39
2026-02-26,15.81,16.8,15.81,16.61,52348523,858321999.83
2026-02-27,16.28,16.28,15.81,15.96,41457470,660613461.06
2026-03-02,15.5,15.99,15.46,15.76,30801766,484764859.02
2026-03-03,15.8,15.87,14.9,14.95,30961288,472521362.56
2026-03-04,14.77,15.37,14.75,15.04,20058757,302642148.66
2026-03-05,15.37,15.59,15.12,15.24,19927700,306575130.0
2026-03-06,15.26,15.45,14.91,15.2,17262837,262463471.34
2026-03-09,14.88,14.91,14.29,14.84,24949865,363610314.91
2026-03-10,15.17,15.73,15.1,15.7,32143106,498863976.57
2026-03-11,15.7,15.97,15.58,15.76,21146714,333021780.7
2026-03-12,15.71,15.89,15.34,15.59,18763210,291922395.95
2026-03-13,15.47,16.12,15.4,15.84,30614526,485995415.71
2026-03-16,15.66,16.3,15.48,16.24,40483408,649353543.48
2026-03-17,16.05,16.11,15.47,15.49,31349741,491948639.19
2026-03-18,15.71,16.33,15.55,16.32,48229866,774113315.56
2026-03-19,16.0,16.2,15.76,15.88,30434200,485785985.83
2026-03-20,15.95,16.03,14.91,14.97,37730973,581200450.77
2026-03-23,14.01,14.18,13.47,13.47,35162268,478984858.3
2026-03-24,13.5,13.58,12.6,13.45,37383088,488498334.97
2026-03-25,13.69,13.9,13.51,13.66,29963517,410672805.47
2026-03-26,13.56,13.72,13.05,13.12,20977628,279595612.04
2026-03-27,12.98,13.39,12.81,13.21,17074064,224004460.87
2026-03-30,12.88,13.1,12.76,13.08,16426517,212506941.78
2026-03-31,13.03,13.13,12.62,12.65,17263914,221343558.57
2026-04-01,13.15,13.65,13.07,13.24,27085000,360181697.95
2026-04-02,13.2,13.23,12.63,12.73,18858727,242795918.2
2026-04-03,12.8,12.92,12.65,12.65,12458091,158857937.8
2026-04-07,12.68,12.94,12.64,12.76,13758800,176051728.0
2026-04-08,13.08,13.67,13.08,13.66,24674141,330627402.65
2026-04-09,13.41,14.85,13.37,14.43,53441757,768573488.87
2026-04-10,14.56,14.76,14.36,14.61,30984372,450885849.19
2026-04-13,14.45,15.42,14.35,15.21,36562508,554560747.72
2026-04-14,15.22,15.86,15.08,15.53,33787264,523112272.11
2026-04-15,15.42,15.93,15.3,15.62,33107162,518050332.19
2026-04-16,15.54,16.01,15.47,15.86,22217561,351074371.26
2026-04-17,15.86,15.98,15.63,15.8,22036871,348408540.07
2026-04-20,15.76,16.44,15.68,16.04,28940824,465917243.32
2026-04-21,16.0,16.17,15.85,16.1,20911531,335049460.22
2026-04-22,16.11,16.75,16.06,16.48,28060178,461785327.6
2026-04-23,16.42,16.55,15.75,15.97,27783154,445859769.64
2026-04-24,15.88,16.16,15.5,15.67,19961837,314147688.33
2026-04-27,15.66,15.86,15.31,15.71,21806507,338870480.84
2026-04-28,15.59,15.68,15.16,15.28,20190448,310263537.5
2026-04-29,15.14,15.44,15.01,15.19,14718500,224321973.0
2026-04-30,15.22,15.35,14.68,14.88,19741944,294587958.56
2026-05-06,15.15,15.98,15.15,15.74,27692614,434705061.32
2026-05-07,15.83,17.31,15.66,17.31,63489054,1074978498.18
2026-05-08,17.0,17.65,16.81,17.58,68671437,1188606149.89
2026-05-11,17.41,17.66,17.12,17.52,42323445,739574360.66
2026-05-12,17.32,17.44,16.66,16.95,39058471,662345272.49
2026-05-13,16.85,17.76,16.59,17.49,61168621,1059319762.76
2026-05-14,17.4,17.58,16.8,16.84,35128100,600843463.69
2026-05-15,16.9,17.1,16.1,16.28,35363032,581678681.55
2026-05-18,16.08,16.5,15.85,16.26,25277754,409509880.0
2026-05-19,16.17,16.2,15.52,15.95,26452913,418161607.1
2026-05-20,15.96,16.17,15.54,15.84,26094585,411769790.21
2026-05-21,16.11,16.46,15.18,15.23,43433684,692267783.36
2026-05-22,15.69,16.43,15.51,16.39,45445510,731245842.45
2026-05-25,16.45,16.87,16.0,16.33,51354432,841159198.94
2026-05-26,15.99,16.88,15.8,16.87,72127650,1192982272.3
2026-05-27,16.68,16.68,15.8,16.26,63485099,1032642640.35
2026-05-28,16.02,17.06,15.88,17.0,72839831,1205934972.11
2026-05-29,17.0,17.2,16.05,16.26,68944034,1149077298.67
2026-06-01,15.87,16.77,15.58,15.91,52709848,850975098.17
2026-06-02,15.78,16.67,15.78,16.22,52069559,848382196.03
2026-06-03,16.06,17.84,16.05,16.98,100354175,1714092932.0
2026-06-04,16.81,17.56,16.45,17.41,84576463,1434756525.3
2026-06-05,17.3,18.17,16.77,17.61,99387158,1752422719.21
2026-06-08,16.6,17.8,16.28,17.09,67515834,1151067421.64
2026-06-09,17.41,18.79,17.15,18.6,107998537,1936494341.04
2026-06-10,18.1,18.97,17.73,17.87,104246388,1907591516.95
2026-06-11,17.44,19.57,16.81,19.1,118401910,2196370892.07
2026-06-12,19.3,20.33,18.25,18.26,125578344,2411494691.52
2026-06-15,18.32,20.09,18.32,20.09,73748400,1429123607.26
2026-06-16,19.87,20.67,19.6,20.1,110624844,2205372040.39
2026-06-17,19.9,22.11,19.88,22.11,69444272,1496065139.03
2026-06-18,22.46,22.49,21.21,21.6,113824837,2462427900.06
2026-06-22,21.84,23.76,21.84,23.76,117301702,2704349979.97
2026-06-23,24.68,25.0,21.38,21.38,119698736,2710053280.93
2026-06-24,20.54,23.52,20.54,23.52,129444506,2877245430.5
2026-06-25,24.99,25.87,24.51,25.87,49521040,1265114729.19
2026-06-26,28.46,28.46,27.23,28.46,106240061,3018024529.4
2026-06-29,28.67,29.77,25.61,25.94,161004782,4315858598.77
2026-06-30,25.83,26.23,24.15,25.65,134061598,3381043387.08
2026-07-01,25.65,28.22,25.26,26.0,165910260,4440731956.55
2026-07-02,24.76,24.92,23.4,23.4,109968830,2634969993.0
2026-07-03,23.19,23.39,22.03,22.19,86470022,1951945069.18
2026-07-06,22.17,22.51,19.97,20.07,80148247,1666681918.43
2026-07-07,20.06,20.45,18.94,19.32,57324781,1126382952.84
2026-07-08,19.31,19.8,18.4,18.48,62102411,1186687071.02
2026-07-09,18.84,19.25,17.9,19.19,71274813,1334623548.37
2026-07-10,19.27,19.82,18.03,18.05,79930453,1516315862.62
2026-07-13,17.9,18.13,16.25,16.25,58729937,1001721046.73
2026-07-14,16.15,16.96,15.83,16.95,60268129,992384161.75
2026-07-15,17.28,17.34,15.81,15.88,52479005,857648438.18
2026-07-16,15.76,16.26,15.2,15.28,49981681,786645584.66
2026-07-17,15.28,15.39,13.75,13.76,61812371,885460681.27
2026-07-20,14.05,14.2,12.5,12.72,61976762,821191537.69
2026-07-21,13.01,13.95,11.6,13.82,78180617,1005234249.05
2026-07-22,13.59,14.22,13.44,13.54,64283585,890017890.36
2026-07-23,13.61,13.98,13.31,13.53,41612837,566412968.54
2026-07-24,13.2,13.58,12.97,13.04,32348977,427630050.96
2026-07-27,13.06,13.61,12.72,13.6,38060355,505691832.71
2026-07-28,13.37,13.71,12.77,12.9,43836444,579117703.65
2026-07-29,12.84,13.35,12.54,13.12,52922608,684138856.18
2026-07-30,12.92,13.13,12.05,12.21,56000858,701271988.08
2026-07-31,12.88,13.23,12.6,12.6,55401794,713598912.91
2026-08-03,12.58,12.75,12.31,12.67,35434932,445258832.0
2026-08-04,12.84,13.48,12.81,13.4,55598485,734812578.44
2026-08-05,13.3,14.25,13.3,14.08,73422800,1017132474.85
2026-08-06,13.83,14.51,13.81,14.3,64124550,910204717.74
2026-08-07,14.71,15.37,14.41,15.14,94258665,1411858592.32
2026-08-10,15.29,15.4,14.49,14.92,69495493,1029620163.86
2026-08-11,14.68,15.09,14.54,14.78,41393956,613666225.13
2026-08-12,14.71,15.08,14.64,15.02,37676983,562890946.0
2026-08-13,15.18,15.3,14.61,14.62,44314129,665427876.86
2026-08-14,14.87,15.44,14.64,15.3,56698907,854974869.84
2026-08-17,15.3,15.75,15.18,15.72,53923400,835773451.54
2026-08-18,15.8,16.04,15.5,15.77,59077957,932693562.33
2026-08-19,15.15,15.44,14.31,14.4,50799518,753593891.89
2026-08-20,14.67,14.96,14.39,14.69,36149868,532494874.32
2026-08-21,14.5,15.26,14.29,15.1,39369556,586175419.9
2026-08-24,15.05,15.2,14.16,14.65,36948441,537763476.28
2026-08-25,14.3,14.98,14.03,14.86,32937982,481019888.03
2026-08-26,14.99,15.0,14.44,14.73,24036041,354117529.01
2026-08-27,14.79,15.72,14.79,15.7,53855888,826228998.42
2026-08-28,15.6,15.93,15.37,15.37,48370095,755423839.49
2026-08-31,15.06,15.88,15.05,15.82,44202852,692829853.68
2026-09-01,15.78,15.86,15.3,15.41,32094832,495747808.74
2026-09-02,15.25,15.39,14.98,15.09,27162085,411258251.1
2026-09-03,15.21,15.35,14.77,14.98,25447567,381227846.46
2026-09-04,15.1,15.42,14.34,14.49,36330668,540191398.81
2026-09-07,14.72,15.94,14.71,15.94,53094447,833771188.53
2026-09-08,17.23,17.53,16.37,16.53,150028337,2542039896.68
