timestamps,open,high,low,close,volume,amount
2015-01-05,,,,,0,
2015-01-06,,,,,0,
2015-01-07,,,,,0,
2015-01-08,,,,,0,
2015-01-09,,,,,0,
2015-01-12,,,,,0,
2015-01-13,,,,,0,
2015-01-14,,,,,0,
2015-01-15,,,,,0,
2015-01-16,,,,,0,
2015-01-19,,,,,0,
2015-01-20,,,,,0,
2015-01-21,,,,,0,
2015-01-22,,,,,0,
2015-01-23,,,,,0,
2015-01-26,,,,,0,
2015-01-27,,,,,0,
2015-01-28,,,,,0,
2015-01-29,,,,,0,
2015-01-30,,,,,0,
2015-02-02,,,,,0,
2015-02-03,,,,,0,
2015-02-04,,,,,0,
2015-02-05,,,,,0,
2015-02-06,,,,,0,
2015-02-09,,,,,0,
2015-02-10,,,,,0,
2015-02-11,,,,,0,
2015-02-12,,,,,0,
2015-02-13,,,,,0,
2015-02-16,,,,,0,
2015-02-17,,,,,0,
2015-02-25,,,,,0,
2015-02-26,,,,,0,
2015-02-27,,,,,0,
2015-03-02,,,,,0,
2015-03-03,,,,,0,
2015-03-04,,,,,0,
2015-03-05,,,,,0,
2015-03-06,,,,,0,
2015-03-09,,,,,0,
2015-03-10,,,,,0,
2015-03-11,,,,,0,
2015-03-12,,,,,0,
2015-03-13,,,,,0,
2015-03-16,,,,,0,
2015-03-17,,,,,0,
2015-03-18,,,,,0,
2015-03-19,,,,,0,
2015-03-20,,,,,0,
2015-03-23,,,,,0,
2015-03-24,63.25,63.25,63.25,63.25,54117,3422900.3
2015-03-25,69.58,69.58,69.58,69.58,14330,997081.4
2015-03-26,76.54,76.54,76.54,76.54,76822,5879955.9
2015-03-27,84.19,84.19,84.19,84.19,286193,24094588.7
2015-03-30,92.61,92.61,92.61,92.61,2404997,222726772.20000002
2015-03-31,92.0,92.0,85.2,87.18,10253789,911160920.4
2015-04-01,87.39,92.0,87.39,89.6,4744985,426460887.9
2015-04-02,96.0,98.56,93.0,98.56,4088097,398643288.7
2015-04-03,108.42,108.42,101.11,103.91,9526542,1015065015.7
2015-04-07,97.0,103.84,97.0,99.9,4203456,422373611.3
2015-04-08,100.42,101.7,91.91,94.99,2824965,273269665.09999996
2015-04-09,94.03,97.8,91.15,96.39,2684255,255390945.0
2015-04-10,98.0,104.4,96.58,100.0,2901170,294262545.6
2015-04-13,101.52,103.5,94.03,95.6,2788416,267881448.1
2015-04-14,94.32,99.67,92.4,98.0,2661773,254229578.6
2015-04-15,96.01,97.86,91.57,94.8,1960093,185582486.20000002
2015-04-16,94.8,95.8,91.59,95.8,1703986,160753050.3
2015-04-17,95.6,97.5,93.1,94.99,1654901,156724225.70000002
2015-04-20,92.5,95.0,85.49,91.5,2419994,220279054.4
2015-04-21,91.98,96.04,90.03,93.5,1463657,136182116.0
2015-04-22,97.0,98.01,94.38,96.82,3110612,301599870.6
2015-04-23,98.2,100.0,96.0,98.0,3763280,369290018.90000004
2015-04-24,97.2,99.3,94.5,99.22,2765027,269195372.7
2015-04-27,99.88,101.88,96.21,99.0,1965012,192508861.10000002
2015-04-28,98.0,98.0,92.29,93.7,1726068,162453485.60000002
2015-04-29,93.51,95.55,90.17,93.0,1482608,138066254.0
2015-04-30,92.01,95.2,92.0,93.15,1074082,100542583.3
2015-05-04,91.6,93.1,88.88,93.0,2202967,198644777.29999998
2015-05-05,92.03,93.88,90.6,93.0,1818576,168410076.20000002
2015-05-06,93.27,95.88,90.26,91.1,942579,88653491.8
2015-05-07,91.0,91.99,87.0,89.57,1386508,124150397.0
2015-05-08,90.51,95.5,90.51,94.8,1783933,164719702.0
2015-05-11,95.25,100.0,94.0,99.6,2967904,291440601.90000004
2015-05-12,103.0,106.9,99.2,100.89,3936010,404719806.7
2015-05-13,97.5,102.2,96.01,101.06,2528303,251055410.89999998
2015-05-14,105.0,111.17,103.08,111.17,3950117,433041905.7
2015-05-15,112.0,113.18,105.0,107.51,3167460,340433573.4
2015-05-18,107.8,110.0,103.97,107.79,2427529,261063109.8
2015-05-19,107.7,109.0,101.25,106.1,4031835,420213539.8
2015-05-20,106.0,116.6,103.15,115.53,5023889,548525350.6999999
2015-05-21,114.0,117.95,109.88,113.5,3450887,392490483.9
2015-05-22,113.0,114.8,106.08,108.88,3352215,364224737.7
2015-05-25,98.0,105.42,98.0,103.85,5361349,545884357.7
2015-05-26,103.98,105.8,102.2,104.4,2986039,309565339.09999996
2015-05-27,103.99,103.99,95.9,96.97,4996077,493332662.20000005
2015-05-28,,,,,0,
2015-05-29,,,,,0,
2015-06-01,,,,,0,
2015-06-02,,,,,0,
2015-06-03,,,,,0,
2015-06-04,,,,,0,
2015-06-05,,,,,0,
2015-06-08,,,,,0,
2015-06-09,,,,,0,
2015-06-10,,,,,0,
2015-06-11,,,,,0,
2015-06-12,,,,,0,
2015-06-15,,,,,0,
2015-06-16,,,,,0,
2015-06-17,,,,,0,
2015-06-18,,,,,0,
2015-06-19,,,,,0,
2015-06-23,,,,,0,
2015-06-24,,,,,0,
2015-06-25,,,,,0,
2015-06-26,,,,,0,
2015-06-29,,,,,0,
2015-06-30,,,,,0,
2015-07-01,,,,,0,
2015-07-02,,,,,0,
2015-07-03,,,,,0,
2015-07-06,,,,,0,
2015-07-07,,,,,0,
2015-07-08,,,,,0,
2015-07-09,,,,,0,
2015-07-10,,,,,0,
2015-07-13,,,,,0,
2015-07-14,,,,,0,
2015-07-15,,,,,0,
2015-07-16,,,,,0,
2015-07-17,,,,,0,
2015-07-20,,,,,0,
2015-07-21,,,,,0,
2015-07-22,,,,,0,
2015-07-23,87.27,94.0,87.27,87.7,11169606,985467780.7
2015-07-24,87.34,96.47,86.86,96.47,11607979,1076819538.2
2015-07-27,98.77,101.47,86.82,86.98,6353497,613751153.5999999
2015-07-28,80.5,85.87,78.28,79.99,4190434,337882555.5
2015-07-29,80.36,83.4,76.01,83.08,2990974,240695548.5
2015-07-30,82.69,83.09,77.98,78.5,2168865,175921285.1
2015-07-31,77.6,77.6,71.47,72.08,3062253,226946430.9
2015-08-03,68.5,70.8,64.87,64.88,4556228,303055684.9
2015-08-04,66.0,71.37,65.04,71.37,2518363,173336118.79999998
2015-08-05,74.0,78.51,72.5,78.51,2086995,161815081.4
2015-08-06,,,,,0,
2015-08-07,,,,,0,
2015-08-10,,,,,0,
2015-08-11,,,,,0,
2015-08-12,,,,,0,
2015-08-13,86.36,86.36,83.0,86.35,5826050,499941754.7
2015-08-14,84.2,90.55,84.2,86.67,3330767,291966097.40000004
2015-08-17,84.99,86.5,78.25,84.31,3670868,299570801.3
2015-08-18,84.31,84.59,75.88,76.29,2694977,220484905.20000002
2015-08-19,74.0,81.8,73.0,80.74,3221981,249653256.4
2015-08-20,79.0,84.45,78.4,80.7,1639403,133574999.3
2015-08-21,79.0,79.0,73.2,73.55,1467975,111244838.9
2015-08-24,71.4,71.4,66.2,66.2,978007,65330176.2
2015-08-25,65.0,71.45,60.06,63.62,2821098,182710609.6
2015-08-26,64.7,69.98,62.7,65.65,1928033,127569221.1
2015-08-27,67.81,72.0,66.8,71.48,1261747,86794148.4
2015-08-28,71.5,77.23,70.0,77.0,2218054,165535574.6
2015-08-31,76.5,76.99,74.0,74.5,876044,65998812.00000001
2015-09-01,73.8,74.39,67.51,69.36,1109145,77595784.5
2015-09-02,66.8,71.77,63.12,65.4,1263352,83104023.2
2015-09-07,66.5,70.99,65.8,66.89,1093495,75286987.39999999
2015-09-08,65.8,70.48,64.81,70.48,981033,66767695.00000001
2015-09-09,70.79,74.78,70.0,73.75,2166139,156216900.4
2015-09-10,72.01,74.0,71.51,71.71,820880,59400518.5
2015-09-11,71.75,74.05,71.38,72.86,907429,66011419.5
2015-09-14,73.55,76.46,66.0,69.4,2294247,163884866.6
2015-09-15,67.33,73.39,65.8,68.1,1564626,109397979.60000001
2015-09-16,67.55,74.91,67.55,74.42,1502449,106879052.3
2015-09-17,73.99,78.55,72.8,75.01,2120224,162698391.1
2015-09-18,75.99,79.0,74.5,75.0,1344149,102095215.3
2015-09-21,74.4,82.35,73.11,81.0,2710474,213365107.7
2015-09-22,80.0,84.03,77.88,78.72,1589493,128995455.9
2015-09-23,78.53,81.32,76.99,80.73,909242,72142307.5
2015-09-24,80.03,81.5,79.0,80.13,581006,46774494.9
2015-09-25,80.2,81.03,75.5,76.34,870933,68418056.89999999
2015-09-28,76.83,80.0,74.0,78.22,1113485,84559388.7
2015-09-29,77.0,77.8,75.58,76.1,711281,54346716.5
2015-09-30,76.0,76.74,75.01,75.05,609458,46161807.5
2015-10-08,82.56,82.56,82.56,82.56,278201,22968274.6
2015-10-09,90.4,90.82,87.95,88.2,4418576,396887206.7
2015-10-12,90.0,95.1,87.92,89.0,3587417,328994477.59999996
2015-10-13,87.6,89.27,85.0,88.51,2167551,189294386.8
2015-10-14,88.99,89.0,85.0,85.69,3014578,260022872.1
2015-10-15,85.07,94.0,85.07,92.59,3486245,314149350.7
2015-10-16,93.55,94.95,89.4,92.2,2724691,250631208.5
2015-10-19,92.15,95.45,90.22,95.0,3541442,331886862.0
2015-10-20,95.88,101.28,95.88,96.75,2424232,238916993.5
2015-10-21,96.5,99.85,90.3,91.15,2924418,277850060.0
2015-10-22,91.3,98.95,91.3,97.9,2425268,232736810.3
2015-10-23,98.3,99.2,94.6,97.22,2441803,235695202.7
2015-10-26,96.5,97.0,92.95,95.4,1973815,188181662.79999998
2015-10-27,94.48,95.88,91.01,95.31,2627360,243782864.1
2015-10-28,95.31,96.1,91.01,91.03,1919980,180275998.4
2015-10-29,91.25,93.8,91.02,91.96,1332444,123174540.0
2015-10-30,91.9,99.69,89.01,97.3,3449615,327282197.0
2015-11-02,96.4,100.4,94.4,96.17,3224389,315770340.0
2015-11-03,95.82,96.88,91.2,92.3,1836820,170557202.1
2015-11-04,93.02,97.25,92.45,95.8,2817458,268804297.5
2015-11-05,95.01,97.18,91.8,93.01,1763293,166348434.70000002
2015-11-06,91.51,98.89,91.51,96.88,3304370,317076668.40000004
2015-11-09,95.89,106.57,95.86,106.57,5412858,551826309.4
2015-11-10,106.4,112.31,103.98,106.0,3656599,393515568.2
2015-11-11,107.0,109.95,104.4,108.0,3102220,331967028.70000005
2015-11-12,107.0,108.5,101.0,103.3,4382192,452912106.90000004
2015-11-13,101.33,103.33,94.98,95.0,3824543,373083315.7
2015-11-16,91.1,97.44,91.05,96.0,3387114,317333715.90000004
2015-11-17,97.2,97.8,94.44,94.8,2778354,266142520.49999997
2015-11-18,94.55,94.7,90.23,92.41,2305326,212789208.60000002
2015-11-19,91.88,94.98,91.58,94.98,2200678,204446101.5
2015-11-20,95.62,98.49,93.5,94.99,3421076,328512296.6
2015-11-23,100.0,103.78,96.08,97.06,4064766,404395062.3
2015-11-24,97.5,104.8,97.5,102.15,4275002,433391566.5
2015-11-25,101.05,112.37,100.11,112.37,5160674,565437962.0
2015-11-26,117.7,117.7,107.01,110.38,5220194,581812435.4
2015-11-27,109.3,113.0,102.63,106.2,2931487,315367625.5
2015-11-30,108.6,111.4,103.0,109.95,4512256,483200611.90000004
2015-12-01,111.0,120.95,109.95,115.78,7448464,877098082.6
2015-12-02,114.0,114.82,104.21,104.21,5773211,620239223.4
2015-12-03,104.0,107.96,101.5,107.6,4803831,501910204.2
2015-12-04,107.0,115.0,105.88,113.6,5435830,591129005.0999999
2015-12-07,115.3,124.96,113.11,121.79,7870965,939266320.0
2015-12-08,119.4,121.1,116.01,118.7,4756575,561105671.9
2015-12-09,117.6,125.2,116.6,122.05,4817070,582120392.3
2015-12-10,120.8,121.02,116.6,117.8,2936863,347858012.70000005
2015-12-11,118.1,119.0,115.7,116.6,2399755,281071983.59999996
2015-12-14,116.0,117.6,109.0,116.1,3564473,400566513.0
2015-12-15,116.0,116.0,111.0,113.3,3407556,384234103.59999996
2015-12-16,113.4,118.96,112.48,118.7,4136627,480834176.4
2015-12-17,118.0,119.5,115.5,117.5,5102393,596618005.0999999
2015-12-18,117.51,119.5,114.5,117.35,4257702,497582193.3
2015-12-21,116.87,117.59,111.88,113.0,3958638,449790528.0
2015-12-22,113.0,114.1,110.98,113.6,2679903,302042575.5
2015-12-23,113.0,113.8,102.3,102.79,5613888,606438153.5999999
2015-12-24,102.5,104.88,100.1,104.0,2753364,283335211.8
2015-12-25,104.39,105.94,102.23,103.0,2570134,266978646.0
2015-12-28,103.75,104.47,95.91,97.18,4612262,458678559.40000004
2015-12-29,96.5,99.6,96.4,98.49,2163486,212631162.5
2015-12-30,99.0,101.0,98.0,99.72,2161943,215656860.1
2015-12-31,100.08,101.1,95.6,95.98,2028018,197984305.2
2016-01-04,96.6,97.23,86.38,86.38,2408651,217622543.6
2016-01-05,80.31,88.8,80.0,84.57,3240020,273579768.4
2016-01-06,86.5,89.27,86.15,88.3,3409870,299054164.5
2016-01-07,86.0,86.0,79.47,79.54,704600,57614412.0
2016-01-08,82.22,84.46,76.03,82.95,2594256,213552088.5
2016-01-11,81.03,82.95,74.66,74.66,2738586,214964263.5
2016-01-12,74.68,80.8,74.2,78.0,3085104,239072805.6
2016-01-13,77.98,79.75,73.8,73.88,2045154,156658959.89999998
2016-01-14,70.0,80.51,68.88,78.95,4450416,334775429.1
2016-01-15,77.5,78.61,75.06,76.52,2269296,174786284.9
2016-01-18,74.5,79.82,74.1,78.9,1807846,141221208.7
2016-01-19,78.63,81.6,77.55,81.0,2163446,172961588.3
2016-01-20,81.0,83.6,79.74,82.64,2363653,193503647.3
2016-01-21,81.5,84.0,78.4,78.4,2169177,177201972.29999998
2016-01-22,79.99,80.84,77.01,80.6,1724601,136468061.3
2016-01-25,81.6,82.77,80.5,81.55,1615493,131968706.60000001
2016-01-26,80.7,81.63,73.4,73.4,2119187,162377416.1
2016-01-27,73.01,74.88,67.99,72.19,1876775,133692773.3
2016-01-28,71.01,74.98,71.0,71.7,2251765,165121551.9
2016-01-29,71.7,76.8,70.16,75.9,2211487,162293700.1
2016-02-01,75.01,76.98,74.01,76.25,1219595,92394118.7
2016-02-02,76.31,81.2,75.55,79.07,2101115,165432065.6
2016-02-03,,,,,0,
2016-02-04,,,,,0,
2016-02-05,,,,,0,
2016-02-15,,,,,0,
2016-02-16,,,,,0,
2016-02-17,,,,,0,
2016-02-18,,,,,0,
2016-02-19,,,,,0,
2016-02-22,,,,,0,
2016-02-23,,,,,0,
2016-02-24,,,,,0,
2016-02-25,,,,,0,
2016-02-26,,,,,0,
2016-02-29,,,,,0,
2016-03-01,,,,,0,
2016-03-02,,,,,0,
2016-03-03,,,,,0,
2016-03-04,,,,,0,
2016-03-07,,,,,0,
2016-03-08,,,,,0,
2016-03-09,,,,,0,
2016-03-10,,,,,0,
2016-03-11,,,,,0,
2016-03-14,,,,,0,
2016-03-15,,,,,0,
2016-03-16,,,,,0,
2016-03-17,,,,,0,
2016-03-18,,,,,0,
2016-03-21,,,,,0,
2016-03-22,,,,,0,
2016-03-23,,,,,0,
2016-03-24,,,,,0,
2016-03-25,,,,,0,
2016-03-28,,,,,0,
2016-03-29,,,,,0,
2016-03-30,,,,,0,
2016-03-31,,,,,0,
2016-04-01,,,,,0,
2016-04-05,,,,,0,
2016-04-06,,,,,0,
2016-04-07,,,,,0,
2016-04-08,,,,,0,
2016-04-11,,,,,0,
2016-04-12,,,,,0,
2016-04-13,,,,,0,
2016-04-14,,,,,0,
2016-04-15,,,,,0,
2016-04-18,,,,,0,
2016-04-19,,,,,0,
2016-04-20,,,,,0,
2016-04-21,,,,,0,
2016-04-22,,,,,0,
2016-04-25,,,,,0,
2016-04-26,,,,,0,
2016-04-27,,,,,0,
2016-04-28,,,,,0,
2016-04-29,,,,,0,
2016-05-03,,,,,0,
2016-05-04,,,,,0,
2016-05-05,,,,,0,
2016-05-06,,,,,0,
2016-05-09,,,,,0,
2016-05-10,,,,,0,
2016-05-11,,,,,0,
2016-05-12,,,,,0,
2016-05-13,,,,,0,
2016-05-16,,,,,0,
2016-05-17,,,,,0,
2016-05-18,,,,,0,
2016-05-19,,,,,0,
2016-05-20,,,,,0,
2016-05-23,,,,,0,
2016-05-24,,,,,0,
2016-05-25,,,,,0,
2016-05-26,,,,,0,
2016-05-27,,,,,0,
2016-05-30,,,,,0,
2016-05-31,,,,,0,
2016-06-01,,,,,0,
2016-06-02,,,,,0,
2016-06-03,,,,,0,
2016-06-06,,,,,0,
2016-06-07,,,,,0,
2016-06-08,,,,,0,
2016-06-13,,,,,0,
2016-06-14,,,,,0,
2016-06-15,,,,,0,
2016-06-16,,,,,0,
2016-06-17,,,,,0,
2016-06-20,,,,,0,
2016-06-21,86.7,86.7,80.89,81.98,13204089,1131377234.6999998
2016-06-22,80.89,80.89,75.5,78.19,6742126,526411203.2
2016-06-23,77.8,80.29,76.88,77.21,3258443,254915068.20000002
2016-06-24,76.88,79.03,75.01,77.98,2807892,218160262.6
2016-06-27,77.0,82.54,76.71,81.7,3893382,313869801.09999996
2016-06-28,81.0,85.66,80.65,85.1,5245724,437216801.5
2016-06-29,85.0,85.68,83.23,84.15,3949303,332536903.0
2016-06-30,84.48,88.28,84.48,87.28,5052737,435048348.40000004
2016-07-01,86.89,88.0,84.68,84.72,3644955,312895417.7
2016-07-04,84.06,84.65,82.8,84.0,3346148,280246128.29999995
2016-07-05,84.05,84.49,81.69,82.3,3807438,315283932.8
2016-07-06,81.81,84.38,81.81,83.36,2529439,210458088.6
2016-07-07,84.0,84.0,80.2,81.11,3387065,276565959.6
2016-07-08,81.09,82.38,80.05,81.57,2438513,198238579.7
2016-07-11,82.0,83.64,80.65,81.07,2756218,227329079.5
2016-07-12,81.5,81.58,77.71,80.32,3189623,253511976.3
2016-07-13,80.38,85.8,79.56,84.7,5814373,485385446.9
2016-07-14,84.11,85.66,83.39,84.25,3602056,304174007.90000004
2016-07-15,82.6,82.7,80.6,81.5,3916243,319489861.6
2016-07-18,80.95,81.71,79.51,80.3,2147925,173030790.10000002
2016-07-19,80.5,81.78,80.27,81.48,1834618,148815017.6
2016-07-20,82.3,86.48,82.3,84.83,6722901,572204454.4000001
2016-07-21,84.0,85.36,83.0,83.16,3814832,322075876.8
2016-07-22,81.01,81.31,77.77,78.77,6566405,521242469.6
2016-07-25,78.1,78.4,75.21,76.99,3363475,256092671.1
2016-07-26,76.53,78.88,76.41,78.62,1753069,136644987.7
2016-07-27,78.6,78.6,71.85,73.1,3375057,250941889.0
2016-07-28,73.1,74.73,72.0,72.8,1611958,118241364.3
2016-07-29,73.04,73.21,71.0,71.81,1692701,121574120.1
2016-08-01,71.48,71.48,67.07,70.15,1860754,128993670.4
2016-08-02,70.08,70.65,68.58,69.8,1974239,137106680.9
2016-08-03,69.58,70.35,69.22,70.1,1299345,90877589.30000001
2016-08-04,69.8,71.98,69.8,71.5,1692048,120301041.5
2016-08-05,71.59,72.6,70.16,70.16,1584332,112922709.4
2016-08-08,69.99,70.9,68.17,70.57,1115440,77603441.2
2016-08-09,70.57,72.4,70.31,72.24,1349151,96522540.5
2016-08-10,72.25,73.34,72.0,72.05,1706211,124041525.6
2016-08-11,72.3,72.9,71.25,71.81,1238814,89313155.19999999
2016-08-12,71.5,72.45,71.4,72.29,954573,68743841.4
2016-08-15,73.0,76.68,72.4,76.3,2905678,218159421.0
2016-08-16,76.01,76.76,75.15,75.45,1790757,135368726.8
2016-08-17,75.15,76.69,75.15,75.8,1489795,113316437.39999999
2016-08-18,75.88,76.4,74.01,75.18,1575010,118096774.1
2016-08-19,75.01,75.7,74.51,75.21,1116112,83980980.80000001
2016-08-22,75.21,77.99,74.9,75.74,2433946,186604327.8
2016-08-23,75.27,76.14,74.6,75.0,1306923,98335441.2
2016-08-24,74.82,78.38,74.82,77.99,3609891,280276964.8
2016-08-25,77.99,81.12,76.72,79.9,4211437,333879630.40000004
2016-08-26,79.5,81.5,78.01,78.57,2873428,227395168.29999998
2016-08-29,78.5,78.57,75.5,76.62,2391000,184077141.0
2016-08-30,76.2,77.99,75.66,77.04,2602620,199756954.9
2016-08-31,75.99,76.4,74.8,75.75,2355904,178036796.6
2016-09-01,75.15,77.34,75.15,75.64,2086617,159264424.39999998
2016-09-02,75.48,76.35,73.52,73.61,1777337,132303493.2
2016-09-05,73.94,74.3,73.08,73.67,1134985,83597688.5
2016-09-06,73.28,74.37,72.72,74.2,1568785,115396286.2
2016-09-07,74.17,74.47,73.4,73.4,1707435,126005614.9
2016-09-08,73.25,73.8,73.01,73.5,948699,69591360.5
2016-09-09,73.9,73.9,71.5,71.5,1880975,136572307.0
2016-09-12,70.46,71.17,69.55,70.28,2037002,143377146.5
2016-09-13,70.13,70.88,68.41,68.99,2436000,168609314.7
2016-09-14,68.48,70.42,68.0,69.15,1652331,114824558.5
2016-09-19,69.22,70.88,69.22,69.88,1067616,74708321.7
2016-09-20,70.0,70.0,69.0,69.74,917894,63772214.4
2016-09-21,69.53,70.09,69.48,69.74,761635,53177594.599999994
2016-09-22,70.0,70.5,69.0,69.81,925741,64781724.6
2016-09-23,70.3,71.48,69.93,70.44,1447482,102553616.4
2016-09-26,72.0,73.9,71.62,72.2,3522255,256591025.3
2016-09-27,71.5,72.76,70.86,71.9,1792587,128251084.9
2016-09-28,71.9,72.54,70.8,72.31,1329396,95198250.7
2016-09-29,72.42,74.46,72.41,73.73,2883527,212802456.4
2016-09-30,73.9,75.45,73.31,75.04,2006136,149469269.9
2016-10-10,76.64,78.8,76.5,78.34,3293272,256001865.6
2016-10-11,78.5,79.79,77.3,77.6,2507702,196244470.70000002
2016-10-12,77.48,78.45,77.0,77.45,1707481,132303656.4
2016-10-13,76.66,76.66,74.78,75.64,2782751,209728498.7
2016-10-14,75.65,76.46,75.3,75.91,1593336,120951140.6
2016-10-17,76.0,77.75,73.03,74.43,2140154,162254687.2
2016-10-18,75.0,78.67,73.99,76.9,2107722,161323563.7
2016-10-19,77.1,77.3,75.56,75.62,1501904,114739395.5
2016-10-20,75.71,77.5,75.2,76.76,2047006,156388046.89999998
2016-10-21,76.74,78.25,76.13,76.84,2068804,159694427.3
2016-10-24,77.49,77.95,76.82,77.2,1643235,127010999.7
2016-10-25,77.25,77.59,76.06,76.36,1698565,130079708.4
2016-10-26,76.4,76.54,74.51,75.09,1337534,100543413.9
2016-10-27,,,,,0,
2016-10-28,,,,,0,
2016-10-31,,,,,0,
2016-11-01,,,,,0,
2016-11-02,,,,,0,
2016-11-03,80.0,80.72,77.68,77.87,7130112,564594065.0
2016-11-04,77.78,80.79,77.76,78.99,4752477,378239120.0
2016-11-07,79.0,79.0,76.8,77.91,2974606,230746321.0
2016-11-08,78.2,78.58,77.39,77.66,1649685,128429175.0
2016-11-09,77.94,80.6,77.6,78.91,3841579,304796479.0
2016-11-10,78.95,83.4,78.95,82.0,5611848,459779599.0
2016-11-11,81.32,84.88,81.32,82.33,4478189,372377690.0
2016-11-14,82.28,82.93,81.51,82.13,2896419,237843682.0
2016-11-15,81.96,81.96,80.01,81.0,2851461,229878977.0
2016-11-16,81.2,84.1,81.2,82.2,3499185,290256199.0
2016-11-17,82.2,82.2,79.63,79.7,3082990,247467545.0
2016-11-18,79.9,81.47,79.5,80.75,4190524,337001438.0
2016-11-21,80.65,83.5,80.06,83.5,4308823,353636069.0
2016-11-22,83.8,86.68,83.53,85.97,7377207,628421322.0
2016-11-23,85.2,85.6,83.79,83.86,4205593,354835261.0
2016-11-24,83.53,85.5,82.32,83.2,3053248,256251508.0
2016-11-25,82.8,83.4,80.6,82.0,3111374,253790719.0
2016-11-28,82.48,82.88,81.6,81.66,2065949,169700592.0
2016-11-29,81.45,82.3,80.31,80.81,2236116,181834653.0
2016-11-30,80.7,81.51,79.8,80.17,2192722,176587124.0
2016-12-01,79.82,80.29,78.82,79.34,2365531,187905728.0
2016-12-02,79.28,79.7,77.56,77.7,2276027,178192790.0
2016-12-05,77.0,78.88,76.89,78.07,1431116,111822873.0
2016-12-06,78.05,79.39,77.71,77.75,1489368,116959329.0
2016-12-07,77.81,77.95,76.71,77.75,2632054,202901443.0
2016-12-08,77.68,81.5,77.59,78.99,5081277,404545695.0
2016-12-09,78.88,80.36,78.6,79.2,2216866,175989422.0
2016-12-12,79.0,79.0,74.58,74.61,3534307,270532585.0
2016-12-13,74.5,76.2,74.28,75.8,1807893,136376073.0
2016-12-14,75.58,77.14,75.1,76.06,2140640,162723580.0
2016-12-15,75.8,77.68,75.78,76.74,1929212,148367299.0
2016-12-16,78.45,78.88,77.41,77.77,2148301,167479533.0
2016-12-19,77.26,77.89,76.8,77.56,1159256,89488621.0
2016-12-20,77.56,77.92,75.17,75.8,1673894,127911501.0
2016-12-21,76.0,76.41,75.04,75.71,1607092,121363657.0
2016-12-22,75.31,75.85,74.31,74.91,1517957,113606812.0
2016-12-23,75.34,75.34,72.02,72.5,2155248,157952618.0
2016-12-26,71.81,71.9,69.6,71.9,2327519,164652156.0
2016-12-27,71.7,72.85,71.17,72.13,1247139,89837441.0
2016-12-28,72.9,72.9,70.0,70.59,2765407,196218630.0
2016-12-29,70.5,70.65,69.7,69.98,1784220,125170662.0
2016-12-30,70.3,70.3,68.6,69.16,1931298,133688609.0
2017-01-03,68.5,69.92,68.5,69.59,1618469,112420310.0
2017-01-04,69.55,71.5,69.3,71.44,2200083,155670601.0
2017-01-05,71.45,71.45,70.64,70.85,1657040,117541574.0
2017-01-06,71.17,71.78,69.75,70.26,1534146,107852292.0
2017-01-09,70.0,70.49,69.46,69.85,1206575,84252445.0
2017-01-10,69.69,71.64,69.51,70.81,1787886,126708949.0
2017-01-11,70.43,70.76,68.59,68.59,1852625,128962286.0
2017-01-12,68.88,69.4,67.9,68.03,1658593,113756116.0
2017-01-13,67.6,68.29,66.5,67.5,1807985,121901718.0
2017-01-16,65.5,66.77,60.75,62.28,4975000,316021650.0
2017-01-17,62.0,63.25,60.73,62.58,2894262,179280502.0
2017-01-18,61.99,62.31,60.66,60.89,2883075,176547604.0
2017-01-19,60.7,61.0,58.6,60.57,3623939,216286142.0
2017-01-20,60.01,62.69,59.7,61.97,2170157,133516374.00000001
2017-01-23,61.9,63.38,61.6,63.01,1804298,113440519.0
2017-01-24,62.8,62.8,60.62,61.51,1920173,118316952.0
2017-01-25,61.89,63.12,61.82,62.26,2008556,125580328.0
2017-01-26,62.23,64.26,62.1,64.0,1968941,124560996.0
2017-02-03,63.45,63.5,60.98,61.2,2964920,183869204.0
2017-02-06,61.23,63.17,61.2,63.06,2279632,142340326.0
2017-02-07,63.3,63.3,62.18,62.88,1200061,75255252.0
2017-02-08,62.9,63.3,61.38,62.99,1392723,86891990.0
2017-02-09,62.63,63.99,62.63,63.5,2022845,128454852.0
2017-02-10,63.78,64.11,62.7,63.2,1493826,94497867.0
2017-02-13,62.75,64.16,62.72,64.05,1872419,119402218.0
2017-02-14,63.8,64.79,63.62,64.55,1547868,99511095.0
2017-02-15,64.68,64.93,63.1,63.5,1847816,118315487.0
2017-02-16,63.54,63.97,62.89,63.64,1310765,83173090.0
2017-02-17,63.48,63.62,62.06,62.55,1340255,84200016.0
2017-02-20,62.48,63.4,62.14,63.33,1321079,83138567.0
2017-02-21,63.1,66.59,63.1,65.9,3733719,241777955.0
2017-02-22,65.28,65.7,64.5,65.35,2885983,187155648.0
2017-02-23,65.3,67.89,65.25,66.74,3206545,214390451.0
2017-02-24,66.37,70.4,66.37,68.66,6184917,427202610.0
2017-02-27,68.9,70.06,68.21,69.08,2789123,192540662.0
2017-02-28,68.89,69.83,68.01,69.65,2554738,176868484.0
2017-03-01,70.7,71.5,69.39,69.65,3072159,215862653.0
2017-03-02,69.4,69.58,68.42,68.67,2020369,138979824.0
2017-03-03,68.87,70.65,68.2,69.99,2413780,168263299.0
2017-03-06,70.0,71.09,69.5,70.36,2327379,163850138.0
2017-03-07,70.65,70.84,69.09,69.8,1550484,108067213.0
2017-03-08,69.78,70.65,69.19,69.69,1157689,80872538.0
2017-03-09,69.85,70.5,68.72,69.3,1560240,108341388.0
2017-03-10,69.2,71.05,69.0,70.35,2214889,155752217.0
2017-03-13,70.31,70.67,69.08,70.32,2695059,188217996.0
2017-03-14,70.5,72.5,70.26,71.55,4240143,304138893.0
2017-03-15,72.43,73.0,69.75,70.43,8401107,602368611.0
2017-03-16,70.0,71.4,69.99,70.63,4171080,294695615.0
2017-03-17,70.8,70.99,69.49,69.61,2899970,203313271.0
2017-03-20,69.6,69.87,68.44,69.62,2598578,179227798.0
2017-03-21,69.59,70.26,69.26,69.97,1866338,130467278.0
2017-03-22,69.68,70.3,68.68,69.8,2044332,142536962.0
2017-03-23,69.8,71.48,69.69,70.05,3019892,213078566.0
2017-03-24,70.56,70.57,69.2,69.63,1721365,120173196.0
2017-03-27,69.81,69.95,68.7,68.77,1412912,97720447.0
2017-03-28,69.0,69.28,67.77,67.95,1785003,122098086.0
2017-03-29,68.2,68.29,65.9,66.59,2731047,182469076.0
2017-03-30,66.18,66.45,63.5,64.3,2649906,171143399.0
2017-03-31,67.64,67.64,64.3,65.18,6110984,403157064.0
2017-04-05,66.17,67.16,65.2,66.82,3429684,227964179.0
2017-04-06,66.82,67.97,66.5,67.3,2567399,172603765.0
2017-04-07,67.15,69.97,67.14,68.89,4777959,329154874.0
2017-04-10,68.89,68.9,66.25,66.68,3440732,232305976.0
2017-04-11,67.0,68.2,66.5,68.0,2729484,183966995.0
2017-04-12,68.02,68.88,66.9,67.25,1872470,127438693.0
2017-04-13,67.0,68.57,66.88,67.7,1488960,101178514.0
2017-04-14,67.24,68.97,67.24,68.26,1942428,132467714.0
2017-04-17,67.49,68.0,65.26,65.72,2370756,157522679.0
2017-04-18,65.3,66.01,65.01,65.22,1595621,104777626.0
2017-04-19,64.82,65.25,63.11,65.09,2258389,144722430.0
2017-04-20,64.04,65.08,63.9,64.49,1863528,120003883.0
2017-04-21,65.0,67.22,65.0,66.57,2580916,171436295.0
2017-04-24,68.56,69.48,67.65,67.99,4410451,303142929.0
2017-04-25,68.18,69.59,68.18,68.89,3434502,236695601.0
2017-04-26,69.35,69.68,68.35,68.8,4071508,280844260.0
2017-04-27,68.88,70.3,67.89,69.88,5589345,386905589.0
2017-04-28,69.88,71.45,69.6,70.46,5812530,410937657.0
2017-05-02,69.68,70.93,69.16,70.47,3128946,219607644.0
2017-05-03,70.44,70.47,67.6,68.1,4379170,300773043.0
2017-05-04,68.19,68.65,67.46,67.67,2579586,175680444.0
2017-05-05,67.6,69.54,67.3,68.55,3580800,245724345.0
2017-05-08,68.59,70.68,67.7,67.72,4796934,331992747.0
2017-05-09,67.75,67.75,65.33,67.04,3827465,253877269.0
2017-05-10,67.16,68.63,66.0,66.3,3798782,256355862.0
2017-05-11,66.0,66.18,62.6,64.61,5169286,331309522.0
2017-05-12,22.8,23.27,21.51,21.8,14171071,314808989.0
2017-05-15,21.6,22.42,21.6,22.12,8550566,188452096.0
2017-05-16,22.0,22.98,21.68,22.83,9688476,216417376.0
2017-05-17,22.81,23.93,22.68,23.25,15364341,359746476.0
2017-05-18,23.0,23.58,22.89,22.97,8609724,200483640.0
2017-05-19,23.2,23.59,22.91,22.99,7332360,170221284.0
2017-05-22,22.86,23.24,22.05,22.09,8575266,192383136.0
2017-05-23,22.13,22.28,20.79,20.85,12169476,260874099.0
2017-05-24,20.73,21.3,20.55,21.22,6337001,133016000.0
2017-05-25,21.15,21.49,20.65,21.3,9107802,192184837.0
2017-05-26,21.04,21.32,20.89,20.9,7232718,152807586.0
2017-05-31,21.1,21.23,20.7,20.7,9947810,208871596.0
2017-06-01,20.4,20.4,18.63,18.63,18828240,364664693.0
2017-06-02,18.48,19.26,18.11,19.13,10880305,204415948.0
2017-06-05,19.17,19.49,19.0,19.32,7975580,154136535.0
2017-06-06,19.2,19.75,19.18,19.59,7324446,143321113.0
2017-06-07,19.6,21.25,19.52,21.0,15799185,325640152.0
2017-06-08,20.94,21.33,20.73,20.82,11269609,236229689.0
2017-06-09,20.82,21.39,20.75,21.18,10781647,227835385.0
2017-06-12,20.93,21.46,20.83,21.16,8508124,179741160.0
2017-06-13,20.93,21.14,20.33,20.99,12288644,255419780.0
2017-06-14,20.88,20.88,20.34,20.44,9875677,202814913.0
2017-06-15,20.36,21.79,20.33,21.4,15963190,338737255.0
2017-06-16,21.39,21.77,21.3,21.45,9778381,210212450.0
2017-06-19,21.35,21.92,21.2,21.69,11486217,247283084.0
2017-06-20,21.67,21.79,21.26,21.42,9456078,203409808.0
2017-06-21,21.52,21.58,21.12,21.27,6092473,129475625.0
2017-06-22,21.2,21.81,21.15,21.18,8926547,191752000.0
2017-06-23,21.01,21.38,20.7,21.05,7410134,155617082.0
2017-06-26,21.05,21.85,20.95,21.85,8672998,186665434.0
2017-06-27,21.85,22.38,21.78,21.95,9846058,217537764.0
2017-06-28,21.96,21.97,21.41,21.51,6921189,149401059.0
2017-06-29,21.55,21.85,21.52,21.65,4889190,106001225.0
2017-06-30,21.65,21.66,21.3,21.5,5018761,107856441.0
2017-07-03,21.52,21.96,21.4,21.94,6139564,133461856.99999999
2017-07-04,21.97,22.09,21.53,21.66,5562245,120927528.0
2017-07-05,21.52,21.63,21.15,21.6,8270059,176816971.0
2017-07-06,21.5,21.6,21.16,21.26,6252935,133487372.99999999
2017-07-07,21.26,21.69,21.26,21.47,5691853,122328560.0
2017-07-10,21.4,21.74,21.21,21.22,6403210,137097315.0
2017-07-11,21.16,21.35,20.42,20.49,7750370,162465772.0
2017-07-12,20.46,20.83,20.03,20.72,8546308,173849022.0
2017-07-13,20.5,20.53,20.01,20.2,6654175,135027071.0
2017-07-14,20.11,20.57,20.11,20.27,4791984,97538171.0
2017-07-17,20.19,20.19,18.51,19.02,10220337,198124740.0
2017-07-18,19.02,19.46,18.7,19.24,4779151,91579314.0
2017-07-19,19.31,19.56,19.08,19.49,4914962,95080885.0
2017-07-20,19.46,19.86,19.39,19.53,5037256,98968805.0
2017-07-21,19.42,19.84,19.41,19.49,4388006,86050642.0
2017-07-24,19.37,19.83,19.36,19.73,4967631,97620676.0
2017-07-25,19.73,20.45,19.65,20.33,8591965,173831514.0
2017-07-26,20.45,21.17,20.45,20.7,10519276,219719678.0
2017-07-27,20.7,21.73,20.31,21.4,16266979,344702153.0
2017-07-28,21.6,21.6,21.0,21.12,10666015,226410677.0
2017-07-31,21.1,21.69,21.01,21.64,10909472,233440361.0
2017-08-01,21.48,21.68,21.08,21.25,9052712,193272536.0
2017-08-02,21.25,21.69,21.2,21.33,10305317,221593539.0
2017-08-03,21.39,22.09,21.12,21.98,13505575,292659718.0
2017-08-04,21.9,22.09,21.03,21.08,14015983,301733117.0
2017-08-07,21.05,21.06,20.55,20.75,10416028,216215721.0
2017-08-08,20.77,21.07,20.5,21.01,7262715,151239745.0
2017-08-09,21.0,21.43,20.66,21.18,8316676,175780986.0
2017-08-10,21.09,21.36,20.61,20.66,7198467,150398708.0
2017-08-11,20.65,22.2,20.31,21.5,18894033,405550128.0
2017-08-14,21.62,22.35,21.5,22.03,15010252,330721359.0
2017-08-15,21.98,22.16,21.71,22.04,9009014,196855292.0
2017-08-16,21.95,22.54,21.72,22.08,14078561,311851576.0
2017-08-17,22.01,22.03,20.5,21.18,27412263,580267548.0
2017-08-18,20.88,20.89,20.49,20.54,12122152,250769878.0
2017-08-21,20.51,20.83,20.5,20.69,6704768,138410127.0
2017-08-22,20.63,20.87,20.55,20.71,6678666,138365367.0
2017-08-23,20.72,20.82,19.82,19.92,13730965,277076410.0
2017-08-24,19.92,20.03,19.61,19.9,7043949,139777845.0
2017-08-25,19.9,20.46,19.83,20.34,7923322,160720688.0
2017-08-28,20.5,20.7,20.32,20.48,7769433,159576605.0
2017-08-29,20.5,21.08,20.45,20.99,10087776,209807620.0
2017-08-30,21.41,21.69,20.93,20.96,14276272,303726545.0
2017-08-31,20.93,21.37,20.56,21.18,10761769,225262119.0
2017-09-01,21.2,21.24,20.73,21.01,11502149,241258483.0
2017-09-04,20.99,21.0,20.65,20.87,9697799,202067118.0
2017-09-05,20.81,21.39,20.68,21.14,13139098,278858939.0
2017-09-06,21.0,21.05,20.72,21.01,10290176,214641261.0
2017-09-07,21.0,21.62,20.86,21.23,14390261,308104511.0
2017-09-08,21.48,22.08,21.36,21.73,17207807,375309887.0
2017-09-11,21.68,21.68,21.31,21.6,10567081,226931634.0
2017-09-12,21.61,21.62,21.02,21.08,10995041,233401013.0
2017-09-13,20.99,21.3,20.8,21.15,7663994,161323611.0
2017-09-14,21.0,21.17,20.83,20.83,6825230,142966588.0
2017-09-15,20.79,20.96,20.46,20.67,7762307,160876632.0
2017-09-18,20.67,21.18,20.63,21.09,7370956,155121321.0
2017-09-19,21.06,21.16,20.82,20.88,5703561,119317728.0
2017-09-20,20.72,20.85,20.54,20.7,6614123,136825049.0
2017-09-21,20.69,20.82,20.35,20.35,7380766,151907633.0
2017-09-22,20.28,20.42,20.02,20.42,7385070,148761378.0
2017-09-25,20.26,20.35,19.99,20.03,5114676,103071882.0
2017-09-26,19.96,20.11,19.87,20.03,3913352,78286555.0
2017-09-27,20.18,20.44,20.03,20.36,4426066,89883190.0
2017-09-28,20.25,20.39,20.0,20.0,5078047,102142189.0
2017-09-29,20.06,20.25,20.01,20.08,4000356,80511227.0
2017-10-09,20.32,20.77,20.31,20.68,10471677,215765726.0
2017-10-10,20.75,20.95,20.5,20.94,9423056,195755576.0
2017-10-11,20.95,21.38,20.87,21.04,11184073,236233992.0
2017-10-12,21.0,21.35,20.87,21.2,8646496,182350659.0
2017-10-13,21.21,21.46,21.15,21.29,8327191,177343174.0
2017-10-16,21.12,21.75,20.85,20.88,10419585,221522049.0
2017-10-17,20.85,21.65,20.73,21.56,12510972,266246175.0
2017-10-18,21.4,21.54,20.92,21.28,10333689,219752041.0
2017-10-19,21.18,21.67,21.06,21.6,13493341,289984970.0
2017-10-20,21.5,22.35,21.43,21.93,23377943,514046585.0
2017-10-23,21.81,22.15,21.61,21.85,12379231,270242421.0
2017-10-24,21.84,22.15,21.36,21.99,11836923,257541705.0
2017-10-25,21.94,22.08,21.66,21.85,8517114,186149327.0
2017-10-26,21.49,21.49,20.81,21.01,26493904,557652116.0
2017-10-27,20.81,21.28,20.76,21.26,13327541,279685581.0
2017-10-30,21.1,21.44,20.6,20.83,12277379,256864888.0
2017-10-31,20.7,20.94,20.41,20.85,7860554,162889146.0
2017-11-01,20.81,20.93,20.56,20.73,10265554,212650396.0
2017-11-02,20.62,21.4,20.45,21.14,19286679,406021011.0
2017-11-03,21.05,21.2,20.54,20.8,10221110,212932104.0
2017-11-06,20.77,20.9,20.31,20.75,10286060,212442731.0
2017-11-07,20.71,20.89,20.51,20.75,9711667,200372273.0
2017-11-08,20.72,20.72,20.46,20.48,11780176,242388538.0
2017-11-09,20.4,20.4,20.06,20.13,14514045,292775721.0
2017-11-10,20.14,20.36,20.11,20.18,9339986,188621599.0
2017-11-13,20.25,20.39,19.98,20.03,9694568,195097257.0
2017-11-14,19.95,19.95,18.95,19.25,19496572,378210642.0
2017-11-15,19.05,19.34,19.03,19.29,6700492,128872414.0
2017-11-16,19.32,19.37,19.16,19.16,5075850,97706466.0
2017-11-17,19.12,19.18,18.26,18.32,10455555,195082078.0
2017-11-20,18.22,18.32,17.51,18.32,12288501,219253767.0
2017-11-21,18.07,18.59,17.99,18.58,12122665,222209641.0
2017-11-22,18.55,18.85,18.36,18.85,7534638,139931484.0
2017-11-23,18.8,18.95,18.34,18.79,8647752,161733849.0
2017-11-24,18.64,18.85,18.64,18.85,4933505,92573569.0
2017-11-27,18.86,18.96,18.59,18.96,6561075,123083348.0
2017-11-28,18.87,18.93,18.68,18.9,6148712,115563890.0
2017-11-29,18.81,18.85,18.35,18.84,7137068,133174439.00000001
2017-11-30,18.65,18.8,18.52,18.75,5737542,107101647.0
2017-12-01,18.6,19.2,18.49,19.16,12412373,234151744.0
2017-12-04,19.0,19.36,18.93,19.11,11347370,217657212.0
2017-12-05,19.0,19.09,18.35,18.62,8270173,154315024.0
2017-12-06,18.45,18.73,18.42,18.66,4200605,77957593.0
2017-12-07,18.61,18.92,18.61,18.7,7502791,140482160.0
2017-12-08,19.01,19.39,18.89,19.16,14944486,287095858.0
2017-12-11,19.21,19.41,19.12,19.29,8930215,172266742.0
2017-12-12,19.23,19.25,18.81,18.81,6863667,130699032.0
2017-12-13,18.7,18.85,18.53,18.82,5704940,106726909.0
2017-12-14,18.67,18.78,18.26,18.5,8287549,153140754.0
2017-12-15,18.37,18.47,18.05,18.38,5965223,109071698.0
2017-12-18,18.41,18.44,18.09,18.38,5221844,95341051.0
2017-12-19,18.25,18.44,18.16,18.43,5136493,94202388.0
2017-12-20,18.37,18.41,17.9,17.98,6132340,111098773.0
2017-12-21,17.89,17.94,17.62,17.74,5084471,90534972.0
2017-12-22,17.73,17.84,17.48,17.48,6087220,107365804.0
2017-12-25,17.48,17.49,16.85,17.0,8807963,150135969.0
2017-12-26,17.03,17.1,16.89,17.05,6150154,104579253.0
2017-12-27,17.05,17.09,16.76,16.95,6552540,110790889.0
2017-12-28,16.85,17.34,16.82,17.13,8480571,145439775.0
2017-12-29,16.99,17.13,16.8,17.1,6931852,117252399.0
2018-01-02,17.04,17.25,16.96,17.16,5823640,99830575.0
2018-01-03,17.15,17.49,17.12,17.46,9028845,156537043.0
2018-01-04,17.5,17.74,17.37,17.49,7041347,123492364.0
2018-01-05,17.39,17.62,17.36,17.49,5417594,94785918.0
2018-01-08,17.48,17.5,17.2,17.39,5712454,98939722.0
2018-01-09,17.32,17.68,17.24,17.45,7258143,126724000.0
2018-01-10,17.35,17.44,17.05,17.16,7718858,132634693.99999999
2018-01-11,17.08,17.86,16.86,17.76,12516051,219229369.0
2018-01-12,17.79,18.88,17.71,17.84,14294458,259129947.0
2018-01-15,17.96,17.96,17.4,17.67,9452393,166919684.0
2018-01-16,17.59,17.89,17.44,17.67,10820913,190661574.0
2018-01-17,17.45,17.46,16.9,17.26,9093114,156394888.0
2018-01-18,17.17,17.36,17.08,17.1,5911110,101590972.0
2018-01-19,17.09,17.26,16.93,17.1,7347845,125441517.0
2018-01-22,17.0,17.56,16.92,17.44,10188698,176549135.0
2018-01-23,17.48,17.62,17.23,17.31,5418497,94138881.0
2018-01-24,17.28,18.13,17.14,18.08,19616769,348999191.0
2018-01-25,18.0,18.56,17.8,17.88,20523670,374036905.0
2018-01-26,17.77,18.18,17.73,18.07,7828474,140930781.0
2018-01-29,17.97,18.14,17.6,17.64,8748596,155946477.0
2018-01-30,17.64,18.08,17.62,18.0,8623059,154064219.0
2018-01-31,17.86,17.86,17.12,17.25,12112756,210781588.0
2018-02-01,17.12,17.34,16.34,16.4,11582639,194334777.0
2018-02-02,16.48,16.74,16.18,16.35,8516853,140508959.0
2018-02-05,16.15,16.58,16.0,16.33,6767036,110694320.0
2018-02-06,16.0,16.09,14.98,15.0,11052477,172487257.0
2018-02-07,15.42,15.55,14.81,15.27,9320979,142412457.0
2018-02-08,15.27,15.66,15.27,15.5,8238099,127608826.0
2018-02-09,15.0,15.18,14.43,15.05,11367074,168704828.0
2018-02-12,15.09,15.35,14.91,15.23,9663442,146638282.0
2018-02-13,15.24,15.47,15.02,15.1,7359054,111918517.0
2018-02-14,15.1,15.15,14.83,15.15,5620663,84078544.0
2018-02-22,15.25,15.35,15.13,15.3,6079030,92776876.0
2018-02-23,15.3,15.3,15.1,15.17,5305896,80544843.0
2018-02-26,15.5,16.09,15.32,16.04,14582895,229255047.0
2018-02-27,16.14,16.23,15.98,16.05,11963605,192777395.0
2018-02-28,16.19,17.66,16.07,17.05,26454275,447932969.0
2018-03-01,16.92,17.25,16.66,17.12,15798151,267660129.00000003
2018-03-02,16.91,17.44,16.85,16.95,12561323,214880559.0
2018-03-05,17.05,17.18,16.72,17.06,8998902,152554552.0
2018-03-06,17.34,17.53,16.84,17.08,18538582,319830532.0
2018-03-07,16.85,16.86,16.57,16.58,13107876,218928180.0
2018-03-08,16.51,16.81,16.51,16.75,9456989,157629989.0
2018-03-09,17.44,18.26,17.21,17.86,33545057,596507113.0
2018-03-12,18.25,19.13,17.86,19.03,39980175,739489534.0
2018-03-13,19.0,19.08,18.56,18.79,28591838,537818418.0
2018-03-14,18.65,18.71,18.25,18.37,18840379,347309132.0
2018-03-15,18.59,18.77,17.77,18.5,21686641,396323266.0
2018-03-16,18.42,19.47,18.31,18.78,36628037,694515615.0
2018-03-19,18.53,18.66,18.12,18.38,18448976,339676094.0
2018-03-20,18.1,18.16,17.44,17.76,21053586,373229202.0
2018-03-21,17.74,18.12,17.35,17.4,17265893,306449429.0
2018-03-22,17.3,17.95,17.3,17.5,13516909,238042948.0
2018-03-23,16.8,16.94,15.75,15.95,24171356,394708354.0
2018-03-26,15.76,16.28,15.42,16.26,13918179,221703103.0
2018-03-27,16.48,16.85,16.4,16.75,15584043,258825662.0
2018-03-28,16.45,16.92,16.37,16.48,11816366,196217900.0
2018-03-29,16.5,16.8,16.43,16.6,10753185,178281898.0
2018-03-30,16.69,17.1,16.61,17.1,16110164,272200222.0
2018-04-02,17.29,17.34,16.8,16.87,14737442,250619412.0
2018-04-03,16.41,16.51,15.98,16.25,16454317,267073875.0
2018-04-04,16.26,16.37,16.02,16.07,8607966,139086663.0
2018-04-09,16.05,16.19,15.8,15.86,11067225,176419016.0
2018-04-10,15.74,16.15,15.19,16.13,18303699,285353628.0
2018-04-11,16.01,16.26,15.96,16.01,11407055,183890354.0
2018-04-12,15.98,16.05,15.73,15.76,7618419,120857760.0
2018-04-13,15.85,16.17,15.82,15.92,6952507,111110396.0
2018-04-16,15.95,16.02,15.38,15.5,8340919,130861997.0
2018-04-17,15.58,15.65,14.96,14.97,10770381,163836419.0
2018-04-18,15.1,15.34,14.48,15.31,14514665,216018738.0
2018-04-19,15.19,15.57,15.05,15.29,10695759,163611703.0
2018-04-20,15.1,15.5,14.94,14.99,8568285,130377210.0
2018-04-23,15.0,15.12,14.55,14.7,9169806,135307540.0
2018-04-24,14.75,15.19,14.69,15.05,11116292,166570023.0
2018-04-25,14.95,15.17,14.84,14.95,8623277,129415020.0
2018-04-26,15.0,15.03,14.13,14.51,14867749,215953158.0
2018-04-27,14.44,14.59,14.24,14.49,10202940,146932819.0
2018-05-02,13.87,13.97,13.04,13.04,23971366,318772510.0
2018-05-03,13.0,13.32,12.82,13.26,12643481,166496427.0
2018-05-04,13.16,13.49,13.16,13.35,10513318,140656330.0
2018-05-07,13.3,13.49,13.1,13.14,16975236,225816704.0
2018-05-08,13.19,13.66,13.14,13.59,18670356,250078864.0
2018-05-09,13.5,13.63,13.16,13.27,12991928,173328244.0
2018-05-10,13.27,13.38,13.04,13.2,10221481,135110236.0
2018-05-11,,,,,0,
2018-05-14,,,,,0,
2018-05-15,,,,,0,
2018-05-16,,,,,0,
2018-05-17,,,,,0,
2018-05-18,,,,,0,
2018-05-21,,,,,0,
2018-05-22,,,,,0,
2018-05-23,,,,,0,
2018-05-24,,,,,0,
2018-05-25,12.01,12.34,11.88,11.88,14885112,177861260.0
2018-05-28,11.3,11.44,10.69,10.98,40379644,437881552.0
2018-05-29,10.71,10.85,10.55,10.66,19040233,203287928.0
2018-05-30,10.4,10.77,10.2,10.3,15997520,168439957.0
2018-05-31,10.49,10.68,10.3,10.43,14677762,153431834.0
2018-06-01,10.31,10.56,10.21,10.3,13039541,135133035.0
2018-06-04,10.35,10.55,10.18,10.45,12036081,125107442.0
2018-06-05,10.5,10.57,10.37,10.55,10204560,107024206.0
2018-06-06,10.59,10.76,10.53,10.63,12641912,134489460.0
2018-06-07,10.65,10.65,10.43,10.45,8596309,90396708.0
2018-06-08,10.36,10.44,10.07,10.22,10987251,112283004.0
2018-06-11,10.15,10.42,10.15,10.23,8601560,88449514.0
2018-06-12,10.28,10.38,10.15,10.36,7656958,78953857.0
2018-06-13,10.33,10.33,9.95,9.98,10579913,107216910.0
2018-06-14,9.94,10.27,9.88,10.14,10486216,106036548.0
2018-06-15,10.13,10.19,9.73,9.8,10540913,104653651.0
2018-06-19,9.65,9.68,8.82,8.82,15543372,142233802.0
2018-06-20,8.7,9.02,8.63,8.91,10810913,95428010.0
2018-06-21,8.9,8.94,8.66,8.66,9783205,86187274.0
2018-06-22,8.61,9.53,8.56,9.34,28165737,261010424.0
2018-06-25,9.3,9.31,9.02,9.03,16001650,146536895.0
2018-06-26,8.9,9.45,8.82,9.3,16823311,155261541.0
2018-06-27,8.96,9.04,8.73,8.83,19559671,173605240.0
2018-06-28,8.83,8.98,8.76,8.78,9831260,87096947.0
2018-06-29,8.82,9.35,8.64,9.26,18304839,165939407.0
2018-07-02,9.27,9.27,8.94,9.07,10992893,100292422.0
2018-07-03,9.05,9.32,8.95,9.29,13989499,128531801.0
2018-07-04,9.2,9.24,8.9,8.95,11540950,104430872.0
2018-07-05,8.9,9.02,8.6,8.62,11372242,99966677.0
2018-07-06,8.62,8.95,8.45,8.82,13208189,115666071.0
2018-07-09,8.8,9.05,8.77,9.0,9895730,88269300.0
2018-07-10,8.94,9.01,8.83,8.94,9884155,87900504.0
2018-07-11,8.81,8.82,8.09,8.24,22351243,187082391.0
2018-07-12,8.25,8.61,8.22,8.5,16017965,135568881.0
2018-07-13,8.59,9.35,8.51,9.25,37407309,339991187.0
2018-07-16,8.73,8.75,8.33,8.34,40908966,346415942.0
2018-07-17,8.39,8.5,8.26,8.46,18365347,154076883.0
2018-07-18,8.44,8.51,8.25,8.27,16381109,136793229.0
2018-07-19,8.25,8.3,7.98,8.05,16594023,134381145.0
2018-07-20,8.02,8.17,7.9,8.12,12392137,99734286.0
2018-07-23,8.08,8.22,8.02,8.22,10576280,85666896.0
2018-07-24,8.16,8.45,8.13,8.39,16171277,134706391.0
2018-07-25,8.39,8.89,8.38,8.84,36508822,316949080.0
2018-07-26,8.9,8.9,8.56,8.71,26191459,226995513.0
2018-07-27,8.65,8.68,8.44,8.45,15500065,132427674.99999999
2018-07-30,8.34,8.46,8.16,8.2,12167991,100749947.0
2018-07-31,8.19,8.31,8.18,8.23,7912834,65115022.0
2018-08-01,8.2,8.28,8.03,8.04,10458351,85166803.0
2018-08-02,8.01,8.05,7.42,7.62,15836814,121833057.0
2018-08-03,7.62,7.68,7.52,7.54,7608519,57762525.0
2018-08-06,7.47,7.57,7.37,7.46,11102574,82762403.0
2018-08-07,7.48,7.69,7.38,7.69,12257528,92530928.0
2018-08-08,7.62,7.75,7.51,7.53,10053699,76812807.0
2018-08-09,7.5,7.8,7.48,7.7,10504647,80888920.0
2018-08-10,7.71,7.76,7.65,7.74,8590771,66184005.00000001
2018-08-13,7.58,7.95,7.56,7.82,10190480,78573274.0
2018-08-14,7.77,7.81,7.7,7.75,5919099,45847436.0
2018-08-15,7.73,7.76,7.52,7.52,6610546,50285487.0
2018-08-16,7.41,7.52,7.32,7.41,6671191,49522940.0
2018-08-17,7.46,7.54,7.31,7.39,7339482,54258632.0
2018-08-20,7.32,7.44,7.2,7.41,6835332,50106430.0
2018-08-21,7.41,7.46,7.33,7.44,6445878,47793023.0
2018-08-22,7.42,7.42,7.25,7.28,6315135,46332832.0
2018-08-23,7.27,7.36,7.26,7.3,4856363,35541709.0
2018-08-24,7.29,7.4,7.25,7.34,6593135,48365395.0
2018-08-27,7.37,7.52,7.33,7.49,7601928,56634102.0
2018-08-28,7.48,7.55,7.42,7.46,8217417,61491736.0
2018-08-29,7.41,7.62,7.41,7.49,10300586,77410930.0
2018-08-30,7.45,7.49,7.19,7.2,12807790,93212475.0
2018-08-31,7.1,7.1,6.84,6.87,14142149,97998278.0
2018-09-03,6.82,6.83,6.64,6.79,10077466,67764250.0
2018-09-04,6.74,7.05,6.74,6.99,10810599,74805022.0
2018-09-05,6.97,7.15,6.93,6.98,12335750,87148929.0
2018-09-06,6.93,7.09,6.89,6.98,8652860,60535670.0
2018-09-07,6.98,7.11,6.9,6.97,8524577,59813292.0
2018-09-10,6.93,6.93,6.69,6.72,8741621,59186594.0
2018-09-11,6.71,6.88,6.68,6.81,9850852,66784043.00000001
2018-09-12,6.8,7.45,6.78,7.08,24752326,177062268.0
2018-09-13,6.88,6.96,6.75,6.95,22263305,152931277.0
2018-09-14,6.92,6.95,6.7,6.7,14389424,97861144.0
2018-09-17,6.67,6.67,6.18,6.28,21405895,136501382.0
2018-09-18,6.27,6.46,6.25,6.46,12433213,79173287.0
2018-09-19,6.44,6.6,6.4,6.51,13696299,89270567.0
2018-09-20,6.5,6.78,6.5,6.56,15988760,106027004.0
2018-09-21,6.55,6.74,6.55,6.68,13115116,87401871.0
2018-09-25,6.49,6.6,6.4,6.54,11674136,76017160.0
2018-09-26,6.57,7.08,6.54,6.68,20165003,136229591.0
2018-09-27,6.79,6.84,6.51,6.55,16412158,109186469.0
2018-09-28,6.52,6.54,6.4,6.48,13474437,87138987.0
2018-10-08,6.2,6.26,6.1,6.1,14454201,89075347.0
2018-10-09,6.16,6.23,6.07,6.15,9406357,57882705.0
2018-10-10,6.17,6.18,5.98,6.08,9969155,60531133.0
2018-10-11,5.87,5.89,5.47,5.47,17779255,100462970.0
2018-10-12,5.33,5.42,5.1,5.31,16104737,85241097.0
2018-10-15,5.34,5.44,5.18,5.21,9601725,51073919.0
2018-10-16,5.15,5.34,5.09,5.11,11611884,60160601.0
2018-10-17,5.2,5.24,4.99,5.17,12264422,62868244.0
2018-10-18,5.15,5.15,4.88,4.94,11527106,57730000.0
2018-10-19,4.8,5.05,4.79,5.03,15887968,78392825.0
2018-10-22,5.06,5.42,5.03,5.33,20632914,108096086.0
2018-10-23,5.31,5.43,5.18,5.25,17021796,90412284.0
2018-10-24,5.22,5.36,5.19,5.24,10344380,54377644.0
2018-10-25,5.02,5.21,4.96,5.19,14147304,71623753.0
2018-10-26,5.22,5.4,5.21,5.29,14754950,78189875.0
2018-10-29,5.15,5.27,5.1,5.1,11466703,59359242.0
2018-10-30,5.1,5.28,5.09,5.28,13343413,69446090.0
2018-10-31,5.31,5.46,5.26,5.33,14152079,75777515.0
2018-11-01,5.35,5.61,5.34,5.38,20314931,110466203.0
2018-11-02,5.43,5.57,5.38,5.55,20052838,110294313.0
2018-11-05,5.64,5.79,5.54,5.68,27891862,157663607.0
2018-11-06,5.65,6.09,5.47,5.95,39092266,225891559.0
2018-11-07,5.86,5.91,5.73,5.76,25816913,150379909.0
2018-11-08,5.78,5.82,5.66,5.71,18422919,105937741.0
2018-11-09,5.67,5.76,5.62,5.68,10641779,60538299.0
2018-11-12,5.69,6.15,5.69,6.07,34396639,205552880.0
2018-11-13,5.95,6.5,5.92,6.39,44861111,281358336.0
2018-11-14,6.31,6.62,6.28,6.41,38327491,247206333.0
2018-11-15,6.38,7.05,6.38,7.05,54585863,369298974.0
2018-11-16,6.87,7.24,6.6,6.89,64495518,443829928.0
2018-11-19,6.88,7.03,6.72,6.81,32939548,225184601.0
2018-11-20,6.69,6.75,6.46,6.52,28755895,189923955.0
2018-11-21,6.37,6.65,6.37,6.64,21745415,141763572.0
2018-11-22,6.5,6.61,6.31,6.56,30860962,199912083.0
2018-11-23,6.44,6.48,5.96,6.06,32267587,200385915.0
2018-11-26,6.03,6.11,5.91,6.01,16064002,96699379.0
2018-11-27,6.07,6.15,5.99,6.09,17242278,104663999.0
2018-11-28,6.11,6.43,6.11,6.4,37339248,235819072.0
2018-11-29,6.35,6.43,6.05,6.07,27142219,169998772.0
2018-11-30,6.0,6.1,5.81,6.04,17231625,103103180.0
2018-12-03,6.17,6.46,6.16,6.33,29418596,185821272.0
2018-12-04,6.35,6.46,6.28,6.41,25056552,159944302.0
2018-12-05,6.25,6.42,6.21,6.28,18479785,116621180.0
2018-12-06,6.26,6.36,6.11,6.14,16489921,102305165.0
2018-12-07,6.14,6.21,6.1,6.16,11505666,70829521.0
2018-12-10,6.0,6.07,5.86,5.99,17718035,105671885.0
2018-12-11,6.0,6.03,5.92,5.97,12815671,76525555.0
2018-12-12,5.99,6.03,5.86,5.88,14584736,86676862.0
2018-12-13,5.89,6.01,5.85,5.94,12629736,75135237.0
2018-12-14,5.94,5.97,5.61,5.62,20474366,117823046.0
2018-12-17,5.63,5.7,5.54,5.67,9289168,52298568.0
2018-12-18,5.62,5.72,5.54,5.69,9281813,52403098.0
2018-12-19,5.65,5.68,5.53,5.56,11332829,63230005.0
2018-12-20,5.5,5.62,5.47,5.57,11562136,64193334.0
2018-12-21,5.55,5.79,5.52,5.69,21646122,122952355.0
2018-12-24,5.63,5.66,5.5,5.59,14545500,81120933.0
2018-12-25,5.51,5.52,5.1,5.3,20258236,106566091.0
2018-12-26,5.27,5.37,5.22,5.25,12954260,68717413.0
2018-12-27,5.37,5.38,5.11,5.11,15406796,81534505.0
2018-12-28,5.15,5.29,5.12,5.24,12574347,65755727.0
2019-01-02,5.27,5.34,5.2,5.27,10239297,53923474.0
2019-01-03,5.29,5.32,5.18,5.19,9557254,50110553.0
2019-01-04,5.12,5.39,5.06,5.37,18188929,95806578.0
2019-01-07,5.39,5.49,5.36,5.47,13548635,73633306.0
2019-01-08,5.47,5.63,5.42,5.51,17579399,97174963.0
2019-01-09,5.49,5.59,5.44,5.48,17501266,96667847.0
2019-01-10,5.47,5.57,5.43,5.46,12422280,68334154.0
2019-01-11,5.46,5.56,5.45,5.55,11412012,62865940.0
2019-01-14,5.56,5.57,5.44,5.48,9808588,53980639.0
2019-01-15,5.47,5.56,5.44,5.56,10414165,57339442.0
2019-01-16,5.52,5.61,5.49,5.52,10573242,58576153.0
2019-01-17,5.52,5.52,5.38,5.42,12391788,67361530.0
2019-01-18,5.43,5.46,5.32,5.4,10344964,55733333.0
2019-01-21,5.4,5.52,5.39,5.46,10365197,56651781.0
2019-01-22,5.46,5.55,5.31,5.35,11281319,61055650.0
2019-01-23,5.32,5.35,5.22,5.28,8290335,43702004.0
2019-01-24,5.27,5.34,5.14,5.28,10378694,54641127.0
2019-01-25,5.3,5.3,5.14,5.17,10255338,53541874.0
2019-01-28,5.21,5.21,5.02,5.02,13672366,69780181.0
2019-01-29,4.98,4.99,4.65,4.79,18718275,89996489.0
2019-01-30,4.71,4.86,4.7,4.73,10837920,51855676.0
2019-01-31,4.26,4.26,4.26,4.26,2145400,9139404.0
2019-02-01,3.83,4.05,3.83,3.97,57984007,226264359.0
2019-02-11,3.95,4.12,3.85,4.11,45442852,180114796.0
2019-02-12,4.08,4.42,4.06,4.27,43182197,182452421.0
2019-02-13,4.26,4.48,4.22,4.38,34401485,149343877.0
2019-02-14,4.36,4.46,4.32,4.4,22778818,100074052.0
2019-02-15,4.39,4.75,4.34,4.53,49472527,226054070.0
2019-02-18,4.53,4.69,4.47,4.67,40998224,188412777.0
2019-02-19,4.66,4.94,4.61,4.93,43649040,208429884.0
2019-02-20,4.9,4.9,4.75,4.85,31637567,152734049.0
2019-02-21,4.78,4.88,4.67,4.74,31449005,151011268.0
2019-02-22,4.7,4.95,4.67,4.9,31037025,150390473.0
2019-02-25,4.93,5.26,4.93,5.24,46777873,239021571.0
2019-02-26,5.22,5.5,5.13,5.29,48259943,256042899.0
2019-02-27,5.35,5.8,5.3,5.68,71939766,398998411.0
2019-02-28,5.5,5.66,5.21,5.55,66694785,362799648.0
2019-03-01,5.55,5.63,5.3,5.43,58140117,318116076.0
2019-03-04,5.5,5.81,5.34,5.44,84679471,469719302.0
2019-03-05,5.37,5.77,5.34,5.73,78288612,438709433.0
2019-03-06,5.64,6.05,5.62,5.95,70857217,412761971.0
2019-03-07,5.91,6.55,5.78,6.26,89886483,558486493.0
2019-03-08,6.02,6.51,5.93,5.94,66429493,412285985.0
2019-03-11,5.93,6.15,5.73,6.14,53688179,320112878.0
2019-03-12,6.16,6.45,6.05,6.29,74239710,465439684.0
2019-03-13,6.21,6.22,5.81,5.9,48723782,295907346.0
2019-03-14,5.81,5.9,5.44,5.61,43343360,244447472.0
2019-03-15,5.74,5.89,5.67,5.79,34403266,199238729.0
2019-03-18,5.77,5.88,5.67,5.88,22687864,131960527.99999999
2019-03-19,5.87,6.19,5.84,5.9,43588475,261670131.0
2019-03-20,5.86,6.13,5.82,6.0,35064587,209441633.0
2019-03-21,6.0,6.53,5.89,6.31,76450200,480140035.0
2019-03-22,6.22,6.26,5.95,6.13,53838275,327685764.0
2019-03-25,5.98,6.12,5.86,5.95,32007380,191680094.0
2019-03-26,5.91,6.06,5.58,5.61,31344965,181527228.0
2019-03-27,5.61,5.69,5.45,5.68,22997592,128917661.0
2019-03-28,5.61,5.77,5.48,5.49,23704921,133650323.0
2019-03-29,5.46,5.65,5.41,5.65,25871809,143687654.0
2019-04-01,5.71,5.94,5.71,5.88,26965595,157375701.0
2019-04-02,5.93,6.06,5.87,5.94,30059955,179615924.0
2019-04-03,5.88,6.53,5.85,6.25,69797906,438972218.0
2019-04-04,6.2,6.26,5.97,6.07,54761163,332757238.0
2019-04-08,6.02,6.06,5.7,5.81,41369749,242637407.0
2019-04-09,5.79,5.91,5.72,5.86,24066980,140741882.0
2019-04-10,5.85,6.14,5.65,6.0,38851540,230208321.0
2019-04-11,5.95,6.15,5.85,5.95,28624943,171969460.0
2019-04-12,5.95,5.99,5.65,5.76,26254824,151995222.0
2019-04-15,5.79,5.88,5.63,5.65,18497019,106701094.0
2019-04-16,5.56,5.77,5.47,5.77,23127919,129582379.0
2019-04-17,5.75,6.07,5.68,5.98,37678113,223054845.0
2019-04-18,5.93,6.02,5.83,5.9,22473734,133102969.00000001
2019-04-19,5.89,6.04,5.88,5.96,23729801,140957426.0
2019-04-22,6.05,6.17,5.81,5.82,37059041,222948451.0
2019-04-23,5.71,5.8,5.57,5.63,29437318,167491643.0
2019-04-24,5.64,5.72,5.55,5.71,20165275,113632257.0
2019-04-25,5.6,5.65,5.14,5.14,45203765,243519926.0
2019-04-26,5.01,5.06,4.72,4.75,37693817,185165480.0
2019-04-29,4.31,4.62,4.31,4.42,31960379,142569486.0
2019-04-30,4.35,4.75,4.35,4.73,30668300,142261543.0
2019-05-06,4.55,4.68,4.26,4.32,25878701,115628272.0
2019-05-07,4.32,4.57,4.32,4.45,18639118,82946446.0
2019-05-08,4.35,4.48,4.25,4.37,16368072,71732863.0
2019-05-09,4.37,4.45,4.27,4.31,15067397,65683990.00000001
2019-05-10,4.35,4.43,4.22,4.41,18908428,82711761.0
2019-05-13,4.38,4.42,4.22,4.24,15945746,69037704.0
2019-05-14,4.25,4.37,4.15,4.28,17362945,74890871.0
2019-05-15,4.32,4.37,4.29,4.34,12571016,54461153.0
2019-05-16,4.4,4.4,4.3,4.34,14390076,62398212.0
2019-05-17,4.38,4.38,3.98,4.02,24393750,100780394.0
2019-05-20,4.03,4.05,3.87,3.98,18234914,71972477.0
2019-05-21,3.99,4.17,3.99,4.13,15453555,63286864.0
2019-05-22,4.15,4.17,3.94,3.99,17165032,69368105.0
2019-05-23,4.02,4.05,3.86,3.9,15354990,60831316.0
2019-05-24,3.89,3.93,3.76,3.87,11579607,45058090.0
2019-05-27,3.88,3.96,3.77,3.95,12827893,49720563.0
2019-05-28,3.95,3.97,3.85,3.88,11626782,45587545.0
2019-05-29,3.87,3.92,3.82,3.85,10666600,41238381.0
2019-05-30,3.81,3.82,3.61,3.69,22411082,82542765.0
2019-05-31,3.68,3.9,3.65,3.82,25771898,98485982.0
2019-06-03,3.89,3.89,3.64,3.66,15576401,58012144.0
2019-06-04,3.66,3.72,3.56,3.63,12620700,46004541.0
2019-06-05,3.65,3.7,3.52,3.52,12463899,44947221.0
2019-06-06,3.55,3.55,3.31,3.34,19125823,64770825.0
2019-06-10,3.35,3.58,3.35,3.54,21132996,73855935.0
2019-06-11,3.59,3.69,3.51,3.66,16066450,57986716.0
2019-06-12,3.67,3.77,3.56,3.59,14465131,52896919.0
2019-06-13,3.61,3.73,3.55,3.69,17236825,63533068.0
2019-06-14,3.7,3.82,3.6,3.62,20417173,75437569.0
2019-06-17,3.64,3.65,3.47,3.56,18313447,64842530.0
2019-06-18,3.57,3.77,3.54,3.62,25172720,91632387.0
2019-06-19,3.61,3.84,3.61,3.75,28100154,105104299.0
2019-06-20,3.77,3.79,3.64,3.72,22416749,83173784.0
2019-06-21,3.79,3.93,3.77,3.86,26448708,102067610.0
2019-06-24,3.86,3.92,3.76,3.8,18996146,72784219.0
2019-06-25,3.81,3.81,3.69,3.72,14975121,55851689.0
2019-06-26,3.72,3.77,3.65,3.68,13940966,51734318.0
2019-06-27,3.65,3.74,3.63,3.66,13773752,50770206.0
2019-06-28,3.67,3.67,3.43,3.49,18939423,66472182.0
2019-07-01,3.55,3.67,3.55,3.64,16796107,60700922.0
2019-07-02,3.72,3.81,3.6,3.61,21565822,79559314.0
2019-07-03,3.61,3.65,3.5,3.54,17134378,61311945.0
2019-07-04,3.56,3.59,3.46,3.49,12260684,43100411.0
2019-07-05,3.5,3.52,3.44,3.47,11129955,38625934.0
2019-07-08,3.45,3.47,3.24,3.25,17706739,58615654.0
2019-07-09,3.27,3.31,3.24,3.29,12003829,39260166.0
2019-07-10,3.29,3.29,3.19,3.2,15161018,48993300.0
2019-07-11,3.11,3.24,3.11,3.21,15978448,51078514.0
2019-07-12,3.23,3.3,3.16,3.18,14833828,47820766.0
2019-07-15,3.15,3.21,3.06,3.18,14440009,45312314.0
2019-07-16,3.17,3.27,3.17,3.22,13853552,44717379.0
2019-07-17,3.21,3.25,3.12,3.21,15970102,50853354.0
2019-07-18,3.17,3.18,3.06,3.07,16326962,50561368.0
2019-07-19,3.07,3.16,3.07,3.09,13003988,40540984.0
2019-07-22,3.09,3.16,2.93,2.94,20318363,61324654.0
2019-07-23,2.96,3.01,2.93,2.97,14230149,42058044.0
2019-07-24,2.96,3.05,2.96,3.02,12750148,38439315.0
2019-07-25,3.04,3.06,2.98,3.01,11188818,33753502.0
2019-07-26,2.99,3.03,2.96,3.03,9856140,29590783.0
2019-07-29,3.0,3.04,2.96,2.97,10572187,31594120.0
2019-07-30,2.98,3.27,2.97,3.27,38170577,119868304.0
2019-07-31,3.39,3.55,3.31,3.35,84482914,290207190.0
2019-08-01,3.3,3.57,3.23,3.55,56187359,191657287.0
2019-08-02,3.2,3.2,3.2,3.2,8675400,27761280.0
2019-08-05,2.88,3.16,2.88,3.02,62188292,185327095.0
2019-08-06,2.92,2.97,2.84,2.95,38946065,113246236.0
2019-08-07,2.93,3.05,2.83,2.83,30632506,90269980.0
2019-08-08,2.82,3.11,2.81,3.11,13131494,39889066.0
2019-08-09,3.13,3.31,3.07,3.15,47844594,152695247.0
2019-08-12,3.12,3.22,3.09,3.15,23089016,72461355.0
2019-08-13,3.09,3.12,2.99,3.04,20076187,61279372.0
2019-08-14,3.12,3.15,3.01,3.03,16000696,49076446.0
2019-08-15,2.94,3.09,2.9,3.09,15113009,45322890.0
2019-08-16,3.11,3.12,3.03,3.04,11755140,36087957.0
2019-08-19,3.06,3.16,3.05,3.15,17238137,53693929.0
2019-08-20,3.16,3.19,3.07,3.09,16320488,50906485.0
2019-08-21,3.1,3.1,3.0,3.02,13181592,39926452.0
2019-08-22,3.02,3.07,2.96,3.03,13231885,39985834.0
2019-08-23,3.03,3.04,2.96,2.97,13035581,38996301.0
2019-08-26,2.89,2.95,2.87,2.94,9720494,28379062.0
2019-08-27,2.95,3.03,2.94,3.02,12176323,36492536.0
2019-08-28,3.0,3.07,3.0,3.05,14253903,43348184.0
2019-08-29,3.06,3.1,3.02,3.08,13673980,41914143.0
2019-08-30,3.04,3.1,2.93,2.95,15141556,45562674.0
2019-09-02,2.91,3.09,2.91,3.08,16568640,50300947.0
2019-09-03,3.11,3.13,3.07,3.07,10369109,32107737.0
2019-09-04,3.06,3.14,3.03,3.06,11469049,35318517.0
2019-09-05,3.1,3.14,3.08,3.12,14913169,46411420.0
2019-09-06,3.09,3.11,2.95,2.98,37914512,113477736.0
2019-09-09,3.0,3.15,2.97,3.15,35724434,109476367.0
2019-09-10,3.16,3.24,3.1,3.12,23715215,74394769.0
2019-09-11,3.14,3.17,3.06,3.07,22737800,70572614.0
2019-09-12,3.12,3.38,3.11,3.17,47103742,151640305.0
2019-09-16,3.13,3.32,3.1,3.28,43488155,139096226.0
2019-09-17,3.27,3.27,3.15,3.2,26838194,85766966.0
2019-09-18,3.18,3.52,3.18,3.52,65258585,219872340.0
2019-09-19,3.55,3.6,3.39,3.43,60625541,210273467.0
2019-09-20,3.43,3.43,3.32,3.35,32183137,108421837.0
2019-09-23,3.28,3.69,3.26,3.69,64582606,228925965.0
2019-09-24,3.75,3.9,3.56,3.62,81228696,303337840.0
2019-09-25,3.26,3.49,3.26,3.39,78999025,263252559.0
2019-09-26,3.32,3.37,3.16,3.21,39542631,128647961.0
2019-09-27,3.22,3.32,3.17,3.24,22303411,72677027.0
2019-09-30,3.0,3.13,2.92,2.92,48035588,143206254.0
2019-10-08,2.76,2.9,2.76,2.81,25757736,72403078.0
2019-10-09,2.8,2.88,2.8,2.87,14393683,40862084.0
2019-10-10,2.87,2.94,2.83,2.92,15683631,45469429.0
2019-10-11,2.94,2.94,2.82,2.88,16353607,47103500.0
2019-10-14,2.9,2.98,2.87,2.96,18187143,53468235.0
2019-10-15,2.94,2.94,2.88,2.88,12996145,37674864.0
2019-10-16,2.89,2.93,2.83,2.85,9103680,26159268.0
2019-10-17,2.85,3.03,2.83,2.93,18234011,53490500.0
2019-10-18,2.89,2.92,2.85,2.86,11661575,33535780.0
2019-10-21,2.87,2.94,2.83,2.91,12972377,37521036.0
2019-10-22,2.92,2.92,2.86,2.9,9726903,28039824.0
2019-10-23,2.87,2.89,2.85,2.86,7781476,22290977.0
2019-10-24,2.85,2.88,2.83,2.86,7483620,21383911.0
2019-10-25,2.86,2.87,2.82,2.85,8356468,23739357.0
2019-10-28,2.87,2.98,2.87,2.97,24057401,70856933.0
2019-10-29,2.97,3.0,2.91,2.91,16898505,49878493.0
2019-10-30,2.9,2.91,2.82,2.82,13717050,39020577.0
2019-10-31,2.82,2.87,2.73,2.74,16369146,45673852.0
2019-11-01,2.72,2.79,2.68,2.76,11637220,31902871.0
2019-11-04,2.74,2.79,2.64,2.65,21305823,57615263.0
2019-11-05,2.65,2.67,2.53,2.58,17851180,46024479.0
2019-11-06,2.57,2.58,2.46,2.48,14308480,35853294.0
2019-11-07,2.5,2.63,2.48,2.61,19708460,50653045.0
2019-11-08,2.59,2.87,2.58,2.65,26344320,71913824.0
2019-11-11,2.6,2.62,2.53,2.55,14248260,36390151.0
2019-11-12,2.51,2.6,2.49,2.59,10707860,27294532.0
2019-11-13,2.59,2.61,2.52,2.55,8640876,21996188.0
2019-11-14,2.53,2.55,2.5,2.53,8943320,22542810.0
2019-11-15,2.52,2.59,2.48,2.52,12508701,31651412.0
2019-11-18,2.54,2.54,2.5,2.52,8493040,21380768.0
2019-11-19,2.53,2.77,2.53,2.77,42072770,115700030.0
2019-11-20,2.96,3.05,2.96,3.05,32784584,99298405.0
2019-11-21,3.2,3.29,2.84,3.09,123879662,381153958.0
2019-11-22,2.95,3.06,2.9,2.9,69404915,205776079.0
2019-11-25,2.85,2.86,2.61,2.67,57339567,155883087.0
2019-11-26,2.65,2.79,2.64,2.67,34132072,92430197.0
2019-11-27,2.62,2.64,2.56,2.59,27187530,70526942.0
2019-11-28,2.59,2.6,2.54,2.56,17614157,45192400.0
2019-11-29,2.57,2.62,2.53,2.61,18262047,47096043.0
2019-12-02,2.61,2.64,2.53,2.59,21024657,54306173.0
2019-12-03,2.56,2.62,2.55,2.61,17210402,44505937.0
2019-12-04,2.58,2.64,2.56,2.62,15443792,40356959.0
2019-12-05,2.61,2.63,2.59,2.62,14062247,36694022.0
2019-12-06,2.61,2.74,2.59,2.7,39871422,106893577.0
2019-12-09,2.69,2.71,2.65,2.68,21567742,57689321.0
2019-12-10,2.68,2.68,2.62,2.67,20354733,53994088.0
2019-12-11,2.66,2.76,2.64,2.68,24736043,66804009.99999999
2019-12-12,2.65,2.68,2.6,2.61,19742505,52035104.0
2019-12-13,2.61,2.65,2.6,2.62,14941176,39101037.0
2019-12-16,2.62,2.74,2.61,2.71,32603453,87591137.0
2019-12-17,2.75,2.78,2.7,2.76,37460010,102535751.0
2019-12-18,2.75,3.04,2.72,3.04,44939685,129119008.0
2019-12-19,3.17,3.34,3.12,3.34,75207860,246216905.0
2019-12-20,3.4,3.41,3.01,3.02,112850856,358444521.0
2019-12-23,2.95,2.98,2.75,2.79,57570800,163606520.0
2019-12-24,2.78,2.92,2.77,2.88,43586667,124251744.0
2019-12-25,2.85,2.99,2.81,2.9,40025240,116786276.0
2019-12-26,2.86,3.19,2.82,3.11,88672036,270159775.0
2019-12-27,3.03,3.07,2.95,2.96,60494228,182068156.0
2019-12-30,2.79,2.94,2.76,2.87,38313462,109270506.0
2019-12-31,2.86,2.93,2.83,2.86,23486618,67312626.0
2020-01-02,2.87,3.02,2.87,2.96,36352745,107008503.0
2020-01-03,3.03,3.08,2.96,3.02,43595177,131621087.99999999
2020-01-06,3.03,3.07,2.97,2.99,41091767,124257387.0
2020-01-07,3.0,3.28,3.0,3.17,62783030,197199997.0
2020-01-08,3.15,3.16,3.0,3.04,45901256,141149583.0
2020-01-09,3.05,3.13,3.05,3.07,32959626,101414770.0
2020-01-10,3.06,3.08,2.98,3.0,23334343,70441145.0
2020-01-13,2.96,3.02,2.9,3.01,22884563,67583720.0
2020-01-14,3.0,3.01,2.95,2.95,19487911,57919747.0
2020-01-15,2.93,2.94,2.89,2.91,16170803,47070108.0
2020-01-16,2.9,2.95,2.88,2.92,13797230,40200454.0
2020-01-17,2.91,2.91,2.83,2.84,19240312,55037750.0
2020-01-20,2.85,2.91,2.85,2.9,12206525,35222200.0
2020-01-21,2.85,2.86,2.8,2.81,16622120,46979632.0
2020-01-22,2.78,2.81,2.65,2.77,16690106,45665110.0
2020-01-23,2.69,2.77,2.63,2.67,18533885,49768696.0
2020-02-03,2.4,2.4,2.4,2.4,5687000,13648800.0
2020-02-04,2.17,2.41,2.17,2.41,25755360,59820769.0
2020-02-05,2.39,2.56,2.37,2.47,20434560,50819851.0
2020-02-06,2.47,2.59,2.42,2.57,24794813,62987340.0
2020-02-07,2.58,2.83,2.58,2.83,20360952,55785998.0
2020-02-10,3.0,3.0,2.69,2.77,52582490,149363689.0
2020-02-11,2.7,2.72,2.63,2.63,23870327,63852953.0
2020-02-12,2.63,2.77,2.63,2.76,24876570,67912190.0
2020-02-13,2.75,2.75,2.65,2.69,21229665,57060758.0
2020-02-14,2.68,2.69,2.62,2.65,14063060,37303718.0
2020-02-17,2.65,2.72,2.65,2.72,16200263,43695953.0
2020-02-18,2.72,2.77,2.69,2.77,20522280,55927821.0
2020-02-19,2.76,2.76,2.68,2.69,18128060,49075232.0
2020-02-20,2.67,2.73,2.67,2.72,15301100,41350355.0
2020-02-21,2.71,2.78,2.7,2.75,21521592,59260724.0
2020-02-24,2.71,2.73,2.66,2.7,23557115,63464000.0
2020-02-25,2.63,2.66,2.51,2.62,26965570,70232702.0
2020-02-26,2.6,2.88,2.56,2.71,40106375,108665365.0
2020-02-27,2.71,2.83,2.65,2.8,40460949,112054825.0
2020-02-28,2.67,2.75,2.61,2.62,28168611,75261889.0
2020-03-02,2.6,2.73,2.58,2.68,21490372,57288608.0
2020-03-03,2.7,2.73,2.65,2.67,22952391,61525014.0
2020-03-04,2.64,2.66,2.6,2.64,15859880,41649213.0
2020-03-05,2.65,2.68,2.63,2.66,15652013,41581242.0
2020-03-06,2.63,2.66,2.6,2.63,14410057,37883443.0
2020-03-09,2.62,2.63,2.54,2.54,16866157,43435447.0
2020-03-10,2.48,2.54,2.43,2.54,16569525,41331788.0
2020-03-11,2.55,2.6,2.54,2.54,12451408,32031901.0
2020-03-12,2.53,2.53,2.45,2.47,11615339,28730977.0
2020-03-13,2.37,2.45,2.31,2.42,12271987,29147709.0
2020-03-16,2.43,2.48,2.38,2.39,10985400,26772963.0
2020-03-17,2.43,2.45,2.29,2.35,11136873,26063738.0
2020-03-18,2.37,2.41,2.29,2.29,10148420,23865140.0
2020-03-19,2.28,2.32,2.25,2.3,9083636,20738372.0
2020-03-20,2.33,2.34,2.29,2.32,7109300,16451116.000000002
2020-03-23,2.28,2.29,2.22,2.23,7406280,16690766.0
2020-03-24,2.26,2.29,2.23,2.28,9565325,21629764.0
2020-03-25,2.3,2.38,2.3,2.37,12547727,29418917.0
2020-03-26,2.36,2.37,2.29,2.31,8792900,20490779.0
2020-03-27,2.33,2.35,2.3,2.3,6784300,15731892.0
2020-03-30,2.23,2.26,2.16,2.18,12670680,27710296.0
2020-03-31,2.2,2.22,2.14,2.15,10932852,23616065.0
2020-04-01,2.13,2.14,2.06,2.07,14167810,29802811.0
2020-04-02,2.07,2.07,1.98,2.07,19058140,38512072.0
2020-04-03,2.06,2.13,2.06,2.08,13073960,27296327.0
2020-04-07,2.1,2.16,2.09,2.15,14771749,31441205.0
2020-04-08,2.14,2.16,2.1,2.14,8808880,18799530.0
2020-04-09,2.14,2.35,2.14,2.28,48641931,112586711.0
2020-04-10,2.2,2.24,2.1,2.11,29673160,64318965.0
2020-04-13,2.07,2.11,2.06,2.08,11075200,23032005.0
2020-04-14,2.07,2.13,2.07,2.13,8503477,17934157.0
2020-04-15,2.08,2.11,2.06,2.07,12479918,25909654.0
2020-04-16,2.05,2.08,2.03,2.06,7074080,14514512.0
2020-04-17,2.07,2.14,2.04,2.06,11051730,23022735.0
2020-04-20,2.04,2.04,1.99,2.03,10606660,21400795.0
2020-04-21,2.04,2.12,2.02,2.11,19805170,41062326.0
2020-04-22,2.11,2.13,2.06,2.09,11441230,23893523.0
2020-04-23,2.09,2.1,2.03,2.04,12416583,25459530.0
2020-04-24,2.04,2.04,1.95,1.96,14298325,28433214.0
2020-04-27,1.92,1.95,1.76,1.8,27648441,50005226.0
2020-04-28,1.83,1.88,1.64,1.72,17091723,30221790.0
2020-04-29,1.69,1.78,1.68,1.76,16152943,28189374.0
2020-04-30,,,,,0,
2020-05-06,1.68,1.85,1.67,1.85,40628641,70288491.0
2020-05-07,1.83,1.94,1.82,1.94,5610408,10797761.0
2020-05-08,2.04,2.04,2.04,2.04,3999340,8158653.0
2020-05-11,2.14,2.14,2.14,2.14,2705700,5790198.0
2020-05-12,2.25,2.25,2.03,2.08,35551454,75183830.0
2020-05-13,2.09,2.18,2.06,2.18,13892336,29467757.0
2020-05-14,2.21,2.26,2.14,2.16,18224374,40126342.0
2020-05-15,2.13,2.23,2.12,2.22,11424224,25104644.0
2020-05-18,2.33,2.33,2.33,2.33,4562743,10631191.0
2020-05-19,2.35,2.45,2.3,2.45,32479617,79018535.0
2020-05-20,2.5,2.57,2.34,2.5,29203424,72066399.0
2020-05-21,2.47,2.63,2.47,2.63,19639007,50851472.0
2020-05-22,2.66,2.76,2.62,2.76,28933413,78752640.0
2020-05-25,2.73,2.9,2.72,2.9,18953141,54200436.0
2020-05-26,3.0,3.05,2.95,3.05,6313480,19112267.0
2020-05-27,3.2,3.2,3.2,3.2,2602228,8327129.000000001
2020-05-28,3.36,3.36,3.04,3.04,37383541,117457776.0
2020-05-29,2.89,3.02,2.89,2.89,27340334,80051357.0
2020-06-01,2.97,3.03,2.97,3.03,6607059,19964256.0
2020-06-02,3.18,3.18,3.18,3.18,1407300,4475214.0
2020-06-03,3.34,3.34,3.05,3.26,35159623,115575076.0
2020-06-04,3.24,3.42,3.23,3.4,27245776,92473942.0
2020-06-05,3.42,3.42,3.23,3.23,26272240,85866516.0
2020-06-08,3.23,3.37,3.09,3.23,9133609,29615795.0
2020-06-09,3.22,3.26,3.11,3.12,12195300,38500666.0
2020-06-10,3.09,3.18,2.97,3.06,10792960,33068625.999999996
2020-06-11,3.02,3.08,2.96,2.99,10007247,29962442.0
2020-06-12,2.92,3.14,2.89,3.05,11714906,36205139.0
2020-06-15,3.01,3.08,3.01,3.03,6306664,19159113.0
2020-06-16,3.08,3.09,3.03,3.07,3494518,10692928.0
2020-06-17,3.13,3.13,3.04,3.05,3242260,9933496.0
2020-06-18,3.1,3.14,3.06,3.06,4507624,13928675.0
2020-06-19,3.05,3.08,3.01,3.01,3320700,10094198.0
2020-06-22,3.03,3.03,2.91,2.92,9295909,27433583.0
2020-06-23,2.95,3.02,2.92,3.0,4574569,13605464.0
2020-06-24,3.03,3.15,3.0,3.15,13195340,41077509.0
2020-06-29,3.16,3.31,3.16,3.31,9242560,30330398.0
2020-06-30,3.37,3.48,3.21,3.31,17607306,59467942.0
2020-07-01,3.24,3.41,3.24,3.29,6508534,21518537.0
2020-07-02,3.28,3.32,3.21,3.22,5003242,16221169.0
2020-07-03,3.22,3.26,3.16,3.2,4032283,12870957.0
2020-07-06,3.21,3.25,3.17,3.22,5421934,17422314.0
2020-07-07,3.22,3.22,3.15,3.19,9118823,28999202.0
2020-07-08,3.17,3.18,3.13,3.18,6286655,19833313.0
2020-07-09,3.18,3.33,3.02,3.29,16235895,51480583.0
2020-07-10,3.33,3.42,3.15,3.23,11807360,38988944.0
2020-07-13,3.19,3.32,3.13,3.25,6839954,22127008.0
2020-07-14,3.24,3.3,3.2,3.23,6689183,21743187.0
2020-07-15,3.11,3.3,3.11,3.16,7148100,22677636.0
2020-07-16,3.16,3.24,3.14,3.15,6126843,19437244.0
2020-07-17,3.15,3.2,3.05,3.16,8857744,27688708.0
2020-07-20,3.18,3.24,3.15,3.16,9376020,29806501.0
2020-07-21,3.16,3.19,3.11,3.19,6673283,20986693.0
2020-07-22,3.16,3.24,3.16,3.2,4048643,12970772.0
2020-07-23,3.19,3.23,3.17,3.17,4770347,15193361.0
2020-07-24,3.2,3.22,3.11,3.16,5122600,16112771.0
2020-07-27,3.16,3.26,3.16,3.18,4832540,15454073.0
2020-07-28,3.16,3.23,3.16,3.2,3020580,9655858.0
2020-07-29,3.26,3.36,3.26,3.36,3582220,11947898.0
2020-07-30,3.53,3.53,3.53,3.53,1597900,5640587.0
2020-07-31,3.71,3.71,3.62,3.71,32352619,119770197.0
2020-08-03,3.8,3.82,3.6,3.82,16377280,61509061.0
2020-08-04,3.8,3.88,3.75,3.86,7920965,30374371.0
2020-08-05,3.86,4.05,3.86,4.05,9427751,37909851.0
2020-08-06,4.11,4.25,4.09,4.25,16457464,69303224.0
2020-08-07,4.27,4.34,4.11,4.15,12092463,50979277.0
2020-08-10,4.13,4.34,3.94,4.19,13238537,54666470.0
2020-08-11,4.19,4.34,4.15,4.17,5709520,24155429.0
2020-08-12,4.11,4.22,4.06,4.08,5010385,20642054.0
2020-08-13,4.13,4.14,4.06,4.09,2214120,9054472.0
2020-08-14,4.08,4.19,4.05,4.18,2231557,9189060.0
2020-08-17,4.05,4.17,4.05,4.1,4386780,18003261.0
2020-08-18,4.12,4.12,4.08,4.09,2675663,10954642.0
2020-08-19,4.09,4.09,3.9,3.9,8195540,32767347.0
2020-08-20,3.85,3.98,3.85,3.95,3244360,12786546.0
2020-08-21,3.96,4.1,3.89,4.07,7791451,31264091.0
2020-08-24,4.15,4.15,4.03,4.08,3998459,16276723.0
2020-08-25,4.06,4.12,4.03,4.05,1929800,7853473.0
2020-08-26,4.08,4.25,4.05,4.25,11384982,47722372.0
2020-08-27,4.25,4.35,4.14,4.22,9561529,40518305.0
2020-08-28,4.19,4.24,4.07,4.21,7743409,31885846.0
2020-08-31,4.21,4.25,4.09,4.13,4509040,18717811.0
2020-09-01,4.13,4.25,4.12,4.19,3824523,16052862.0
2020-09-02,4.19,4.22,4.15,4.18,3370312,14089875.0
2020-09-03,4.17,4.2,4.16,4.2,2687347,11233878.0
2020-09-04,4.18,4.2,4.08,4.13,4907680,20245598.0
2020-09-07,4.05,4.12,3.98,4.03,4540270,18437995.0
2020-09-08,4.03,4.08,3.95,4.02,4328580,17325342.0
2020-09-09,4.0,4.02,3.9,3.95,3882063,15342183.0
2020-09-10,3.98,4.0,3.75,3.75,5512140,21400189.0
2020-09-11,3.74,3.94,3.66,3.94,4290120,16493324.0
2020-09-14,3.98,3.99,3.77,3.92,3974243,15338806.0
2020-09-15,3.86,3.93,3.86,3.9,1591903,6180421.0
2020-09-16,3.87,3.9,3.79,3.83,1865960,7119241.0
2020-09-17,3.82,3.82,3.7,3.79,1847824,6968669.0
2020-09-18,3.81,3.91,3.8,3.86,2475894,9495177.0
2020-09-21,3.85,3.87,3.81,3.86,1836513,7052751.0
2020-09-22,3.84,3.88,3.81,3.87,2647639,10199018.0
2020-09-23,3.88,3.88,3.83,3.85,1542500,5940893.0
2020-09-24,3.82,3.86,3.75,3.76,1620020,6129548.0
2020-09-25,3.78,3.78,3.61,3.62,2573500,9473335.0
2020-09-28,3.62,3.75,3.44,3.48,3777360,13440752.0
2020-09-29,3.44,3.5,3.32,3.33,4946020,16845832.0
2020-09-30,3.37,3.37,3.16,3.16,8019076,25552260.0
2020-10-09,3.16,3.27,3.04,3.16,5090600,16099739.0
2020-10-12,3.19,3.26,3.16,3.2,5572240,17922311.0
2020-10-13,3.2,3.23,3.19,3.21,2815620,9036161.0
2020-10-14,3.21,3.24,3.2,3.22,2677920,8640266.0
2020-10-15,3.28,3.3,3.16,3.16,4944720,15911374.0
2020-10-16,3.18,3.21,3.15,3.17,2521179,8009798.0
2020-10-19,3.18,3.33,3.18,3.33,2451080,8128237.0
2020-10-20,3.49,3.5,3.41,3.5,12532591,43734577.0
2020-10-21,3.35,3.65,3.33,3.5,8496140,30033458.0
2020-10-22,3.57,3.68,3.5,3.68,8563480,31079183.0
2020-10-23,3.78,3.86,3.74,3.8,12550900,48151941.0
2020-10-26,3.8,3.89,3.73,3.79,7391896,28251870.0
2020-10-27,3.81,3.82,3.7,3.76,4458620,16687032.0
2020-10-28,3.76,3.84,3.7,3.76,8191436,30854773.0
2020-10-29,3.75,3.75,3.63,3.68,3644920,13464490.0
2020-10-30,3.7,3.83,3.65,3.66,6054580,22492091.0
2020-11-02,3.66,3.75,3.5,3.5,5420840,19431236.0
2020-11-03,3.49,3.68,3.46,3.68,8852490,31825357.0
2020-11-04,3.72,3.85,3.66,3.81,9200800,34891692.0
2020-11-05,3.83,3.84,3.62,3.63,10117500,37219682.0
2020-11-06,3.79,3.79,3.47,3.56,11439800,41414671.0
2020-11-09,3.64,3.64,3.38,3.38,17940646,61761963.0
2020-11-10,3.36,3.38,3.21,3.21,14155408,45894150.0
2020-11-11,3.19,3.3,3.07,3.23,9459749,30067227.0
2020-11-12,3.24,3.27,3.19,3.21,4073180,13134427.0
2020-11-13,3.24,3.26,3.14,3.16,4622000,14778347.0
2020-11-16,3.16,3.22,3.15,3.2,3629900,11549155.0
2020-11-17,3.2,3.26,3.16,3.19,3051480,9766907.0
2020-11-18,3.18,3.21,3.15,3.16,3934760,12482625.0
2020-11-19,3.15,3.15,3.05,3.07,5764400,17768810.0
2020-11-20,3.09,3.18,3.07,3.11,3557260,11146139.0
2020-11-23,3.12,3.18,3.11,3.16,2954283,9322096.0
2020-11-24,3.16,3.17,3.11,3.17,3331820,10470464.0
2020-11-25,3.31,3.33,3.3,3.33,4262294,14180888.0
2020-11-26,3.46,3.5,3.3,3.46,20423077,70327834.0
2020-11-27,3.4,3.44,3.29,3.29,7361900,24529188.0
2020-11-30,3.26,3.26,3.13,3.15,8991683,28369163.0
2020-12-01,3.16,3.19,3.11,3.17,3586300,11303129.0
2020-12-02,3.19,3.33,3.17,3.32,13077114,43173233.0
2020-12-03,3.26,3.29,3.15,3.16,8597143,27428981.0
2020-12-04,3.18,3.23,3.13,3.17,4828580,15332039.0
2020-12-07,3.19,3.23,3.13,3.15,7521349,23866518.0
2020-12-08,2.99,3.08,2.99,2.99,10732917,32160751.0
2020-12-09,2.84,2.84,2.84,2.84,2523000,7165320.0
2020-12-10,2.7,2.88,2.7,2.79,35874503,97758604.0
2020-12-11,2.8,2.93,2.77,2.93,18885836,53204657.0
2020-12-14,2.96,2.98,2.78,2.85,16514241,47788349.0
2020-12-15,2.81,2.97,2.81,2.88,10313705,29843002.0
2020-12-16,2.88,2.92,2.84,2.88,4826823,13842126.0
2020-12-17,2.88,2.88,2.78,2.83,8338041,23572715.0
2020-12-18,2.83,2.85,2.77,2.8,7349288,20545320.0
2020-12-21,2.81,2.82,2.68,2.7,12350756,33696767.0
2020-12-22,2.71,2.76,2.66,2.67,7744200,20908012.0
2020-12-23,2.64,2.72,2.54,2.6,11123588,28915236.0
2020-12-24,2.58,2.65,2.54,2.58,6473286,16765664.0
2020-12-25,2.6,2.68,2.57,2.61,7613228,19995588.0
2020-12-28,2.6,2.61,2.55,2.55,6413361,16515044.000000002
2020-12-29,2.56,2.61,2.55,2.58,6436497,16570890.0
2020-12-30,2.59,2.7,2.58,2.68,9916968,26393802.0
2020-12-31,2.71,2.74,2.63,2.66,7156124,19176845.0
2021-01-04,2.71,2.71,2.64,2.65,4502200,12021282.0
2021-01-05,2.66,2.66,2.59,2.61,5172560,13487568.0
2021-01-06,2.61,2.62,2.54,2.61,4998482,12858321.0
2021-01-07,2.59,2.73,2.57,2.67,6258432,16609020.0
2021-01-08,2.66,2.7,2.64,2.65,3824500,10203933.0
2021-01-11,2.65,2.68,2.62,2.63,5036729,13344514.0
2021-01-12,2.64,2.69,2.62,2.66,3378840,8981120.0
2021-01-13,2.66,2.68,2.62,2.67,3883132,10272906.0
2021-01-14,2.8,2.8,2.8,2.8,1600014,4480039.0
2021-01-15,2.92,2.92,2.78,2.84,23782842,68214712.0
2021-01-18,2.79,2.79,2.7,2.7,11039223,30062104.0
2021-01-19,2.74,2.76,2.6,2.64,8684145,23109749.0
2021-01-20,2.65,2.69,2.57,2.59,10455442,27169261.0
2021-01-21,2.6,2.62,2.57,2.61,7242440,18840936.0
2021-01-22,2.61,2.62,2.49,2.51,12612272,31881813.0
2021-01-25,2.51,2.51,2.43,2.44,5763400,14102629.0
2021-01-26,2.42,2.5,2.33,2.45,5631003,13662401.0
2021-01-27,2.45,2.5,2.4,2.49,4419600,10838865.0
2021-01-28,2.47,2.61,2.45,2.59,13757298,35513648.0
2021-01-29,2.54,2.63,2.51,2.56,22381775,57678604.0
2021-02-01,2.57,2.69,2.55,2.69,15816575,42191847.0
2021-02-02,2.7,2.71,2.6,2.65,9342858,24771556.0
2021-02-03,2.65,2.68,2.52,2.56,9252300,24021204.0
2021-02-04,2.55,2.6,2.52,2.53,4431980,11305962.0
2021-02-05,2.55,2.62,2.53,2.55,3723800,9590441.0
2021-02-08,2.56,2.67,2.56,2.62,4205817,11039216.0
2021-02-09,2.61,2.68,2.59,2.66,4747225,12500976.0
2021-02-10,2.67,2.69,2.63,2.68,4938088,13139304.0
2021-02-18,2.7,2.77,2.67,2.68,6274277,17009023.0
2021-02-19,2.7,2.72,2.66,2.72,5877321,15890437.0
2021-02-22,2.7,2.77,2.66,2.69,13626293,36755350.0
2021-02-23,2.7,2.7,2.62,2.64,10566400,28081624.0
2021-02-24,2.63,2.71,2.63,2.66,5898677,15719151.0
2021-02-25,2.66,2.67,2.63,2.65,4391440,11627852.0
2021-02-26,2.63,2.65,2.61,2.64,3884400,10238520.0
2021-03-01,2.64,2.7,2.64,2.68,3897940,10395936.0
2021-03-02,2.68,2.7,2.66,2.67,4783300,12817085.0
2021-03-03,2.66,2.69,2.63,2.67,6654700,17727151.0
2021-03-04,2.67,2.67,2.58,2.61,10046180,26328524.0
2021-03-05,2.62,2.65,2.61,2.63,8357320,22009616.0
2021-03-08,2.63,2.64,2.55,2.55,10793240,28033025.0
2021-03-09,2.56,2.57,2.43,2.5,7269421,18148573.0
2021-03-10,2.51,2.51,2.46,2.46,3609200,8944258.0
2021-03-11,2.46,2.48,2.45,2.48,7400200,18227343.0
2021-03-12,2.47,2.48,2.44,2.48,6105200,15040168.0
2021-03-15,2.49,2.6,2.47,2.55,9618641,24598630.0
2021-03-16,2.53,2.57,2.53,2.57,5375920,13703119.0
2021-03-17,2.58,2.62,2.55,2.62,5670023,14724845.0
2021-03-18,2.62,2.67,2.61,2.66,8573713,22709276.0
2021-03-19,2.65,2.7,2.65,2.69,5944600,15891569.0
2021-03-22,2.7,2.78,2.69,2.77,8882720,24290956.0
2021-03-23,2.78,2.78,2.71,2.73,7117780,19535755.0
2021-03-24,2.72,2.74,2.7,2.71,6689980,18171238.0
2021-03-25,2.7,2.85,2.7,2.85,7742582,21738102.0
2021-03-26,2.87,2.99,2.87,2.93,13940342,41132451.0
2021-03-29,2.91,2.95,2.88,2.88,6936266,20202494.0
2021-03-30,2.87,3.02,2.85,3.02,9896670,29445741.0
2021-03-31,3.06,3.17,3.02,3.13,18333018,57105976.0
2021-04-01,3.1,3.16,3.02,3.02,13766180,42718819.0
2021-04-02,3.03,3.11,2.93,3.0,15104300,45264176.0
2021-04-06,2.99,3.15,2.95,3.15,8378360,25875906.0
2021-04-07,3.17,3.31,3.13,3.15,20665669,66528475.99999999
2021-04-08,3.13,3.28,3.13,3.16,10014120,31998294.0
2021-04-09,3.17,3.24,3.15,3.19,7055889,22475138.0
2021-04-12,3.17,3.26,3.15,3.21,9499460,30437051.0
2021-04-13,3.24,3.24,3.1,3.14,7730200,24288317.0
2021-04-14,3.14,3.16,2.98,3.05,11757454,35806629.0
2021-04-15,3.12,3.12,3.0,3.04,5837287,17805679.0
2021-04-16,3.02,3.14,3.0,3.13,4963440,15328482.0
2021-04-19,3.14,3.17,3.07,3.1,9596300,29858728.0
2021-04-20,3.09,3.15,3.06,3.09,4867260,15129761.0
2021-04-21,3.1,3.11,3.0,3.04,5384050,16383596.0
2021-04-22,3.05,3.16,3.03,3.12,7237700,22451874.0
2021-04-23,3.11,3.13,3.06,3.1,5357963,16561964.0
2021-04-26,3.12,3.25,3.12,3.17,8917463,28413545.0
2021-04-27,3.14,3.2,3.1,3.17,5939760,18662832.0
2021-04-28,3.17,3.2,3.12,3.18,5779400,18230099.0
2021-04-29,3.23,3.24,3.13,3.15,7364565,23320383.0
2021-04-30,3.12,3.18,3.07,3.17,7168280,22482002.0
2021-05-06,3.2,3.3,3.17,3.21,10672543,34487569.0
2021-05-07,3.17,3.22,3.11,3.16,8846903,27964566.0
2021-05-10,3.14,3.16,3.1,3.15,5572207,17505174.0
2021-05-11,3.14,3.19,3.12,3.19,8498500,26875343.0
2021-05-12,3.19,3.26,3.18,3.25,11943220,38614316.0
2021-05-13,3.24,3.27,3.21,3.26,9602237,31172169.0
2021-05-14,3.23,3.42,3.22,3.42,19977852,67333241.0
2021-05-17,3.42,3.42,3.25,3.31,18269660,60344180.0
2021-05-18,3.28,3.48,3.25,3.48,11042540,37834303.0
2021-05-19,3.44,3.6,3.44,3.53,10042160,35584054.0
2021-05-20,3.51,3.58,3.35,3.51,9290100,32382799.0
2021-05-21,3.47,3.65,3.47,3.62,8139300,29172875.0
2021-05-24,,,,,0,
2021-05-25,3.91,3.95,3.68,3.78,59976729,228485894.0
2021-05-26,3.73,3.83,3.64,3.73,24420023,90652034.0
2021-05-27,3.75,4.1,3.69,4.1,32794619,131235739.0
2021-05-28,4.17,4.39,4.02,4.23,61759249,263408300.99999997
2021-05-31,4.22,4.4,4.1,4.18,36796137,155614250.0
2021-06-01,4.18,4.18,4.02,4.03,27790200,113132316.0
2021-06-02,4.01,4.03,3.72,3.8,31635377,123785356.0
2021-06-03,3.88,4.14,3.82,3.84,29314205,114721668.0
2021-06-04,3.87,3.92,3.74,3.84,18145242,68942529.0
2021-06-07,3.85,4.08,3.85,3.96,20783958,82532555.0
2021-06-08,3.95,4.03,3.86,3.93,15458637,60655828.0
2021-06-09,3.93,4.02,3.88,3.96,12836600,50511944.0
2021-06-10,4.0,4.06,3.91,3.95,12242017,48583411.0
2021-06-11,3.91,3.94,3.8,3.81,14144092,54587087.0
2021-06-15,3.81,3.91,3.68,3.74,14327598,53974360.0
2021-06-16,3.68,3.76,3.65,3.72,12009293,44255547.0
2021-06-17,3.66,3.74,3.61,3.64,8811680,32318935.0
2021-06-18,3.62,3.68,3.53,3.67,15905921,56912618.0
2021-06-21,3.73,3.73,3.64,3.67,8912800,32709783.0
2021-06-22,3.67,3.72,3.62,3.65,6883980,25160487.0
2021-06-23,3.63,3.64,3.54,3.55,9567107,34180549.0
2021-06-24,3.53,3.58,3.45,3.52,12998605,45644168.0
2021-06-25,3.49,3.68,3.46,3.62,13728566,49020734.0
2021-06-28,3.6,3.6,3.5,3.52,9422820,33377710.0
2021-06-29,3.54,3.58,3.5,3.53,6630540,23386553.0
2021-06-30,3.5,3.51,3.35,3.39,15071185,51377466.0
2021-07-01,3.35,3.55,3.35,3.49,11286400,39064935.0
2021-07-02,3.43,3.54,3.43,3.53,7388500,25574071.0
2021-07-05,3.49,3.83,3.48,3.75,20718185,76958749.0
2021-07-06,3.71,3.77,3.67,3.74,11282845,41873783.0
2021-07-07,3.74,3.78,3.69,3.74,8554568,31857275.0
2021-07-08,3.75,3.77,3.64,3.65,9272600,34111689.0
2021-07-09,3.68,3.77,3.65,3.77,10013828,37066283.0
2021-07-12,3.79,4.14,3.78,3.94,30125293,119371501.0
2021-07-13,3.95,4.05,3.91,3.96,14693120,57998832.0
2021-07-14,4.0,4.0,3.84,3.85,11885660,46098139.0
2021-07-15,3.82,3.85,3.68,3.71,12725820,47577602.0
2021-07-16,3.7,3.78,3.68,3.69,9058986,33641515.0
2021-07-19,3.69,3.86,3.66,3.78,12689420,47766895.0
2021-07-20,3.77,3.78,3.66,3.67,9657543,35687001.0
2021-07-21,3.66,3.83,3.66,3.75,12159100,45711486.0
2021-07-22,3.8,3.85,3.76,3.77,11338200,42930550.0
2021-07-23,3.76,3.78,3.66,3.7,9434926,34880051.0
2021-07-26,3.66,3.75,3.56,3.64,12014328,43831070.0
2021-07-27,3.64,3.68,3.53,3.54,9967280,35706622.0
2021-07-28,3.55,3.55,3.28,3.4,11189167,38236425.0
2021-07-29,3.41,3.5,3.41,3.43,8306451,28704203.0
2021-07-30,3.45,3.45,3.36,3.4,10264286,34860267.0
2021-08-02,3.39,3.45,3.33,3.45,9068320,30648217.0
2021-08-03,3.41,3.48,3.36,3.37,10027042,34313682.0
2021-08-04,3.33,3.35,3.19,3.24,19444496,63261243.0
2021-08-05,3.21,3.25,3.12,3.16,15631206,49741822.0
2021-08-06,3.16,3.39,3.14,3.28,18872910,61303997.0
2021-08-09,3.29,3.34,3.24,3.29,9588403,31611544.0
2021-08-10,3.29,3.32,3.24,3.27,7271429,23843521.0
2021-08-11,3.25,3.28,3.19,3.22,11275307,36400288.0
2021-08-12,3.24,3.29,3.19,3.23,11268200,36422029.0
2021-08-13,3.22,3.25,3.14,3.16,13467639,42842781.0
2021-08-16,3.16,3.22,3.13,3.14,11744366,37207892.0
2021-08-17,3.14,3.14,2.97,3.0,21292036,64811387.0
2021-08-18,3.0,3.06,2.97,3.04,10851430,32759378.0
2021-08-19,3.04,3.1,3.02,3.05,9942310,30380319.0
2021-08-20,3.03,3.06,2.96,3.01,9986800,29919154.0
2021-08-23,3.0,3.15,2.99,3.14,13113873,40506591.0
2021-08-24,3.13,3.17,3.06,3.1,9939780,30869116.0
2021-08-25,3.09,3.31,3.06,3.23,24940400,80299817.0
2021-08-26,3.21,3.26,3.18,3.24,13770570,44400199.0
2021-08-27,3.25,3.25,3.16,3.19,9329190,29716935.0
2021-08-30,3.21,3.26,3.11,3.15,10625707,33549072.0
2021-08-31,3.12,3.24,3.06,3.16,12774239,40259040.0
2021-09-01,3.15,3.26,3.15,3.21,13367021,43030181.0
2021-09-02,3.2,3.21,3.13,3.15,12455556,39452711.0
2021-09-03,3.12,3.22,3.12,3.17,12862215,40656131.0
2021-09-06,3.16,3.17,3.08,3.1,14567960,45344071.0
2021-09-07,3.11,3.4,3.09,3.3,33564029,109667603.0
2021-09-08,3.38,3.54,3.31,3.51,44365062,153262926.0
2021-09-09,3.43,3.45,3.36,3.4,27719656,94145976.0
2021-09-10,3.39,3.44,3.35,3.36,17147580,58058612.0
2021-09-13,3.36,3.52,3.32,3.45,21954203,75245744.0
2021-09-14,3.44,3.47,3.3,3.32,20198700,68471339.0
2021-09-15,3.31,3.37,3.26,3.28,11553020,38171479.0
2021-09-16,3.28,3.43,3.25,3.27,17507708,58215200.0
2021-09-17,3.26,3.28,3.13,3.18,13770998,44011839.0
2021-09-22,3.16,3.24,3.13,3.18,9194400,29287456.0
2021-09-23,3.19,3.3,3.18,3.25,12957394,42248992.0
2021-09-24,3.25,3.3,3.17,3.19,10759675,34644754.0
2021-09-27,3.25,3.25,3.06,3.1,12443939,38766102.0
2021-09-28,3.11,3.13,3.06,3.07,9253194,28576496.0
2021-09-29,3.04,3.11,3.01,3.02,11213583,34229045.0
2021-09-30,3.02,3.13,3.01,3.11,9321180,28653299.0
2021-10-08,3.13,3.22,3.12,3.19,11458540,36559896.0
2021-10-11,3.19,3.25,3.15,3.23,9797720,31424084.0
2021-10-12,3.22,3.22,3.13,3.16,7673880,24290415.0
2021-10-13,3.16,3.19,3.1,3.12,6528360,20448126.0
2021-10-14,3.1,3.15,3.09,3.12,5727520,17872399.0
2021-10-15,3.12,3.12,3.01,3.04,12033420,36668138.0
2021-10-18,3.04,3.06,3.0,3.05,7547040,22836883.0
2021-10-19,3.04,3.08,3.02,3.04,7907379,24136342.0
2021-10-20,3.04,3.05,3.0,3.03,7164358,21659089.0
2021-10-21,3.0,3.03,2.98,2.99,7050340,21175695.0
2021-10-22,2.98,3.01,2.96,3.0,6815280,20273334.0
2021-10-25,3.0,3.0,2.87,2.88,11393780,33147184.999999996
2021-10-26,2.89,2.91,2.82,2.84,8558200,24429269.0
2021-10-27,2.85,2.88,2.76,2.78,8026620,22484104.0
2021-10-28,2.76,2.81,2.69,2.73,9886000,27029341.0
2021-10-29,2.74,2.88,2.73,2.87,13048300,36807266.0
2021-11-01,2.87,2.9,2.78,2.88,9088300,25962599.0
2021-11-02,2.87,2.9,2.77,2.8,8104140,22876743.0
2021-11-03,2.8,2.88,2.79,2.87,8681020,24770220.0
2021-11-04,2.88,2.93,2.87,2.92,10652991,30890756.0
2021-11-05,2.98,3.21,2.98,3.21,14997638,47683642.0
2021-11-08,3.53,3.53,3.53,3.53,9811485,34634542.0
2021-11-09,3.62,3.75,3.44,3.59,109420758,393695659.0
2021-11-10,3.49,3.95,3.46,3.71,149830627,566769688.0
2021-11-11,3.56,3.81,3.52,3.7,114008448,420159066.0
2021-11-12,3.64,3.95,3.61,3.74,93651747,350955999.0
2021-11-15,3.8,3.81,3.64,3.72,59597418,222466159.0
2021-11-16,3.69,3.79,3.62,3.63,56194382,207565442.0
2021-11-17,3.58,3.71,3.56,3.7,45241843,165988556.0
2021-11-18,3.64,3.69,3.47,3.53,53918598,191476410.0
2021-11-19,3.53,3.62,3.49,3.49,32754360,115928387.0
2021-11-22,3.49,3.52,3.42,3.46,31423623,108949356.0
2021-11-23,3.45,3.49,3.36,3.43,33712920,115354944.0
2021-11-24,3.43,3.54,3.4,3.47,41375040,143458864.0
2021-11-25,3.43,3.47,3.31,3.32,38969798,131206696.99999999
2021-11-26,3.31,3.34,3.27,3.31,19373364,63978079.0
2021-11-29,3.26,3.29,3.22,3.23,20364300,66032030.0
2021-11-30,3.36,3.55,3.33,3.55,28042410,97999860.0
2021-12-01,3.55,3.72,3.47,3.62,90657350,324866663.0
2021-12-02,3.56,3.66,3.49,3.52,41365629,147074368.0
2021-12-03,3.56,3.58,3.44,3.46,26002292,90613031.0
2021-12-06,3.45,3.49,3.38,3.41,22005080,75729335.0
2021-12-07,3.42,3.55,3.39,3.4,26366180,90749534.0
2021-12-08,3.48,3.69,3.38,3.56,46991186,166521346.0
2021-12-09,3.56,3.75,3.53,3.67,55071159,202656842.0
2021-12-10,3.66,4.04,3.65,4.04,112279375,442820245.0
2021-12-13,4.05,4.44,4.0,4.44,146838543,618148952.0
2021-12-14,4.88,4.88,4.5,4.75,79697843,384414107.0
2021-12-15,4.78,5.23,4.57,5.23,250072536,1251399117.0
2021-12-16,5.23,5.45,4.88,5.13,212795018,1077326979.0
2021-12-17,4.98,5.0,4.62,4.8,162687193,783664485.0
2021-12-20,4.75,5.28,4.75,5.28,199950854,1004516051.0
2021-12-21,5.25,5.79,4.98,5.35,250314307,1366590172.0
2021-12-22,5.13,5.2,4.86,4.88,165617836,830560518.0
2021-12-23,4.86,5.02,4.73,4.92,120008027,582997095.0
2021-12-24,4.92,4.92,4.47,4.49,120419065,555703074.0
2021-12-27,4.54,4.61,4.41,4.44,83845024,377049060.0
2021-12-28,4.42,4.5,4.34,4.38,62616478,275589596.0
2021-12-29,4.45,4.82,4.43,4.82,97439037,451582947.0
2021-12-30,4.9,5.3,4.84,5.3,112747409,576782774.0
2021-12-31,5.83,5.83,5.7,5.83,130191544,758759524.0
2022-01-04,5.83,6.41,5.6,6.29,346093240,2146962988.0
2022-01-05,6.01,6.92,5.98,6.92,320095323,2037724673.0
2022-01-06,7.0,7.17,6.23,6.25,340909310,2216138898.0
2022-01-07,6.41,6.56,5.99,6.07,219453788,1375356952.0
2022-01-10,5.88,6.32,5.87,6.06,164466415,1007761414.0
2022-01-11,5.99,6.14,5.79,5.89,158547827,939669852.0
2022-01-12,5.83,6.4,5.72,6.18,206134764,1263239780.0
2022-01-13,6.1,6.22,5.86,5.87,156761986,943077688.0
2022-01-14,5.73,6.0,5.73,5.75,129735380,755605969.0
2022-01-17,5.8,6.19,5.76,6.08,165299313,996726104.0
2022-01-18,6.01,6.05,5.66,5.77,141776947,826271231.0
2022-01-19,5.87,6.04,5.8,5.9,108773948,642581311.0
2022-01-20,5.76,5.77,5.36,5.39,133922524,740131965.0
2022-01-21,5.31,5.46,5.08,5.1,105731723,551092795.0
2022-01-24,5.09,5.21,5.02,5.12,66862714,342325398.0
2022-01-25,5.11,5.12,4.8,4.81,70957480,348875819.0
2022-01-26,4.82,4.95,4.74,4.79,44793340,216037755.0
2022-01-27,4.8,4.83,4.6,4.62,53760128,251291083.0
2022-01-28,4.65,4.72,4.56,4.61,45556480,211352987.0
2022-02-07,4.63,4.69,4.46,4.55,51261220,234971674.0
2022-02-08,4.54,4.67,4.45,4.58,55818400,254440676.0
2022-02-09,4.59,4.8,4.54,4.76,78604583,369628771.0
2022-02-10,4.76,4.77,4.59,4.67,70527088,328549616.0
2022-02-11,4.68,4.68,4.39,4.41,71643141,320056256.0
2022-02-14,4.37,4.54,4.29,4.46,49179828,218633791.0
2022-02-15,4.45,4.51,4.3,4.37,50977300,223110330.0
2022-02-16,4.39,4.49,4.33,4.42,50780324,223380058.0
2022-02-17,4.37,4.43,4.29,4.32,48185596,209295143.0
2022-02-18,4.35,4.42,4.26,4.32,46091130,199867965.0
2022-02-21,4.27,4.45,4.26,4.43,50781826,223296865.0
2022-02-22,4.43,4.43,4.23,4.35,51224212,220883488.0
2022-02-23,4.4,4.79,4.39,4.79,41456563,194300025.0
2022-02-24,5.14,5.27,4.97,5.27,212059521,1103866994.0
2022-02-25,5.1,5.66,5.05,5.06,181457271,955763859.0
2022-02-28,4.83,4.99,4.71,4.88,101055785,488577515.0
2022-03-01,4.82,5.13,4.76,5.01,94896446,467701115.0
2022-03-02,4.89,5.0,4.83,4.93,55941790,276087316.0
2022-03-03,4.93,5.1,4.9,4.97,69335580,345821839.0
2022-03-04,4.94,5.47,4.76,5.24,139626370,716045763.0
2022-03-07,5.1,5.75,5.06,5.5,147907799,793050138.0
2022-03-08,5.37,5.69,5.26,5.37,125344866,688322083.0
2022-03-09,5.25,5.32,4.83,5.25,107375309,549943965.0
2022-03-10,5.36,5.42,5.15,5.19,78363260,414109493.0
2022-03-11,5.04,5.17,4.94,5.09,54878100,278235390.0
2022-03-14,5.04,5.14,4.88,4.88,49212626,245633635.0
2022-03-15,4.88,4.94,4.53,4.54,68788200,327153779.0
2022-03-16,4.64,4.85,4.43,4.75,71804300,331954589.0
2022-03-17,4.81,4.96,4.77,4.87,62040970,302035449.0
2022-03-18,4.83,4.94,4.79,4.84,37882100,184290059.0
2022-03-21,4.84,4.93,4.77,4.83,47976400,232335456.0
2022-03-22,4.78,4.9,4.67,4.76,62063939,296406555.0
2022-03-23,4.66,4.78,4.56,4.69,49723040,232610618.0
2022-03-24,4.61,4.66,4.51,4.56,40977760,187089951.0
2022-03-25,4.6,5.02,4.57,5.02,58346913,283278653.0
2022-03-28,5.13,5.5,5.08,5.2,152278654,801378021.0
2022-03-29,5.22,5.31,5.08,5.25,92577577,481435702.0
2022-03-30,5.24,5.32,5.11,5.32,78537300,410846221.0
2022-03-31,5.25,5.85,5.2,5.39,130865891,723335537.0
2022-04-01,5.4,5.79,5.36,5.56,118464203,659092283.0
2022-04-06,5.44,5.63,5.32,5.49,102389504,559806723.0
2022-04-07,5.44,5.68,5.3,5.3,101186223,556572048.0
2022-04-08,5.21,5.34,5.14,5.21,78480112,407921902.0
2022-04-11,5.11,5.23,4.95,4.99,56663480,287289309.0
2022-04-12,5.2,5.38,4.97,5.16,66187300,339493358.0
2022-04-13,5.08,5.11,4.76,4.8,64557666,315659546.0
2022-04-14,4.86,4.97,4.8,4.89,38057000,186192494.0
2022-04-15,4.88,4.88,4.66,4.71,37815560,178964768.0
2022-04-18,4.7,4.78,4.59,4.7,26740474,125781981.0
2022-04-19,4.7,4.95,4.66,4.95,50135173,242064584.0
2022-04-20,4.94,4.98,4.72,4.74,44572536,216581878.0
2022-04-21,4.72,4.79,4.44,4.48,46489728,212354146.0
2022-04-22,4.46,4.46,4.33,4.4,29377560,129024083.0
2022-04-25,4.31,4.32,3.96,3.96,40673423,164850242.0
2022-04-26,3.96,4.08,3.78,3.92,39993856,157734835.0
2022-04-27,3.84,4.05,3.73,4.02,40171560,155546780.0
2022-04-28,3.98,4.0,3.66,3.75,39548820,150016488.0
2022-04-29,3.78,4.06,3.78,3.96,40629682,159372412.0
2022-05-05,3.98,4.05,3.87,4.0,26142154,104438627.0
2022-05-06,3.89,4.06,3.83,4.01,25817736,102061602.0
2022-05-09,4.03,4.18,3.99,4.02,28598100,116474597.0
2022-05-10,3.96,4.05,3.91,4.05,23171204,92478398.0
2022-05-11,4.05,4.16,4.0,4.0,34709028,141884664.0
2022-05-12,3.97,4.1,3.94,4.04,23719004,95794832.0
2022-05-13,4.07,4.09,3.99,4.06,18400803,74341397.0
2022-05-16,4.06,4.12,4.02,4.07,21509948,87534016.0
2022-05-17,4.08,4.09,3.95,4.01,25018851,99855395.0
2022-05-18,4.05,4.41,4.04,4.26,65575723,277643122.0
2022-05-19,4.15,4.24,4.11,4.19,33157272,138097024.0
2022-05-20,4.19,4.25,4.15,4.17,24480568,102321138.0
2022-05-23,4.29,4.3,4.18,4.19,27735019,117150169.0
2022-05-24,4.17,4.17,3.94,3.95,31904191,129395750.0
2022-05-25,3.93,4.06,3.9,4.06,25374040,101404322.0
2022-05-26,4.09,4.13,3.98,4.12,24927500,101367233.0
2022-05-27,4.11,4.14,4.01,4.06,24097300,98191990.0
2022-05-30,4.08,4.12,3.98,4.02,18293211,73433258.0
2022-05-31,4.02,4.07,3.94,4.04,21434200,85565768.0
2022-06-01,4.02,4.08,3.98,4.0,19862380,80052708.0
2022-06-02,3.99,4.0,3.91,3.94,22851000,89979221.0
2022-06-06,3.96,4.06,3.91,4.05,27594103,110391671.0
2022-06-07,4.06,4.06,3.95,3.99,19036880,75988423.0
2022-06-08,4.06,4.15,3.98,4.04,33433736,136126336.0
2022-06-09,4.02,4.18,3.98,4.12,46297780,189074943.0
2022-06-10,4.05,4.11,4.03,4.08,24022060,97784472.0
2022-06-13,4.03,4.1,4.01,4.02,25607960,103504338.0
2022-06-14,4.0,4.0,3.85,3.98,34044460,133521913.99999999
2022-06-15,3.98,4.02,3.94,3.95,25003263,99625780.0
2022-06-16,3.95,4.19,3.95,4.14,65328360,268606475.0
2022-06-17,4.13,4.21,4.01,4.04,41446060,168640336.0
2022-06-20,4.06,4.07,4.0,4.02,23396100,94064865.0
2022-06-21,4.03,4.09,3.98,4.06,30624256,123570922.0
2022-06-22,4.06,4.06,3.95,3.96,25131200,100224461.0
2022-06-23,3.97,3.99,3.9,3.97,19641920,77275404.0
2022-06-24,3.97,4.01,3.94,3.96,17516198,69489706.0
2022-06-27,3.99,4.04,3.96,3.99,22598300,90522722.0
2022-06-28,3.98,4.09,3.93,4.05,31592751,126994772.0
2022-06-29,4.05,4.09,3.99,3.99,30409592,123247576.0
2022-06-30,4.02,4.07,3.96,4.0,20731608,83245163.0
2022-07-01,4.0,4.01,3.95,3.98,19626360,77951171.0
2022-07-04,3.99,4.0,3.95,3.98,15693840,62461307.0
2022-07-05,3.98,3.99,3.88,3.93,22900595,89980632.0
2022-07-06,3.94,3.95,3.81,3.81,18159900,70096778.0
2022-07-07,3.81,3.84,3.79,3.81,14739092,56234723.0
2022-07-08,3.79,3.95,3.76,3.88,25771880,100129435.0
2022-07-11,3.88,3.89,3.79,3.82,16547608,63304806.0
2022-07-12,3.81,3.81,3.71,3.73,17202920,64450761.0
2022-07-13,3.73,3.85,3.73,3.8,15514080,58877518.0
2022-07-14,3.77,3.79,3.73,3.73,15946500,59757313.0
2022-07-15,3.68,3.68,3.49,3.49,30173167,106876528.0
2022-07-18,3.46,3.64,3.45,3.6,23213756,83095289.0
2022-07-19,3.6,3.72,3.56,3.69,25045220,91636730.0
2022-07-20,3.73,3.76,3.68,3.72,17851954,66491176.00000001
2022-07-21,3.75,3.85,3.71,3.8,30305658,114995005.0
2022-07-22,3.76,3.83,3.73,3.75,26460500,99571739.0
2022-07-25,3.81,3.9,3.74,3.74,19911800,75755673.0
2022-07-26,3.75,3.78,3.72,3.78,14830255,55547920.0
2022-07-27,3.78,3.81,3.71,3.73,14215736,53280634.0
2022-07-28,3.74,3.8,3.71,3.72,16894536,63401217.0
2022-07-29,3.72,3.81,3.71,3.77,23545285,88604559.0
2022-08-01,3.73,3.9,3.72,3.78,30041860,114790344.0
2022-08-02,3.72,3.74,3.5,3.56,30591366,109518989.0
2022-08-03,3.56,3.7,3.49,3.51,23698385,85083731.0
2022-08-04,3.53,3.65,3.51,3.63,23881426,85831438.0
2022-08-05,3.65,3.99,3.64,3.89,90470997,355510391.0
2022-08-08,3.79,3.94,3.73,3.87,55744700,214805492.0
2022-08-09,3.83,3.9,3.8,3.82,23637000,90469442.0
2022-08-10,3.83,3.92,3.78,3.85,22356096,85978120.0
2022-08-11,3.85,4.04,3.84,3.97,42395524,168146367.0
2022-08-12,3.96,4.03,3.92,4.01,32450420,129517337.0
2022-08-15,4.02,4.06,3.91,3.94,27449884,108480998.0
2022-08-16,3.93,3.95,3.86,3.89,21357200,83166378.0
2022-08-17,3.89,4.04,3.85,3.98,37637383,148523164.0
2022-08-18,3.97,3.98,3.85,3.86,27480300,106443360.0
2022-08-19,3.88,4.03,3.87,3.96,43442800,172396874.0
2022-08-22,3.96,4.13,3.91,4.11,52736736,214336539.0
2022-08-23,4.1,4.11,4.0,4.04,30290743,122223315.0
2022-08-24,4.05,4.11,3.95,3.97,29344500,117656383.0
2022-08-25,4.0,4.01,3.82,3.93,29761840,116373883.0
2022-08-26,3.96,4.02,3.92,3.94,21679000,86113161.0
2022-08-29,3.87,4.1,3.83,4.08,42345863,169320847.0
2022-08-30,4.11,4.19,4.05,4.08,34407500,141706500.0
2022-08-31,4.08,4.18,4.01,4.05,30006700,122633328.0
2022-09-01,4.05,4.12,3.95,3.97,24204988,97338272.0
2022-09-02,3.97,4.14,3.96,4.1,37395043,153106548.0
2022-09-05,4.06,4.1,3.97,4.0,28697111,114952544.0
2022-09-06,4.01,4.03,3.93,4.0,16394703,65035301.0
2022-09-07,3.98,3.99,3.9,3.93,17827800,70035275.0
2022-09-08,3.95,3.99,3.91,3.91,14785400,58397771.0
2022-09-09,3.9,3.91,3.83,3.88,13384500,51824818.0
2022-09-13,3.88,3.95,3.88,3.9,13914480,54502288.0
2022-09-14,3.84,3.86,3.78,3.81,16997520,64923936.0
2022-09-15,3.83,3.83,3.7,3.75,18034780,67713759.0
2022-09-16,3.76,3.77,3.66,3.68,15849900,58907545.0
2022-09-19,3.68,3.68,3.55,3.59,16298973,58463601.0
2022-09-20,3.63,3.68,3.59,3.61,13545583,48927759.0
2022-09-21,3.6,3.73,3.52,3.7,14163202,51454526.0
2022-09-22,3.67,3.74,3.63,3.63,10943200,40252721.0
2022-09-23,3.68,3.68,3.54,3.56,8650043,30972528.0
2022-09-26,3.5,3.55,3.26,3.43,14722928,51107537.0
2022-09-27,3.44,3.51,3.4,3.49,9639328,33298650.999999996
2022-09-28,3.47,3.48,3.36,3.36,10718000,36558688.0
2022-09-29,3.41,3.41,3.26,3.29,12602860,41892029.0
2022-09-30,3.28,3.36,3.28,3.33,11053923,36837982.0
2022-10-10,3.37,3.38,3.22,3.24,11517900,37866659.0
2022-10-11,3.2,3.38,3.2,3.27,14345340,46903093.0
2022-10-12,3.24,3.38,3.21,3.38,15405580,50753498.0
2022-10-13,3.35,3.59,3.32,3.43,23500580,81422558.0
2022-10-14,3.43,3.5,3.4,3.48,17201644,59378312.0
2022-10-17,3.46,3.62,3.37,3.59,25180941,89145741.0
2022-10-18,3.6,3.75,3.54,3.64,37554166,136816820.0
2022-10-19,3.61,3.67,3.54,3.62,26146597,94315379.0
2022-10-20,3.58,3.7,3.54,3.64,23954112,86806972.0
2022-10-21,3.6,3.67,3.53,3.53,18139560,65069743.0
2022-10-24,3.53,3.62,3.4,3.42,20629200,72146844.0
2022-10-25,3.44,3.46,3.32,3.39,21566400,72653744.0
2022-10-26,3.41,3.7,3.37,3.52,36500003,128495747.0
2022-10-27,3.54,3.63,3.47,3.6,33302980,118946254.0
2022-10-28,3.56,3.6,3.4,3.43,21501621,75130840.0
2022-10-31,3.53,3.59,3.45,3.51,19946123,70372229.0
2022-11-01,3.51,3.59,3.47,3.59,18888500,66862320.00000001
2022-11-02,3.88,3.95,3.68,3.7,109908761,420721116.0
2022-11-03,3.59,3.78,3.59,3.62,56477474,205340429.0
2022-11-04,3.64,3.75,3.62,3.69,36101700,133248362.0
2022-11-07,3.68,4.06,3.65,4.06,79060839,309753813.0
2022-11-08,4.1,4.17,3.97,3.98,140451229,570619098.0
2022-11-09,4.02,4.05,3.92,3.93,63060779,249800941.0
2022-11-10,3.93,4.32,3.91,4.32,154383679,649224269.0
2022-11-11,4.5,4.75,4.45,4.75,278609043,1304461636.0
2022-11-14,4.61,4.74,4.46,4.54,221531612,1015358790.0
2022-11-15,4.46,4.61,4.41,4.48,124711454,557717975.0
2022-11-16,4.45,4.72,4.42,4.56,150166548,689984772.0
2022-11-17,4.83,4.89,4.51,4.57,164922336,770779416.0
2022-11-18,4.59,4.7,4.41,4.41,129865544,590563186.0
2022-11-21,4.41,4.57,4.37,4.41,79749490,353662835.0
2022-11-22,4.36,4.44,4.21,4.22,89064600,383023330.0
2022-11-23,4.29,4.29,4.07,4.15,64061982,264448422.00000003
2022-11-24,4.15,4.18,4.07,4.08,39265149,160981062.0
2022-11-25,4.11,4.11,4.02,4.04,36039723,146484798.0
2022-11-28,3.97,4.04,3.93,4.04,35576230,142646128.0
2022-11-29,4.01,4.12,4.01,4.1,37015585,150900898.0
2022-11-30,4.1,4.13,4.03,4.05,32221400,131222606.99999999
2022-12-01,4.09,4.2,4.07,4.14,48506868,200323594.0
2022-12-02,4.18,4.24,4.12,4.16,40164961,167913053.0
2022-12-05,4.16,4.25,4.14,4.16,35641880,149277541.0
2022-12-06,4.12,4.17,4.08,4.08,33173540,136201743.0
2022-12-07,4.12,4.49,4.08,4.49,96735943,420869156.0
2022-12-08,4.51,4.67,4.35,4.42,130036027,580266049.0
2022-12-09,4.49,4.55,4.32,4.49,85104523,376303767.0
2022-12-12,4.46,4.55,4.31,4.35,56823990,249475220.0
2022-12-13,4.33,4.5,4.3,4.36,49194881,216151451.0
2022-12-14,4.32,4.8,4.26,4.61,131593556,597795280.0
2022-12-15,4.55,4.63,4.42,4.47,80368418,361537231.0
2022-12-16,4.42,4.44,4.33,4.37,42836043,186920359.0
2022-12-19,4.37,4.41,4.2,4.27,38348900,164557129.0
2022-12-20,4.29,4.38,4.13,4.15,37338524,157165740.0
2022-12-21,4.15,4.3,4.12,4.16,36731020,154153467.0
2022-12-22,4.16,4.23,4.1,4.1,32384700,134969971.0
2022-12-23,4.08,4.25,4.06,4.19,40344192,168229104.0
2022-12-26,4.19,4.23,4.06,4.1,43787260,179952393.0
2022-12-27,4.13,4.18,3.93,4.0,61477090,246401364.0
2022-12-28,4.0,4.01,3.79,3.85,52670418,203382041.0
2022-12-29,3.88,3.98,3.75,3.77,52639417,202915190.0
2022-12-30,3.8,3.96,3.77,3.91,49228368,191721126.0
2023-01-03,3.9,4.11,3.88,4.1,51285839,206264202.0
2023-01-04,4.11,4.15,4.07,4.12,43427738,178740705.0
2023-01-05,4.12,4.3,4.06,4.1,55998181,233922459.0
2023-01-06,4.08,4.13,3.94,3.95,48338442,193767155.0
2023-01-09,3.95,4.13,3.95,4.05,33978500,137551150.0
2023-01-10,4.06,4.23,4.0,4.17,52014000,215361483.0
2023-01-11,4.17,4.18,4.02,4.05,36529600,149084714.0
2023-01-12,4.04,4.16,4.0,4.08,32398300,132277478.0
2023-01-13,4.09,4.19,4.09,4.16,46045400,191010592.0
2023-01-16,4.15,4.15,4.06,4.09,36773544,150538585.0
2023-01-17,4.1,4.11,3.96,3.98,36026903,144149860.0
2023-01-18,4.0,4.18,3.99,4.08,52594526,215554904.0
2023-01-19,4.05,4.12,4.04,4.04,25743107,104604901.0
2023-01-20,4.04,4.12,4.04,4.1,26641691,108718453.0
2023-01-30,4.18,4.36,4.14,4.29,71308762,301865389.0
2023-01-31,4.25,4.27,4.14,4.23,57516069,241313667.0
2023-02-01,4.22,4.65,4.19,4.65,116412432,518222365.0
2023-02-02,4.85,4.88,4.54,4.59,208344632,981565532.0
2023-02-03,4.7,5.05,4.65,5.05,174625710,851370401.0
2023-02-06,5.56,5.56,5.56,5.56,16863390,93760448.0
2023-02-07,6.12,6.12,6.12,6.12,23651540,144747425.0
2023-02-08,6.73,6.73,5.83,5.91,529351400,3331183787.0
2023-02-09,5.91,6.04,5.63,5.96,362546410,2121936177.9999998
2023-02-10,5.91,6.56,5.8,6.22,534703830,3341599164.0
2023-02-13,6.48,6.84,6.38,6.84,540051246,3616055118.0
2023-02-14,6.42,7.12,6.16,6.86,590360180,3817539578.0
2023-02-15,7.0,7.12,6.67,6.72,462451804,3189348290.0
2023-02-16,6.5,7.27,6.4,6.84,480629216,3349846547.0
2023-02-17,6.9,7.08,6.5,6.86,404200861,2778685681.0
2023-02-20,6.8,7.16,6.54,6.83,406263526,2794233520.0
2023-02-21,6.63,6.85,6.29,6.57,416769191,2741781055.0
2023-02-22,6.41,6.57,6.15,6.29,312543131,1981806241.0
2023-02-23,6.4,6.66,6.1,6.44,381050041,2475026048.0
2023-02-24,6.36,6.53,6.15,6.16,281707540,1776040055.0
2023-02-27,6.06,6.13,5.73,5.8,280119470,1657310475.0
2023-02-28,5.81,5.88,5.6,5.77,197804151,1131768866.0
2023-03-01,5.73,6.04,5.71,5.98,257598188,1526507602.0
2023-03-02,5.98,6.37,5.93,6.23,341047513,2094464834.0
2023-03-03,6.0,6.19,5.94,6.12,232124715,1405262962.0
2023-03-06,6.06,6.11,5.85,5.89,147801540,876666084.0
2023-03-07,5.91,5.96,5.73,5.76,145050605,847499712.0
2023-03-08,5.7,5.82,5.64,5.76,114449158,654675879.0
2023-03-09,5.84,6.0,5.68,5.91,205060087,1202596758.0
2023-03-10,5.7,5.8,5.62,5.63,136168511,776439355.0
2023-03-13,5.65,5.85,5.52,5.82,155637923,887474492.0
2023-03-14,5.83,5.9,5.6,5.64,149590320,859178084.0
2023-03-15,5.69,5.8,5.5,5.51,118980788,667887392.0
2023-03-16,5.41,5.75,5.35,5.56,165448974,918492289.0
2023-03-17,5.55,6.1,5.52,5.89,262375277,1531647513.0
2023-03-20,6.0,6.16,5.8,5.82,245605909,1471955982.0
2023-03-21,5.82,6.4,5.82,6.4,269317388,1673540289.0
2023-03-22,6.36,6.53,6.23,6.48,378003605,2413620632.0
2023-03-23,6.35,6.48,6.2,6.43,243036027,1543419346.0
2023-03-24,6.37,6.66,6.36,6.57,285614973,1872753869.0
2023-03-27,6.61,6.79,6.41,6.53,254234255,1680996299.0
2023-03-28,6.4,6.4,6.16,6.2,195224598,1221197351.0
2023-03-29,6.18,6.31,6.11,6.14,131771913,817473783.0
2023-03-30,6.02,6.08,5.77,5.85,157017498,927210971.0
2023-03-31,5.82,6.21,5.81,6.18,167647705,1018191403.0
2023-04-03,6.18,6.37,6.07,6.31,188334507,1171321964.0
2023-04-04,6.37,6.42,6.11,6.17,150501654,942866026.0
2023-04-06,6.0,6.01,5.71,5.79,145100724,848090542.0
2023-04-07,5.8,6.07,5.7,5.97,120759900,715068436.0
2023-04-10,5.97,6.03,5.6,5.62,109938283,635484455.0
2023-04-11,5.63,5.95,5.55,5.8,102412233,593126474.0
2023-04-12,5.8,6.08,5.76,6.0,129035373,768468395.0
2023-04-13,6.05,6.6,6.01,6.6,169725317,1102305731.0
2023-04-14,6.71,6.77,6.18,6.2,316836660,2028920999.0
2023-04-17,6.23,6.3,5.83,5.86,169311032,1003524771.0
2023-04-18,5.81,5.86,5.6,5.69,133829651,763063614.0
2023-04-19,5.7,5.84,5.66,5.71,116855359,671328464.0
2023-04-20,5.64,5.89,5.61,5.88,128763290,744425368.0
2023-04-21,5.85,5.93,5.45,5.46,134306631,755463867.0
2023-04-24,5.43,5.62,5.39,5.56,78081149,430893142.0
2023-04-25,5.64,5.88,5.62,5.79,150360901,869040177.0
2023-04-26,5.71,6.35,5.7,6.15,288844149,1767770745.0
2023-04-27,6.02,6.03,5.54,5.64,232838049,1333470724.0
2023-04-28,5.6,6.0,5.57,5.93,185749332,1084631263.0
2023-05-04,6.01,6.3,5.82,6.24,231816081,1410827549.0
2023-05-05,6.22,6.58,6.02,6.3,255188839,1607905203.0
2023-05-08,6.21,6.93,6.13,6.93,248907689,1646807505.0
2023-05-09,7.18,7.62,6.91,7.13,473832582,3453333587.0
2023-05-10,6.92,7.4,6.8,7.25,354631471,2532285344.0
2023-05-11,7.21,7.98,7.16,7.83,481246260,3663419226.0
2023-05-12,7.38,7.47,7.05,7.05,305932049,2199161149.0
2023-05-15,6.8,7.31,6.67,7.13,251263705,1777815930.0
2023-05-16,7.02,7.08,6.42,6.42,256939637,1704989950.0
2023-05-17,6.23,6.52,6.15,6.32,157016139,995301090.0
2023-05-18,6.33,6.53,6.16,6.41,152364279,976092350.0
2023-05-19,6.42,6.5,6.18,6.2,123276380,777592983.0
2023-05-22,6.16,6.18,5.93,6.01,124744961,751500947.0
2023-05-23,6.05,6.17,5.89,6.02,102818904,621033912.0
2023-05-24,6.03,6.62,5.97,6.62,263161822,1697121446.0
2023-05-25,6.59,6.75,6.47,6.67,275789941,1825727015.0
2023-05-26,6.55,6.82,6.46,6.71,204361797,1361851935.0
2023-05-29,6.77,6.96,6.66,6.87,207864130,1415815769.0
2023-05-30,6.75,7.13,6.62,6.95,197957478,1355602222.0
2023-05-31,6.95,7.29,6.81,7.03,224188579,1581238348.0
2023-06-01,6.9,7.64,6.85,7.23,265466058,1916049237.0
2023-06-02,7.28,7.65,7.14,7.3,260833888,1926742487.0
2023-06-05,7.33,7.53,7.06,7.46,248461618,1812793339.0
2023-06-06,7.27,8.0,7.22,7.57,360667478,2772482322.0
2023-06-07,7.5,7.74,7.2,7.35,270578378,2009122273.0
2023-06-08,7.25,7.25,6.87,7.08,222404563,1569575580.0
2023-06-09,7.18,7.51,7.01,7.41,232850745,1696675308.0
2023-06-12,7.47,7.61,7.19,7.2,190587719,1403625042.0
2023-06-13,7.15,7.92,7.11,7.92,343599730,2671530355.0
2023-06-14,7.91,8.33,7.71,7.77,446802420,3577358693.0
2023-06-15,7.94,8.25,7.76,7.97,339178973,2719343147.0
2023-06-16,7.82,8.07,7.61,7.9,238652338,1875240278.0
2023-06-19,7.87,8.3,7.72,8.2,276519188,2221585893.0
2023-06-20,8.18,8.48,7.96,7.99,242121942,1979128301.0
2023-06-21,7.86,7.9,7.19,7.19,250003379,1869980740.0
2023-06-26,7.0,7.27,6.77,6.78,162846874,1132771604.0
2023-06-27,6.86,7.1,6.75,6.98,119050475,827893266.0
2023-06-28,6.91,6.96,6.6,6.9,120286892,814624098.0
2023-06-29,6.86,7.03,6.85,6.99,95393780,663648092.0
2023-06-30,6.99,7.05,6.8,7.01,92103710,637779010.0
2023-07-03,7.18,7.23,6.72,6.88,99636932,688952367.0
2023-07-04,6.8,6.94,6.77,6.84,67423107,460400193.0
2023-07-05,6.81,6.84,6.6,6.61,82936004,555257848.0
2023-07-06,6.56,6.76,6.55,6.63,62369836,415595509.0
2023-07-07,6.6,6.6,6.35,6.49,80304787,519145259.0
2023-07-10,6.49,6.5,6.37,6.46,50077038,322110366.0
2023-07-11,6.5,6.58,6.44,6.53,54508403,355987470.0
2023-07-12,6.51,6.64,6.31,6.33,78366767,509289088.0
2023-07-13,6.35,6.45,6.27,6.43,75614503,481568296.0
2023-07-14,6.49,6.69,6.47,6.62,96176800,636387107.0
2023-07-17,6.71,6.79,6.6,6.72,69648631,466361435.0
2023-07-18,6.69,6.69,6.55,6.57,49280868,325299264.0
2023-07-19,6.6,7.08,6.54,6.9,140794625,964783391.0
2023-07-20,6.82,6.96,6.73,6.76,86472242,590865789.0
2023-07-21,6.7,6.75,6.5,6.51,72020301,474793095.0
2023-07-24,6.44,6.54,6.34,6.36,60209000,387380529.0
2023-07-25,6.45,6.53,6.4,6.48,61812770,399644138.0
2023-07-26,6.46,6.47,6.05,6.09,119085998,735986970.0
2023-07-27,6.09,6.14,5.97,6.04,55902359,339131676.0
2023-07-28,6.0,6.11,5.93,6.07,49096823,296034723.0
2023-07-31,6.1,6.23,5.97,6.19,60824368,375033089.0
2023-08-01,6.16,6.18,6.07,6.1,42118987,256989858.0
2023-08-02,6.09,6.09,6.01,6.05,37058367,223663961.0
2023-08-03,6.12,6.18,6.06,6.08,43877020,268120304.0
2023-08-04,6.11,6.27,6.09,6.21,73296693,454202665.0
2023-08-07,6.2,6.3,6.15,6.28,58990979,368347004.0
2023-08-08,6.23,6.29,6.15,6.16,45250491,281328658.0
2023-08-09,6.15,6.16,5.95,5.99,50822324,307020871.0
2023-08-10,5.99,6.12,5.97,6.05,35440102,214650180.0
2023-08-11,6.02,6.1,5.9,5.93,39396902,236256091.0
2023-08-14,5.9,6.09,5.86,6.09,48495133,291467878.0
2023-08-15,6.09,6.12,5.96,6.02,39698036,239887263.0
2023-08-16,5.98,6.02,5.7,5.86,45277265,266461593.99999997
2023-08-17,5.86,5.91,5.75,5.88,32122692,188186267.0
2023-08-18,5.89,5.94,5.67,5.67,48005811,276825793.0
2023-08-21,5.61,5.78,5.6,5.63,38162037,217456668.0
2023-08-22,5.65,5.83,5.63,5.83,60424208,346151870.0
2023-08-23,5.84,5.86,5.7,5.72,47683862,274672861.0
2023-08-24,5.86,6.17,5.82,5.93,108478833,650854723.0
2023-08-25,5.8,5.81,5.58,5.61,72504254,412784757.0
2023-08-28,5.88,5.98,5.62,5.62,51768195,297003370.0
2023-08-29,5.6,5.9,5.56,5.87,78460030,453605796.0
2023-08-30,5.9,6.01,5.81,5.97,78487650,464322731.0
2023-08-31,5.93,5.94,5.82,5.83,44586451,261231978.0
2023-09-01,5.87,5.95,5.82,5.89,41501576,244285252.0
2023-09-04,5.9,5.93,5.82,5.93,40357220,237380510.0
2023-09-05,5.93,5.93,5.77,5.82,42522711,248212284.0
2023-09-06,5.79,5.79,5.66,5.7,38220760,218038489.0
2023-09-07,5.76,5.93,5.69,5.74,68228901,395623828.0
2023-09-08,5.62,5.62,5.45,5.52,74116739,407896788.0
2023-09-11,5.54,5.7,5.54,5.63,55068500,308742564.0
2023-09-12,5.6,5.6,5.5,5.53,38912788,215293829.0
2023-09-13,5.51,5.52,5.35,5.42,47618136,257217147.0
2023-09-14,5.43,5.43,5.25,5.27,40365121,213878598.0
2023-09-15,5.28,5.31,5.2,5.23,29509052,154527427.0
2023-09-18,5.22,5.26,5.16,5.25,24977003,130724282.0
2023-09-19,5.25,5.26,5.12,5.14,35326800,182427838.0
2023-09-20,5.17,5.19,5.11,5.11,20659212,106399348.0
2023-09-21,5.12,5.15,5.05,5.07,28278417,144046639.0
2023-09-22,5.05,5.23,5.04,5.22,44332876,229526036.0
2023-09-25,5.28,5.28,5.14,5.16,37379100,194811566.0
2023-09-26,5.14,5.27,5.1,5.19,38279738,199024748.0
2023-09-27,5.15,5.29,5.14,5.24,44413833,232888378.0
2023-09-28,5.28,5.33,5.23,5.3,37507500,198071714.0
2023-10-09,5.3,5.3,5.18,5.25,33170754,173455574.0
2023-10-10,5.25,5.35,5.24,5.28,32161634,170242187.0
2023-10-11,5.27,5.39,5.22,5.35,41161200,219694883.0
2023-10-12,5.35,5.38,5.26,5.27,37407780,197880647.0
2023-10-13,5.25,5.26,5.17,5.18,39488820,205366335.0
2023-10-16,5.18,5.2,5.08,5.11,38209000,195681126.0
2023-10-17,5.11,5.13,5.05,5.09,25722591,130753842.0
2023-10-18,5.08,5.09,4.92,4.98,39593654,197022342.0
2023-10-19,4.97,5.06,4.93,4.94,35242932,176179918.0
2023-10-20,4.9,4.97,4.82,4.83,32140303,156695520.0
2023-10-23,4.85,4.86,4.65,4.68,36111600,170794794.0
2023-10-24,4.74,4.85,4.72,4.81,46840773,224924620.0
2023-10-25,4.83,5.18,4.81,5.01,89422178,446301587.0
2023-10-26,4.88,4.97,4.81,4.91,85061180,415694715.0
2023-10-27,4.89,4.92,4.76,4.89,52644820,255039326.0
2023-10-30,4.99,5.13,4.97,5.1,82730637,419220242.0
2023-10-31,5.05,5.19,5.03,5.08,66151753,338277061.0
2023-11-01,5.07,5.25,5.04,5.14,62725993,324413422.0
2023-11-02,5.14,5.28,5.12,5.16,91455056,477541171.0
2023-11-03,5.17,5.24,5.08,5.21,67056689,346950054.0
2023-11-06,5.25,5.53,5.24,5.48,127275889,686480932.0
2023-11-07,5.48,5.58,5.41,5.54,123772357,681299039.0
2023-11-08,5.5,5.99,5.48,5.82,207195849,1199398705.0
2023-11-09,5.9,5.9,5.6,5.66,131726259,751886754.0
2023-11-10,5.63,5.7,5.49,5.51,79151649,438614250.0
2023-11-13,5.57,5.68,5.52,5.6,78475089,439925901.0
2023-11-14,5.56,5.69,5.54,5.66,67186747,378682352.0
2023-11-15,5.68,5.71,5.57,5.6,57897473,325436791.0
2023-11-16,5.56,5.75,5.51,5.74,111274413,631598010.0
2023-11-17,5.68,5.77,5.66,5.7,78377466,446864264.0
2023-11-20,5.69,5.73,5.6,5.68,59061440,334583242.0
2023-11-21,5.69,5.87,5.67,5.81,119887769,691528583.0
2023-11-22,5.75,6.2,5.74,5.88,188774474,1125318885.0
2023-11-23,5.81,5.9,5.62,5.9,118878588,683068308.0
2023-11-24,5.86,5.92,5.68,5.8,93894151,543168095.0
2023-11-27,5.82,5.82,5.59,5.69,67220646,380316347.0
2023-11-28,5.64,5.73,5.52,5.71,58742500,330866571.0
2023-11-29,5.62,5.67,5.47,5.53,71942232,399909770.0
2023-11-30,5.52,5.55,5.4,5.47,50571533,276785974.0
2023-12-01,5.48,5.71,5.47,5.7,115085389,648304093.0
2023-12-04,5.71,5.79,5.64,5.65,79217201,452681454.0
2023-12-05,5.66,5.69,5.37,5.38,75061349,411045880.0
2023-12-06,5.35,5.64,5.25,5.57,80828300,442121806.0
2023-12-07,5.6,5.72,5.55,5.68,81362229,459423375.0
2023-12-08,5.68,5.73,5.55,5.68,84645140,477508923.0
2023-12-11,5.64,5.78,5.61,5.77,84191603,481173046.0
2023-12-12,5.8,5.96,5.78,5.86,118853398,697737252.0
2023-12-13,5.81,5.92,5.74,5.75,81294088,474189498.0
2023-12-14,5.8,5.87,5.67,5.69,61256790,353027834.0
2023-12-15,5.72,6.12,5.61,5.97,185594911,1096706057.0
2023-12-18,5.96,5.97,5.72,5.74,121850028,709157773.0
2023-12-19,5.74,6.31,5.7,6.31,257766735,1601953173.0
2023-12-20,6.33,6.62,6.17,6.2,393794195,2516265934.0
2023-12-21,6.15,6.8,6.12,6.54,360903832,2327231401.0
2023-12-22,6.43,6.49,5.89,5.89,276320228,1703360447.0
2023-12-25,5.54,5.88,5.54,5.58,185506504,1049636128.0
2023-12-26,5.54,5.58,5.18,5.22,167254577,889312817.0
2023-12-27,5.23,5.4,5.18,5.36,114733940,609520546.0
2023-12-28,5.33,5.42,5.15,5.33,104951216,558203025.0
2023-12-29,5.33,5.57,5.3,5.52,101003603,553001331.0
2024-01-02,5.63,5.76,5.51,5.51,91411100,511268663.0
2024-01-03,5.53,5.64,5.41,5.53,85567984,473061410.0
2024-01-04,5.48,5.5,5.32,5.43,63780280,345098833.0
2024-01-05,5.48,5.97,5.36,5.97,241072990,1392787931.0
2024-01-08,5.87,6.03,5.77,5.95,224306843,1323160202.0
2024-01-09,5.92,6.0,5.73,5.83,147594178,861168012.0
2024-01-10,5.81,5.9,5.49,5.68,140341275,795783827.0
2024-01-11,5.54,5.88,5.48,5.8,126713412,729460999.0
2024-01-12,5.77,6.04,5.75,5.75,136925561,802996457.0
2024-01-15,5.74,6.02,5.71,5.85,124220485,730259470.0
2024-01-16,5.8,5.82,5.53,5.63,109663999,619270867.0
2024-01-17,5.6,5.63,5.26,5.29,97517697,526134769.0
2024-01-18,5.19,5.31,5.06,5.3,86848889,450438409.0
2024-01-19,5.25,5.45,5.22,5.31,83577464,447037926.0
2024-01-22,5.23,5.31,4.79,4.84,98527503,494621616.0
2024-01-23,4.82,4.96,4.72,4.93,65148584,318475096.0
2024-01-24,4.92,4.97,4.72,4.93,67236997,326896535.0
2024-01-25,4.93,5.08,4.84,5.07,66103943,330134446.0
2024-01-26,5.07,5.19,5.0,5.03,64352494,327251667.0
2024-01-29,5.03,5.06,4.75,4.75,60277524,292367205.0
2024-01-30,4.74,4.78,4.46,4.5,59241116,272528404.0
2024-01-31,4.05,4.05,4.05,4.05,14194300,57486915.0
2024-02-01,3.65,3.85,3.65,3.65,141641753,522378009.0
2024-02-02,3.56,3.85,3.39,3.75,129637421,480123125.0
2024-02-05,3.78,3.78,3.38,3.38,95061236,330637624.0
2024-02-06,3.21,3.59,3.06,3.44,91257323,303315352.0
2024-02-07,3.49,3.63,3.42,3.52,79847950,282335460.0
2024-02-08,3.55,3.83,3.53,3.79,79828942,299125966.0
2024-02-19,3.95,4.08,3.94,4.06,88563199,355462358.0
2024-02-20,4.07,4.47,4.0,4.47,109890800,467927744.0
2024-02-21,4.45,4.72,4.3,4.39,175219843,795290919.0
2024-02-22,4.39,4.7,4.39,4.64,145856843,663963378.0
2024-02-23,4.64,4.76,4.54,4.74,146862524,688206243.0
2024-02-26,4.74,5.2,4.61,4.92,177099318,852911362.0
2024-02-27,4.81,5.06,4.75,5.03,137431945,673637598.0
2024-02-28,5.03,5.19,4.53,4.54,186096068,917747652.0
2024-02-29,4.48,4.83,4.46,4.8,123508352,585270061.0
2024-03-01,4.76,4.93,4.74,4.89,105032186,508868266.0
2024-03-04,4.91,5.03,4.76,5.01,102889756,504010961.0
2024-03-05,4.91,5.03,4.81,4.86,103254919,505275897.0
2024-03-06,4.85,4.9,4.76,4.81,65852929,317622698.0
2024-03-07,4.83,4.86,4.63,4.65,74232680,351221711.0
2024-03-08,4.63,4.73,4.58,4.67,50768615,236698882.0
2024-03-11,4.64,4.75,4.6,4.74,52249346,245414798.0
2024-03-12,4.76,4.85,4.75,4.84,67348735,323899910.0
2024-03-13,4.84,5.06,4.81,4.99,131132208,649199621.0
2024-03-14,4.95,4.95,4.77,4.84,81039291,394216813.0
2024-03-15,4.81,4.91,4.75,4.91,58028870,281197218.0
2024-03-18,4.98,4.98,4.86,4.95,75219085,370738319.0
2024-03-19,4.99,5.09,4.94,4.94,93839270,470491758.0
2024-03-20,4.92,5.4,4.92,5.27,208410540,1078991523.0
2024-03-21,5.69,5.8,5.4,5.47,270657530,1514783216.0
2024-03-22,5.4,5.58,5.16,5.31,196961378,1050667281.0
2024-03-25,5.41,5.52,5.13,5.15,159849070,853897825.0
2024-03-26,5.07,5.18,4.93,4.96,103133399,519595743.0
2024-03-27,4.96,4.99,4.6,4.6,103441446,491264006.0
2024-03-28,4.6,5.06,4.56,5.01,160498145,789472140.0
2024-03-29,4.91,4.93,4.75,4.84,94537706,456184030.0
2024-04-01,4.78,4.95,4.78,4.89,72533227,353778416.0
2024-04-02,4.86,4.9,4.68,4.74,69889321,331858908.92
2024-04-03,4.74,4.74,4.55,4.59,61240440,281615582.53
2024-04-08,4.55,4.56,4.42,4.44,52995726,237339043.51
2024-04-09,4.52,4.56,4.44,4.54,39481540,177817165.89
2024-04-10,4.52,4.52,4.31,4.36,44938773,197485382.98
2024-04-11,4.34,4.52,4.31,4.45,49361300,219697594.68
2024-04-12,4.42,4.47,4.31,4.32,39926940,174534187.4
2024-04-15,4.26,4.31,4.0,4.11,66192043,273813697.9
2024-04-16,4.09,4.11,3.75,3.76,70952239,275334695.74
2024-04-17,3.83,4.1,3.83,4.09,64013252,257721152.64
2024-04-18,4.09,4.13,3.98,4.01,52332521,211936747.26
2024-04-19,3.98,4.02,3.9,3.92,42737665,168538888.51
2024-04-22,3.9,3.99,3.81,3.92,33915449,132398696.04
2024-04-23,3.95,4.06,3.94,3.98,45257880,181327276.0
2024-04-24,3.97,4.06,3.94,4.05,41430880,166755543.0
2024-04-25,3.97,4.03,3.87,3.91,57999357,229305440.43
2024-04-26,3.89,4.07,3.89,4.03,57631301,230912372.7
2024-04-29,4.04,4.22,4.04,4.2,58096221,242251154.57
2024-04-30,4.28,4.38,4.2,4.29,72090354,308756531.44
2024-05-06,4.38,4.43,4.25,4.3,54313400,234907130.0
2024-05-07,4.27,4.41,4.25,4.33,47100751,204935209.25
2024-05-08,4.28,4.3,4.15,4.16,46710180,196350457.4
2024-05-09,4.15,4.33,4.15,4.25,43717480,186221629.8
2024-05-10,4.25,4.31,4.14,4.17,38939292,162843709.72
2024-05-13,3.75,3.75,3.75,3.75,18995800,71234250.0
2024-05-14,3.38,3.96,3.38,3.82,143808794,522993825.73
2024-05-15,3.82,3.87,3.74,3.77,70216100,266348739.0
2024-05-16,3.78,3.86,3.73,3.74,58353200,221367226.0
2024-05-17,3.73,3.78,3.67,3.71,55482580,205948339.4
2024-05-20,3.69,3.79,3.65,3.71,48222320,179546535.4
2024-05-21,3.71,3.78,3.6,3.63,55003657,201727991.33
2024-05-22,3.6,3.67,3.59,3.61,38424565,139096602.54
2024-05-23,3.61,3.63,3.48,3.5,50659800,178503771.0
2024-05-24,3.48,3.53,3.39,3.4,44437460,153125323.4
2024-05-27,3.46,3.48,3.33,3.42,39179000,132363345.0
2024-05-28,3.4,3.41,3.33,3.35,31716649,106656820.17
2024-05-29,3.36,3.4,3.33,3.35,37389209,125760801.53
2024-05-30,3.34,3.34,3.25,3.26,47765495,156625607.59
2024-05-31,3.27,3.47,3.26,3.42,68078160,230400036.2
2024-06-03,3.42,3.49,3.26,3.29,54556801,181356898.3
2024-06-04,3.26,3.28,3.13,3.2,53470642,169974314.71
2024-06-05,3.17,3.24,3.16,3.16,35370669,113028940.07
2024-06-06,3.15,3.21,2.85,2.93,124194832,368288036.8
2024-06-07,2.98,3.05,2.89,2.96,67509269,199863892.32
2024-06-11,2.95,3.07,2.87,3.03,56025083,167031988.29
2024-06-12,3.04,3.23,3.03,3.2,86029191,272617150.81
2024-06-13,3.2,3.26,3.15,3.2,54433280,174296614.2
2024-06-14,3.2,3.23,3.16,3.22,40403400,129133495.0
2024-06-17,3.17,3.19,3.14,3.17,33295600,105492180.0
2024-06-18,3.17,3.28,3.16,3.25,40193300,129997269.0
2024-06-19,3.24,3.28,3.18,3.2,38168192,123181851.24
2024-06-20,3.19,3.2,3.07,3.07,42307400,131957783.0
2024-06-21,3.06,3.09,3.0,3.01,38000900,115303516.0
2024-06-24,3.01,3.03,2.88,2.89,41786200,122524048.0
2024-06-25,2.92,2.95,2.79,2.81,52366400,149302385.0
2024-06-26,2.81,3.03,2.78,3.02,71678931,209253731.57
2024-06-27,3.0,3.11,2.98,3.01,71440182,217682491.1
2024-06-28,3.02,3.08,2.99,2.99,49800000,150974460.0
2024-07-01,3.0,3.02,2.87,2.96,48630580,142346046.4
2024-07-02,2.96,3.07,2.96,3.03,52032120,157593743.6
2024-07-03,3.05,3.09,3.01,3.04,41117594,125554544.03
2024-07-04,3.03,3.06,2.91,2.92,44298700,131010176.0
2024-07-05,2.93,2.98,2.85,2.95,45404800,133224104.0
2024-07-08,2.99,2.99,2.82,2.82,41908088,119984634.16
2024-07-09,2.84,2.87,2.72,2.85,45403469,127318936.6
2024-07-10,2.84,2.87,2.76,2.79,36661120,102974072.0
2024-07-11,2.79,2.88,2.79,2.86,46267503,131984417.55
2024-07-12,2.86,2.89,2.78,2.78,38087300,107567655.0
2024-07-15,2.81,2.81,2.65,2.68,54218003,146511164.01
2024-07-16,2.69,2.72,2.64,2.71,35017906,94208957.08
2024-07-17,2.7,2.76,2.67,2.68,38117099,103145785.3
2024-07-18,2.65,2.67,2.58,2.65,39664006,103987039.29
2024-07-19,2.61,2.7,2.61,2.68,34260180,91185377.4
2024-07-22,2.69,2.75,2.64,2.71,33669400,90861357.0
2024-07-23,2.71,2.77,2.65,2.65,37100600,100804857.0
2024-07-24,2.64,2.65,2.56,2.56,37969900,98476155.0
2024-07-25,2.54,2.62,2.51,2.58,34856941,89686398.57
2024-07-26,2.62,2.69,2.6,2.67,36013122,95438146.86
2024-07-29,2.67,2.77,2.6,2.73,48365086,130195356.78
2024-07-30,2.73,2.77,2.7,2.74,39493664,108153457.72
2024-07-31,2.75,2.87,2.74,2.86,44093124,124488302.16
2024-08-01,2.87,2.89,2.8,2.85,34927720,99201252.8
2024-08-02,2.82,2.87,2.77,2.78,33856556,95704877.74
2024-08-05,2.77,2.87,2.73,2.73,44794055,125720193.75
2024-08-06,2.77,2.84,2.75,2.81,41921500,117063794.0
2024-08-07,2.82,2.84,2.78,2.78,27903920,78263803.6
2024-08-08,2.79,2.83,2.72,2.78,35324627,98039342.65
2024-08-09,2.78,2.83,2.71,2.71,36340400,99758595.4
2024-08-12,2.71,2.72,2.65,2.67,27245900,72915885.0
2024-08-13,2.67,2.69,2.62,2.67,26084600,69179610.0
2024-08-14,2.68,2.73,2.64,2.71,33850300,91082726.0
2024-08-15,2.75,2.87,2.66,2.81,82319433,229429551.96
2024-08-16,2.8,2.83,2.75,2.75,52890659,146692401.25
2024-08-19,2.71,2.81,2.71,2.78,49073124,135769460.98
2024-08-20,2.77,2.97,2.69,2.85,94070055,263498338.15
2024-08-21,2.81,2.87,2.64,2.66,119501761,328349698.7
2024-08-22,2.65,2.93,2.64,2.93,160600356,465772573.21
2024-08-23,2.9,2.96,2.78,2.83,239432198,682548062.69
2024-08-26,2.8,2.81,2.69,2.77,122498278,336381575.38
2024-08-27,2.73,2.81,2.63,2.68,118462325,320082001.91
2024-08-28,2.63,2.64,2.41,2.5,135358372,335134320.63
2024-08-29,2.45,2.58,2.41,2.54,90733923,227765261.05
2024-08-30,2.53,2.79,2.53,2.7,181812771,496577016.22
2024-09-02,2.69,2.73,2.57,2.57,115125062,303924964.29
2024-09-03,2.58,2.72,2.55,2.64,76699200,202262128.0
2024-09-04,2.62,2.66,2.57,2.58,56728495,147442754.15
2024-09-05,2.59,2.82,2.58,2.7,104350120,280230399.6
2024-09-06,2.69,2.74,2.63,2.64,61532500,164192925.0
2024-09-09,2.61,2.65,2.57,2.6,45310700,118123517.0
2024-09-10,2.61,2.63,2.54,2.63,49927954,128846022.7
2024-09-11,2.6,2.64,2.57,2.6,36226300,94077303.0
2024-09-12,2.6,2.67,2.6,2.61,42282700,111306602.0
2024-09-13,2.6,2.62,2.54,2.54,42034000,108161430.4
2024-09-18,2.54,2.57,2.46,2.5,35822016,89625061.46
2024-09-19,2.52,2.6,2.47,2.58,52001449,132891372.97
2024-09-20,2.58,2.6,2.56,2.59,39575732,102090753.28
2024-09-23,2.61,2.68,2.56,2.65,59108941,156040781.76
2024-09-24,2.65,2.73,2.61,2.73,79020951,212206903.59
2024-09-25,2.76,2.9,2.75,2.81,103153949,291949658.27
2024-09-26,2.82,2.9,2.79,2.9,74931516,213943189.57
2024-09-27,2.95,3.18,2.94,3.13,116232008,355649194.26
2024-09-30,3.32,3.44,3.22,3.44,137219109,463739940.88
2024-10-08,3.78,3.78,3.46,3.75,183638838,675892563.12
2024-10-09,3.7,3.7,3.38,3.38,141061641,496125469.94
2024-10-10,3.38,3.5,3.25,3.32,97846738,330861934.34
2024-10-11,3.32,3.32,3.05,3.11,81477125,258575612.1
2024-10-14,3.12,3.27,3.07,3.27,74877202,237990244.06
2024-10-15,3.26,3.35,3.17,3.21,80191711,263098119.32
2024-10-16,3.15,3.27,3.14,3.22,60591414,194986613.0
2024-10-17,3.26,3.42,3.26,3.29,90764796,302918604.51
2024-10-18,3.33,3.5,3.23,3.43,108600447,367229838.36
2024-10-21,3.46,3.56,3.45,3.51,86631380,303646898.0
2024-10-22,3.47,3.67,3.44,3.55,107122029,380631134.3
2024-10-23,3.53,3.59,3.44,3.46,89550088,314070891.4
2024-10-24,3.42,3.59,3.38,3.48,81876488,283317170.18
2024-10-25,3.47,3.54,3.45,3.5,65901319,230179645.27
2024-10-28,3.49,3.69,3.48,3.69,97279238,352472702.04
2024-10-29,3.78,3.8,3.57,3.57,94691110,344966815.0
2024-10-30,3.55,3.67,3.54,3.6,69327255,249914322.15
2024-10-31,3.6,3.83,3.56,3.77,118336932,440234775.82
2024-11-01,3.77,3.78,3.48,3.49,126544586,451937351.9
2024-11-04,3.6,3.84,3.53,3.71,223397768,835081769.6
2024-11-05,3.63,3.74,3.56,3.73,172966335,633689094.42
2024-11-06,3.78,3.94,3.69,3.86,188325542,723152513.13
2024-11-07,3.94,3.97,3.79,3.94,155687401,606430237.38
2024-11-08,3.96,4.06,3.87,3.88,138567390,549227161.0
2024-11-11,3.87,4.12,3.85,4.04,142408849,572439951.78
2024-11-12,4.05,4.08,3.84,3.89,111219608,439106756.24
2024-11-13,3.86,4.0,3.83,3.95,82228967,322187562.69
2024-11-14,3.97,4.35,3.95,4.05,309999867,1297153242.63
2024-11-15,4.06,4.46,4.06,4.46,202054035,888707413.12
2024-11-18,4.73,4.89,4.32,4.55,463109833,2145075789.88
2024-11-19,4.15,4.73,4.15,4.43,291794101,1282666380.8
2024-11-20,4.43,4.87,4.34,4.87,147468368,693569051.87
2024-11-21,5.05,5.36,4.94,5.36,333392499,1709988344.03
2024-11-22,5.49,5.9,5.36,5.5,573252417,3307424853.56
2024-11-25,5.75,6.05,5.5,5.89,520288244,3034828077.11
2024-11-26,5.49,5.49,5.3,5.3,64422600,344796266.0
2024-11-27,4.77,5.33,4.77,5.0,396245818,1972421441.37
2024-11-28,4.95,5.12,4.61,4.66,339696303,1649207373.73
2024-11-29,4.62,5.04,4.62,4.9,287732104,1386863348.44
2024-12-02,4.9,5.39,4.9,5.39,390418863,2072644822.97
2024-12-03,5.26,5.77,5.18,5.33,389430147,2117251031.4
2024-12-04,5.23,5.44,5.01,5.11,256317734,1333842920.07
2024-12-05,5.08,5.62,5.02,5.62,135650300,746137180.0
2024-12-06,6.18,6.18,6.18,6.18,25274616,156197126.88
2024-12-09,6.8,6.8,6.8,6.8,11048976,75133036.8
2024-12-10,7.48,7.48,7.28,7.48,306368016,2290681294.68
2024-12-11,7.37,8.23,7.0,7.72,878050878,6903557441.54
2024-12-12,8.3,8.49,7.51,7.73,806395576,6614131832.91
2024-12-13,7.2,8.5,7.05,8.5,706098161,5607621652.33
2024-12-16,8.8,9.35,7.68,7.78,876431340,7706677407.14
2024-12-17,7.43,8.56,7.15,8.56,738362901,5886348947.37
2024-12-18,8.52,9.42,8.24,8.93,869290108,7768564383.82
2024-12-19,8.3,8.5,8.04,8.04,463144069,3761128511.47
2024-12-20,7.5,8.21,7.24,7.24,538697422,4063129414.74
2024-12-23,7.12,7.19,6.52,6.52,364185399,2432930063.44
2024-12-24,6.33,6.56,6.16,6.25,349322898,2216431013.68
2024-12-25,6.3,6.36,5.73,5.88,327606942,1938296182.85
2024-12-26,5.85,6.03,5.8,5.88,225790998,1337635987.46
2024-12-27,5.86,6.33,5.86,6.11,312023140,1914123947.97
2024-12-30,6.15,6.21,5.79,5.81,234043445,1386381157.65
2024-12-31,5.84,5.88,5.35,5.37,239610759,1321829068.37
2025-01-02,5.37,5.52,5.31,5.39,198659202,1078760406.77
2025-01-03,5.43,5.47,4.96,4.99,193210433,997554298.32
2025-01-06,4.95,5.0,4.79,4.83,143735716,701320854.66
2025-01-07,4.88,5.28,4.82,5.2,245108087,1248425839.93
2025-01-08,5.19,5.72,5.11,5.72,400228715,2167649410.45
2025-01-09,5.65,5.99,5.57,5.72,417782533,2422304770.81
2025-01-10,5.73,6.1,5.6,5.83,370053581,2181811399.81
2025-01-13,5.7,5.96,5.43,5.6,263831033,1488412062.68
2025-01-14,5.7,6.16,5.61,6.15,365423335,2165473792.1
2025-01-15,6.2,6.77,6.12,6.55,433397552,2810684315.42
2025-01-16,6.68,6.69,6.2,6.47,416314156,2689251830.71
2025-01-17,6.26,6.3,5.98,6.01,281077387,1717530259.39
2025-01-20,6.11,6.2,5.98,5.99,189732387,1150938366.96
2025-01-21,6.06,6.27,5.98,6.13,201983797,1231622027.83
2025-01-22,6.01,6.04,5.65,5.68,203938259,1174891010.41
2025-01-23,5.78,5.95,5.57,5.61,198325940,1143831657.09
2025-01-24,5.59,5.9,5.43,5.84,225135634,1283985089.08
2025-01-27,6.0,6.25,5.72,6.1,280948487,1693868876.43
2025-02-05,6.71,6.71,6.71,6.71,47985357,321981745.47
2025-02-06,7.38,7.38,6.95,7.38,417209497,3007148257.7
2025-02-07,7.28,8.01,7.15,7.32,651378373,4920052452.81
2025-02-10,7.39,8.05,7.39,8.05,442289805,3447473407.12
2025-02-11,8.1,8.7,7.86,8.16,611553952,5053557597.11
2025-02-12,7.89,8.45,7.66,8.21,451370057,3660448067.5
2025-02-13,8.24,8.66,7.75,8.09,497737769,4081718976.13
2025-02-14,7.9,8.8,7.9,8.4,515720277,4293831308.49
2025-02-17,8.41,8.42,7.94,8.1,383369277,3114155174.65
2025-02-18,7.95,8.46,7.9,8.16,353527849,2902925814.61
2025-02-19,8.05,8.38,7.66,8.35,409406169,3316145087.3
2025-02-20,8.49,8.97,8.16,8.27,464912521,3993017170.36
2025-02-21,8.21,8.4,8.0,8.12,351489509,2858898161.99
2025-02-24,8.04,8.16,7.66,7.7,327786952,2571782665.93
2025-02-25,7.49,7.97,7.44,7.81,226632391,1761006725.55
2025-02-26,7.76,7.82,7.62,7.7,182379601,1401567927.03
2025-02-27,7.7,8.0,7.61,7.88,255210045,2012937448.31
2025-02-28,7.8,7.81,7.09,7.09,251361631,1838514694.6
2025-03-03,6.97,7.08,6.65,6.75,179188452,1223379261.26
2025-03-04,6.66,7.18,6.65,7.11,199233106,1395992761.33
2025-03-05,7.13,7.38,6.92,7.25,198878861,1421082546.56
2025-03-06,7.35,7.56,7.26,7.46,198217945,1470804351.82
2025-03-07,7.57,7.79,7.25,7.37,217038706,1639177509.45
2025-03-10,7.28,7.29,7.06,7.14,135812020,969630662.0
2025-03-11,7.01,7.31,6.96,7.28,124513246,897477510.5
2025-03-12,7.28,7.45,7.23,7.26,132791474,972365645.4
2025-03-13,7.19,7.22,6.84,6.96,144891008,1012274758.32
2025-03-14,6.96,7.12,6.88,7.08,102859296,724415075.48
2025-03-17,7.1,7.15,7.02,7.04,89264509,630056968.05
2025-03-18,7.04,7.11,6.96,7.02,81213396,570831213.02
2025-03-19,6.98,6.98,6.86,6.89,78629860,542557504.0
2025-03-20,6.85,7.05,6.79,6.9,99698979,691652518.72
2025-03-21,6.86,6.88,6.62,6.65,100528820,674790495.17
2025-03-24,6.6,6.65,6.21,6.4,116233540,743337980.72
2025-03-25,6.4,6.4,6.16,6.18,78911400,493869602.0
2025-03-26,6.14,6.33,6.14,6.25,61638811,385732526.26
2025-03-27,6.21,6.31,6.15,6.22,56144962,350784208.02
2025-03-28,6.21,6.29,6.18,6.22,56989195,355073934.53
2025-03-31,6.16,6.17,5.95,6.14,78345735,474049326.53
2025-04-01,6.2,6.27,6.13,6.15,66031840,409368599.6
2025-04-02,6.15,6.28,6.1,6.19,51616994,320433330.9
2025-04-03,6.15,6.25,6.04,6.09,56198347,344830878.32
2025-04-07,5.48,5.72,5.48,5.48,46561600,256668070.0
2025-04-08,5.01,5.4,4.95,5.16,131180734,672622961.03
2025-04-09,5.02,5.38,4.66,5.32,128824865,655666046.62
2025-04-10,5.45,5.6,5.41,5.46,87556900,482852232.6
2025-04-11,5.45,5.58,5.39,5.5,76315822,420933906.33
2025-04-14,5.59,5.72,5.59,5.65,69835399,395994473.45
2025-04-15,5.68,5.8,5.56,5.61,65349400,368789326.0
2025-04-16,5.57,5.6,5.37,5.44,60983900,334223173.0
2025-04-17,5.42,5.55,5.37,5.45,50791965,278551040.25
2025-04-18,5.5,5.51,5.35,5.42,37981690,205495842.0
2025-04-21,5.42,5.65,5.36,5.65,73032487,406321837.95
2025-04-22,5.67,5.76,5.52,5.54,67466699,377261403.33
2025-04-23,5.56,5.88,5.5,5.72,159786182,910662959.68
2025-04-24,5.65,5.67,5.4,5.42,118762454,651817332.45
2025-04-25,5.49,5.96,5.48,5.96,175990529,1040368151.58
2025-04-28,6.02,6.56,5.94,6.56,330435301,2073290513.31
2025-04-29,6.56,7.15,6.45,6.68,425379811,2863910587.79
2025-04-30,6.57,6.74,6.4,6.44,276178269,1807656353.24
2025-05-06,6.55,6.74,6.41,6.67,243388890,1608656264.78
2025-05-07,6.7,7.34,6.57,7.34,403992647,2780873710.01
2025-05-08,7.34,7.55,7.05,7.07,376304852,2720355337.9
2025-05-09,6.99,7.25,6.92,7.02,250571512,1778502670.16
2025-05-12,7.05,7.35,6.83,7.2,253346467,1779804580.66
2025-05-13,7.2,7.28,6.9,6.93,186461432,1319512355.94
2025-05-14,6.86,7.0,6.78,6.82,143755991,985461066.62
2025-05-15,6.86,6.86,6.54,6.57,136381778,903042461.05
2025-05-16,6.58,6.75,6.53,6.65,116088056,773920867.4
2025-05-19,6.66,6.7,6.51,6.65,90979863,600029548.85
2025-05-20,6.6,6.99,6.6,6.95,196431279,1338609502.71
2025-05-21,6.89,6.89,6.7,6.72,120672454,815743269.34
2025-05-22,6.67,6.8,6.59,6.71,87287747,585083467.36
2025-05-23,6.66,6.69,6.33,6.35,111701800,726128770.6
2025-05-26,6.31,6.59,6.29,6.48,87528200,562118616.0
2025-05-27,6.44,6.54,6.33,6.39,70084500,448293151.0
2025-05-28,6.35,6.41,6.2,6.27,83676151,523423715.31
2025-05-29,6.23,6.57,6.22,6.45,119953851,770895357.79
2025-05-30,6.45,6.58,6.28,6.28,88582991,566761341.39
2025-06-03,6.24,6.55,6.2,6.38,89095560,573899919.2
2025-06-04,6.36,6.52,6.31,6.39,71541467,459440767.46
2025-06-05,6.39,6.56,6.35,6.54,119239190,775790921.83
2025-06-06,6.54,6.54,6.35,6.39,86712849,555220878.64
2025-06-09,6.39,6.68,6.39,6.61,134188030,881855953.58
2025-06-10,6.61,6.62,6.34,6.47,108848184,703931618.12
2025-06-11,6.45,6.71,6.43,6.64,135377927,896074660.24
2025-06-12,6.58,6.79,6.55,6.68,141023800,938942884.65
2025-06-13,6.57,6.62,6.4,6.43,102798580,664596119.0
2025-06-16,6.35,6.53,6.32,6.46,61436699,396681376.52
2025-06-17,6.43,6.45,6.32,6.36,63324656,402891958.48
2025-06-18,6.36,6.36,6.12,6.27,60344540,376785232.4
2025-06-19,6.25,6.3,6.1,6.12,59468416,367391466.24
2025-06-20,6.12,6.18,5.96,5.97,58988860,356024571.6
2025-06-23,5.9,6.05,5.86,6.02,50107120,300651489.2
2025-06-24,6.03,6.23,6.01,6.21,69160816,427354814.48
2025-06-25,6.22,6.28,6.16,6.27,63747500,396971122.0
2025-06-26,6.27,6.32,6.19,6.2,57863387,361644239.14
2025-06-27,6.22,6.27,6.16,6.19,47659500,296182267.0
2025-06-30,6.23,6.39,6.18,6.35,80345788,507934356.69
2025-07-01,6.36,6.52,6.29,6.47,115655763,742220743.94
2025-07-02,6.41,6.43,6.23,6.27,76631897,482956135.13
2025-07-03,6.3,6.36,6.21,6.28,41680877,261501802.76
2025-07-04,6.24,6.31,6.22,6.23,42749300,267714373.23
2025-07-07,6.23,6.85,6.16,6.75,366776857,2454424976.49
2025-07-08,6.58,6.61,6.44,6.55,253365640,1651057460.53
2025-07-09,6.56,6.64,6.51,6.58,142784436,937126358.35
2025-07-10,6.55,6.65,6.47,6.5,100253020,655484813.4
2025-07-11,6.48,6.53,6.39,6.49,88417429,572326952.85
2025-07-14,6.7,6.76,6.53,6.55,112320088,741078227.25
2025-07-15,6.55,6.85,6.44,6.76,201153446,1344307153.82
2025-07-16,6.74,6.83,6.65,6.77,142762439,962690494.46
2025-07-17,6.71,6.9,6.67,6.83,150217679,1024966386.39
2025-07-18,6.86,7.0,6.76,6.81,135730338,929830812.02
2025-07-21,6.66,6.99,6.61,6.89,159140529,1081371139.54
2025-07-22,6.81,6.82,6.68,6.69,109621740,736538779.46
2025-07-23,6.65,6.68,6.56,6.58,70901757,468910072.68
2025-07-24,6.56,6.68,6.54,6.67,65322000,434304818.0
2025-07-25,6.7,6.81,6.66,6.77,92604044,622574217.16
2025-07-28,6.8,6.86,6.71,6.78,86199116,584934061.14
2025-07-29,6.73,6.75,6.62,6.71,64333875,429352286.0
2025-07-30,6.71,6.71,6.54,6.6,70069040,463119761.29
2025-07-31,6.55,6.69,6.55,6.57,67652939,448231340.37
2025-08-01,6.61,6.63,6.38,6.58,79187169,515010933.55
2025-08-04,6.5,6.63,6.48,6.6,50556200,331801038.13
2025-08-05,6.6,6.65,6.56,6.64,57490796,379627748.6
2025-08-06,6.66,6.78,6.62,6.77,106080129,712726983.68
2025-08-07,6.79,7.45,6.73,7.45,361196054,2563687173.2
2025-08-08,7.54,7.87,7.2,7.51,522533634,3950359767.73
2025-08-11,7.31,8.11,7.31,7.65,379054560,2921589458.85
2025-08-12,7.56,8.11,7.5,7.94,352793003,2780696125.51
2025-08-13,7.81,8.17,7.68,7.79,318631829,2505633618.95
2025-08-14,7.74,7.81,7.35,7.38,291674655,2195514905.34
2025-08-15,7.4,7.64,7.38,7.47,197012819,1473010866.71
2025-08-18,7.47,7.95,7.47,7.87,279529460,2177211358.36
2025-08-19,7.84,8.12,7.8,7.91,274771137,2188028746.15
2025-08-20,7.7,7.99,7.62,7.93,253199070,1989673393.23
2025-08-21,7.95,8.1,7.7,7.82,184540839,1451009975.63
2025-08-22,7.9,8.09,7.83,7.97,237259653,1890631826.84
2025-08-25,8.06,8.33,8.0,8.25,281841564,2308073536.39
2025-08-26,8.25,8.44,8.1,8.13,241622158,1993570057.09
2025-08-27,8.38,8.67,7.86,7.87,293793104,2432261237.69
2025-08-28,7.86,7.92,7.52,7.81,226891733,1757549923.03
2025-08-29,7.81,7.85,7.57,7.63,148391332,1141257841.86
2025-09-01,7.64,7.88,7.64,7.76,142068846,1104023966.08
2025-09-02,7.76,7.76,7.26,7.33,149642048,1110483312.11
2025-09-03,7.34,7.55,7.12,7.14,117334822,859737020.67
2025-09-04,7.14,7.25,6.87,7.04,108268715,768192030.94
2025-09-05,7.04,7.12,6.91,7.12,96059682,676520584.06
2025-09-08,7.07,7.3,7.01,7.16,121015349,861013481.04
2025-09-09,7.16,7.37,7.12,7.24,186793465,1353512352.69
2025-09-10,7.25,7.68,7.17,7.55,233702197,1755740132.19
2025-09-11,7.5,7.5,7.22,7.45,171941683,1262966747.11
2025-09-12,7.4,7.47,7.3,7.32,127166902,937373700.31
2025-09-15,7.33,7.35,7.22,7.33,86725528,631251110.78
2025-09-16,7.36,7.45,7.26,7.42,122889198,906934054.54
2025-09-17,7.43,7.66,7.36,7.59,173670945,1312900403.55
2025-09-18,7.58,7.78,7.33,7.42,209703690,1593676646.44
2025-09-19,7.33,7.48,7.14,7.19,120263463,874948184.92
2025-09-22,7.19,7.24,7.1,7.21,74913150,537173853.78
2025-09-23,7.23,7.25,6.8,7.01,107307584,746440249.47
2025-09-24,6.95,7.3,6.88,7.19,102381036,723223020.39
2025-09-25,7.2,7.38,7.17,7.23,110680459,806674195.32
2025-09-26,7.2,7.21,6.87,6.88,103888718,725840080.31
2025-09-29,6.87,6.96,6.76,6.92,63102124,432781292.1
2025-09-30,6.98,7.24,6.98,7.03,83368357,590717293.15
2025-10-09,7.1,7.2,7.08,7.15,94301578,673746709.81
2025-10-10,7.08,7.08,6.94,6.96,78793155,550879380.68
2025-10-13,6.6,6.83,6.48,6.81,74123958,496627366.75
2025-10-14,6.82,6.92,6.62,6.67,74190376,502690924.02
2025-10-15,6.61,6.75,6.57,6.74,50140361,335181448.4
2025-10-16,6.73,6.73,6.57,6.6,49784457,329731058.53
2025-10-17,6.6,6.63,6.38,6.39,59712304,386944732.56
2025-10-20,6.44,6.51,6.43,6.47,40520251,262414391.93
2025-10-21,6.47,6.66,6.45,6.6,52678240,346102290.43
2025-10-22,6.55,6.65,6.55,6.56,35380300,233159827.0
2025-10-23,6.52,6.65,6.46,6.64,40931100,267395759.0
2025-10-24,6.64,6.67,6.56,6.61,47709469,315120678.47
2025-10-27,6.64,6.68,6.55,6.61,47382658,313016379.06
2025-10-28,6.59,6.7,6.53,6.65,57385058,381558579.1
2025-10-29,6.79,6.85,6.68,6.82,95688536,647730877.11
2025-10-30,6.82,6.85,6.68,6.7,61547816,414481508.67
2025-10-31,6.7,7.07,6.69,6.97,133596858,925951362.55
2025-11-03,7.02,7.19,7.02,7.15,122244659,870719881.9
2025-11-04,7.11,7.17,7.03,7.17,91912038,651436184.09
2025-11-05,7.09,7.16,7.0,7.07,68782931,487323749.16
2025-11-06,7.07,7.09,6.9,6.99,68166251,474607622.71
2025-11-07,6.95,6.98,6.9,6.91,45710713,316815701.84
2025-11-10,6.91,6.99,6.9,6.91,52551463,364522201.86
2025-11-11,6.87,6.91,6.79,6.81,47180138,322362299.29
2025-11-12,6.79,6.81,6.62,6.67,51236440,343154901.8
2025-11-13,6.67,6.75,6.62,6.75,34802855,233584001.7
2025-11-14,6.69,6.75,6.61,6.61,41576452,277849224.76
2025-11-17,6.61,6.82,6.58,6.79,60534900,408424715.16
2025-11-18,6.75,6.99,6.7,6.93,107067432,735954559.06
2025-11-19,6.96,6.98,6.74,6.83,75872435,517672374.65
2025-11-20,6.8,6.85,6.65,6.66,50000715,335322590.21
2025-11-21,6.59,6.78,6.48,6.63,74107113,492045273.83
2025-11-24,6.68,7.11,6.61,7.04,167279565,1156762519.25
2025-11-25,7.04,7.24,7.02,7.17,181648101,1299216311.83
2025-11-26,7.12,7.27,7.05,7.09,107637989,767977340.97
2025-11-27,7.07,7.15,6.99,6.99,67219487,474058633.8
2025-11-28,6.98,7.11,6.9,7.02,69356686,484016573.65
2025-12-01,7.02,7.08,6.95,7.05,64106728,450481328.82
2025-12-02,7.04,7.04,6.86,6.87,57124096,395562693.92
2025-12-03,6.93,6.94,6.57,6.59,91120354,608203157.96
2025-12-04,6.59,6.62,6.41,6.42,73363875,473638868.0
2025-12-05,6.41,6.49,6.28,6.47,54995756,352080545.4
2025-12-08,6.47,6.5,6.44,6.47,51173146,331212605.16
2025-12-09,6.45,6.51,6.39,6.4,44752628,288247694.2
2025-12-10,6.41,6.44,6.36,6.41,32645533,208714787.92
2025-12-11,6.39,6.41,6.2,6.21,53582146,336774073.43
2025-12-12,6.2,6.32,6.18,6.29,44183067,277686289.82
2025-12-15,6.24,6.44,6.18,6.36,54932942,346971541.63
2025-12-16,6.3,6.3,6.09,6.1,54182199,333759730.56
2025-12-17,6.12,6.15,6.01,6.15,36138512,219915601.05
2025-12-18,6.1,6.2,6.08,6.11,29873411,183747348.03
2025-12-19,6.13,6.22,6.11,6.21,34737181,214504490.03
2025-12-22,6.2,6.24,6.18,6.2,29637249,184059578.8
2025-12-23,6.17,6.2,6.1,6.11,30424140,186915255.07
2025-12-24,6.09,6.19,6.09,6.19,27202927,167624392.92
2025-12-25,6.22,6.26,6.19,6.24,32884400,204844919.54
2025-12-26,6.26,6.28,6.18,6.23,34325197,214265641.41
2025-12-29,6.24,6.26,6.17,6.19,28893612,179615845.5
2025-12-30,6.17,6.33,6.17,6.26,49909851,312576472.42
2025-12-31,6.27,6.44,6.24,6.37,76589202,488024757.19
2026-01-05,6.39,6.78,6.35,6.69,128348259,844995996.98
2026-01-06,6.67,6.8,6.61,6.77,108417978,730236477.58
2026-01-07,6.76,6.93,6.71,6.75,101744872,692043265.54
2026-01-08,6.73,7.04,6.68,6.93,116797634,809462324.82
2026-01-09,6.88,7.35,6.86,7.35,192802882,1387070766.3
2026-01-12,7.62,8.09,7.49,8.08,339144787,2650101041.08
2026-01-13,8.33,8.48,7.7,7.74,385811748,3085820840.47
2026-01-14,7.7,8.51,7.7,8.5,557080542,4655653580.32
2026-01-15,7.86,8.23,7.65,8.03,393535501,3116886014.52
2026-01-16,7.92,8.08,7.36,7.4,315453684,2397363353.25
2026-01-19,7.4,7.59,7.25,7.4,151527216,1127004625.38
2026-01-20,7.5,7.64,7.33,7.41,164296798,1228277392.78
2026-01-21,7.36,7.54,7.28,7.34,139955166,1037430958.22
2026-01-22,7.36,7.54,7.33,7.47,129612995,966055392.2
2026-01-23,7.52,7.65,7.43,7.61,140441095,1062187484.91
2026-01-26,7.66,7.79,7.3,7.48,153475174,1147558785.12
2026-01-27,7.54,7.69,7.27,7.55,168919208,1259531030.73
2026-01-28,7.54,7.68,7.41,7.46,145372998,1095451164.04
2026-01-29,7.36,7.9,7.25,7.64,247014110,1902199005.62
2026-01-30,7.52,7.64,7.36,7.4,155267051,1157773554.42
2026-02-02,7.46,7.55,7.2,7.2,136428936,1007359233.9
2026-02-03,7.35,7.64,7.29,7.47,155199891,1153949245.82
2026-02-04,7.43,7.48,7.15,7.27,117550742,853719876.49
2026-02-05,7.16,7.28,7.09,7.2,97838212,702784368.44
2026-02-06,7.11,7.18,6.86,7.02,113450096,797154867.72
2026-02-09,7.19,7.34,7.17,7.33,115248010,837335724.64
2026-02-10,7.45,7.75,7.32,7.66,224764631,1702684350.54
2026-02-11,7.65,7.71,7.36,7.37,146214227,1094848855.26
2026-02-12,7.4,7.44,7.15,7.32,109947360,800894085.79
2026-02-13,7.33,7.49,7.17,7.18,103263040,752670680.2
2026-02-24,7.28,7.3,6.75,6.76,182570213,1253450817.85
2026-02-25,6.76,6.85,6.69,6.76,90180829,610410176.97
2026-02-26,6.74,6.77,6.61,6.64,88959294,592283771.12
2026-02-27,6.62,6.77,6.61,6.72,75593548,506922177.94
2026-03-02,6.56,6.62,6.34,6.37,110941208,713789063.06
2026-03-03,6.42,6.44,6.07,6.08,100513466,623064953.78
2026-03-04,6.01,6.17,6.0,6.06,70814504,431007143.24
2026-03-05,6.17,6.28,6.16,6.23,73900498,459404844.56
2026-03-06,6.2,6.28,6.16,6.26,51679770,322511558.7
2026-03-09,6.2,6.48,6.14,6.46,113147671,719330226.56
2026-03-10,6.5,6.6,6.35,6.4,97070772,624812620.74
2026-03-11,6.38,6.42,6.3,6.31,60683920,384643539.38
2026-03-12,6.29,6.33,6.21,6.26,48031986,300783876.06
2026-03-13,6.21,6.23,6.09,6.11,60210805,370471914.45
2026-03-16,6.08,6.18,6.05,6.18,47353321,289697553.7
2026-03-17,6.17,6.22,6.08,6.09,45828626,281708192.16
2026-03-18,6.09,6.16,6.05,6.15,40055692,244494796.21
2026-03-19,6.1,6.1,6.01,6.02,49424042,299234317.22
2026-03-20,6.03,6.08,5.79,5.79,70564219,414979200.85
2026-03-23,5.68,5.71,5.36,5.41,78142889,432378337.69
2026-03-24,5.52,5.66,5.46,5.66,76035168,422874879.36
2026-03-25,5.66,5.76,5.65,5.73,56218480,321619116.2
2026-03-26,5.72,5.78,5.58,5.61,41805601,236442305.82
2026-03-27,5.53,5.7,5.5,5.69,38088908,215505263.2
2026-03-30,5.6,5.73,5.53,5.72,40001300,226103911.0
2026-03-31,5.73,5.81,5.67,5.68,38848195,223067247.6
2026-04-01,5.79,5.81,5.67,5.71,38973880,222735377.2
2026-04-02,5.69,5.69,5.52,5.57,39947761,223185789.84
2026-04-03,5.59,5.61,5.39,5.42,34767500,189763369.0
2026-04-07,5.4,5.49,5.4,5.48,30337028,165503387.6
2026-04-08,5.59,5.88,5.58,5.87,75813645,436634178.19
2026-04-09,5.77,5.8,5.67,5.68,50390437,288271436.38
2026-04-10,5.75,5.79,5.68,5.69,35393171,202987015.83
2026-04-13,5.63,5.68,5.61,5.65,30547928,172417215.7
2026-04-14,5.71,5.76,5.61,5.68,40577703,230111389.16
2026-04-15,5.74,5.77,5.6,5.62,43483036,246473947.72
2026-04-16,5.63,5.79,5.63,5.78,63305178,362672932.22
2026-04-17,5.76,5.77,5.68,5.74,40976848,234164697.13
2026-04-20,5.75,5.87,5.72,5.84,54613661,317689109.23
2026-04-21,5.81,5.85,5.63,5.67,69243113,393889348.19
2026-04-22,5.64,5.67,5.57,5.67,41924029,235689916.94
2026-04-23,5.68,5.74,5.6,5.62,43068019,243489227.38
2026-04-24,5.58,5.61,5.46,5.56,42885283,237141862.19
2026-04-27,5.53,5.6,5.44,5.59,36084235,199583027.01
2026-04-28,5.57,5.57,5.38,5.41,45085207,245938202.29
2026-04-29,5.9,5.95,5.9,5.95,52523406,312332964.7
2026-04-30,6.16,6.43,6.06,6.2,229271952,1424734377.37
2026-05-06,6.22,6.39,6.2,6.37,173506119,1096162040.16
2026-05-07,6.31,6.43,6.26,6.41,147216261,933721281.1
2026-05-08,6.54,6.75,6.33,6.35,191069110,1247242346.13
2026-05-11,6.38,6.45,6.25,6.37,131548685,832918245.87
2026-05-12,6.36,6.71,6.32,6.45,172200837,1126289509.29
2026-05-13,6.44,6.55,6.35,6.54,112348430,728632484.13
2026-05-14,6.56,6.64,6.31,6.32,97084111,623858642.02
2026-05-15,6.3,6.66,6.29,6.44,102386686,662686193.83
2026-05-18,6.52,7.08,6.49,7.08,231091251,1573146074.32
2026-05-19,7.01,7.49,6.9,7.13,368748707,2646433273.0
2026-05-20,7.1,7.29,6.93,6.97,271687918,1931504381.47
2026-05-21,6.96,7.28,6.74,6.8,216032475,1513402126.02
2026-05-22,6.77,6.86,6.58,6.76,171091005,1149701772.57
2026-05-25,6.8,7.08,6.77,6.87,163891306,1132302396.35
2026-05-26,6.81,7.35,6.65,7.15,282353237,2011204669.14
2026-05-27,7.0,7.27,6.96,7.07,185584362,1317146538.39
2026-05-28,7.0,7.29,6.97,7.13,204362836,1465097053.71
2026-05-29,7.18,7.38,6.97,7.15,239145113,1721125893.39
2026-06-01,7.05,7.48,7.0,7.44,271418435,1980818835.36
2026-06-02,7.49,7.5,6.7,6.7,269290678,1860128191.92
2026-06-03,6.4,6.53,6.12,6.18,224038319,1405256191.83
2026-06-04,6.04,6.2,5.98,6.05,137762667,833352364.37
2026-06-05,6.66,6.66,6.55,6.66,124960728,831246961.49
2026-06-08,7.1,7.33,7.0,7.33,110283478,798883800.24
2026-06-09,7.75,8.06,7.62,8.06,475453371,3789546435.29
2026-06-10,8.28,8.87,8.28,8.87,343853465,2992898224.55
2026-06-11,8.75,8.83,7.98,7.98,160374625,1326292144.76
2026-06-12,7.42,8.12,7.3,7.52,608047083,4641983264.82
2026-06-15,7.56,7.98,7.38,7.5,469836912,3570652245.47
2026-06-16,7.31,7.41,6.85,7.26,434958073,3138447448.34
2026-06-17,7.19,7.25,6.96,7.03,285507357,2015199151.27
2026-06-18,7.15,7.73,6.97,7.73,374358578,2771301814.93
2026-06-22,8.1,8.5,8.09,8.5,288717634,2426537409.22
2026-06-23,8.51,8.64,7.93,8.11,451884927,3700179357.03
2026-06-24,8.21,8.92,8.11,8.92,176965464,1529595457.45
2026-06-25,8.49,8.57,8.03,8.03,438456793,3593423905.46
2026-06-26,8.23,8.83,7.96,8.83,494701902,4208854380.46
2026-06-29,9.17,9.68,8.81,9.11,645499204,5963464944.08
2026-06-30,9.25,9.57,8.98,9.3,538010577,4999174005.33
2026-07-01,9.11,9.87,9.01,9.4,525556189,4962384391.85
2026-07-02,10.0,10.34,10.0,10.34,102675870,1057139690.42
2026-07-03,10.32,10.32,9.31,9.37,618935090,5895329300.06
2026-07-06,9.57,9.75,8.43,8.43,480186521,4307496781.11
2026-07-07,8.44,9.11,8.44,8.71,439854868,3850158179.05
2026-07-08,8.5,8.6,7.97,8.02,345820219,2830835251.57
2026-07-09,8.0,8.42,7.72,8.08,358033085,2889977687.54
2026-07-10,8.23,8.89,8.02,8.54,537867343,4654743547.92
2026-07-13,8.65,8.89,7.94,8.0,445463860,3747121657.87
2026-07-14,7.96,8.19,7.41,7.73,342353539,2626699171.96
2026-07-15,7.57,7.95,7.46,7.69,294366052,2266339027.72
2026-07-16,7.63,8.11,7.5,7.96,395547955,3119798508.51
2026-07-17,7.6,7.75,7.16,7.16,230469346,1687905605.93
2026-07-20,6.67,6.86,6.44,6.44,260559728,1718465793.58
2026-07-21,6.35,6.6,5.84,6.6,328809069,2065324418.62
2026-07-22,6.38,6.56,6.2,6.26,229113717,1457836601.82
2026-07-23,6.21,6.43,6.12,6.27,164082847,1030652079.4
2026-07-24,6.06,6.13,5.9,5.92,154967325,932059284.78
2026-07-27,5.91,6.29,5.88,6.29,181566604,1118084852.17
2026-07-28,6.27,6.48,6.21,6.23,165953708,1050470480.01
2026-07-29,6.25,6.31,6.03,6.19,158262579,971476774.38
2026-07-30,6.1,6.38,5.88,5.92,210066873,1283438982.17
2026-07-31,6.07,6.51,6.04,6.51,176080056,1133352522.93
2026-08-03,7.16,7.16,7.0,7.16,125808351,899277931.18
2026-08-04,7.29,7.88,7.24,7.88,498953293,3737448765.31
2026-08-05,7.51,8.13,7.51,7.92,549929687,4360854154.73
2026-08-06,7.99,8.23,7.84,8.1,441402055,3535214191.15
2026-08-07,8.0,8.16,7.68,8.03,380300260,3016992007.04
2026-08-10,8.08,8.43,7.93,8.37,439467268,3619402275.65
2026-08-11,8.24,8.57,8.01,8.32,397586785,3320828956.67
2026-08-12,8.44,8.97,8.2,8.53,473805147,4066143519.54
2026-08-13,8.57,8.92,8.33,8.35,484773634,4160136805.38
2026-08-14,8.42,8.62,7.98,8.14,352605799,2894328748.53
2026-08-17,8.18,8.45,7.98,8.24,240938985,1965455589.3
2026-08-18,8.17,8.18,7.77,7.92,231010533,1828118909.1
2026-08-19,7.8,7.83,7.31,7.38,206904956,1554554424.92
2026-08-20,7.49,7.53,7.25,7.29,158097281,1157927505.72
2026-08-21,7.26,7.32,7.09,7.24,124052337,895095136.04
2026-08-24,7.33,7.38,6.83,6.95,146569212,1029592200.34
2026-08-25,6.92,7.08,6.79,7.05,142401602,990472564.16
2026-08-26,7.05,7.09,6.9,7.03,117636067,825123974.74
2026-08-27,7.05,7.18,7.02,7.14,161628776,1150695713.62
2026-08-28,7.85,7.85,7.85,7.85,91556253,718716586.05
2026-08-31,7.78,8.25,7.42,8.03,566495292,4452884078.65
2026-09-01,8.15,8.8,7.86,8.36,566948411,4687609603.69
2026-09-02,8.0,8.34,7.95,8.01,371829485,3010434655.94
2026-09-03,7.98,8.21,7.74,7.77,291217488,2300367920.73
2026-09-04,7.88,8.55,7.83,8.45,619690578,5219316866.62
2026-09-07,8.37,8.62,8.35,8.43,511361416,4321883754.0
2026-09-08,8.43,8.54,8.21,8.26,359655513,3006226859.52
