timestamps,open,high,low,close,volume,amount
2015-01-05,10.67,10.95,10.4,10.89,3253188,34606204.0
2015-01-06,10.74,10.89,10.68,10.83,2395253,25736995.0
2015-01-07,10.83,10.83,10.66,10.79,2418303,25997544.0
2015-01-08,10.79,10.99,10.71,10.98,3863576,41944246.0
2015-01-09,10.95,11.04,10.82,10.83,3069894,33657109.0
2015-01-12,10.72,10.78,10.43,10.51,2127196,22488482.0
2015-01-13,10.48,10.65,10.4,10.52,1964503,20627200.0
2015-01-14,10.59,10.59,10.38,10.53,3924231,41187065.0
2015-01-15,10.51,10.82,10.42,10.72,3437354,36633123.0
2015-01-16,10.85,10.96,10.65,10.8,5309939,57330034.0
2015-01-19,10.62,10.8,10.35,10.43,4159358,44055776.0
2015-01-20,10.43,10.95,10.43,10.94,4748529,50689326.0
2015-01-21,11.2,11.29,10.95,11.16,6445401,71688066.0
2015-01-22,11.72,11.72,11.72,11.72,1132985,13278584.0
2015-01-23,12.31,12.31,12.01,12.31,21631460,264430527.0
2015-01-26,12.3,12.4,11.86,12.18,11120367,135186147.0
2015-01-27,12.25,12.3,11.99,12.23,7668678,93217269.0
2015-01-28,12.17,12.84,12.1,12.84,9519535,121272175.0
2015-01-29,12.79,13.15,12.67,12.69,10989504,141107557.0
2015-01-30,12.69,12.75,12.12,12.58,5793013,72242839.0
2015-02-02,12.33,12.68,12.19,12.56,3627475,45203605.0
2015-02-03,12.5,12.61,12.31,12.58,4408717,55091883.0
2015-02-04,12.58,12.69,12.4,12.52,5197816,65227644.0
2015-02-05,12.52,12.65,12.1,12.12,4047065,50250521.0
2015-02-06,12.0,12.18,11.7,11.96,4516840,53994100.0
2015-02-09,11.97,12.08,11.82,11.89,4433365,52901239.0
2015-02-10,12.0,12.06,11.7,11.81,4585147,54535094.0
2015-02-11,11.82,11.88,11.71,11.82,3701369,43655217.0
2015-02-12,11.8,12.18,11.75,12.1,4068076,48714873.0
2015-02-13,12.21,12.4,12.12,12.28,4768149,58508333.0
2015-02-16,12.36,12.73,12.36,12.72,5114191,64500660.0
2015-02-17,12.9,12.96,12.52,12.7,4208672,53366371.0
2015-02-25,12.83,12.83,12.51,12.69,2790324,35369043.0
2015-02-26,12.68,12.8,12.58,12.79,2546798,32368523.0
2015-02-27,12.78,12.94,12.72,12.93,3825702,49096944.0
2015-03-02,12.87,13.04,12.68,12.92,3908040,50159167.0
2015-03-03,12.89,12.97,12.74,12.76,3553941,45734026.0
2015-03-04,12.78,13.06,12.74,13.01,4439274,57159613.0
2015-03-05,13.02,13.66,12.99,13.66,5738875,77028337.0
2015-03-06,13.86,14.24,13.61,13.84,7652172,106404780.0
2015-03-09,13.88,13.91,13.5,13.84,7214659,99286533.0
2015-03-10,13.86,14.09,13.71,13.88,3662018,50771490.0
2015-03-11,13.88,14.5,13.86,14.0,5968723,84860763.0
2015-03-12,,,,,0,
2015-03-13,14.2,14.29,13.64,14.24,5778272,81202673.0
2015-03-16,14.38,14.95,14.16,14.95,8151343,119406735.0
2015-03-17,15.02,15.7,15.02,15.7,6440359,100323566.0
2015-03-18,,,,,0,
2015-03-19,16.0,17.27,15.88,17.27,11145786,189653969.0
2015-03-20,,,,,0,
2015-03-23,,,,,0,
2015-03-24,,,,,0,
2015-03-25,17.9,19.0,17.27,17.68,36391173,655613333.0
2015-03-26,17.0,17.0,16.3,16.5,23229764,385803954.0
2015-03-27,16.2,16.97,15.9,16.78,14480514,240239065.0
2015-03-30,16.66,16.82,16.2,16.72,11150558,184643457.0
2015-03-31,16.6,17.0,16.51,16.62,8559586,143368189.0
2015-04-01,16.63,16.96,16.62,16.8,6924300,116009126.0
2015-04-02,16.8,17.75,16.7,17.54,13433596,233453062.0
2015-04-03,17.41,18.0,17.18,17.62,17339619,305182515.0
2015-04-07,17.45,17.9,17.3,17.67,13552743,239189498.0
2015-04-08,17.67,17.79,16.71,17.22,14931158,257416757.0
2015-04-09,17.15,17.15,15.93,16.43,12270040,201887572.0
2015-04-10,16.4,18.07,16.22,18.07,37031360,654041233.0
2015-04-13,18.18,18.66,17.7,18.24,26423224,482190271.0
2015-04-14,18.24,18.24,17.54,17.69,15195070,270049963.0
2015-04-15,17.6,18.27,16.9,17.81,17364362,303190112.0
2015-04-16,17.6,19.4,17.3,19.01,20509394,377652014.0
2015-04-17,19.2,19.6,18.6,18.64,16071650,304831428.0
2015-04-20,18.3,19.1,17.77,18.95,24300832,449597443.0
2015-04-21,18.88,19.54,18.51,19.41,15510344,297181905.0
2015-04-22,19.42,19.95,19.2,19.33,15393715,299335305.0
2015-04-23,19.22,19.6,18.81,19.1,15014356,287249735.0
2015-04-24,18.78,19.4,18.5,18.59,14533993,274139076.0
2015-04-27,18.36,18.9,18.3,18.43,10689838,198179605.0
2015-04-28,18.0,18.43,16.8,16.98,14817403,260879862.0
2015-04-29,16.48,17.33,16.48,17.25,7951698,135906319.0
2015-04-30,17.33,17.45,16.7,16.76,8289771,141013290.0
2015-05-04,16.64,17.07,16.6,16.97,5782862,97511678.0
2015-05-05,16.95,16.97,16.4,16.41,7299354,121633271.0
2015-05-06,16.45,16.65,15.45,15.76,8749741,142123521.0
2015-05-07,15.49,15.75,14.86,15.59,12050262,185376131.0
2015-05-08,15.71,16.17,15.64,16.15,9469361,150903457.0
2015-05-11,16.15,16.6,16.0,16.56,13582574,222274195.0
2015-05-12,16.48,16.62,16.14,16.4,8424526,137959890.0
2015-05-13,16.38,17.15,16.0,17.01,12516003,207534919.0
2015-05-14,16.8,17.3,16.71,17.12,11855606,201753229.0
2015-05-15,17.1,17.1,16.35,16.4,7748955,129021067.0
2015-05-18,16.15,16.68,15.92,16.49,8353583,136148429.0
2015-05-19,16.44,16.95,16.36,16.81,9069891,151308589.0
2015-05-20,16.8,17.11,16.62,16.64,11000646,185996233.0
2015-05-21,16.53,16.92,16.32,16.83,9863992,164322478.0
2015-05-22,16.89,17.99,16.89,17.78,18398696,323153224.0
2015-05-25,17.91,18.45,17.73,18.15,17207111,312318322.0
2015-05-26,18.15,18.9,17.9,18.5,16817218,309106845.0
2015-05-27,18.45,19.7,18.01,19.28,24076110,452219533.0
2015-05-28,19.25,21.21,18.52,21.01,43367487,871663668.0
2015-05-29,20.94,20.94,18.91,19.77,25251354,505858515.0
2015-06-01,19.15,20.82,19.15,20.59,23887279,484917794.0
2015-06-02,20.4,21.48,20.2,21.19,34312893,718419932.0
2015-06-03,21.12,21.28,19.66,20.3,20004837,408571894.0
2015-06-04,20.32,20.45,18.35,19.58,20567305,402401006.0
2015-06-05,19.72,20.62,19.5,20.02,18517224,373162174.0
2015-06-08,20.02,22.02,19.56,22.02,27549444,575845022.0
2015-06-09,21.9,21.9,20.68,21.19,19296964,411726034.0
2015-06-10,21.0,21.87,20.58,21.19,15178825,325168447.0
2015-06-11,21.0,21.8,20.6,21.63,17765521,376311555.0
2015-06-12,21.47,23.06,21.3,22.33,20133472,446746168.0
2015-06-15,22.15,22.88,21.6,21.75,15660358,349192673.0
2015-06-16,21.41,21.41,20.2,20.36,18250344,379415096.0
2015-06-17,20.05,20.69,18.97,20.35,13355484,265983015.0
2015-06-18,20.36,20.88,19.5,19.54,9597096,193940298.0
2015-06-19,19.0,19.19,17.59,17.61,11588834,211462161.0
2015-06-23,17.55,17.66,15.85,17.37,11562035,195741429.0
2015-06-24,17.48,18.07,17.3,17.72,10241652,181190510.0
2015-06-25,17.81,18.36,16.48,17.22,13642297,242973618.0
2015-06-26,16.3,16.59,15.5,15.5,11495844,182648424.0
2015-06-29,15.72,15.89,13.95,14.01,15741268,226309920.0
2015-06-30,13.7,14.8,12.61,14.5,16356473,222404662.0
2015-07-01,14.03,14.85,13.05,13.05,13561428,192007240.0
2015-07-02,12.55,12.84,11.75,11.75,16221533,196838661.0
2015-07-03,11.04,11.39,10.58,10.58,16583534,177951172.0
2015-07-06,11.3,11.52,9.52,9.52,19498493,198081703.0
2015-07-07,8.57,8.57,8.57,8.57,6938600,59463802.0
2015-07-08,7.71,7.71,7.71,7.71,651200,5020752.0
2015-07-09,6.94,8.48,6.94,8.48,33559331,254397658.0
2015-07-10,8.7,9.33,8.48,9.33,14471934,132007984.0
2015-07-13,9.8,10.26,9.33,10.26,20476228,204677640.0
2015-07-14,10.3,11.29,9.8,10.94,38440917,418828049.0
2015-07-15,10.4,10.8,9.85,9.99,25885690,264136530.00000003
2015-07-16,9.01,10.57,8.99,10.47,22529350,221764082.0
2015-07-17,10.26,11.52,10.25,11.52,15503586,172484843.0
2015-07-20,11.62,12.67,11.38,11.79,19385230,233424895.0
2015-07-21,11.6,12.23,11.35,11.99,18689122,222700006.0
2015-07-22,12.01,13.0,11.9,12.74,22959904,284403350.0
2015-07-23,12.53,13.8,12.3,13.3,18879021,249584404.0
2015-07-24,13.33,13.96,12.6,12.83,18122059,241988635.0
2015-07-27,12.48,13.7,11.55,11.59,26145969,331289553.0
2015-07-28,11.06,12.4,10.67,11.85,21932799,252463527.0
2015-07-29,12.07,12.87,11.2,12.66,17494843,208899859.0
2015-07-30,12.5,12.8,11.88,12.06,18154240,226512338.0
2015-07-31,11.7,12.17,11.19,11.72,10324307,121119808.0
2015-08-03,11.4,11.55,10.55,10.55,11837860,128008544.0
2015-08-04,10.7,11.3,10.29,11.28,10889931,117933054.0
2015-08-05,11.2,11.6,10.9,11.09,10537598,118500117.0
2015-08-06,10.78,11.4,10.46,11.31,8418201,92905814.0
2015-08-07,11.3,12.44,11.16,12.18,17299516,208255956.0
2015-08-10,12.32,12.86,11.95,12.71,19805062,245913026.0
2015-08-11,12.56,12.78,12.3,12.52,14569607,183671882.0
2015-08-12,12.32,13.09,12.26,12.5,15668322,199540721.0
2015-08-13,12.36,12.85,12.16,12.82,13298655,166538788.0
2015-08-14,12.8,13.45,12.74,13.32,16251991,213590092.0
2015-08-17,13.94,13.94,13.27,13.54,14952338,203358833.0
2015-08-18,13.62,13.88,12.19,12.19,23162676,298038235.0
2015-08-19,11.5,12.57,11.01,12.48,15173382,179745009.0
2015-08-20,12.3,12.58,11.99,12.15,8680256,106329367.0
2015-08-21,11.7,12.5,11.61,11.81,11833401,142564896.0
2015-08-24,10.98,11.28,10.63,10.63,14031105,150064146.0
2015-08-25,9.74,10.94,9.57,9.57,10823944,108893075.0
2015-08-26,9.75,10.4,9.2,9.74,10734659,106674987.0
2015-08-27,9.9,10.71,9.9,10.71,11398033,117872319.0
2015-08-28,10.9,11.68,10.82,11.62,9023427,101393540.0
2015-08-31,11.39,11.6,11.1,11.35,6059917,68821978.0
2015-09-01,11.5,11.8,10.22,10.23,9232098,102028273.0
2015-09-02,9.52,10.77,9.22,9.44,10723739,105412394.0
2015-09-07,9.46,10.11,9.4,9.72,5642140,55129057.0
2015-09-08,9.7,10.11,9.42,10.0,7789671,75892103.0
2015-09-09,10.08,10.48,10.0,10.31,9487729,97525595.0
2015-09-10,10.2,10.41,10.01,10.12,5933761,60708685.0
2015-09-11,10.12,10.42,9.9,10.15,4516286,45818332.0
2015-09-14,10.28,10.42,9.14,9.18,12681166,122735312.0
2015-09-15,9.05,9.23,8.26,8.26,6195764,53702223.0
2015-09-16,8.11,9.09,8.11,9.09,6769084,59051708.0
2015-09-17,9.0,9.58,9.0,9.02,5597308,52101158.0
2015-09-18,8.99,9.3,8.99,9.23,3014355,27605222.0
2015-09-21,9.09,10.15,9.0,10.13,5862059,56253314.0
2015-09-22,9.97,10.33,9.78,10.02,7456123,74501341.0
2015-09-23,9.95,9.96,9.6,9.66,3295100,32244254.0
2015-09-24,9.64,10.2,9.64,10.04,4361230,43360340.0
2015-09-25,10.01,10.05,9.33,9.63,4198418,40559701.0
2015-09-28,9.66,10.55,9.45,10.4,10543403,106571498.0
2015-09-29,10.15,10.18,9.88,10.05,5163578,51669569.0
2015-09-30,10.06,10.18,9.93,10.0,2122002,21288067.0
2015-10-08,10.35,10.57,10.16,10.35,5021443,52083154.0
2015-10-09,10.33,10.64,10.27,10.53,4856158,50975578.0
2015-10-12,10.68,11.1,10.56,10.96,6218674,67470523.0
2015-10-13,10.95,11.35,10.81,11.13,6058645,67284901.0
2015-10-14,11.01,11.32,10.71,10.86,5205500,57203494.0
2015-10-15,10.78,11.81,10.75,11.69,10536840,118903873.0
2015-10-16,11.59,12.86,11.28,12.68,13558577,159022768.0
2015-10-19,12.2,12.49,11.96,12.09,10147240,123669387.0
2015-10-20,12.0,12.15,11.76,12.08,10800763,129464506.0
2015-10-21,12.08,12.48,11.02,11.56,9150551,107328555.0
2015-10-22,11.6,12.15,11.42,12.06,6554039,77125971.0
2015-10-23,11.96,12.27,11.87,12.17,9677157,117392019.0
2015-10-26,12.19,12.55,12.04,12.26,8689002,106935011.0
2015-10-27,12.2,12.47,11.72,12.39,8463079,102035413.0
2015-10-28,12.39,12.81,12.18,12.4,8658437,107992960.0
2015-10-29,12.54,12.75,12.2,12.57,7135504,89365745.0
2015-10-30,12.52,13.15,12.49,12.71,9376882,120534106.0
2015-11-02,12.51,12.51,11.9,12.03,7535014,91496199.0
2015-11-03,12.14,12.14,11.83,11.91,4625454,55369993.0
2015-11-04,11.91,12.58,11.86,12.51,12666611,154572553.0
2015-11-05,12.42,12.7,12.25,12.36,7935842,98538393.0
2015-11-06,12.38,12.83,12.29,12.71,9520893,120617751.0
2015-11-09,12.6,13.23,12.5,12.98,10930178,140656694.0
2015-11-10,12.8,13.6,12.77,13.5,11018308,146274843.0
2015-11-11,13.55,13.61,13.32,13.53,8112386,109067881.0
2015-11-12,13.47,13.87,13.22,13.67,7038964,94989032.0
2015-11-13,13.61,14.89,13.3,14.5,13177107,186684246.0
2015-11-16,14.05,15.03,14.04,14.77,8639328,126360122.0
2015-11-17,14.65,14.99,14.37,14.4,7797214,113696782.0
2015-11-18,14.35,14.55,13.9,13.96,5009750,71713309.0
2015-11-19,13.98,14.3,13.9,14.3,3909643,55235115.0
2015-11-20,14.4,14.66,14.25,14.45,4339715,62729099.0
2015-11-23,14.3,14.58,14.01,14.21,5782881,82729724.0
2015-11-24,14.21,14.28,13.62,14.04,5735576,79717869.0
2015-11-25,13.96,15.4,13.88,15.0,10880434,161854866.0
2015-11-26,14.9,15.38,14.77,14.81,6962630,104676336.0
2015-11-27,14.79,14.9,13.33,13.56,8975836,126871645.0
2015-11-30,13.68,13.79,12.29,13.36,6890621,91013278.0
2015-12-01,13.21,13.69,13.12,13.39,4524468,60831218.0
2015-12-02,13.23,14.73,13.21,14.73,11632654,163740900.0
2015-12-03,14.95,14.95,14.48,14.8,9161611,134758711.0
2015-12-04,14.61,16.28,14.6,15.09,18492142,284994455.0
2015-12-07,15.09,15.21,14.56,15.1,10154460,150481441.0
2015-12-08,14.89,15.51,14.5,15.35,12873291,193350285.0
2015-12-09,15.15,15.69,15.02,15.14,8493154,130013425.0
2015-12-10,14.95,15.0,14.6,14.74,8117517,119922877.0
2015-12-11,14.63,15.25,14.51,14.61,7208168,107229557.0
2015-12-14,14.4,14.93,14.03,14.73,4183494,60631350.0
2015-12-15,14.62,15.35,14.62,15.12,7382531,111160034.0
2015-12-16,15.16,15.2,14.7,14.8,7001384,104200324.0
2015-12-17,14.79,15.37,14.79,15.17,8027653,121080405.0
2015-12-18,15.01,15.17,14.81,14.99,6872372,102830262.0
2015-12-21,14.82,15.5,14.82,15.48,9262041,140979532.0
2015-12-22,15.41,15.89,15.2,15.6,8615682,134124500.99999999
2015-12-23,15.59,17.11,15.48,16.17,17183549,281497356.0
2015-12-24,16.16,16.6,15.71,16.4,11122272,181067691.0
2015-12-25,16.48,16.6,16.15,16.53,7509397,122653775.0
2015-12-28,16.4,16.6,15.64,15.72,11398255,183514196.0
2015-12-29,15.7,15.93,15.23,15.93,7510182,116815179.0
2015-12-30,15.72,16.16,15.61,15.78,6155623,97693015.0
2015-12-31,15.79,16.48,15.66,16.15,8277713,133294597.00000001
2016-01-04,15.99,16.18,14.6,14.61,7183754,109921351.0
2016-01-05,13.26,14.75,13.26,14.49,10672010,151950608.0
2016-01-06,14.4,15.1,14.3,14.93,6645109,97657402.0
2016-01-07,14.65,14.7,13.44,13.44,2992400,41180079.0
2016-01-08,13.8,13.8,12.15,13.1,9555727,126435311.0
2016-01-11,12.6,12.94,11.79,11.79,6064631,74294480.0
2016-01-12,11.79,12.05,11.2,11.44,4909826,56641692.0
2016-01-13,11.55,11.76,10.77,10.95,4769993,54038295.0
2016-01-14,10.4,11.29,10.02,11.19,7261948,77173124.0
2016-01-15,11.09,11.34,10.71,10.77,4668039,51498419.0
2016-01-18,10.31,11.27,10.31,11.19,4180653,45759893.0
2016-01-19,11.11,11.68,11.11,11.58,5522016,63383625.0
2016-01-20,11.58,11.88,11.39,11.62,4520470,52646906.0
2016-01-21,11.3,11.85,11.29,11.39,6263575,72634012.0
2016-01-22,11.55,12.26,11.22,12.07,7600282,89038781.0
2016-01-25,11.98,13.13,11.98,12.87,10097437,128371320.0
2016-01-26,12.71,12.8,11.61,12.1,6996822,86544384.0
2016-01-27,11.9,12.23,11.3,11.59,7492812,88802851.0
2016-01-28,11.65,12.02,10.88,11.0,4701233,54504027.0
2016-01-29,10.99,11.87,10.99,11.64,3614663,41376671.0
2016-02-01,11.65,12.14,11.11,11.5,4662716,54331165.0
2016-02-02,11.52,12.0,11.5,11.92,4256071,50197472.0
2016-02-03,11.75,12.0,11.45,11.93,3358527,39441812.0
2016-02-04,11.94,12.29,11.93,12.06,3337740,40514724.0
2016-02-05,12.12,12.5,11.96,12.31,3678297,45098185.0
2016-02-15,11.8,12.2,11.33,12.09,3483814,41173007.0
2016-02-16,12.1,12.68,12.09,12.43,5772687,71541998.0
2016-02-17,12.38,12.79,12.18,12.51,4994447,62337382.0
2016-02-18,12.62,12.73,12.35,12.42,6207915,77703198.0
2016-02-19,12.32,12.54,12.24,12.35,4027507,49789659.0
2016-02-22,12.5,13.09,12.38,12.86,5385391,68559455.0
2016-02-23,12.71,12.95,12.45,12.7,5122449,64962666.0
2016-02-24,12.66,13.12,12.58,13.0,6366341,81742493.0
2016-02-25,13.0,13.0,11.7,11.7,6837159,83722547.0
2016-02-26,11.68,11.88,11.0,11.3,4374421,50294815.0
2016-02-29,11.38,11.49,10.17,10.17,4676427,48770204.0
2016-03-01,10.27,10.33,9.61,10.28,5633543,56720821.0
2016-03-02,10.4,11.0,10.29,10.94,5272274,56304209.0
2016-03-03,10.85,11.45,10.75,11.15,5037283,56272037.0
2016-03-04,11.0,11.27,10.29,10.48,5056450,54429274.0
2016-03-07,10.6,11.25,10.6,10.97,4220735,46470333.0
2016-03-08,11.0,11.37,10.52,11.17,4670354,51147999.0
2016-03-09,10.8,11.08,10.67,10.89,2626367,28616818.0
2016-03-10,10.9,11.03,10.61,10.68,2951459,31908988.0
2016-03-11,10.45,10.83,10.45,10.77,2146837,22995791.0
2016-03-14,,,,,0,
2016-03-15,,,,,0,
2016-03-16,,,,,0,
2016-03-17,,,,,0,
2016-03-18,,,,,0,
2016-03-21,,,,,0,
2016-03-22,,,,,0,
2016-03-23,,,,,0,
2016-03-24,,,,,0,
2016-03-25,,,,,0,
2016-03-28,,,,,0,
2016-03-29,,,,,0,
2016-03-30,,,,,0,
2016-03-31,,,,,0,
2016-04-01,,,,,0,
2016-04-05,,,,,0,
2016-04-06,,,,,0,
2016-04-07,,,,,0,
2016-04-08,,,,,0,
2016-04-11,,,,,0,
2016-04-12,,,,,0,
2016-04-13,,,,,0,
2016-04-14,,,,,0,
2016-04-15,,,,,0,
2016-04-18,,,,,0,
2016-04-19,,,,,0,
2016-04-20,,,,,0,
2016-04-21,,,,,0,
2016-04-22,,,,,0,
2016-04-25,,,,,0,
2016-04-26,,,,,0,
2016-04-27,,,,,0,
2016-04-28,,,,,0,
2016-04-29,,,,,0,
2016-05-03,,,,,0,
2016-05-04,,,,,0,
2016-05-05,,,,,0,
2016-05-06,,,,,0,
2016-05-09,,,,,0,
2016-05-10,,,,,0,
2016-05-11,,,,,0,
2016-05-12,,,,,0,
2016-05-13,,,,,0,
2016-05-16,,,,,0,
2016-05-17,,,,,0,
2016-05-18,,,,,0,
2016-05-19,,,,,0,
2016-05-20,,,,,0,
2016-05-23,,,,,0,
2016-05-24,,,,,0,
2016-05-25,,,,,0,
2016-05-26,,,,,0,
2016-05-27,,,,,0,
2016-05-30,,,,,0,
2016-05-31,,,,,0,
2016-06-01,,,,,0,
2016-06-02,,,,,0,
2016-06-03,,,,,0,
2016-06-06,,,,,0,
2016-06-07,,,,,0,
2016-06-08,,,,,0,
2016-06-13,,,,,0,
2016-06-14,,,,,0,
2016-06-15,,,,,0,
2016-06-16,,,,,0,
2016-06-17,,,,,0,
2016-06-20,,,,,0,
2016-06-21,,,,,0,
2016-06-22,,,,,0,
2016-06-23,,,,,0,
2016-06-24,,,,,0,
2016-06-27,,,,,0,
2016-06-28,,,,,0,
2016-06-29,,,,,0,
2016-06-30,,,,,0,
2016-07-01,,,,,0,
2016-07-04,,,,,0,
2016-07-05,,,,,0,
2016-07-06,,,,,0,
2016-07-07,,,,,0,
2016-07-08,,,,,0,
2016-07-11,,,,,0,
2016-07-12,,,,,0,
2016-07-13,,,,,0,
2016-07-14,,,,,0,
2016-07-15,,,,,0,
2016-07-18,,,,,0,
2016-07-19,11.85,11.85,11.85,11.85,133103,1577271.0
2016-07-20,13.04,13.04,13.04,13.04,325300,4241912.0
2016-07-21,,,,,0,
2016-07-22,,,,,0,
2016-07-25,,,,,0,
2016-07-26,,,,,0,
2016-07-27,,,,,0,
2016-07-28,,,,,0,
2016-07-29,,,,,0,
2016-08-01,13.18,13.28,11.89,12.46,17963069,221372335.0
2016-08-02,12.6,12.68,11.9,12.13,13651305,165263634.0
2016-08-03,12.29,13.34,12.18,13.34,7827124,101690396.0
2016-08-04,13.82,14.67,13.65,14.07,35192422,495669180.0
2016-08-05,13.72,13.87,13.42,13.75,19257445,262728780.00000003
2016-08-08,13.55,13.85,13.41,13.63,14211292,193467612.0
2016-08-09,13.42,13.62,13.05,13.6,14686204,196089808.0
2016-08-10,13.48,13.5,13.1,13.19,10544815,139885033.0
2016-08-11,13.01,13.56,12.91,13.1,12492791,166262467.0
2016-08-12,13.09,13.55,12.93,13.42,12139073,161004915.0
2016-08-15,13.47,14.0,13.31,13.59,20070214,272484649.0
2016-08-16,13.36,13.47,13.11,13.26,12337833,163925975.0
2016-08-17,13.3,13.7,13.11,13.55,13837473,185312118.0
2016-08-18,13.5,13.72,13.3,13.4,11921095,161268702.0
2016-08-19,13.35,13.44,13.11,13.18,7580251,100112680.0
2016-08-22,13.12,13.42,13.07,13.16,4869843,64177566.0
2016-08-23,13.12,13.33,13.04,13.26,5304187,70049600.0
2016-08-24,13.14,13.26,12.43,12.47,15104296,191749720.0
2016-08-25,12.47,12.65,12.3,12.34,6983943,86993952.0
2016-08-26,12.29,12.48,12.29,12.37,4302438,53277109.0
2016-08-29,12.32,12.45,12.27,12.32,3200017,39540000.0
2016-08-30,12.34,12.62,12.31,12.48,4625543,57656713.0
2016-08-31,12.48,12.7,12.36,12.58,4423643,55508973.0
2016-09-01,12.46,12.66,12.41,12.43,3255700,40776845.0
2016-09-02,12.4,12.7,12.4,12.62,5764665,72379204.0
2016-09-05,12.51,12.76,12.51,12.63,4249711,53776616.0
2016-09-06,12.66,12.85,12.65,12.83,4694389,59901142.0
2016-09-07,12.84,13.14,12.75,12.92,6281736,81731265.0
2016-09-08,12.85,13.37,12.81,13.31,7894529,103927669.0
2016-09-09,13.36,13.45,13.05,13.11,6261934,82687480.0
2016-09-12,12.75,12.75,12.12,12.35,6833374,85376061.0
2016-09-13,12.38,12.62,12.24,12.56,4415912,54777862.0
2016-09-14,12.5,12.8,12.38,12.66,3919126,49418160.0
2016-09-19,12.66,12.86,12.63,12.83,3789415,48422155.0
2016-09-20,12.83,13.1,12.78,13.0,4224074,54773606.0
2016-09-21,12.97,13.15,12.91,12.96,3460874,45058733.0
2016-09-22,13.07,13.15,12.97,13.03,4365635,56980699.0
2016-09-23,13.04,13.75,13.03,13.48,11583155,155937645.0
2016-09-26,13.45,13.83,12.86,12.97,11032267,148913884.0
2016-09-27,12.8,14.27,12.8,14.27,18945134,260854202.0
2016-09-28,14.15,14.47,13.75,14.27,21842514,308897404.0
2016-09-29,14.15,15.07,14.11,14.48,24941990,365687071.0
2016-09-30,14.12,15.04,14.12,14.86,20945170,309060007.0
2016-10-10,14.75,15.19,14.3,15.14,16250877,240467080.0
2016-10-11,14.94,15.11,14.51,14.92,12703609,188888475.0
2016-10-12,14.6,14.78,14.33,14.75,12462251,181289847.0
2016-10-13,14.68,14.68,14.44,14.5,9524391,138356894.0
2016-10-14,,,,,0,
2016-10-17,,,,,0,
2016-10-18,,,,,0,
2016-10-19,,,,,0,
2016-10-20,14.6,14.8,13.71,14.07,27936194,392273649.0
2016-10-21,13.89,13.95,13.41,13.59,16212584,221404679.0
2016-10-24,13.58,13.94,13.52,13.81,10284414,141803048.0
2016-10-25,13.81,14.14,13.81,13.98,10026099,140216892.0
2016-10-26,14.04,14.3,13.86,14.08,9431090,132456630.0
2016-10-27,14.0,14.17,13.88,14.0,6146421,85902969.0
2016-10-28,14.01,14.03,13.67,13.7,5563519,77129299.0
2016-10-31,13.62,13.82,13.51,13.74,4612605,62982504.0
2016-11-01,13.8,14.6,13.77,14.38,15451436,220568510.0
2016-11-02,14.15,14.76,14.15,14.33,12798230,184342058.0
2016-11-03,14.16,14.84,14.1,14.62,13590765,197872155.0
2016-11-04,14.48,14.65,14.35,14.43,8050681,116514556.0
2016-11-07,,,,,0,
2016-11-08,,,,,0,
2016-11-09,,,,,0,
2016-11-10,,,,,0,
2016-11-11,,,,,0,
2016-11-14,,,,,0,
2016-11-15,,,,,0,
2016-11-16,,,,,0,
2016-11-17,,,,,0,
2016-11-18,,,,,0,
2016-11-21,,,,,0,
2016-11-22,,,,,0,
2016-11-23,,,,,0,
2016-11-24,,,,,0,
2016-11-25,,,,,0,
2016-11-28,,,,,0,
2016-11-29,,,,,0,
2016-11-30,,,,,0,
2016-12-01,,,,,0,
2016-12-02,,,,,0,
2016-12-05,15.6,15.87,14.88,15.87,15023427,232413696.0
2016-12-06,16.5,17.46,16.0,16.53,45622630,772728989.0
2016-12-07,16.28,18.18,16.28,18.18,40787060,707448262.0
2016-12-08,18.1,18.69,17.24,17.37,44002971,787133528.0
2016-12-09,17.3,18.6,17.05,17.67,37101992,661970357.0
2016-12-12,17.15,17.75,16.65,16.82,28054781,479102584.0
2016-12-13,16.83,17.39,16.61,17.29,22756927,388185876.0
2016-12-14,17.01,18.73,16.64,17.79,36737663,651561144.0
2016-12-15,17.38,18.7,17.36,18.24,32476847,589322162.0
2016-12-16,17.97,19.4,17.63,19.04,32506107,603876485.0
2016-12-19,18.71,18.84,17.7,17.82,24003417,437263312.0
2016-12-20,17.56,17.63,16.9,17.3,16181893,278748440.0
2016-12-21,17.45,17.6,17.05,17.43,10652218,184264617.0
2016-12-22,17.85,19.17,17.85,19.17,37795141,710124690.0
2016-12-23,18.75,18.92,17.25,17.41,31678264,566948525.0
2016-12-26,17.09,17.92,17.0,17.65,14206241,248294600.0
2016-12-27,17.9,19.42,17.9,19.42,16118538,305967361.0
2016-12-28,20.0,21.26,19.8,20.62,48652800,995691142.0
2016-12-29,20.1,20.37,19.46,20.28,30308343,604386562.0
2016-12-30,20.26,20.55,19.21,19.65,23242234,462066552.0
2017-01-03,19.42,19.9,19.3,19.65,15570649,305021553.0
2017-01-04,19.65,20.5,19.46,19.74,21626460,430816822.0
2017-01-05,19.45,19.49,18.75,19.2,21965827,419030556.0
2017-01-06,19.08,19.2,17.51,17.9,20486824,376966802.0
2017-01-09,17.92,18.49,17.73,18.46,12515511,226931974.0
2017-01-10,18.41,18.8,18.2,18.78,12472733,231532425.0
2017-01-11,18.6,18.89,18.1,18.86,11185406,206914704.0
2017-01-12,18.76,19.68,18.36,18.43,15145898,287481611.0
2017-01-13,19.0,19.88,18.51,19.37,24715831,477557383.0
2017-01-16,18.18,18.18,17.43,17.43,13908724,243645033.0
2017-01-17,16.38,17.4,15.69,16.89,13919207,230801507.0
2017-01-18,16.8,17.28,16.5,16.99,7680200,129774942.0
2017-01-19,16.69,16.8,15.87,16.09,9934467,161022617.0
2017-01-20,16.0,16.35,15.83,16.29,8020250,129618941.0
2017-01-23,16.0,16.92,15.92,16.64,7550432,124609958.0
2017-01-24,16.18,16.74,15.88,16.35,6375902,104722913.0
2017-01-25,16.08,16.35,14.78,15.24,12724646,196888333.0
2017-01-26,15.44,15.74,15.27,15.36,6100801,94733878.0
2017-02-03,15.25,15.8,15.15,15.69,5019090,78577749.0
2017-02-06,15.59,16.17,15.5,15.92,5038177,80345117.0
2017-02-07,15.84,16.9,15.83,16.62,9628911,159378972.0
2017-02-08,16.64,16.7,16.23,16.58,6388310,104847304.0
2017-02-09,16.5,16.79,16.5,16.58,4839129,80376264.0
2017-02-10,16.38,16.57,16.0,16.16,5759381,93485528.0
2017-02-13,16.0,16.64,16.0,16.49,5744600,94137506.0
2017-02-14,16.42,17.84,16.41,17.06,10199540,175053610.0
2017-02-15,16.96,17.25,16.47,16.64,8135188,135748035.0
2017-02-16,16.44,16.8,16.41,16.68,5442234,90466816.0
2017-02-17,16.67,16.74,15.78,16.06,7032302,113752381.0
2017-02-20,15.65,15.97,15.19,15.63,7304996,113413616.0
2017-02-21,15.65,16.71,15.65,16.02,10973800,179192661.0
2017-02-22,15.74,16.23,15.59,16.09,6674745,106566716.0
2017-02-23,15.95,16.23,15.77,15.91,5444356,86708436.0
2017-02-24,15.75,16.67,15.75,16.44,7825823,128303846.0
2017-02-27,16.29,16.6,16.15,16.18,6046513,98695133.0
2017-02-28,16.19,16.39,15.83,15.98,5616049,89784711.0
2017-03-01,15.83,16.23,15.71,15.96,4317135,68773988.0
2017-03-02,16.0,16.09,15.3,15.36,7280368,113339626.0
2017-03-03,15.0,15.28,14.9,15.01,5738567,86419857.0
2017-03-06,14.81,14.97,14.0,14.56,10234467,148186546.0
2017-03-07,14.69,15.05,14.5,15.0,7584560,111938974.0
2017-03-08,14.88,14.94,14.49,14.56,6833395,100456384.0
2017-03-09,14.56,14.75,14.2,14.34,7573201,109056876.0
2017-03-10,14.3,14.52,14.1,14.26,6225645,89219788.0
2017-03-13,,,,,0,
2017-03-14,14.22,14.97,14.22,14.97,10966012,161662033.0
2017-03-15,,,,,0,
2017-03-16,,,,,0,
2017-03-17,,,,,0,
2017-03-20,,,,,0,
2017-03-21,,,,,0,
2017-03-22,,,,,0,
2017-03-23,,,,,0,
2017-03-24,,,,,0,
2017-03-27,,,,,0,
2017-03-28,,,,,0,
2017-03-29,,,,,0,
2017-03-30,,,,,0,
2017-03-31,,,,,0,
2017-04-05,,,,,0,
2017-04-06,,,,,0,
2017-04-07,,,,,0,
2017-04-10,,,,,0,
2017-04-11,,,,,0,
2017-04-12,,,,,0,
2017-04-13,,,,,0,
2017-04-14,,,,,0,
2017-04-17,,,,,0,
2017-04-18,,,,,0,
2017-04-19,,,,,0,
2017-04-20,,,,,0,
2017-04-21,,,,,0,
2017-04-24,,,,,0,
2017-04-25,,,,,0,
2017-04-26,,,,,0,
2017-04-27,,,,,0,
2017-04-28,,,,,0,
2017-05-02,14.22,14.22,14.22,14.22,1608200,22868604.0
2017-05-03,13.51,13.51,13.51,13.51,449200,6068692.0
2017-05-04,12.83,12.83,12.83,12.83,361200,4634196.0
2017-05-05,12.19,12.5,12.19,12.19,8013580,97903922.0
2017-05-08,11.68,11.85,11.58,11.58,5439510,63238732.0
2017-05-09,11.13,11.38,11.0,11.0,6604591,72899371.0
2017-05-10,10.91,11.26,10.55,10.6,5209432,57182258.0
2017-05-11,10.59,10.67,10.07,10.08,5523646,56297207.0
2017-05-12,10.05,10.58,9.97,10.58,5637239,58273957.0
2017-05-15,10.76,11.11,10.58,11.11,2233222,24508825.0
2017-05-16,11.67,11.67,11.67,11.67,339700,3964299.0
2017-05-17,12.25,12.25,12.25,12.25,131903,1615812.0
2017-05-18,12.69,12.86,12.25,12.86,7242200,91349387.0
2017-05-19,12.7,13.22,12.22,12.48,8383414,105939998.0
2017-05-22,12.39,12.65,11.86,11.87,6614833,80462646.0
2017-05-23,11.8,12.46,11.69,12.1,5434998,66224519.0
2017-05-24,11.86,12.19,11.6,11.82,4071966,48478129.0
2017-05-25,11.65,12.12,11.65,11.81,3738001,44395743.0
2017-05-26,11.9,12.4,11.8,12.11,3260747,39593100.0
2017-05-31,11.6,11.95,11.5,11.5,4312695,49834601.0
2017-06-01,11.32,11.59,10.93,10.93,3297700,36885348.0
2017-06-02,10.59,10.9,10.38,10.64,3647676,38408684.0
2017-06-05,10.72,10.89,10.54,10.8,1898376,20481346.0
2017-06-06,10.8,11.07,10.65,10.83,2011301,21844862.0
2017-06-07,10.83,11.19,10.78,11.07,2333701,25649227.0
2017-06-08,11.07,11.23,10.95,11.13,1833800,20311265.0
2017-06-09,11.07,11.07,10.66,10.88,1957476,21221077.0
2017-06-12,10.73,10.8,10.34,10.34,2622234,27565759.0
2017-06-13,10.28,10.86,10.22,10.86,2901609,30785907.0
2017-06-14,10.89,10.97,10.48,10.61,2615170,27951449.0
2017-06-15,10.48,10.79,10.45,10.73,2038402,21698016.0
2017-06-16,10.73,10.92,10.63,10.91,1670900,18008121.0
2017-06-19,10.93,11.46,10.92,11.46,2557303,28819494.0
2017-06-20,11.72,12.0,11.07,11.11,4034200,46481560.0
2017-06-21,11.12,11.39,11.0,11.22,2087006,23293730.0
2017-06-22,11.22,11.3,10.9,10.93,1750100,19471874.0
2017-06-23,11.01,11.01,10.65,10.89,1667310,18001903.0
2017-06-26,11.01,11.27,10.83,11.18,1818758,20125909.0
2017-06-27,11.17,11.29,11.06,11.14,1138372,12712300.0
2017-06-28,11.14,11.33,11.06,11.06,1810351,20273878.0
2017-06-29,11.07,11.12,10.91,10.97,1401600,15410476.0
2017-06-30,10.91,11.0,10.76,10.96,1158479,12595919.0
2017-07-03,10.91,11.01,10.85,10.94,1170710,12796769.0
2017-07-04,11.26,11.49,11.21,11.49,1119174,12812371.0
2017-07-05,11.68,11.68,11.23,11.35,2743101,31207039.0
2017-07-06,11.35,11.39,11.1,11.25,1906702,21480304.0
2017-07-07,11.2,11.55,11.15,11.37,2192402,24910939.0
2017-07-10,11.36,11.48,11.23,11.45,1528975,17430280.0
2017-07-11,11.45,11.45,11.2,11.25,1405701,15872220.0
2017-07-12,11.23,11.28,11.02,11.21,1079411,12015677.0
2017-07-13,11.21,11.25,11.12,11.15,992306,11079278.0
2017-07-14,11.17,11.4,11.07,11.19,1104706,12406522.0
2017-07-17,11.2,11.2,10.63,10.63,2165900,23225468.0
2017-07-18,10.3,10.67,10.11,10.34,2626101,27039466.0
2017-07-19,10.26,10.39,10.18,10.37,2013613,20703319.0
2017-07-20,10.34,10.61,10.24,10.45,1838600,19184435.0
2017-07-21,10.48,10.54,10.18,10.21,1772200,18421635.0
2017-07-24,10.19,10.31,10.05,10.18,2513101,25512199.0
2017-07-25,10.18,10.21,10.05,10.18,1326400,13444151.0
2017-07-26,10.09,10.26,10.05,10.16,1563200,15853341.0
2017-07-27,10.14,10.67,10.13,10.47,2136206,22358568.0
2017-07-28,10.39,10.46,10.25,10.27,1409701,14568836.0
2017-07-31,10.23,10.27,10.1,10.21,2064506,20998249.0
2017-08-01,,,,,0,
2017-08-02,,,,,0,
2017-08-03,,,,,0,
2017-08-04,,,,,0,
2017-08-07,,,,,0,
2017-08-08,,,,,0,
2017-08-09,,,,,0,
2017-08-10,,,,,0,
2017-08-11,,,,,0,
2017-08-14,,,,,0,
2017-08-15,,,,,0,
2017-08-16,,,,,0,
2017-08-17,,,,,0,
2017-08-18,,,,,0,
2017-08-21,,,,,0,
2017-08-22,,,,,0,
2017-08-23,,,,,0,
2017-08-24,,,,,0,
2017-08-25,,,,,0,
2017-08-28,,,,,0,
2017-08-29,,,,,0,
2017-08-30,,,,,0,
2017-08-31,,,,,0,
2017-09-01,,,,,0,
2017-09-04,,,,,0,
2017-09-05,,,,,0,
2017-09-06,,,,,0,
2017-09-07,,,,,0,
2017-09-08,,,,,0,
2017-09-11,,,,,0,
2017-09-12,,,,,0,
2017-09-13,,,,,0,
2017-09-14,,,,,0,
2017-09-15,,,,,0,
2017-09-18,,,,,0,
2017-09-19,,,,,0,
2017-09-20,,,,,0,
2017-09-21,10.72,10.72,10.72,10.72,107402,1151349.0
2017-09-22,11.26,11.26,11.26,11.26,74851,842822.0
2017-09-25,11.27,11.79,11.01,11.03,7424605,84736212.0
2017-09-26,10.89,11.45,10.89,11.22,3564406,39966900.0
2017-09-27,11.11,11.78,11.11,11.78,3525555,40413784.0
2017-09-28,11.78,12.37,11.52,12.27,7823986,95775289.0
2017-09-29,12.25,12.88,12.11,12.88,7309191,92662147.0
2017-10-09,13.51,13.52,13.02,13.52,3040206,40713883.0
2017-10-10,13.98,14.2,13.7,14.2,2103406,29633920.0
2017-10-11,14.8,14.91,13.88,14.16,10396787,151732647.0
2017-10-12,13.88,14.5,13.88,14.02,4214332,59503980.0
2017-10-13,14.28,14.72,14.26,14.72,2690433,39317779.0
2017-10-16,14.97,15.46,14.8,15.03,6831809,104038190.0
2017-10-17,15.34,15.69,14.89,14.92,3699804,56174808.0
2017-10-18,14.93,15.06,14.26,14.42,4423828,64305220.0
2017-10-19,14.1,14.7,14.1,14.28,2110501,30427505.0
2017-10-20,14.5,14.89,14.32,14.59,3007266,43988466.0
2017-10-23,14.33,14.48,13.88,13.92,3457502,48704573.0
2017-10-24,13.94,14.36,13.61,14.01,2023303,28432162.0
2017-10-25,14.0,14.41,13.98,14.06,1632100,23156889.0
2017-10-26,14.11,14.76,13.92,14.76,2727307,39466681.0
2017-10-27,15.03,15.49,14.76,15.15,4853378,73297791.0
2017-10-30,15.26,15.91,14.78,15.87,9537385,149399274.0
2017-10-31,15.8,16.16,15.66,15.74,4209886,66987251.99999999
2017-11-01,15.68,15.99,15.62,15.65,2085300,32923992.0
2017-11-02,15.64,15.8,14.98,15.05,3914201,59728531.0
2017-11-03,15.09,15.46,14.88,15.26,2630972,39851968.0
2017-11-06,15.12,15.37,14.5,14.5,3586181,53071445.0
2017-11-07,14.5,14.85,14.09,14.33,2967012,42684625.0
2017-11-08,14.35,14.65,14.0,14.46,2211511,31524141.0
2017-11-09,14.4,14.9,14.31,14.73,2143607,31510349.0
2017-11-10,14.79,15.08,14.44,14.6,1967302,29070424.0
2017-11-13,14.59,14.59,14.16,14.21,2127836,30332727.0
2017-11-14,14.18,14.5,13.77,14.47,2831268,39689601.0
2017-11-15,14.38,14.64,14.05,14.07,1691404,24335570.0
2017-11-16,14.1,14.15,13.67,13.7,1963900,27208279.0
2017-11-17,13.8,13.81,13.02,13.02,3560570,47113480.0
2017-11-20,13.02,13.06,12.37,12.39,3358100,41795131.0
2017-11-21,12.27,12.75,12.0,12.4,2179503,27078802.0
2017-11-22,12.4,13.02,12.33,13.02,1748804,22254058.0
2017-11-23,13.4,13.64,13.03,13.06,4008944,53509482.0
2017-11-24,13.0,13.41,12.88,13.18,1780031,23510744.0
2017-11-27,13.28,13.67,13.25,13.55,1902301,25576059.0
2017-11-28,13.62,13.65,13.15,13.38,1697601,22701185.0
2017-11-29,13.3,13.32,12.92,13.05,1658457,21689132.0
2017-11-30,13.04,13.13,12.65,12.68,1911802,24655926.0
2017-12-01,12.6,12.87,12.37,12.62,1431722,17991838.0
2017-12-04,12.59,13.25,12.45,13.24,3614421,47342962.0
2017-12-05,13.11,13.23,12.58,12.68,2437418,31340176.0
2017-12-06,12.66,12.8,12.36,12.71,1705071,21452037.0
2017-12-07,12.61,13.05,12.53,12.66,1749301,22390654.0
2017-12-08,12.66,12.86,12.6,12.71,1806002,22971441.0
2017-12-11,12.68,12.98,12.66,12.68,1542800,19748404.0
2017-12-12,12.67,12.71,12.05,12.11,2099502,25872716.0
2017-12-13,12.18,12.48,12.08,12.39,2159104,26545616.0
2017-12-14,12.31,12.67,12.3,12.5,2004905,25160476.0
2017-12-15,12.5,12.5,12.23,12.27,1436701,17724434.0
2017-12-18,12.21,12.38,12.01,12.04,1548527,18824319.0
2017-12-19,12.04,12.17,11.96,12.03,1143334,13773372.0
2017-12-20,12.1,12.31,12.03,12.13,1495251,18160839.0
2017-12-21,12.1,12.13,11.85,11.93,1444410,17258399.0
2017-12-22,11.98,12.01,11.56,11.77,1884805,22167518.0
2017-12-25,11.7,11.75,11.22,11.27,1912507,21900080.0
2017-12-26,11.28,11.62,11.22,11.55,1417206,16167038.0
2017-12-27,11.57,11.57,11.31,11.33,980900,11164605.0
2017-12-28,11.33,11.48,11.17,11.19,1246800,14108643.0
2017-12-29,11.13,11.35,10.87,11.33,1810995,20068095.0
2018-01-02,11.29,11.9,11.12,11.9,1991102,23170922.0
2018-01-03,12.38,12.5,12.0,12.5,3370728,41925993.0
2018-01-04,12.5,12.6,12.18,12.23,2823735,35019273.0
2018-01-05,12.24,12.35,11.97,12.34,1919903,23307591.0
2018-01-08,12.45,12.57,12.0,12.16,1810810,22148136.0
2018-01-09,12.16,12.7,12.12,12.5,2610122,32474161.0
2018-01-10,12.42,12.8,12.41,12.57,2028301,25537828.0
2018-01-11,12.55,12.88,12.33,12.54,2065880,26008881.0
2018-01-12,12.5,12.7,12.22,12.41,1989952,24734022.0
2018-01-15,12.41,12.61,12.16,12.41,1465316,18050179.0
2018-01-16,12.37,12.76,12.25,12.49,1579924,19744427.0
2018-01-17,12.5,12.62,12.29,12.5,1863428,23196542.0
2018-01-18,12.43,12.55,12.24,12.28,2121391,26359046.0
2018-01-19,12.29,12.51,12.14,12.16,1438011,17682041.0
2018-01-22,12.23,12.58,12.11,12.39,2044333,25354974.0
2018-01-23,12.34,12.39,12.0,12.18,1734376,21158217.0
2018-01-24,12.25,12.47,12.2,12.29,1248032,15354906.0
2018-01-25,12.33,12.36,12.22,12.3,1059842,13038365.0
2018-01-26,12.28,12.66,12.27,12.53,1670864,20845650.0
2018-01-29,12.54,12.55,12.2,12.22,1571800,19365610.0
2018-01-30,12.29,12.46,11.92,11.94,1161901,14122285.0
2018-01-31,11.89,11.95,11.34,11.41,2035680,23729873.0
2018-02-01,11.4,11.53,10.9,11.3,1634912,18206517.0
2018-02-02,11.28,11.6,10.83,11.42,1521496,17248629.0
2018-02-05,11.31,11.53,11.24,11.36,1333987,15207845.0
2018-02-06,11.26,11.52,11.15,11.16,1723500,19593001.0
2018-02-07,11.27,11.37,10.93,11.22,1296210,14518205.0
2018-02-08,11.14,11.42,11.14,11.34,870102,9861916.0
2018-02-09,11.24,11.39,10.85,11.36,1462800,16310345.0
2018-02-12,11.28,11.69,11.28,11.66,933702,10710797.0
2018-02-13,11.7,11.8,11.52,11.62,647788,7566942.0
2018-02-14,11.62,11.85,11.57,11.77,456801,5380966.0
2018-02-22,11.84,11.95,11.67,11.82,525700,6197522.0
2018-02-23,11.77,11.94,11.69,11.76,866910,10225269.0
2018-02-26,11.85,11.88,11.63,11.79,932202,10969668.0
2018-02-27,11.77,11.85,11.63,11.67,795201,9318584.0
2018-02-28,11.62,12.25,11.58,12.25,1428213,17241983.0
2018-03-01,,,,,0,
2018-03-02,,,,,0,
2018-03-05,,,,,0,
2018-03-06,,,,,0,
2018-03-07,,,,,0,
2018-03-08,,,,,0,
2018-03-09,,,,,0,
2018-03-12,,,,,0,
2018-03-13,,,,,0,
2018-03-14,,,,,0,
2018-03-15,12.6,12.6,11.64,11.83,3409225,41031301.0
2018-03-16,11.72,11.82,11.48,11.5,1467713,17089334.0
2018-03-19,11.55,11.56,11.19,11.5,1451811,16459601.999999998
2018-03-20,11.35,11.48,11.35,11.41,638213,7286956.0
2018-03-21,11.39,11.53,11.2,11.3,1052000,11962102.0
2018-03-22,11.3,11.38,11.25,11.34,625128,7075066.0
2018-03-23,11.19,11.34,10.86,10.94,1583901,17558579.0
2018-03-26,10.68,11.06,10.66,10.68,1851700,19999954.0
2018-03-27,10.77,10.89,10.7,10.77,1722671,18571139.0
2018-03-28,10.69,10.85,10.56,10.76,1383971,14807879.0
2018-03-29,10.8,10.99,10.7,10.94,1017972,11062786.0
2018-03-30,10.97,10.97,10.84,10.9,727977,7934257.0
2018-04-02,10.88,10.96,10.74,10.9,858300,9333881.0
2018-04-03,10.84,10.93,10.78,10.88,643340,6982928.0
2018-04-04,10.88,11.27,10.85,11.15,1104840,12333772.0
2018-04-09,11.01,11.18,11.0,11.02,939500,10390020.0
2018-04-10,11.04,11.18,10.91,11.16,957132,10597187.0
2018-04-11,11.16,11.22,11.09,11.14,708600,7892154.0
2018-04-12,11.12,11.22,11.02,11.08,622365,6911078.0
2018-04-13,11.12,11.19,11.05,11.17,780586,8672432.0
2018-04-16,11.16,11.18,10.89,11.02,1486064,16390174.0
2018-04-17,10.92,10.99,10.56,10.62,1490600,16025731.0
2018-04-18,10.55,10.66,10.4,10.63,1131419,11975152.0
2018-04-19,10.63,10.71,10.54,10.69,625503,6655339.0
2018-04-20,10.65,10.67,10.47,10.5,814900,8597632.0
2018-04-23,10.5,10.66,10.5,10.59,776300,8207239.0
2018-04-24,10.56,10.67,10.56,10.63,491403,5217851.0
2018-04-25,10.58,10.67,10.55,10.63,701503,7442596.0
2018-04-26,10.66,10.66,10.58,10.62,730003,7757144.0
2018-04-27,10.62,11.13,10.6,10.89,1735603,18928070.0
2018-05-02,10.8,10.88,10.35,10.38,1612587,16925423.0
2018-05-03,10.43,10.49,10.14,10.39,1059865,10927510.0
2018-05-04,10.27,10.39,10.24,10.32,688113,7093825.0
2018-05-07,10.3,10.57,10.28,10.56,1162722,12144173.0
2018-05-08,10.37,10.63,10.37,10.52,719215,7564199.0
2018-05-09,,,,,0,
2018-05-10,10.5,10.54,10.22,10.36,1377899,14245315.0
2018-05-11,10.3,10.35,10.01,10.09,1520400,15389590.0
2018-05-14,10.08,10.1,9.77,9.85,1741501,17214532.0
2018-05-15,9.82,9.99,9.65,9.97,1658075,16234095.0
2018-05-16,9.9,9.96,9.77,9.79,791011,7775032.0
2018-05-17,9.8,9.84,9.77,9.82,324215,3177813.0
2018-05-18,9.89,9.89,9.79,9.84,523204,5148401.0
2018-05-21,9.78,9.91,9.7,9.89,613049,6026771.0
2018-05-22,9.85,9.94,9.83,9.94,505713,5000544.0
2018-05-23,9.86,10.38,9.82,9.99,1351000,13652188.0
2018-05-24,9.98,10.14,9.85,9.97,576498,5750883.0
2018-05-25,9.91,10.0,9.5,9.63,1138900,11026542.0
2018-05-28,9.57,9.58,9.15,9.18,2597412,24022472.0
2018-05-29,9.06,9.14,8.89,8.98,1233878,11106847.0
2018-05-30,8.94,8.94,8.53,8.53,1531802,13216307.0
2018-05-31,8.54,8.7,8.21,8.57,1720258,14688067.0
2018-06-01,8.51,8.69,8.37,8.62,1097700,9370441.0
2018-06-04,8.65,8.74,8.3,8.36,796208,6808066.0
2018-06-05,8.4,8.5,8.34,8.45,801701,6750700.0
2018-06-06,8.44,8.81,8.4,8.69,990420,8585413.0
2018-06-07,8.67,9.0,8.63,8.98,722000,6372957.0
2018-06-08,8.96,9.27,8.88,9.08,1068210,9689497.0
2018-06-11,9.08,9.08,8.66,8.68,807421,7119781.0
2018-06-12,8.65,8.74,8.42,8.68,781400,6682326.0
2018-06-13,8.88,8.88,8.62,8.8,557300,4899681.0
2018-06-14,8.72,8.9,8.71,8.82,458637,4046642.0
2018-06-15,8.82,8.89,8.41,8.48,900568,7692922.0
2018-06-19,8.43,8.57,8.06,8.06,1586001,13057568.0
2018-06-20,7.9,7.98,7.66,7.71,1969536,15179493.0
2018-06-21,7.7,7.75,7.33,7.36,1198301,9023665.0
2018-06-22,7.35,7.45,7.15,7.39,793502,5791149.0
2018-06-25,7.48,7.48,7.21,7.42,1236401,9047194.0
2018-06-26,7.22,7.73,7.21,7.72,989851,7449037.0
2018-06-27,7.62,7.96,7.62,7.93,1073890,8430755.0
2018-06-28,7.88,8.16,7.8,8.15,1063491,8542818.0
2018-06-29,8.18,8.56,8.1,8.53,1078969,9089228.0
2018-07-02,8.5,8.96,8.41,8.62,2566151,22572961.0
2018-07-03,8.86,8.86,8.42,8.52,1095718,9417593.0
2018-07-04,8.67,8.67,8.28,8.3,696302,5884878.0
2018-07-05,8.22,8.45,8.2,8.42,614104,5103839.0
2018-07-06,8.33,8.65,8.33,8.63,1053092,9011781.0
2018-07-09,8.58,9.06,8.58,9.01,772603,6884826.0
2018-07-10,8.85,9.12,8.8,8.8,818102,7311200.0
2018-07-11,8.78,8.78,8.51,8.61,684765,5930519.0
2018-07-12,8.52,8.86,8.52,8.76,571901,5015797.0
2018-07-13,8.71,9.16,8.71,9.07,879011,7880856.0
2018-07-16,9.05,9.05,8.85,8.9,688400,6125722.0
2018-07-17,8.99,8.99,8.75,8.78,630801,5592043.0
2018-07-18,8.77,8.87,8.72,8.83,850483,7462312.0
2018-07-19,8.77,8.81,8.6,8.62,551600,4792708.0
2018-07-20,8.62,8.75,8.49,8.7,570745,4911180.0
2018-07-23,8.85,8.85,8.71,8.8,265400,2331050.0
2018-07-24,8.78,8.95,8.78,8.87,469435,4155541.0
2018-07-25,8.87,9.0,8.81,8.91,702000,6250540.0
2018-07-26,8.91,8.98,8.85,8.93,416057,3711850.0
2018-07-27,8.93,9.16,8.88,9.09,777836,7062865.0
2018-07-30,9.0,9.09,8.91,8.92,457500,4120657.0
2018-07-31,8.99,8.99,8.9,8.96,374501,3343380.0
2018-08-01,9.03,9.03,8.71,8.77,376100,3334498.0
2018-08-02,8.7,8.71,8.33,8.34,800001,6706710.0
2018-08-03,8.3,8.4,8.12,8.35,478110,3949322.0
2018-08-06,8.34,8.35,7.95,8.02,558800,4538084.0
2018-08-07,8.08,8.2,7.8,8.13,757100,6034877.0
2018-08-08,8.11,8.21,8.0,8.1,877400,7104354.0
2018-08-09,8.01,8.25,8.01,8.1,395100,3219845.0
2018-08-10,8.14,8.21,8.08,8.18,227400,1849401.0
2018-08-13,8.15,8.15,8.0,8.07,339211,2729325.0
2018-08-14,8.02,8.08,7.8,7.98,847591,6734707.0
2018-08-15,7.9,7.97,7.68,7.71,602151,4698504.0
2018-08-16,7.6,7.68,7.45,7.58,401103,3038879.0
2018-08-17,7.61,7.75,7.6,7.64,507600,3893631.0
2018-08-20,7.57,7.67,7.5,7.59,511930,3868897.0
2018-08-21,7.55,7.97,7.55,7.97,821065,6489723.0
2018-08-22,8.1,8.1,7.71,7.75,586300,4638447.0
2018-08-23,7.7,8.08,7.62,7.92,647500,5103593.0
2018-08-24,7.89,8.02,7.87,7.99,421185,3352528.0
2018-08-27,8.08,8.21,8.0,8.13,494371,3995401.0
2018-08-28,8.21,8.21,8.0,8.05,560501,4512414.0
2018-08-29,8.0,8.05,7.96,7.98,310100,2478266.0
2018-08-30,8.04,8.04,7.89,7.89,498400,3950458.0
2018-08-31,7.88,7.91,7.52,7.65,470000,3634816.0
2018-09-03,7.69,7.7,7.45,7.56,373100,2817429.0
2018-09-04,7.59,7.66,7.53,7.64,295120,2242591.0
2018-09-05,7.57,7.84,7.27,7.74,655424,4965784.0
2018-09-06,7.69,7.73,7.55,7.61,399200,3051447.0
2018-09-07,7.66,7.73,7.56,7.64,616800,4718445.0
2018-09-10,7.61,7.67,7.56,7.56,377700,2874560.0
2018-09-11,7.55,7.59,7.48,7.5,288900,2176048.0
2018-09-12,7.51,7.51,7.3,7.43,319850,2369735.0
2018-09-13,7.5,7.53,7.35,7.35,362504,2690106.0
2018-09-14,7.35,7.38,7.23,7.24,378720,2762027.0
2018-09-17,7.16,7.3,7.12,7.21,417700,2999663.0
2018-09-18,7.37,7.37,7.0,7.21,670400,4775842.0
2018-09-19,7.15,7.25,7.15,7.23,530360,3820256.0
2018-09-20,7.27,7.28,7.15,7.16,287000,2067916.0000000002
2018-09-21,7.11,7.28,7.02,7.24,461600,3303621.0
2018-09-25,7.21,7.22,7.1,7.16,224702,1608812.0
2018-09-26,7.2,7.22,7.1,7.16,318400,2283498.0
2018-09-27,7.12,7.18,6.93,6.99,815900,5781557.0
2018-09-28,6.99,7.14,6.91,7.05,602819,4265918.0
2018-10-08,6.92,6.92,6.8,6.87,639257,4387785.0
2018-10-09,6.83,6.91,6.79,6.86,458400,3143353.0
2018-10-10,6.83,6.91,6.65,6.8,577710,3911035.0
2018-10-11,6.66,6.68,6.46,6.46,693551,4542821.0
2018-10-12,6.33,6.33,6.14,6.18,1582700,9761144.0
2018-10-15,6.18,6.28,6.06,6.08,641200,3955523.0
2018-10-16,6.01,6.16,5.78,6.14,1040001,6214782.0
2018-10-17,6.19,6.2,5.91,6.07,816475,4955374.0
2018-10-18,6.06,6.06,5.77,5.77,760700,4425853.0
2018-10-19,5.5,5.63,5.48,5.51,1617939,8940151.0
2018-10-22,5.7,5.79,5.66,5.79,1039351,5981237.0
2018-10-23,5.94,6.08,5.78,5.96,1739201,10411563.0
2018-10-24,5.9,6.26,5.9,6.26,1160053,7198335.0
2018-10-25,6.15,6.57,6.0,6.52,1630955,10344904.0
2018-10-26,6.52,6.73,6.4,6.72,1187560,7784814.0
2018-10-29,6.66,6.95,6.53,6.6,1024600,6926939.0
2018-10-30,6.58,6.79,6.46,6.51,1027810,6755828.0
2018-10-31,6.45,6.68,6.44,6.56,847951,5576216.0
2018-11-01,6.52,6.59,6.46,6.55,980868,6401538.0
2018-11-02,6.53,6.88,6.53,6.88,768071,5121776.0
2018-11-05,6.89,7.22,6.88,7.21,1962155,14052598.0
2018-11-06,7.17,7.38,6.85,7.29,2222943,15670073.0
2018-11-07,7.22,7.46,7.19,7.24,777500,5681169.0
2018-11-08,7.24,7.4,7.24,7.38,1046400,7666653.0
2018-11-09,7.31,7.37,7.15,7.19,1133743,8191100.0
2018-11-12,7.19,7.36,7.06,7.24,1372702,9941532.0
2018-11-13,7.2,7.58,7.13,7.48,1516245,11285044.0
2018-11-14,7.47,7.58,7.33,7.4,1427900,10619724.0
2018-11-15,7.3,7.44,7.13,7.2,1460753,10600043.0
2018-11-16,7.26,7.56,7.16,7.56,1892101,14046735.0
2018-11-19,7.6,7.94,7.59,7.94,1104404,8711365.0
2018-11-20,8.3,8.34,8.18,8.34,988234,8203022.999999999
2018-11-21,8.76,8.76,8.76,8.76,98400,861984.0
2018-11-22,9.2,9.2,9.2,9.2,219200,2016640.0
2018-11-23,9.15,9.15,8.74,8.74,682700,6094433.0
2018-11-26,8.3,8.3,8.3,8.3,96800,803440.0
2018-11-27,7.89,8.47,7.89,7.95,4714327,37397578.0
2018-11-28,7.93,8.01,7.77,7.8,1643800,12962973.0
2018-11-29,7.79,7.86,7.41,7.41,2284212,17244229.0
2018-11-30,7.39,7.39,7.04,7.07,2570884,18259231.0
2018-12-03,7.17,7.42,7.13,7.42,2062757,14905188.0
2018-12-04,7.45,7.79,7.4,7.79,2631577,20180282.0
2018-12-05,7.6,8.18,7.6,7.96,2448757,19463776.0
2018-12-06,7.92,8.18,7.73,7.95,1631257,12928487.0
2018-12-07,7.55,7.55,7.55,7.55,311400,2351070.0
2018-12-10,7.17,7.59,7.17,7.56,2881401,20913912.0
2018-12-11,7.53,7.94,7.39,7.94,3099003,24318237.0
2018-12-12,7.95,8.14,7.74,7.74,2401091,19106646.0
2018-12-13,7.72,8.13,7.7,8.13,2159451,17197021.0
2018-12-14,8.23,8.48,8.09,8.22,3296213,27302810.0
2018-12-17,8.16,8.38,7.98,8.2,1736500,14217177.0
2018-12-18,8.2,8.36,8.08,8.19,1118300,9180488.0
2018-12-19,8.15,8.47,8.15,8.31,1583733,13176725.0
2018-12-20,8.37,8.73,8.36,8.73,1705255,14668776.0
2018-12-21,8.86,9.08,8.29,8.29,3853002,33419303.999999996
2018-12-24,8.13,8.49,8.13,8.31,1148200,9581868.0
2018-12-25,8.26,8.26,7.89,8.25,2053311,16483082.999999998
2018-12-26,8.2,8.46,8.18,8.32,1561300,13086804.0
2018-12-27,8.43,8.6,8.26,8.32,1571589,13260759.0
2018-12-28,8.33,8.58,8.3,8.44,1353800,11455917.0
2019-01-02,8.49,8.56,8.36,8.43,837500,7062977.0
2019-01-03,8.4,8.4,8.02,8.12,1099001,8986642.0
2019-01-04,8.03,8.25,7.92,8.21,949835,7706755.0
2019-01-07,8.26,8.32,8.01,8.3,874778,7181919.0
2019-01-08,8.27,8.27,8.19,8.26,527100,4333943.0
2019-01-09,8.2,8.27,8.0,8.12,758001,6161642.0
2019-01-10,8.12,8.18,8.0,8.0,661100,5332350.0
2019-01-11,8.0,8.11,7.91,8.04,421703,3379371.0
2019-01-14,8.02,8.17,8.01,8.02,537700,4347353.0
2019-01-15,7.99,8.01,7.86,7.93,639700,5079218.0
2019-01-16,7.9,7.96,7.82,7.87,492301,3886729.0
2019-01-17,7.82,7.92,7.81,7.85,453900,3572020.0
2019-01-18,7.9,7.9,7.48,7.6,1000105,7700333.0
2019-01-21,7.65,7.68,7.54,7.56,358424,2724090.0
2019-01-22,7.59,7.78,7.5,7.54,533201,4066996.0
2019-01-23,7.52,7.54,7.38,7.39,563801,4202891.0
2019-01-24,7.44,7.5,7.36,7.47,373079,2776109.0
2019-01-25,7.42,7.79,7.42,7.71,653199,4960488.0
2019-01-28,7.61,7.95,7.61,7.75,841000,6591109.0
2019-01-29,7.72,7.9,7.37,7.49,593100,4503476.0
2019-01-30,7.4,7.56,7.28,7.35,658100,4904732.0
2019-01-31,7.23,7.48,7.14,7.27,608900,4461206.0
2019-02-01,7.21,7.49,7.21,7.47,318202,2357400.0
2019-02-11,7.48,7.84,7.4,7.84,737203,5672922.0
2019-02-12,7.81,7.9,7.75,7.89,709812,5570227.0
2019-02-13,7.93,7.95,7.81,7.84,687600,5414296.0
2019-02-14,7.84,7.91,7.78,7.83,621000,4863362.0
2019-02-15,7.83,7.83,7.68,7.72,842500,6513600.0
2019-02-18,7.78,7.82,7.67,7.78,1219678,9465574.0
2019-02-19,7.75,7.85,7.73,7.81,761478,5928684.0
2019-02-20,7.8,7.84,7.73,7.78,578400,4502032.0
2019-02-21,7.78,8.08,7.75,7.84,1084200,8584216.0
2019-02-22,7.81,7.92,7.73,7.88,922700,7243628.0
2019-02-25,7.81,8.1,7.81,8.05,2528590,20239642.0
2019-02-26,8.05,8.05,7.91,7.94,2543293,20271152.0
2019-02-27,7.93,8.1,7.89,7.99,1853020,14782305.0
2019-02-28,7.9,8.39,7.9,8.31,2705561,22077983.0
2019-03-01,8.3,8.42,8.15,8.23,1333081,10959306.0
2019-03-04,8.22,8.33,8.05,8.22,2434903,19906136.0
2019-03-05,8.2,8.25,8.12,8.17,2171942,17736801.0
2019-03-06,8.17,8.45,8.14,8.32,2479736,20508327.0
2019-03-07,8.32,8.47,8.26,8.38,3049604,25449659.0
2019-03-08,8.23,8.35,7.96,7.96,3225901,26138838.0
2019-03-11,7.98,8.02,7.8,7.96,3211008,25409678.0
2019-03-12,7.96,8.13,7.89,8.07,3712593,29642110.0
2019-03-13,8.04,8.04,7.71,7.74,2604822,20600738.0
2019-03-14,7.73,7.79,7.4,7.46,2034214,15452220.0
2019-03-15,7.45,7.69,7.45,7.69,1536311,11677975.0
2019-03-18,7.68,8.06,7.6,7.99,2378304,18800709.0
2019-03-19,7.99,8.05,7.87,7.93,1200347,9527753.0
2019-03-20,7.91,8.08,7.9,8.01,1687145,13486719.0
2019-03-21,8.01,8.22,8.0,8.04,1777500,14392125.0
2019-03-22,8.01,8.18,7.98,8.14,2030533,16386389.0
2019-03-25,8.05,8.39,7.98,8.26,3306317,27122589.0
2019-03-26,8.27,8.67,8.27,8.36,5207858,44494850.0
2019-03-27,8.36,8.48,8.0,8.11,3409616,27793988.0
2019-03-28,8.11,8.25,7.97,7.98,2206582,17866403.0
2019-03-29,8.02,8.2,7.9,8.17,2147152,17352802.0
2019-04-01,8.22,8.49,8.18,8.39,2939440,24610122.0
2019-04-02,8.39,8.81,8.36,8.78,5502571,47841557.0
2019-04-03,8.73,9.07,8.63,8.94,4361176,38531068.0
2019-04-04,8.78,8.87,8.61,8.76,4222745,36832845.0
2019-04-08,8.88,9.2,8.77,8.97,4726323,42668241.0
2019-04-09,8.62,9.1,8.61,9.06,3260310,28880902.0
2019-04-10,9.05,9.42,8.87,9.12,4077172,37467626.0
2019-04-11,9.1,9.36,9.05,9.1,2639917,24191439.0
2019-04-12,9.1,9.5,9.09,9.42,3206502,29849214.0
2019-04-15,9.51,9.7,9.25,9.54,3715124,35263328.0
2019-04-16,9.59,9.83,9.34,9.65,3897142,37688436.0
2019-04-17,9.62,10.13,9.51,10.13,5570642,55179931.0
2019-04-18,10.19,10.64,9.66,9.79,9208704,94444422.0
2019-04-19,9.6,10.0,9.5,9.8,3965011,38460139.0
2019-04-22,9.8,9.8,9.31,9.4,3694306,35184082.0
2019-04-23,9.44,9.44,9.12,9.21,2358759,21750721.0
2019-04-24,9.26,9.42,8.94,9.32,2476900,22647915.0
2019-04-25,9.26,9.39,9.02,9.03,2047800,18872080.0
2019-04-26,8.91,9.23,8.71,9.04,2666512,23759709.0
2019-04-29,8.97,8.97,8.59,8.59,2094600,18117624.0
2019-04-30,8.16,8.36,8.16,8.18,3698908,30268363.0
2019-05-06,7.9,7.94,7.77,7.77,1794107,14017059.0
2019-05-07,7.67,7.77,7.43,7.49,2186207,16552125.0
2019-05-08,7.3,7.47,7.23,7.36,1766600,13016895.0
2019-05-09,7.3,7.38,7.27,7.33,1141129,8371605.0
2019-05-10,7.38,7.56,7.34,7.52,1255522,9374895.0
2019-05-13,7.48,7.69,7.38,7.63,846336,6343276.0
2019-05-14,7.55,7.76,7.51,7.71,799200,6113022.0
2019-05-15,7.71,7.88,7.68,7.69,1011200,7836383.0
2019-05-16,7.68,7.75,7.63,7.65,991714,7618106.0
2019-05-17,7.69,7.69,7.35,7.36,1054200,7904060.0
2019-05-20,7.35,7.36,6.99,7.05,1734895,12206312.0
2019-05-21,6.91,7.15,6.91,7.13,740337,5244370.0
2019-05-22,7.22,7.3,7.1,7.12,821100,5898825.0
2019-05-23,7.1,7.18,6.8,6.9,807400,5646139.0
2019-05-24,6.91,7.02,6.83,6.97,832301,5748063.0
2019-05-27,7.02,7.23,6.97,7.12,826602,5846134.0
2019-05-28,7.1,7.13,6.93,7.04,1342766,9458814.0
2019-05-29,7.09,7.39,7.03,7.39,1604596,11735833.0
2019-05-30,7.66,7.76,7.56,7.76,3065020,23626305.0
2019-05-31,7.76,7.97,7.6,7.78,2137034,16683158.0
2019-06-03,7.71,7.87,7.55,7.62,1254900,9586128.0
2019-06-04,7.63,7.8,7.55,7.62,1013100,7788914.0
2019-06-05,7.69,7.93,7.57,7.79,1201912,9334958.0
2019-06-06,7.77,7.94,7.73,7.84,1201111,9408735.0
2019-06-10,7.99,7.99,7.74,7.93,1179303,9285960.0
2019-06-11,7.81,8.17,7.78,8.05,1444060,11508470.0
2019-06-12,8.01,8.03,7.65,7.65,2238400,17392927.0
2019-06-13,7.27,7.45,7.27,7.3,2628582,19180024.0
2019-06-14,7.3,7.38,7.28,7.3,1238960,9071464.0
2019-06-17,7.22,7.34,6.94,7.05,1380928,9779223.0
2019-06-18,7.08,7.34,6.75,7.17,1489304,10545216.0
2019-06-19,7.23,7.27,7.15,7.22,628900,4539708.0
2019-06-20,7.26,7.27,7.15,7.19,703602,5073292.0
2019-06-21,7.55,7.55,7.4,7.44,2090224,15664245.0
2019-06-24,7.4,7.51,7.35,7.4,649556,4816870.0
2019-06-25,7.4,7.4,7.19,7.33,751448,5481077.0
2019-06-26,7.27,7.38,6.96,7.02,2764907,19469379.0
2019-06-27,6.98,7.06,6.81,7.05,1577421,10931456.0
2019-06-28,7.03,7.13,6.92,7.13,1071801,7519596.0
2019-07-01,7.14,7.38,7.14,7.24,1219602,8858990.0
2019-07-02,7.2,7.45,7.18,7.28,1297800,9452658.0
2019-07-03,7.28,7.3,7.16,7.19,759000,5483892.0
2019-07-04,7.2,7.24,7.02,7.06,776800,5507892.0
2019-07-05,7.09,7.17,7.0,7.07,593101,4184988.0000000005
2019-07-08,7.07,7.07,6.8,6.87,1039414,7140779.0
2019-07-09,6.87,6.99,6.84,6.96,550600,3805791.0
2019-07-10,6.92,6.98,6.86,6.92,453555,3132651.0
2019-07-11,6.91,7.27,6.9,7.27,2459668,17762251.0
2019-07-12,7.23,7.29,7.1,7.24,1298914,9352686.0
2019-07-15,7.18,7.26,7.06,7.22,669719,4822808.0
2019-07-16,7.23,7.33,7.16,7.24,592618,4316852.0
2019-07-17,7.21,7.32,7.2,7.25,289600,2104357.0
2019-07-18,7.24,7.24,7.04,7.13,529900,3773362.0
2019-07-19,7.13,7.36,7.13,7.21,439950,3189643.0
2019-07-22,7.21,7.23,6.97,7.0,770321,5421126.0
2019-07-23,7.03,7.07,6.95,7.03,267286,1872199.0
2019-07-24,7.0,7.15,6.94,7.11,463900,3274147.0
2019-07-25,7.1,7.1,7.01,7.07,403800,2845802.0
2019-07-26,7.08,7.11,6.97,7.09,507002,3570471.0
2019-07-29,7.06,7.06,6.97,7.03,404800,2841977.0
2019-07-30,7.03,7.09,7.01,7.03,430200,3028870.0
2019-07-31,7.05,7.05,6.98,7.02,397003,2781187.0
2019-08-01,7.01,7.03,6.88,6.96,521943,3637389.0
2019-08-02,6.91,6.98,6.77,6.94,994800,6805055.0
2019-08-05,6.92,6.92,6.75,6.8,648200,4434703.0
2019-08-06,6.71,6.71,6.46,6.48,1557201,10113561.0
2019-08-07,6.5,6.56,6.3,6.51,607700,3934926.0
2019-08-08,6.54,6.54,6.47,6.47,440600,2863579.0
2019-08-09,6.48,6.69,6.4,6.66,638012,4157481.0
2019-08-12,6.6,6.6,6.33,6.52,813101,5237982.0
2019-08-13,6.5,6.5,6.39,6.46,442601,2845469.0
2019-08-14,6.48,6.61,6.46,6.48,564500,3681573.0
2019-08-15,6.4,6.54,6.23,6.47,457601,2936833.0
2019-08-16,6.49,6.67,6.44,6.52,450501,2956820.0
2019-08-19,6.55,6.6,6.44,6.58,650301,4238988.0
2019-08-20,6.58,6.91,6.55,6.91,1667706,11362584.0
2019-08-21,6.91,6.91,6.71,6.76,777303,5282215.0
2019-08-22,6.78,6.88,6.71,6.83,497313,3366724.0
2019-08-23,6.88,6.88,6.75,6.8,494500,3366753.0
2019-08-26,6.67,6.77,6.6,6.72,542655,3645571.0
2019-08-27,6.75,6.81,6.68,6.74,553862,3734208.0
2019-08-28,6.72,6.72,6.62,6.69,546872,3650450.0
2019-08-29,6.67,6.72,6.65,6.67,371900,2482946.0
2019-08-30,6.71,6.71,6.59,6.67,799262,5309391.0
2019-09-02,6.67,6.86,6.62,6.81,636779,4324312.0
2019-09-03,6.82,6.82,6.7,6.7,577200,3884088.0
2019-09-04,6.72,6.78,6.68,6.77,258079,1736002.0
2019-09-05,6.76,6.85,6.72,6.75,737400,5006905.0
2019-09-06,6.78,6.83,6.73,6.81,627600,4253614.0
2019-09-09,6.79,6.91,6.79,6.91,675600,4644916.0
2019-09-10,6.93,6.93,6.82,6.86,674000,4620553.0
2019-09-11,6.84,6.86,6.76,6.82,743980,5065045.0
2019-09-12,6.8,6.91,6.75,6.89,631811,4309092.0
2019-09-16,6.89,7.22,6.85,7.16,1648611,11644098.0
2019-09-17,7.12,7.32,7.01,7.3,1906501,13663003.0
2019-09-18,7.28,7.66,7.2,7.58,2279026,17069976.0
2019-09-19,7.6,7.85,7.49,7.51,1696201,13038909.0
2019-09-20,7.51,7.56,7.31,7.38,1287700,9508322.0
2019-09-23,7.38,7.75,7.32,7.74,1403074,10714688.0
2019-09-24,7.69,7.85,7.49,7.53,1389921,10591764.0
2019-09-25,7.51,7.55,7.37,7.43,610400,4538769.0
2019-09-26,7.4,7.45,7.14,7.25,716000,5203401.0
2019-09-27,7.26,7.53,7.26,7.44,693209,5141941.0
2019-09-30,7.45,7.69,7.43,7.54,757213,5737047.0
2019-10-08,7.55,7.64,7.4,7.63,402000,3050279.0
2019-10-09,7.49,7.57,7.38,7.55,496400,3720666.0
2019-10-10,7.52,7.61,7.52,7.6,582300,4410461.0
2019-10-11,7.55,7.78,7.5,7.69,725800,5537548.0
2019-10-14,7.69,7.9,7.67,7.69,743500,5764179.0
2019-10-15,7.76,7.8,7.59,7.73,478600,3685090.0
2019-10-16,7.74,7.74,7.56,7.6,463300,3535310.0
2019-10-17,7.67,7.67,7.49,7.5,342200,2581719.0
2019-10-18,7.5,7.54,7.3,7.32,462300,3417468.0
2019-10-21,7.33,7.4,7.24,7.33,554732,4052258.0
2019-10-22,7.39,7.39,7.28,7.33,360200,2632229.0
2019-10-23,7.35,7.35,7.25,7.26,333800,2431748.0
2019-10-24,7.26,7.37,7.26,7.29,399700,2928767.0
2019-10-25,7.3,7.41,7.25,7.4,565500,4138645.0000000005
2019-10-28,7.35,7.36,7.03,7.03,1577200,11286792.0
2019-10-29,6.84,6.93,6.81,6.87,785700,5405992.0
2019-10-30,6.88,6.88,6.64,6.8,722514,4867635.0
2019-10-31,6.79,7.14,6.78,7.02,1117313,7885285.0
2019-11-01,7.01,7.05,6.9,6.97,530914,3699876.0
2019-11-04,6.97,7.02,6.87,6.89,430750,2990222.0
2019-11-05,6.92,6.92,6.77,6.81,625500,4261901.0
2019-11-06,6.83,6.93,6.81,6.83,666100,4572190.0
2019-11-07,6.83,6.99,6.7,6.95,798002,5436612.0
2019-11-08,6.96,6.97,6.88,6.93,291700,2021066.0
2019-11-11,6.91,6.92,6.76,6.82,616701,4209094.0
2019-11-12,7.08,7.09,6.76,6.82,422466,2876242.0
2019-11-13,6.84,6.85,6.48,6.49,1003101,6647843.0
2019-11-14,6.51,6.65,6.5,6.51,448003,2943131.0
2019-11-15,6.4,6.51,6.27,6.43,593802,3781915.0
2019-11-18,6.42,6.45,6.31,6.39,655000,4165081.0
2019-11-19,6.36,6.46,6.31,6.35,863806,5497566.0
2019-11-20,6.36,6.4,6.31,6.34,586011,3715020.0
2019-11-21,6.34,6.34,6.24,6.31,462710,2910886.0
2019-11-22,6.31,6.35,5.99,6.11,1147500,7012220.0
2019-11-25,6.06,6.06,5.96,5.99,788911,4734826.0
2019-11-26,6.01,6.08,5.96,5.99,706300,4248687.0
2019-11-27,6.01,6.11,5.97,5.98,665400,4015758.0
2019-11-28,5.99,6.1,5.96,6.1,1005138,6069736.0
2019-11-29,6.08,6.41,6.04,6.41,1763103,10966518.0
2019-12-02,6.37,6.37,6.24,6.26,572338,3604214.0
2019-12-03,6.24,6.29,6.2,6.24,429300,2678191.0
2019-12-04,6.16,6.24,6.15,6.2,546500,3384993.0
2019-12-05,6.2,6.21,6.0,6.06,1385500,8456199.0
2019-12-06,6.08,6.24,6.05,6.21,928006,5720329.0
2019-12-09,6.19,6.26,6.16,6.2,538322,3341025.0
2019-12-10,6.2,6.26,6.06,6.25,819500,5050721.0
2019-12-11,6.22,6.22,6.11,6.14,577200,3556957.0
2019-12-12,6.14,6.24,6.14,6.2,343700,2128331.0
2019-12-13,6.24,6.3,6.15,6.2,757801,4700622.0
2019-12-16,6.18,6.32,6.14,6.25,1159811,7185681.0
2019-12-17,6.23,6.28,6.18,6.27,836911,5219952.0
2019-12-18,6.26,6.53,6.24,6.41,1289134,8229789.000000001
2019-12-19,6.43,6.51,6.33,6.46,1036512,6627544.0
2019-12-20,6.47,6.56,6.44,6.46,988601,6434470.0
2019-12-23,6.41,6.43,6.2,6.28,1606702,10125967.0
2019-12-24,6.27,6.4,6.24,6.38,1204601,7629494.0
2019-12-25,6.38,6.4,6.3,6.35,1275900,8087529.0
2019-12-26,6.35,6.4,6.31,6.39,844118,5384001.0
2019-12-27,6.38,6.45,6.32,6.4,1515747,9669216.0
2019-12-30,6.25,6.31,6.1,6.23,1442667,8978086.0
2019-12-31,6.17,6.29,6.17,6.26,699600,4360018.0
2020-01-02,6.28,6.29,6.2,6.28,2412069,15052374.0
2020-01-03,6.25,6.37,6.21,6.32,1644887,10367809.0
2020-01-06,6.24,6.35,6.22,6.28,1305711,8217102.000000001
2020-01-07,6.26,6.59,6.25,6.59,3567013,23245245.0
2020-01-08,6.54,6.57,6.42,6.44,2195112,14221821.0
2020-01-09,6.42,6.76,6.42,6.76,1899502,12707167.0
2020-01-10,6.8,7.1,6.73,6.92,3307119,22949811.0
2020-01-13,6.9,7.09,6.57,6.95,2705818,18369307.0
2020-01-14,6.85,6.99,6.82,6.83,1534201,10561473.0
2020-01-15,6.86,6.86,6.67,6.75,1104700,7482315.0
2020-01-16,6.69,6.74,6.56,6.56,1572895,10420552.0
2020-01-17,6.54,6.64,6.49,6.56,963300,6349512.0
2020-01-20,6.42,6.52,6.29,6.41,1758004,11245031.0
2020-01-21,6.4,6.41,6.27,6.34,1222451,7731220.0
2020-01-22,6.34,6.35,6.22,6.26,1557300,9754264.0
2020-01-23,6.16,6.23,6.04,6.11,1673501,10253569.0
2020-02-03,5.8,5.8,5.8,5.8,85300,494740.0
2020-02-04,5.51,5.59,5.51,5.51,2356514,12989390.0
2020-02-05,5.51,5.65,5.48,5.59,2466277,13734549.0
2020-02-06,5.59,5.6,5.43,5.56,2346500,12915402.0
2020-02-07,5.53,5.55,5.45,5.54,1660455,9129766.0
2020-02-10,5.52,5.69,5.48,5.64,1993900,11133723.0
2020-02-11,5.67,5.68,5.59,5.67,1596411,9012013.0
2020-02-12,5.67,5.71,5.6,5.69,1321510,7484798.0
2020-02-13,5.66,5.91,5.66,5.76,2003500,11572277.0
2020-02-14,5.76,5.76,5.57,5.61,1637600,9247466.0
2020-02-17,5.6,5.72,5.6,5.71,1445706,8222197.0
2020-02-18,5.7,5.81,5.7,5.77,1385204,7973938.0
2020-02-19,5.74,5.81,5.72,5.74,1150600,6636991.0
2020-02-20,5.75,5.87,5.72,5.82,1503477,8697654.0
2020-02-21,5.84,6.11,5.81,6.04,2898496,17490942.0
2020-02-24,6.0,6.07,5.95,6.01,1885930,11335259.0
2020-02-25,5.9,6.01,5.77,5.91,2155689,12735795.0
2020-02-26,5.85,5.98,5.8,5.82,1904227,11194291.0
2020-02-27,5.8,5.87,5.73,5.8,1574917,9142288.0
2020-02-28,5.62,5.71,5.51,5.51,2181702,12151808.0
2020-03-02,5.47,5.6,5.44,5.57,1545516,8531480.0
2020-03-03,5.59,5.85,5.57,5.84,3438011,19827298.0
2020-03-04,5.79,6.13,5.77,6.13,2783483,16922225.0
2020-03-05,,,,,0,
2020-03-06,,,,,0,
2020-03-09,,,,,0,
2020-03-10,,,,,0,
2020-03-11,,,,,0,
2020-03-12,,,,,0,
2020-03-13,,,,,0,
2020-03-16,,,,,0,
2020-03-17,,,,,0,
2020-03-18,,,,,0,
2020-03-19,6.44,6.44,6.44,6.44,20700,133308.0
2020-03-20,6.76,6.76,6.76,6.76,12303,83168.0
2020-03-23,7.1,7.1,7.1,7.1,18701,132777.0
2020-03-24,7.46,7.46,7.46,7.46,39500,294670.0
2020-03-25,7.83,7.83,7.83,7.83,22501,176183.0
2020-03-26,8.22,8.22,8.22,8.22,111337,915190.0
2020-03-27,8.63,8.63,8.63,8.63,47600,410788.0
2020-03-30,9.06,9.06,9.03,9.06,9094543,82391992.0
2020-03-31,9.07,9.51,8.64,9.18,19887775,182424660.0
2020-04-01,8.85,8.97,8.72,8.72,3659300,32060669.0
2020-04-02,8.6,9.16,8.6,9.16,8966885,80279517.0
2020-04-03,9.07,9.57,8.82,9.12,8239626,75723178.0
2020-04-07,9.05,9.27,8.81,9.08,6776793,61179863.0
2020-04-08,9.01,9.53,9.01,9.53,2730952,25571382.0
2020-04-09,9.95,10.01,9.81,10.01,1313700,13077409.0
2020-04-10,10.51,10.51,9.53,9.71,4961979,50039489.0
2020-04-13,9.78,10.2,9.69,10.19,9023551,91247875.0
2020-04-14,10.21,10.7,9.91,10.7,7605415,79136945.0
2020-04-15,10.8,11.24,10.7,11.24,4350432,48643846.0
2020-04-16,11.66,11.8,11.11,11.53,9694661,112692801.0
2020-04-17,11.38,11.88,11.2,11.2,6109076,70344379.0
2020-04-20,11.19,11.19,10.64,10.89,5670870,61585365.0
2020-04-21,10.78,11.43,10.78,11.43,4187624,46475839.0
2020-04-22,11.5,12.0,11.43,12.0,3518441,41857923.0
2020-04-23,12.5,12.55,12.01,12.27,6522388,80137302.0
2020-04-24,12.06,12.88,12.06,12.88,7507121,95577365.0
2020-04-27,12.98,13.11,12.4,12.8,5985701,76199429.0
2020-04-28,12.66,13.19,12.61,12.8,4492514,57665370.0
2020-04-29,12.69,12.9,12.16,12.16,6153490,75378223.0
2020-04-30,11.66,11.95,11.55,11.55,2567506,29807218.0
2020-05-06,10.97,11.88,10.97,11.35,4213113,47623959.0
2020-05-07,11.59,11.92,11.41,11.92,2722170,32008046.0
2020-05-08,12.12,12.48,11.71,11.81,3830617,46080742.0
2020-05-11,11.57,11.93,11.22,11.46,3960353,45178231.0
2020-05-12,10.92,11.31,10.89,10.89,3740515,41250839.0
2020-05-13,10.93,11.33,10.83,11.3,2369510,26350232.0
2020-05-14,11.3,11.3,10.9,11.01,1769400,19633722.0
2020-05-15,10.91,11.45,10.91,11.26,1618100,18216836.0
2020-05-18,11.38,11.82,11.14,11.82,2897975,33367106.0
2020-05-19,11.96,12.41,11.86,12.03,4399509,53842021.0
2020-05-20,11.43,11.47,11.43,11.43,1155702,13212201.0
2020-05-21,10.86,10.86,10.86,10.86,577000,6266220.0
2020-05-22,10.32,10.92,10.32,10.33,7004012,72696235.0
2020-05-25,10.39,10.85,10.23,10.85,3199901,34159913.0
2020-05-26,11.27,11.39,10.85,11.08,5429555,61247044.0
2020-05-27,11.28,11.47,10.83,10.87,2404552,26777853.0
2020-05-28,10.9,11.05,10.79,10.85,1303901,14223746.0
2020-05-29,10.75,10.9,10.6,10.85,1401202,15067276.0
2020-06-01,10.71,11.28,10.71,11.13,1750105,19381410.0
2020-06-02,11.0,11.13,10.7,10.86,1864808,20308820.0
2020-06-03,10.85,10.85,10.58,10.59,1606453,17136439.0
2020-06-04,10.54,10.97,10.32,10.72,1619564,17433380.0
2020-06-05,10.7,10.86,10.59,10.73,1222664,13080436.0
2020-06-08,10.72,10.85,10.41,10.51,1723302,18299038.0
2020-06-09,10.6,10.6,9.98,10.02,2994487,30753825.0
2020-06-10,10.1,10.26,9.99,10.15,1456710,14701813.0
2020-06-11,10.03,10.18,9.98,9.98,1453011,14599315.0
2020-06-12,9.7,10.15,9.6,10.07,1286388,12833526.0
2020-06-15,10.06,10.57,9.97,10.57,2431160,25503238.0
2020-06-16,10.41,10.7,10.29,10.29,1807387,18893861.0
2020-06-17,10.32,10.32,10.03,10.13,1156483,11704362.0
2020-06-18,10.1,10.5,10.1,10.3,1134485,11689133.0
2020-06-19,10.2,10.4,10.1,10.27,1437020,14730303.0
2020-06-22,10.26,10.3,10.01,10.1,1388401,14110617.0
2020-06-23,10.1,10.16,9.95,10.01,1377886,13830078.0
2020-06-24,9.99,10.51,9.8,10.46,3310438,33734409.0
2020-06-29,10.48,10.98,10.48,10.83,2842916,30811283.0
2020-06-30,10.79,11.17,10.76,10.79,2326794,25542475.0
2020-07-01,10.75,10.96,10.6,10.92,1421802,15406322.0
2020-07-02,10.95,10.95,10.66,10.7,1444037,15562934.0
2020-07-03,10.64,10.65,10.4,10.5,1386591,14578667.0
2020-07-06,10.5,10.65,10.4,10.52,2614655,27457552.0
2020-07-07,10.53,10.57,10.39,10.57,2308002,24212034.0
2020-07-08,10.63,10.63,10.3,10.38,2602100,27114186.0
2020-07-09,10.9,10.9,10.9,10.9,450758,4913262.0
2020-07-10,11.45,11.45,11.45,11.45,100002,1145023.0
2020-07-13,12.02,12.02,12.02,12.02,147701,1775366.0
2020-07-14,12.62,12.62,12.62,12.62,334735,4224356.0
2020-07-15,12.8,12.8,11.99,12.15,11349207,138565877.0
2020-07-16,12.2,12.76,11.98,12.14,6151009,75999631.0
2020-07-17,12.01,12.56,11.82,11.93,3810910,46255499.0
2020-07-20,12.0,12.01,11.59,11.78,2663712,31321150.0
2020-07-21,11.84,11.98,11.78,11.88,1471740,17504123.0
2020-07-22,12.0,12.0,11.8,11.84,1798983,21332074.0
2020-07-23,11.84,11.88,11.55,11.63,1611203,18812511.0
2020-07-24,11.58,11.76,11.07,11.11,2173701,24688074.0
2020-07-27,10.94,11.19,10.8,10.88,1180641,12944012.0
2020-07-28,10.98,11.31,10.8,11.04,1505601,16655357.0
2020-07-29,11.1,11.31,10.9,11.22,1490706,16626098.000000002
2020-07-30,11.17,11.34,11.05,11.15,1613601,18072385.0
2020-07-31,11.15,11.26,11.1,11.17,1404848,15700415.0
2020-08-03,10.61,11.15,10.61,11.02,4518933,48541430.0
2020-08-04,10.91,11.26,10.9,11.13,1439340,16035111.0
2020-08-05,11.29,11.29,11.03,11.06,1227900,13622483.0
2020-08-06,11.0,11.0,10.8,10.83,1330801,14480169.0
2020-08-07,10.78,10.93,10.67,10.8,1110718,11976957.0
2020-08-10,10.6,10.85,10.6,10.85,707001,7614121.0
2020-08-11,10.89,10.89,10.7,10.72,833201,8970344.0
2020-08-12,10.8,11.18,10.65,10.76,1497501,16223286.0
2020-08-13,10.7,10.83,10.33,10.39,2526222,26651245.0
2020-08-14,10.42,10.64,10.31,10.59,1724050,18092042.0
2020-08-17,10.59,10.81,10.51,10.7,1568206,16761696.0
2020-08-18,10.85,11.24,10.73,11.24,2939170,32569648.0
2020-08-19,11.4,11.8,11.29,11.76,4071071,47569488.0
2020-08-20,11.91,11.93,11.52,11.56,1574100,18305002.0
2020-08-21,11.44,11.73,11.44,11.57,1148370,13288062.0
2020-08-24,11.49,11.99,11.49,11.92,1221891,14390045.0
2020-08-25,12.19,12.19,11.75,11.9,1103131,13151693.0
2020-08-26,12.41,12.5,12.31,12.5,977502,12195035.0
2020-08-27,12.51,12.88,11.88,11.88,3878734,47908731.0
2020-08-28,11.8,11.87,11.4,11.58,1825323,21034419.0
2020-08-31,11.68,11.99,11.57,11.81,1006557,11856753.0
2020-09-01,11.87,11.88,11.41,11.46,1252850,14488515.0
2020-09-02,11.38,11.63,11.38,11.5,1047250,12078893.0
2020-09-03,11.43,11.97,11.43,11.82,1590770,18625277.0
2020-09-04,11.77,12.22,11.61,12.18,2104110,25177535.0
2020-09-07,12.0,12.56,12.0,12.41,2632900,32505248.0
2020-09-08,12.55,12.55,12.14,12.38,1269359,15660747.0
2020-09-09,12.29,12.49,12.13,12.21,1325158,16250171.0
2020-09-10,12.22,12.82,12.22,12.82,4212261,53478678.0
2020-09-11,12.83,13.26,12.54,12.57,3324910,42696104.0
2020-09-14,12.69,13.2,12.45,13.2,3311400,43081249.0
2020-09-15,13.5,13.84,13.19,13.23,3591301,48525871.0
2020-09-16,13.21,13.78,13.04,13.78,2475712,33485261.0
2020-09-17,13.88,14.09,13.68,13.83,2495661,34588679.0
2020-09-18,13.6,14.0,13.14,13.14,5871301,78326853.0
2020-09-21,12.5,12.96,12.48,12.48,1148400,14347021.0
2020-09-22,11.86,11.86,11.86,11.86,2126400,25219104.0
2020-09-23,11.33,12.05,11.33,11.83,5742298,66622138.00000001
2020-09-24,11.69,11.77,11.44,11.48,2899177,33563590.0
2020-09-25,11.45,11.94,11.45,11.73,1836502,21625159.0
2020-09-28,11.74,12.1,11.74,12.06,1482501,17758218.0
2020-09-29,12.11,12.19,11.88,11.9,1337100,16031365.0
2020-09-30,11.97,12.15,11.55,11.7,1675302,19649318.0
2020-10-09,11.88,12.2,11.88,12.06,1371102,16504928.0
2020-10-12,12.05,12.26,11.95,12.06,1989704,24016519.0
2020-10-13,11.85,12.13,11.85,12.0,1895003,22810100.0
2020-10-14,11.9,12.03,11.8,11.82,1333402,15892339.0
2020-10-15,11.87,12.02,11.77,11.84,1024100,12173401.0
2020-10-16,11.86,11.88,11.72,11.88,872500,10308283.0
2020-10-19,11.75,11.95,11.67,11.7,860400,10091447.0
2020-10-20,11.7,11.79,11.38,11.67,1193800,13863621.0
2020-10-21,11.67,11.68,11.49,11.58,811200,9383751.0
2020-10-22,11.58,11.58,11.0,11.31,1906700,21300259.0
2020-10-23,11.12,11.33,10.75,10.84,1844935,20249436.0
2020-10-26,10.79,10.93,10.36,10.45,1987200,21118977.0
2020-10-27,10.49,10.97,10.43,10.79,2257311,24347706.0
2020-10-28,10.69,10.92,10.4,10.64,1533907,16200960.0
2020-10-29,11.01,11.06,10.59,10.7,2229303,24092281.0
2020-10-30,10.7,10.79,10.43,10.43,1045701,11113103.0
2020-11-02,10.41,10.45,10.08,10.15,1468500,15105433.0
2020-11-03,10.24,10.36,10.18,10.35,851961,8768604.0
2020-11-04,10.33,10.36,10.08,10.12,1681803,17177013.0
2020-11-05,10.28,10.3,10.12,10.2,1572783,16065713.0
2020-11-06,10.2,10.71,10.15,10.71,2343319,24549831.0
2020-11-09,10.85,10.89,10.58,10.66,2185903,23329991.0
2020-11-10,10.66,10.73,10.5,10.58,1101200,11663005.0
2020-11-11,10.52,10.85,10.52,10.71,1151200,12345237.0
2020-11-12,10.84,10.84,10.62,10.73,679101,7273726.0
2020-11-13,10.78,10.98,10.66,10.79,802100,8690873.0
2020-11-16,10.71,11.02,10.71,10.95,1076901,11748910.0
2020-11-17,10.88,11.06,10.84,10.95,1093402,11977266.0
2020-11-18,10.93,11.5,10.92,11.4,1135600,12599155.0
2020-11-19,11.33,11.8,11.29,11.72,2224401,25871650.0
2020-11-20,11.52,11.57,11.31,11.33,1825084,20834944.0
2020-11-23,11.31,11.33,10.76,10.84,2041210,22222397.0
2020-11-24,10.75,11.1,10.71,10.93,993730,10893691.0
2020-11-25,10.95,11.02,10.6,10.71,1365462,14692689.0
2020-11-26,10.75,10.76,10.58,10.59,930000,9890391.0
2020-11-27,10.6,10.68,10.48,10.5,699000,7374532.0
2020-11-30,10.41,10.64,10.41,10.55,790101,8325843.000000001
2020-12-01,10.5,10.66,10.44,10.62,810250,8588181.0
2020-12-02,10.58,10.65,10.55,10.56,902000,9558821.0
2020-12-03,10.5,10.6,10.3,10.5,1060050,11081010.0
2020-12-04,10.57,11.03,10.4,11.03,1203052,12893057.0
2020-12-07,10.9,11.07,10.84,10.99,966081,10572634.0
2020-12-08,11.1,11.53,10.95,11.37,2102401,23787643.0
2020-12-09,11.32,11.82,11.31,11.32,3074000,35618165.0
2020-12-10,11.47,11.89,11.47,11.89,4002983,47176488.0
2020-12-11,11.89,12.08,11.6,11.85,2229751,26269088.0
2020-12-14,11.65,12.13,11.6,11.99,1868801,22237635.0
2020-12-15,11.9,12.19,11.9,12.15,1700202,20580981.0
2020-12-16,12.18,12.75,12.15,12.26,3086703,38489690.0
2020-12-17,12.4,12.48,11.81,12.12,2039729,24723055.0
2020-12-18,12.62,12.68,12.36,12.46,3458959,43325965.0
2020-12-21,12.57,12.93,12.57,12.83,3422020,43840675.0
2020-12-22,12.88,12.88,12.19,12.19,4410504,55213289.0
2020-12-23,12.01,12.33,11.66,11.86,4481901,53899556.0
2020-12-24,,,,,0,
2020-12-25,12.0,12.08,11.29,11.62,4203001,49376515.0
2020-12-28,11.34,11.4,11.04,11.04,3957602,44002124.0
2020-12-29,10.95,11.4,10.52,11.11,3943115,42790771.0
2020-12-30,11.66,11.66,11.07,11.17,2196213,24774896.0
2020-12-31,10.96,11.18,10.96,11.03,2256205,24883853.0
2021-01-04,10.96,11.34,10.82,11.23,2215961,24463733.0
2021-01-05,11.15,11.22,11.0,11.05,1605205,17805821.0
2021-01-06,11.02,11.05,10.67,10.81,1846408,20011926.0
2021-01-07,10.81,10.98,10.3,10.46,2395418,25378333.0
2021-01-08,10.4,10.78,10.4,10.57,2229300,23620915.0
2021-01-11,10.57,10.61,10.21,10.22,2133611,22162841.0
2021-01-12,10.22,10.43,10.16,10.31,2093311,21545276.0
2021-01-13,10.31,10.83,10.22,10.83,2660393,28258278.0
2021-01-14,10.85,11.15,10.75,10.9,1923154,21044742.0
2021-01-15,10.92,10.96,10.6,10.67,1991202,21483411.0
2021-01-18,10.14,10.14,10.14,10.14,466800,4733352.0
2021-01-19,9.63,9.63,9.63,9.63,384300,3700809.0
2021-01-20,9.15,9.49,9.15,9.15,9712400,89332862.0
2021-01-21,9.02,9.34,9.02,9.17,4393004,40450540.0
2021-01-22,9.2,9.25,8.71,8.78,3273001,28950360.0
2021-01-25,8.77,8.91,8.34,8.34,2589300,22128162.0
2021-01-26,8.29,8.76,7.92,8.76,4424263,36634317.0
2021-01-27,9.2,9.2,9.2,9.2,328803,3024988.0
2021-01-28,9.66,9.66,9.36,9.66,5296602,50959700.0
2021-01-29,9.66,10.14,9.52,10.14,5709200,57065641.0
2021-02-01,10.15,10.4,9.86,10.33,2082800,20925684.0
2021-02-02,10.25,10.74,10.1,10.63,1602902,16794322.0
2021-02-03,10.6,10.7,10.21,10.23,1492000,15508026.0
2021-02-04,10.24,10.24,9.77,9.98,1348100,13368120.0
2021-02-05,10.4,10.48,10.01,10.1,4569771,47302666.0
2021-02-08,9.85,10.14,9.6,9.7,2096970,20625252.0
2021-02-09,9.71,10.08,9.7,9.76,1464689,14434604.0
2021-02-10,9.95,10.13,9.62,9.7,1906903,18758393.0
2021-02-18,9.8,10.19,9.73,10.19,2483504,25078063.0
2021-02-19,10.28,10.34,10.09,10.28,1721600,17620778.0
2021-02-22,10.28,10.62,10.28,10.36,2255002,23551137.0
2021-02-23,10.33,10.88,10.28,10.88,2207304,23555344.0
2021-02-24,11.17,11.25,10.71,11.12,3015357,33088339.999999996
2021-02-25,11.57,11.57,10.65,11.34,6254128,70344655.0
2021-02-26,11.31,11.63,11.07,11.36,3168606,35887756.0
2021-03-01,11.36,11.36,10.79,10.79,2687311,29389227.0
2021-03-02,10.64,10.86,10.51,10.79,2161469,23025153.0
2021-03-03,10.76,11.28,10.6,11.28,2305463,25229179.0
2021-03-04,11.15,11.5,11.03,11.3,2337253,26278593.0
2021-03-05,11.22,11.35,11.1,11.24,1501914,16862701.0
2021-03-08,11.3,11.47,11.16,11.31,2377052,26965882.0
2021-03-09,11.31,11.42,10.74,11.1,2302604,25470832.0
2021-03-10,11.14,11.14,10.76,10.84,1384700,15115480.0
2021-03-11,10.81,11.11,10.79,11.03,1079243,11846150.0
2021-03-12,11.09,11.1,10.92,11.05,930443,10231832.0
2021-03-15,11.15,11.18,10.98,11.02,1833601,20259243.0
2021-03-16,11.03,11.29,10.97,11.14,1350168,15017165.0
2021-03-17,11.2,11.55,11.2,11.44,2087628,23737414.0
2021-03-18,11.4,11.95,11.36,11.72,2519253,29236057.0
2021-03-19,11.67,12.09,11.66,11.97,2521910,30125953.0
2021-03-22,12.0,12.3,11.86,12.19,2027901,24596162.0
2021-03-23,12.11,12.24,11.95,11.96,1858943,22466505.0
2021-03-24,11.9,11.95,11.5,11.55,2429792,28383800.0
2021-03-25,11.49,11.68,11.41,11.53,1202344,13886098.0
2021-03-26,11.48,11.73,11.48,11.7,884602,10302494.0
2021-03-29,11.7,12.02,11.66,11.67,2057200,24433730.0
2021-03-30,11.63,11.84,11.21,11.5,1713700,19572508.0
2021-03-31,11.4,11.68,11.4,11.51,1117716,12886151.0
2021-04-01,11.53,11.63,11.42,11.52,1191668,13726357.0
2021-04-02,,,,,0,
2021-04-06,11.4,11.99,11.29,11.45,3211311,37164331.0
2021-04-07,11.35,11.44,10.72,10.77,4581470,50034657.0
2021-04-08,10.65,11.85,10.48,11.85,4468811,50875099.0
2021-04-09,12.0,12.71,11.88,12.16,8924405,109003674.0
2021-04-12,12.14,12.26,11.55,11.77,4961406,58716511.0
2021-04-13,11.58,11.74,10.88,10.93,4734282,53078515.0
2021-04-14,10.98,12.02,10.97,12.02,3262065,38142066.0
2021-04-15,12.38,12.65,11.67,11.77,7187147,87090041.0
2021-04-16,11.81,12.38,11.59,12.17,4917200,59236677.0
2021-04-19,12.07,12.3,11.81,12.0,3898061,47135636.0
2021-04-20,11.93,12.2,11.85,11.91,3022774,36226211.0
2021-04-21,11.83,11.98,11.66,11.8,2201983,25938792.0
2021-04-22,11.8,12.32,11.72,12.11,3188477,38388089.0
2021-04-23,12.09,12.6,11.99,12.42,7312516,90649757.0
2021-04-26,12.42,12.72,12.29,12.45,4757206,59396815.0
2021-04-27,12.27,12.6,12.11,12.34,4571084,56529710.0
2021-04-28,12.25,12.25,11.21,11.59,5781602,67915341.0
2021-04-29,11.71,12.75,11.7,12.0,8676764,107426780.0
2021-04-30,11.25,11.56,10.8,10.8,9691724,106439304.0
2021-05-06,10.77,10.81,10.12,10.15,4474078,46154566.0
2021-05-07,10.14,10.45,9.89,10.34,2871001,29294324.0
2021-05-10,10.26,10.26,9.5,9.78,4261802,41933082.0
2021-05-11,9.68,9.75,9.41,9.56,3315635,31637027.0
2021-05-12,9.54,9.84,9.41,9.64,2721640,26120211.0
2021-05-13,9.57,9.79,9.43,9.47,2258903,21662701.0
2021-05-14,9.5,9.57,9.29,9.47,1960359,18454593.0
2021-05-17,9.35,9.46,9.05,9.15,2414502,22246624.0
2021-05-18,9.08,9.34,9.08,9.34,1799438,16665988.000000002
2021-05-19,9.35,9.35,9.05,9.15,1922800,17645901.0
2021-05-20,9.17,9.77,9.03,9.62,3434056,32466394.0
2021-05-21,9.54,9.59,9.31,9.39,1968736,18596823.0
2021-05-24,9.37,9.38,9.13,9.17,1773087,16330391.0
2021-05-25,9.12,9.35,9.12,9.19,1738302,16025849.0
2021-05-26,9.16,9.64,9.15,9.53,2753443,25875938.0
2021-05-27,9.59,9.66,9.4,9.41,1820400,17276594.0
2021-05-28,9.35,9.53,9.33,9.43,1848930,17429431.0
2021-05-31,9.59,9.6,9.26,9.41,1478601,13942270.0
2021-06-01,9.41,9.71,9.34,9.7,3413102,32601361.0
2021-06-02,9.74,9.94,9.53,9.6,2721601,26298392.0
2021-06-03,9.56,9.7,9.26,9.3,3114601,29389510.0
2021-06-04,9.27,9.35,9.11,9.22,2138103,19661869.0
2021-06-07,9.11,9.4,9.1,9.24,1853106,17214322.0
2021-06-08,9.24,9.24,9.11,9.15,1533600,14039361.0
2021-06-09,9.11,9.29,9.11,9.28,1739814,15978162.0
2021-06-10,9.28,9.32,9.11,9.2,1834438,16854194.0
2021-06-11,9.17,9.2,9.03,9.03,1407215,12810818.0
2021-06-15,9.03,9.08,8.59,8.74,2845102,24816477.0
2021-06-16,8.72,8.82,8.58,8.6,1695300,14637684.0
2021-06-17,8.56,8.64,8.48,8.6,1411102,12096193.0
2021-06-18,8.62,8.71,8.38,8.42,1739400,14784269.0
2021-06-21,8.42,8.48,8.25,8.42,2092450,17537198.0
2021-06-22,8.46,8.5,8.2,8.37,1899001,15961682.0
2021-06-23,8.41,9.21,8.31,9.21,5015081,44315629.0
2021-06-24,9.48,9.48,8.75,8.86,5938453,53750749.0
2021-06-25,8.7,8.9,8.61,8.8,2693615,23500008.0
2021-06-28,8.61,8.74,8.41,8.58,2784674,23733829.0
2021-06-29,8.56,8.56,8.38,8.4,1776600,14980124.0
2021-06-30,8.39,8.53,8.32,8.45,1847000,15497548.0
2021-07-01,8.54,8.54,8.37,8.4,2052201,17315949.0
2021-07-02,8.4,8.44,8.16,8.17,1696979,13988329.0
2021-07-05,8.2,8.33,8.17,8.23,1258265,10359072.0
2021-07-06,8.23,8.31,8.16,8.25,1069666,8778769.0
2021-07-07,8.29,8.81,8.22,8.55,3252851,27879134.0
2021-07-08,8.42,8.5,8.25,8.3,1634601,13631592.0
2021-07-09,8.3,8.36,8.1,8.19,1836903,15001280.0
2021-07-12,8.25,8.3,8.13,8.28,1776200,14565877.0
2021-07-13,8.19,8.27,8.12,8.19,1551200,12672289.0
2021-07-14,8.13,8.18,8.08,8.15,1489681,12112156.0
2021-07-15,8.12,8.19,7.9,7.93,2210004,17668308.0
2021-07-16,7.93,7.98,7.62,7.66,2968982,23019675.0
2021-07-19,7.6,7.89,7.6,7.77,1757070,13662414.0
2021-07-20,7.78,7.8,7.7,7.8,897400,6964059.0
2021-07-21,7.8,8.32,7.78,7.99,2919341,23460102.0
2021-07-22,7.96,7.96,7.83,7.86,1180302,9300149.0
2021-07-23,7.81,7.93,7.65,7.66,1254700,9680065.0
2021-07-26,7.66,7.67,7.22,7.43,2979211,21959200.0
2021-07-27,7.45,7.68,7.39,7.39,1512200,11294351.0
2021-07-28,7.38,7.41,7.07,7.2,1398232,10128838.0
2021-07-29,7.22,7.33,7.22,7.29,1131711,8252874.0
2021-07-30,7.29,7.43,7.13,7.19,1172811,8528013.0
2021-08-02,7.2,7.49,7.1,7.36,1700121,12433069.0
2021-08-03,7.35,7.78,7.25,7.52,3005930,22846070.0
2021-08-04,7.51,7.6,7.37,7.4,1487201,11098329.0
2021-08-05,7.6,7.6,7.18,7.23,1402062,10203564.0
2021-08-06,7.3,7.3,7.07,7.15,1276003,9102320.0
2021-08-09,7.15,7.65,7.1,7.53,2568343,19116352.0
2021-08-10,7.53,7.87,7.5,7.81,3047632,23597801.0
2021-08-11,7.72,7.85,7.66,7.69,1912700,14763708.0
2021-08-12,7.69,7.84,7.6,7.65,1299078,9984438.0
2021-08-13,7.6,7.99,7.58,7.83,1901701,14791609.0
2021-08-16,8.09,8.42,7.91,7.95,4450737,36381103.0
2021-08-17,8.1,8.1,7.63,7.68,2252405,17521970.0
2021-08-18,7.6,7.95,7.57,7.8,1634906,12723948.0
2021-08-19,7.72,7.9,7.69,7.74,1039301,8072331.0
2021-08-20,7.74,7.74,7.51,7.62,1201300,9122186.0
2021-08-23,7.6,7.85,7.58,7.8,1488802,11601938.0
2021-08-24,7.8,7.92,7.76,7.84,1486144,11657432.0
2021-08-25,7.98,7.98,7.77,7.86,1326204,10411911.0
2021-08-26,7.81,7.92,7.72,7.75,1647500,12868896.0
2021-08-27,7.78,7.85,7.67,7.73,1147404,8876285.0
2021-08-30,7.72,7.72,7.34,7.4,3728854,27962790.0
2021-08-31,7.4,7.59,7.3,7.37,2277902,16991070.0
2021-09-01,7.37,7.44,7.15,7.22,3476875,25167078.0
2021-09-02,7.22,7.26,7.09,7.17,2696842,19289566.0
2021-09-03,7.16,7.29,7.09,7.24,2207100,15954478.0
2021-09-06,7.31,7.33,7.19,7.24,2171503,15698691.0
2021-09-07,7.24,7.34,7.15,7.31,2038246,14794714.0
2021-09-08,7.39,7.67,7.3,7.64,3684227,27780067.0
2021-09-09,7.69,7.69,7.47,7.49,2633912,19900553.0
2021-09-10,7.52,7.59,7.32,7.33,2280813,16888684.0
2021-09-13,7.37,7.58,7.24,7.47,2397432,17677697.0
2021-09-14,7.47,7.58,7.24,7.27,2275600,16757386.999999998
2021-09-15,7.27,7.33,7.18,7.22,1604704,11622377.0
2021-09-16,7.22,7.38,7.15,7.18,1660304,11993037.0
2021-09-17,7.27,7.27,7.07,7.17,2129312,15174318.0
2021-09-22,7.07,7.17,7.03,7.13,1949502,13822987.0
2021-09-23,7.11,7.27,7.1,7.14,1496804,10785246.0
2021-09-24,7.19,7.21,6.9,6.92,2642203,18538282.0
2021-09-27,6.9,6.95,6.52,6.62,3419723,22975527.0
2021-09-28,6.63,6.9,6.51,6.78,2373601,15918118.0
2021-09-29,6.79,6.79,6.51,6.52,1880711,12417676.0
2021-09-30,6.5,6.76,6.5,6.74,1659203,11025483.0
2021-10-08,6.78,6.94,6.68,6.9,1648802,11320344.0
2021-10-11,6.99,7.16,6.92,7.03,2530813,17851150.0
2021-10-12,7.04,7.07,6.88,6.95,1343100,9342101.0
2021-10-13,6.99,7.03,6.83,6.96,1102005,7652642.0
2021-10-14,7.07,7.07,6.88,7.0,1121301,7824513.0
2021-10-15,6.99,7.05,6.85,6.92,1153082,7999858.0
2021-10-18,6.8,6.98,6.7,6.79,1396005,9491820.0
2021-10-19,6.73,6.84,6.72,6.8,1148200,7800950.0
2021-10-20,6.71,6.84,6.68,6.81,1434813,9708551.0
2021-10-21,6.71,6.87,6.71,6.74,1078731,7298887.0
2021-10-22,6.73,6.81,6.58,6.62,1166066,7765969.0
2021-10-25,6.53,6.85,6.53,6.84,1222903,8205537.0
2021-10-26,6.84,6.89,6.52,6.6,1894900,12647557.0
2021-10-27,6.61,6.66,6.31,6.33,1757001,11239688.0
2021-10-28,6.27,6.32,6.06,6.17,2055403,12649298.0
2021-10-29,6.17,6.55,6.03,6.48,2208102,13949689.0
2021-11-01,6.5,6.54,6.33,6.38,1843400,11831231.0
2021-11-02,6.32,7.02,6.32,7.02,4270758,29633121.0
2021-11-03,6.99,6.99,6.72,6.85,6990807,47656908.0
2021-11-04,6.78,6.92,6.72,6.84,3727062,25315152.0
2021-11-05,6.77,6.93,6.73,6.85,3290560,22519899.0
2021-11-08,6.86,6.9,6.6,6.65,3055463,20424171.0
2021-11-09,6.67,6.79,6.52,6.56,2801200,18518331.0
2021-11-10,6.57,7.0,6.51,6.84,5201966,35329644.0
2021-11-11,6.83,6.86,6.71,6.76,2999287,20296477.0
2021-11-12,6.78,6.85,6.68,6.79,2340702,15858524.0
2021-11-15,6.74,7.1,6.74,7.04,4526091,31710376.0
2021-11-16,7.08,7.63,7.01,7.35,7256000,53555996.0
2021-11-17,7.18,7.49,7.17,7.27,3987801,29178653.0
2021-11-18,7.29,7.29,7.04,7.06,2948700,20999860.0
2021-11-19,7.15,7.18,6.97,7.12,1686062,11942211.0
2021-11-22,7.1,7.15,7.01,7.08,1595900,11261331.0
2021-11-23,7.12,7.12,6.89,6.97,2595901,18058561.0
2021-11-24,6.98,7.11,6.91,7.1,1909642,13406255.0
2021-11-25,7.02,7.22,7.02,7.06,1775503,12619106.0
2021-11-26,7.11,7.12,6.9,6.98,1710600,11919608.0
2021-11-29,6.84,6.92,6.8,6.8,1609500,11018849.0
2021-11-30,6.8,6.93,6.8,6.84,1592202,10933561.0
2021-12-01,6.9,6.98,6.79,6.97,1265650,8739194.0
2021-12-02,6.96,7.03,6.76,6.76,2046101,14037184.0
2021-12-03,6.77,6.85,6.7,6.76,1440907,9723518.0
2021-12-06,6.72,6.79,6.66,6.67,1344079,9020785.0
2021-12-07,6.74,6.78,6.6,6.62,1229500,8197147.999999999
2021-12-08,6.64,6.7,6.56,6.67,1248079,8270779.0
2021-12-09,6.7,6.84,6.63,6.75,1389400,9411424.0
2021-12-10,6.76,6.89,6.72,6.85,1755802,11947961.0
2021-12-13,6.85,6.89,6.78,6.84,1902100,12997276.0
2021-12-14,6.79,6.97,6.75,6.88,2027200,13973996.0
2021-12-15,6.89,6.97,6.85,6.95,1705200,11799028.0
2021-12-16,6.93,7.15,6.9,7.1,3141993,22221207.0
2021-12-17,7.1,7.1,6.93,6.95,1911500,13348341.0
2021-12-20,6.98,7.0,6.82,6.87,2052700,14235333.0
2021-12-21,6.93,7.07,6.84,7.06,2237501,15639977.0
2021-12-22,7.06,7.32,6.98,7.32,4777846,34417783.0
2021-12-23,7.26,7.3,7.03,7.09,3039901,21677065.0
2021-12-24,7.09,7.12,6.92,6.92,1821200,12714089.0
2021-12-27,6.91,6.97,6.82,6.93,1768200,12162228.0
2021-12-28,6.98,7.07,6.92,6.94,1611701,11268112.0
2021-12-29,6.96,7.06,6.84,6.95,2081200,14490987.0
2021-12-30,6.94,7.08,6.9,7.05,2010302,14148335.0
2021-12-31,7.08,7.09,6.92,6.92,1842954,12857354.0
2022-01-04,6.94,7.26,6.9,7.24,4778644,34070989.0
2022-01-05,7.3,7.3,7.06,7.18,3024502,21625394.0
2022-01-06,7.17,7.29,7.09,7.17,1890405,13581955.0
2022-01-07,7.23,7.25,7.02,7.02,2644350,18863077.0
2022-01-10,7.05,7.35,6.93,7.29,4015005,28921147.0
2022-01-11,7.24,7.34,7.18,7.3,3337404,24255502.0
2022-01-12,7.31,7.45,7.22,7.28,3048700,22328522.0
2022-01-13,7.35,7.35,7.25,7.3,2074700,15148614.0
2022-01-14,7.28,7.31,7.13,7.16,1824650,13126969.0
2022-01-17,7.21,7.44,7.13,7.4,3497200,25667292.0
2022-01-18,7.4,7.45,7.26,7.29,2818612,20694349.0
2022-01-19,7.29,7.41,7.22,7.3,1968609,14392656.0
2022-01-20,7.3,7.34,7.06,7.08,2628401,18758924.0
2022-01-21,7.08,7.17,6.96,7.01,1448000,10182967.0
2022-01-24,6.96,7.0,6.74,6.83,2187706,15021231.0
2022-01-25,6.86,6.88,6.48,6.51,2631405,17358014.0
2022-01-26,6.51,6.75,6.5,6.7,2985606,19726466.0
2022-01-27,6.73,6.73,6.4,6.4,1979300,12861944.0
2022-01-28,6.41,6.52,6.4,6.47,1049500,6798199.0
2022-02-07,6.79,6.9,6.58,6.75,1943802,13142494.0
2022-02-08,6.7,7.43,6.68,7.43,5340870,38678761.0
2022-02-09,8.0,8.17,7.83,8.17,8770660,71230598.0
2022-02-10,8.6,8.99,8.16,8.36,26538448,228866569.0
2022-02-11,7.68,9.2,7.68,9.2,33347121,292085069.0
2022-02-14,8.97,9.79,8.38,8.86,27567355,245657998.0
2022-02-15,8.75,8.75,8.2,8.3,15917272,133897571.99999999
2022-02-16,8.4,8.96,8.31,8.74,17075673,148727590.0
2022-02-17,8.61,9.14,8.25,8.28,15740304,134239699.0
2022-02-18,8.36,8.37,8.03,8.15,9373110,76208579.0
2022-02-21,8.11,8.55,8.05,8.31,10285901,85598829.0
2022-02-22,8.18,8.46,8.11,8.32,7497401,61998817.0
2022-02-23,8.17,8.39,8.12,8.25,5714800,47138670.0
2022-02-24,8.25,8.33,7.75,7.87,9570402,76608146.0
2022-02-25,7.97,8.25,7.9,7.95,6545510,52876770.0
2022-02-28,8.0,8.17,7.82,8.11,5643467,45165938.0
2022-03-01,8.11,8.11,7.9,8.07,3392700,27140800.0
2022-03-02,8.08,8.13,7.97,8.05,4141968,33319873.0
2022-03-03,8.07,8.26,7.96,7.98,5400301,43623976.0
2022-03-04,7.85,7.93,7.68,7.72,6540456,50851133.0
2022-03-07,7.74,7.76,7.54,7.67,3193703,24464865.0
2022-03-08,7.66,7.73,7.34,7.38,3691011,27576103.0
2022-03-09,7.38,7.47,6.85,7.27,4526800,32578752.0
2022-03-10,7.34,7.63,7.34,7.39,3332700,24938984.0
2022-03-11,7.27,7.38,7.1,7.33,2834700,20482038.0
2022-03-14,7.34,7.34,7.0,7.02,4728501,33538788.0
2022-03-15,6.98,7.1,6.56,6.56,4135900,28064743.0
2022-03-16,6.61,6.84,6.45,6.81,4167711,27786634.0
2022-03-17,6.87,6.97,6.7,6.72,3757801,25686144.0
2022-03-18,6.71,6.92,6.7,6.84,3231802,21976893.0
2022-03-21,6.85,6.93,6.71,6.89,3173803,21672322.0
2022-03-22,6.81,6.86,6.65,6.81,3885501,26168664.0
2022-03-23,6.73,6.82,6.73,6.78,1748802,11845395.0
2022-03-24,6.72,6.79,6.65,6.79,2149210,14385765.0
2022-03-25,6.87,7.1,6.76,6.84,5866702,40537333.0
2022-03-28,6.73,6.91,6.63,6.9,3378513,22756783.0
2022-03-29,6.91,6.93,6.67,6.71,2730700,18416581.0
2022-03-30,6.71,6.8,6.64,6.79,2084800,14042339.0
2022-03-31,6.75,6.81,6.66,6.76,1553819,10475763.0
2022-04-01,6.76,6.83,6.61,6.81,2893918,19481675.0
2022-04-06,6.8,7.07,6.77,6.85,4243805,29292520.0
2022-04-07,6.85,7.06,6.79,6.97,4605200,31881004.0
2022-04-08,6.98,6.98,6.67,6.79,3899300,26475078.0
2022-04-11,6.78,6.79,6.51,6.56,2944950,19546861.0
2022-04-12,6.56,6.69,6.46,6.66,2257050,14804311.0
2022-04-13,6.61,6.65,6.5,6.53,1587551,10418180.0
2022-04-14,6.47,6.63,6.47,6.6,1764001,11574307.0
2022-04-15,6.51,6.62,6.4,6.56,2608987,17008770.0
2022-04-18,6.56,6.56,6.29,6.39,2051156,13063703.0
2022-04-19,6.39,6.53,6.32,6.44,1744900,11247005.0
2022-04-20,6.46,6.57,6.36,6.38,2005110,12967299.0
2022-04-21,6.36,6.37,6.03,6.05,2989397,18464837.0
2022-04-22,6.05,6.21,5.9,6.17,3223900,19495821.0
2022-04-25,6.03,6.13,5.55,5.59,3217600,18514137.0
2022-04-26,5.56,5.67,5.27,5.33,2183000,11962727.0
2022-04-27,5.24,5.49,5.12,5.48,2634501,14023069.0
2022-04-28,5.49,5.49,5.28,5.45,2000200,10802395.0
2022-04-29,5.59,6.0,5.49,6.0,1912900,11007695.0
2022-05-05,6.6,6.6,6.6,6.6,1428900,9430740.0
2022-05-06,7.26,7.26,7.26,7.26,7901402,57364179.0
2022-05-09,7.99,7.99,7.98,7.99,5043114,40289034.0
2022-05-10,8.1,8.6,7.39,7.5,29252499,227433513.0
2022-05-11,7.2,7.4,6.78,6.88,23130615,163513122.0
2022-05-12,6.76,7.57,6.69,7.57,25615625,184922685.0
2022-05-13,7.54,7.54,6.81,7.06,26235304,186231759.0
2022-05-16,6.95,7.77,6.63,7.77,26728342,193829401.0
2022-05-17,7.73,8.55,7.43,8.55,37232960,303802542.0
2022-05-18,8.72,9.41,8.72,8.85,52028057,479911927.0
2022-05-19,7.97,8.34,7.97,7.97,35431507,284066185.0
2022-05-20,7.7,7.96,7.25,7.63,30170049,226680800.0
2022-05-23,7.51,7.55,7.37,7.43,15090704,112060465.0
2022-05-24,7.4,7.79,7.23,7.48,19354610,145851394.0
2022-05-25,7.38,7.74,7.11,7.57,17617211,131542885.00000001
2022-05-26,7.59,7.59,7.2,7.27,12866710,93822807.0
2022-05-27,7.25,7.43,6.92,6.95,13925511,98718645.0
2022-05-30,6.96,7.14,6.8,6.89,7618400,52550871.0
2022-05-31,6.89,6.94,6.67,6.78,7269112,49137234.0
2022-06-01,6.8,6.94,6.76,6.87,6318000,43355523.0
2022-06-02,6.88,7.0,6.72,6.8,5737900,39180393.0
2022-06-06,6.78,6.9,6.68,6.76,4751251,32225417.0
2022-06-07,6.78,6.82,6.61,6.82,6627942,44612877.0
2022-06-08,6.71,7.18,6.71,7.01,12571842,87605278.0
2022-06-09,6.88,6.97,6.45,6.45,10291600,68437077.0
2022-06-10,6.38,6.77,6.33,6.57,6240602,41289740.0
2022-06-13,6.58,6.64,6.4,6.51,3633900,23600365.0
2022-06-14,6.5,6.58,6.27,6.56,4253500,27324215.0
2022-06-15,6.52,6.6,6.48,6.5,3227300,21095207.0
2022-06-16,6.58,6.65,6.46,6.62,3553000,23298063.0
2022-06-17,6.63,6.95,6.36,6.71,6828407,44993547.0
2022-06-20,6.59,6.59,6.47,6.53,4137505,27011035.0
2022-06-21,6.55,6.58,6.44,6.48,2835900,18422875.0
2022-06-22,6.45,6.49,6.37,6.37,2106802,13524009.0
2022-06-23,6.37,6.4,6.31,6.39,2010902,12787847.0
2022-06-24,6.41,6.49,6.35,6.45,1902700,12230943.0
2022-06-27,6.46,6.48,6.41,6.43,1579655,10172717.0
2022-06-28,6.44,6.49,6.37,6.48,1949700,12578723.0
2022-06-29,6.54,6.54,6.35,6.35,2497900,16013241.0
2022-06-30,6.4,6.44,6.34,6.44,1984300,12699328.0
2022-07-01,6.41,6.5,6.32,6.41,1789700,11455526.0
2022-07-04,6.41,6.49,6.33,6.48,1950583,12565548.0
2022-07-05,6.47,6.52,6.33,6.38,2603700,16651905.999999998
2022-07-06,6.35,6.39,6.2,6.36,2094600,13180913.0
2022-07-07,6.37,6.37,6.26,6.3,1681801,10579901.0
2022-07-08,6.3,6.39,6.25,6.37,1804601,11445141.0
2022-07-11,6.41,6.44,6.25,6.35,1577600,10027956.0
2022-07-12,6.32,6.39,6.27,6.31,1321600,8362429.0
2022-07-13,6.32,6.42,6.29,6.4,1818502,11582980.0
2022-07-14,6.41,6.5,6.32,6.34,1468400,9359617.0
2022-07-15,6.31,6.34,6.2,6.2,2338400,14634653.0
2022-07-18,6.19,6.52,6.19,6.4,2928102,18744804.0
2022-07-19,6.42,6.53,6.36,6.52,2714802,17578616.0
2022-07-20,6.52,6.52,6.4,6.5,2225495,14385910.0
2022-07-21,6.46,6.98,6.41,6.75,8653154,58012277.0
2022-07-22,6.68,6.7,6.44,6.54,4506401,29560999.0
2022-07-25,6.5,6.59,6.4,6.5,2963800,19138015.0
2022-07-26,6.5,6.5,6.34,6.45,2292764,14692883.0
2022-07-27,6.47,6.5,6.38,6.44,1698710,10943489.0
2022-07-28,6.42,6.74,6.42,6.61,5186165,34297158.0
2022-07-29,6.7,6.75,6.47,6.47,3341325,21980280.0
2022-08-01,6.47,6.51,6.36,6.41,2016201,12940949.0
2022-08-02,6.4,6.41,6.05,6.13,3725600,22942153.0
2022-08-03,6.13,6.26,6.06,6.07,2000100,12350672.0
2022-08-04,6.07,6.19,6.07,6.19,1279700,7850372.0
2022-08-05,6.21,6.25,6.14,6.24,1143410,7086999.0
2022-08-08,6.23,6.29,6.22,6.28,1147901,7176959.0
2022-08-09,6.26,6.29,6.22,6.26,1018602,6354232.0
2022-08-10,6.27,6.27,6.19,6.22,1316200,8181475.0
2022-08-11,6.24,6.32,6.22,6.31,1645965,10347544.0
2022-08-12,6.38,6.38,6.29,6.32,1371900,8671434.0
2022-08-15,6.32,6.33,6.24,6.33,1283500,8068917.0
2022-08-16,6.3,6.39,6.3,6.34,1808400,11450297.0
2022-08-17,6.31,6.36,6.3,6.33,911500,5763765.0
2022-08-18,6.31,6.33,6.22,6.26,1430012,8936512.0
2022-08-19,6.27,6.35,6.23,6.24,1806613,11353039.0
2022-08-22,6.25,6.32,6.2,6.31,1007000,6321953.0
2022-08-23,6.31,6.33,6.27,6.29,921900,5802660.0
2022-08-24,6.32,6.32,6.16,6.18,1879100,11705380.0
2022-08-25,6.18,6.57,6.08,6.4,3678000,23135755.0
2022-08-26,6.25,6.54,6.18,6.35,3527700,22129800.0
2022-08-29,6.26,6.3,6.2,6.27,1765886,11012013.0
2022-08-30,6.28,6.88,6.23,6.53,8142215,53371283.0
2022-08-31,6.49,7.1,6.37,6.89,13602476,92423256.0
2022-09-01,6.82,6.83,6.51,6.55,8978000,59456740.0
2022-09-02,6.53,6.75,6.46,6.56,5101944,33608855.0
2022-09-05,6.47,6.57,6.43,6.54,4080202,26455744.0
2022-09-06,6.55,6.73,6.5,6.61,3924622,25919044.0
2022-09-07,6.61,6.61,6.42,6.55,4004893,25979825.0
2022-09-08,6.54,6.54,6.39,6.4,2231201,14354652.0
2022-09-09,6.42,6.46,6.38,6.43,1331300,8545081.0
2022-09-13,6.48,6.55,6.42,6.52,2545021,16554801.0
2022-09-14,6.46,6.47,6.32,6.43,2580400,16514492.999999998
2022-09-15,6.43,6.65,6.38,6.56,4588501,29976023.0
2022-09-16,6.51,6.69,6.49,6.67,6056301,40078535.0
2022-09-19,6.62,6.63,6.04,6.52,7186500,44626995.0
2022-09-20,6.3,6.42,6.26,6.34,2777000,17596274.0
2022-09-21,6.32,6.48,6.16,6.41,3360600,21245627.0
2022-09-22,6.35,6.57,6.21,6.3,3911694,24990683.0
2022-09-23,6.21,6.34,6.18,6.24,2146600,13400764.0
2022-09-26,6.18,6.23,5.99,6.05,2913800,17623873.0
2022-09-27,6.05,6.41,5.97,6.37,3919796,24546685.0
2022-09-28,6.33,6.5,6.27,6.38,3221509,20512339.0
2022-09-29,6.38,6.54,6.3,6.45,2176371,13969363.0
2022-09-30,6.4,6.47,6.34,6.46,1567707,10051578.0
2022-10-10,6.49,6.49,6.29,6.47,2117407,13515375.0
2022-10-11,6.41,6.54,6.3,6.53,2683600,17286697.0
2022-10-12,6.54,6.65,6.46,6.65,3564500,23403440.0
2022-10-13,6.64,6.71,6.55,6.67,3695700,24537748.0
2022-10-14,6.69,6.95,6.64,6.75,4966600,33672515.0
2022-10-17,6.72,6.92,6.69,6.89,3323702,22626020.0
2022-10-18,6.89,7.08,6.79,6.96,4498300,31274058.0
2022-10-19,6.9,6.96,6.75,6.81,2470800,16847865.0
2022-10-20,6.84,7.49,6.83,7.16,14462528,104872989.0
2022-10-21,7.05,7.06,6.71,6.85,8528325,58461785.0
2022-10-24,6.8,6.92,6.6,6.61,5235300,35175840.0
2022-10-25,6.6,6.6,6.45,6.54,2874068,18754845.0
2022-10-26,6.54,6.73,6.52,6.72,2991667,19970370.0
2022-10-27,6.69,6.85,6.65,6.77,3371167,22762532.0
2022-10-28,6.72,6.72,6.33,6.52,3629100,23606728.0
2022-10-31,6.49,6.99,6.44,6.9,6808967,46296326.0
2022-11-01,6.84,7.07,6.84,7.07,6124510,42700034.0
2022-11-02,6.98,7.1,6.96,6.99,3843500,26930655.0
2022-11-03,6.94,7.11,6.9,7.06,3205000,22486807.0
2022-11-04,7.08,7.15,7.03,7.1,2902215,20593917.0
2022-11-07,7.15,7.21,7.07,7.12,3393310,24227983.0
2022-11-08,7.01,7.16,7.0,7.13,2935210,20878306.0
2022-11-09,7.24,7.28,7.08,7.15,2320142,16557037.0
2022-11-10,7.14,7.33,7.09,7.32,3761501,27302787.0
2022-11-11,7.23,7.45,7.08,7.21,5167800,37241262.0
2022-11-14,7.12,7.15,7.0,7.1,3144600,22168617.0
2022-11-15,7.15,7.15,7.02,7.08,1793500,12662509.0
2022-11-16,7.08,7.15,7.03,7.1,1721400,12217659.0
2022-11-17,7.08,7.36,7.05,7.33,3667401,26551139.0
2022-11-18,7.33,7.47,7.25,7.27,2897690,21289015.0
2022-11-21,7.29,7.31,7.07,7.19,2432400,17373705.0
2022-11-22,7.14,7.2,7.07,7.14,1700200,12113148.0
2022-11-23,7.1,7.12,6.86,7.12,2265791,15779770.0
2022-11-24,7.08,7.16,7.02,7.03,1175800,8285500.0
2022-11-25,7.07,7.13,7.02,7.05,1452001,10247824.0
2022-11-28,6.99,7.08,6.9,7.08,1478000,10318491.0
2022-11-29,7.07,7.14,7.03,7.09,1628601,11530416.0
2022-11-30,7.06,7.13,6.96,7.09,2898267,20349992.0
2022-12-01,7.08,7.17,7.03,7.16,2545401,18103239.0
2022-12-02,7.13,7.28,7.13,7.23,2093500,15089785.0
2022-12-05,7.23,7.44,7.23,7.28,2108200,15359127.0
2022-12-06,7.24,7.44,7.24,7.38,2707000,19943641.0
2022-12-07,7.36,7.39,7.25,7.37,1847300,13499514.0
2022-12-08,7.28,7.62,7.24,7.5,5156700,38550910.0
2022-12-09,7.44,7.69,7.25,7.5,6100100,45161587.0
2022-12-12,7.45,7.45,7.3,7.32,3162300,23209550.0
2022-12-13,7.37,7.42,7.24,7.36,1986400,14595996.0
2022-12-14,7.38,7.44,7.3,7.42,1519800,11217667.0
2022-12-15,7.51,7.73,7.35,7.43,5806200,43734728.0
2022-12-16,7.36,7.56,7.35,7.52,3063800,22921241.0
2022-12-19,7.65,7.7,7.34,7.44,2596700,19421427.0
2022-12-20,7.39,7.48,7.22,7.24,1821100,13282934.0
2022-12-21,7.2,7.27,7.12,7.16,1604700,11532789.0
2022-12-22,7.2,7.25,7.07,7.18,1418301,10123702.0
2022-12-23,7.0,7.24,7.0,7.17,1125000,7999590.0
2022-12-26,7.15,7.28,7.1,7.13,1518200,10864474.0
2022-12-27,7.15,7.41,7.12,7.19,2575000,18581798.0
2022-12-28,7.14,7.18,7.0,7.17,1908400,13497241.0
2022-12-29,7.13,7.13,6.85,7.03,2018401,14088316.0
2022-12-30,7.07,7.19,6.99,7.16,1925710,13726163.0
2023-01-03,7.23,7.28,7.19,7.26,1707600,12366664.0
2023-01-04,7.25,7.41,7.25,7.37,2213510,16298949.0
2023-01-05,7.4,7.44,7.31,7.33,1639200,12048841.0
2023-01-06,7.3,7.31,7.15,7.28,1743400,12577561.0
2023-01-09,7.2,7.38,7.18,7.18,1682000,12164107.0
2023-01-10,7.21,7.22,7.08,7.16,1037700,7400257.0
2023-01-11,7.14,7.23,7.08,7.14,1024000,7312978.0
2023-01-12,7.14,7.14,7.03,7.14,1188300,8425818.0
2023-01-13,7.07,7.16,7.07,7.14,557700,3968816.0
2023-01-16,7.13,7.2,7.09,7.14,1100400,7847641.0
2023-01-17,7.1,7.15,7.04,7.1,1280000,9058110.0
2023-01-18,7.09,7.23,7.06,7.15,1313000,9397033.0
2023-01-19,7.13,7.22,7.13,7.19,1229700,8842015.0
2023-01-20,7.19,7.3,7.15,7.27,1101100,7991538.0
2023-01-30,7.35,7.42,7.31,7.39,2004900,14813198.0
2023-01-31,7.39,7.45,7.32,7.42,1272901,9391022.0
2023-02-01,7.41,7.53,7.36,7.5,1836600,13676670.0
2023-02-02,7.52,7.59,7.41,7.57,1920130,14458374.0
2023-02-03,7.52,7.68,7.52,7.59,2109161,16001665.0
2023-02-06,7.59,7.88,7.59,7.81,5084529,39660571.0
2023-02-07,7.88,7.95,7.71,7.8,2092302,16252757.0
2023-02-08,7.79,7.81,7.68,7.68,1566888,12097203.0
2023-02-09,7.72,7.78,7.63,7.78,1575301,12122478.0
2023-02-10,7.78,7.82,7.7,7.72,1701600,13181518.0
2023-02-13,7.74,8.17,7.73,8.02,5392321,42937550.0
2023-02-14,7.96,8.03,7.81,7.95,5148329,40699086.0
2023-02-15,7.9,7.94,7.79,7.9,1736110,13668500.0
2023-02-16,7.91,7.97,7.71,7.8,3419300,26741781.0
2023-02-17,7.75,7.79,7.65,7.72,2112600,16311954.0
2023-02-20,7.74,7.8,7.7,7.76,2167200,16810270.0
2023-02-21,7.76,7.82,7.69,7.74,2048410,15893654.0
2023-02-22,7.72,7.78,7.65,7.77,1455000,11260958.0
2023-02-23,7.72,7.77,7.57,7.6,2002300,15305271.0
2023-02-24,7.61,7.92,7.56,7.76,3727910,28809124.0
2023-02-27,7.61,7.66,7.47,7.6,4296510,32432257.0
2023-02-28,7.51,7.64,7.44,7.6,1758201,13264668.0
2023-03-01,7.6,7.6,7.48,7.52,1965901,14803249.0
2023-03-02,7.56,7.59,7.45,7.57,1919800,14480908.0
2023-03-03,7.55,7.57,7.41,7.52,1637800,12257268.0
2023-03-06,7.52,7.54,7.45,7.47,1248100,9348370.0
2023-03-07,7.46,7.54,7.32,7.34,1846800,13710805.0
2023-03-08,7.3,7.45,7.3,7.39,3097300,22893358.0
2023-03-09,7.43,7.54,7.4,7.5,2176500,16256394.0
2023-03-10,7.45,7.53,7.35,7.36,1804100,13366962.0
2023-03-13,7.37,8.1,7.37,8.1,7971122,62815718.0
2023-03-14,8.91,8.91,8.91,8.91,1859710,16570016.0
2023-03-15,9.8,9.8,9.21,9.8,64262934,621082032.0
2023-03-16,9.88,9.98,9.03,9.11,58909620,557784836.0
2023-03-17,9.14,10.02,8.91,10.0,72089315,692453876.0
2023-03-20,9.8,11.0,9.8,10.67,56791782,596154862.0
2023-03-21,10.4,11.74,10.21,11.74,74340577,825490696.0
2023-03-22,11.61,11.75,10.95,11.27,60808109,688254424.0
2023-03-23,11.01,11.75,10.81,11.27,47771619,537214448.0
2023-03-24,11.21,12.4,10.88,12.4,47658605,551929003.0
2023-03-27,13.64,13.64,12.65,13.64,43816373,591593378.0
2023-03-28,13.87,15.0,12.82,13.34,60933688,865550053.0
2023-03-29,12.5,13.34,12.39,12.91,31612125,408114656.0
2023-03-30,12.65,12.69,11.95,11.99,32310830,394559271.0
2023-03-31,12.2,13.03,11.88,12.78,26682825,333606477.0
2023-04-03,12.7,14.06,12.22,13.75,36155672,482284485.0
2023-04-04,13.81,14.5,13.81,14.43,26949120,383450719.0
2023-04-06,13.7,14.36,12.99,12.99,30530102,413484055.0
2023-04-07,12.5,13.19,11.95,12.8,32607753,405907516.0
2023-04-10,12.52,13.12,12.21,12.3,20935112,262885441.0
2023-04-11,12.3,12.65,11.98,12.1,21604092,265656232.00000003
2023-04-12,12.3,13.31,12.2,13.31,40106848,513216822.0
2023-04-13,13.13,14.64,13.13,13.89,60775553,868437676.0
2023-04-14,14.25,14.66,13.29,14.62,45892486,648576714.0
2023-04-17,14.08,14.15,13.16,13.16,36439171,484344282.0
2023-04-18,12.89,13.09,12.02,12.46,33555526,417815502.0
2023-04-19,12.3,12.9,12.0,12.61,30579558,382890413.0
2023-04-20,12.27,12.99,11.85,12.83,37128313,459817720.0
2023-04-21,12.53,12.8,11.55,11.55,23766101,284877515.0
2023-04-24,10.94,12.68,10.8,12.39,41599388,493498573.0
2023-04-25,12.79,13.63,12.5,13.63,45669123,596496135.0
2023-04-26,13.63,14.03,12.75,13.3,41717048,561403121.0
2023-04-27,13.2,13.2,11.97,11.97,31195713,385924897.0
2023-04-28,11.81,13.17,11.73,13.17,35601712,454884201.0
2023-05-04,14.2,14.49,13.91,14.49,26511840,381103630.0
2023-05-05,15.49,15.87,13.96,14.2,91995203,1375877234.0
2023-05-08,15.6,15.62,14.95,15.62,36506394,561595656.0
2023-05-09,15.93,16.7,14.06,14.57,87260485,1364442002.0
2023-05-10,13.47,13.95,13.11,13.11,52377613,703757931.0
2023-05-11,13.19,13.87,12.49,13.54,49022522,654604691.0
2023-05-12,13.2,14.03,12.63,12.7,35232067,462262018.0
2023-05-15,12.5,13.0,11.68,11.93,39257694,478259475.0
2023-05-16,12.02,12.04,11.03,11.1,29903392,340892709.0
2023-05-17,10.85,11.88,10.85,11.44,30660236,352739291.0
2023-05-18,11.4,11.74,11.09,11.6,28875403,332760529.0
2023-05-19,11.66,11.85,11.22,11.6,26383000,302964223.0
2023-05-22,11.6,11.62,10.95,11.25,21213601,237206325.0
2023-05-23,11.18,11.68,11.0,11.45,23123500,264202693.00000003
2023-05-24,11.59,12.2,11.4,12.0,42056858,493143333.0
2023-05-25,11.63,11.82,10.8,11.25,36303007,409290258.0
2023-05-26,11.03,11.75,10.96,11.62,34421887,393416969.0
2023-05-29,11.55,12.1,11.12,11.77,34125600,395245917.0
2023-05-30,11.6,12.2,11.35,12.13,32403805,384208438.0
2023-05-31,12.15,12.32,11.8,11.9,26983800,325755147.0
2023-06-01,11.6,13.0,11.5,12.42,37089081,458174810.0
2023-06-02,12.37,13.31,12.15,12.9,41615570,535639998.99999994
2023-06-05,12.6,13.5,12.31,13.4,41469423,539613898.0
2023-06-06,13.15,13.43,12.73,12.8,27503839,358663404.0
2023-06-07,12.6,13.1,12.43,12.69,20773602,266229129.00000003
2023-06-08,12.53,12.57,12.0,12.15,18978200,231538639.0
2023-06-09,12.15,12.33,11.79,12.28,19120349,232131076.0
2023-06-12,12.4,12.52,11.8,11.88,22370941,271076079.0
2023-06-13,11.71,12.29,11.4,12.1,22897752,272808497.0
2023-06-14,12.08,12.48,11.94,12.32,24801220,303874501.0
2023-06-15,12.25,12.47,11.83,11.86,19669974,236763307.0
2023-06-16,11.69,12.21,11.5,12.11,26494409,314404937.0
2023-06-19,11.9,12.11,11.71,11.75,22549700,267200003.00000003
2023-06-20,11.71,11.88,11.48,11.6,15458300,180130579.0
2023-06-21,11.58,11.65,10.62,10.62,30945058,339423464.0
2023-06-26,10.44,10.61,9.92,10.0,21765737,221111852.0
2023-06-27,9.99,10.24,9.97,10.22,10694613,108732164.0
2023-06-28,10.12,10.16,9.64,10.01,13653800,134867373.0
2023-06-29,9.98,10.16,9.96,10.04,8329400,83923980.0
2023-06-30,10.04,10.16,9.95,10.06,8082615,81257804.0
2023-07-03,10.05,10.09,9.79,9.94,12222990,121182435.0
2023-07-04,9.85,9.94,9.74,9.82,11479000,112641262.0
2023-07-05,9.83,9.9,9.65,9.66,10416300,101599251.0
2023-07-06,9.71,9.83,9.61,9.65,8423302,81757462.0
2023-07-07,9.62,9.74,9.38,9.59,10587356,101353727.0
2023-07-10,9.6,9.67,9.54,9.59,4831990,46386658.0
2023-07-11,9.58,9.92,9.5,9.66,9601400,93109469.0
2023-07-12,9.58,9.71,9.43,9.44,10662600,101981674.0
2023-07-13,9.38,9.76,9.38,9.74,13596600,131458320.0
2023-07-14,9.68,9.88,9.68,9.77,9542445,93600876.0
2023-07-17,9.62,9.67,9.41,9.47,9405600,89443909.0
2023-07-18,9.56,9.56,9.3,9.31,6463600,60344252.0
2023-07-19,9.34,9.51,9.34,9.45,6316401,59645963.0
2023-07-20,9.44,9.75,9.38,9.41,12303800,117651243.0
2023-07-21,9.52,9.74,9.23,9.27,12410000,116776020.0
2023-07-24,9.16,9.48,9.08,9.41,8269400,77169397.0
2023-07-25,9.43,9.6,9.37,9.52,8127900,77385702.0
2023-07-26,9.5,9.51,9.27,9.33,5881700,54948137.0
2023-07-27,9.27,9.38,9.18,9.2,4510300,41758462.0
2023-07-28,9.19,9.27,9.12,9.21,3690901,33940097.0
2023-07-31,9.15,9.57,9.13,9.54,9611302,90807473.0
2023-08-01,9.59,9.59,9.38,9.43,4901701,46253971.0
2023-08-02,9.43,9.49,9.32,9.4,3839400,35973921.0
2023-08-03,9.4,9.47,9.3,9.38,3607302,33813491.0
2023-08-04,9.42,9.64,9.38,9.58,9500563,90921279.0
2023-08-07,9.58,9.86,9.5,9.75,11827401,115042207.0
2023-08-08,9.7,9.86,9.63,9.74,6331901,61631788.0
2023-08-09,9.73,9.8,9.47,9.48,6540162,62767932.0
2023-08-10,9.58,9.58,9.38,9.41,4409412,41650073.0
2023-08-11,9.41,9.49,9.19,9.21,4762000,44368531.0
2023-08-14,9.1,9.25,9.02,9.22,7485278,68389603.0
2023-08-15,9.35,9.35,8.43,8.51,20675489,181348152.0
2023-08-16,8.6,8.77,8.19,8.34,17272303,145120530.0
2023-08-17,8.21,8.53,8.2,8.43,9490500,79570046.0
2023-08-18,8.45,8.6,8.19,8.21,8852500,74074351.0
2023-08-21,8.24,8.42,8.13,8.16,8382300,69237784.0
2023-08-22,8.22,8.39,8.18,8.39,11710800,97127527.0
2023-08-23,8.35,8.37,8.15,8.16,6907600,56915301.0
2023-08-24,8.22,8.42,8.16,8.28,8839100,73337025.0
2023-08-25,8.24,8.25,7.95,7.99,9503900,76510090.0
2023-08-28,8.33,8.41,8.08,8.12,7817471,64292275.0
2023-08-29,8.07,8.49,8.07,8.47,10466500,87643469.0
2023-08-30,8.53,8.73,8.46,8.65,8945000,76819273.0
2023-08-31,8.8,8.8,8.5,8.58,7150900,61580627.0
2023-09-01,8.61,8.72,8.53,8.57,5099200,43804963.0
2023-09-04,8.56,8.74,8.52,8.73,7590601,65711811.0
2023-09-05,8.71,8.8,8.61,8.64,5683001,49357571.0
2023-09-06,8.64,8.69,8.47,8.66,6443300,55376015.0
2023-09-07,8.64,8.76,8.47,8.5,5775801,49653550.0
2023-09-08,8.5,8.54,8.28,8.29,5117200,42654252.0
2023-09-11,8.34,8.46,8.25,8.38,4820100,40220584.0
2023-09-12,8.39,8.4,8.23,8.24,3302503,27380607.0
2023-09-13,8.28,8.28,7.97,8.06,5893101,47612944.0
2023-09-14,8.07,8.07,7.8,7.87,5703800,45041584.0
2023-09-15,7.92,7.99,7.86,7.95,4112001,32619731.0
2023-09-18,7.93,8.08,7.82,7.99,5812800,46514437.0
2023-09-19,8.02,8.03,7.7,7.75,6532260,50985960.0
2023-09-20,7.8,7.85,7.67,7.71,4288200,33345885.000000004
2023-09-21,7.76,7.8,7.66,7.66,4515360,34823100.0
2023-09-22,7.63,8.04,7.63,8.03,7647260,60455133.0
2023-09-25,8.07,8.08,7.82,7.94,6820200,53942714.0
2023-09-26,7.92,8.14,7.9,8.05,6858511,55184424.0
2023-09-27,8.05,8.17,7.97,8.08,5143600,41573007.0
2023-09-28,8.08,8.24,8.05,8.18,6130900,50103112.0
2023-10-09,8.18,8.19,7.97,8.0,4529800,36409939.0
2023-10-10,8.1,8.17,8.01,8.02,4345000,35075458.0
2023-10-11,8.09,8.22,7.92,8.06,5541050,44852475.0
2023-10-12,8.15,8.15,7.87,7.9,6286700,49914622.0
2023-10-13,7.87,7.9,7.69,7.72,4689500,36413010.0
2023-10-16,7.72,7.77,7.53,7.58,5052800,38388823.0
2023-10-17,7.58,7.78,7.56,7.67,4475300,34343421.0
2023-10-18,7.68,7.71,7.42,7.49,4602328,34484077.0
2023-10-19,7.45,7.63,7.44,7.49,4639900,35016897.0
2023-10-20,7.46,7.58,7.32,7.35,4611301,34172293.0
2023-10-23,7.26,7.34,7.07,7.11,4160350,29865626.0
2023-10-24,7.15,7.52,7.12,7.48,7290550,53999860.0
2023-10-25,7.44,7.72,7.42,7.62,5323200,40500128.0
2023-10-26,7.5,7.6,7.42,7.53,4087705,30647230.0
2023-10-27,7.47,7.51,7.32,7.45,4622005,34315798.0
2023-10-30,7.39,7.78,7.39,7.74,7821200,59709477.0
2023-10-31,7.76,7.88,7.61,7.7,5684200,43893862.0
2023-11-01,7.71,7.92,7.69,7.82,5126800,40082747.0
2023-11-02,7.82,8.03,7.8,7.8,7890200,62228938.0
2023-11-03,7.76,7.92,7.7,7.87,5862400,45879142.0
2023-11-06,7.9,8.26,7.9,8.21,8379000,68181022.0
2023-11-07,8.24,8.27,8.13,8.22,5620978,46101575.0
2023-11-08,8.16,8.44,8.16,8.28,9693750,80505722.0
2023-11-09,8.31,8.38,8.14,8.17,5897651,48566799.0
2023-11-10,8.17,8.21,8.01,8.06,5207901,42079838.0
2023-11-13,8.1,8.25,8.1,8.22,5684100,46583149.0
2023-11-14,8.2,8.28,8.14,8.25,4015200,33012226.000000004
2023-11-15,8.31,8.31,8.16,8.18,3489100,28617473.0
2023-11-16,8.17,8.52,8.07,8.25,10176000,84630913.0
2023-11-17,8.19,8.4,8.19,8.32,8568103,70948943.0
2023-11-20,8.48,8.48,8.24,8.32,6846400,56991796.0
2023-11-21,8.32,8.42,8.32,8.36,6283601,52587381.0
2023-11-22,8.3,8.44,8.27,8.29,5377300,44940225.0
2023-11-23,8.27,8.35,8.15,8.3,5882600,48506477.0
2023-11-24,8.23,8.37,8.08,8.14,5160950,42173651.0
2023-11-27,8.01,8.18,7.92,8.03,5009400,40209310.0
2023-11-28,8.07,8.14,7.91,8.05,3881200,31150992.0
2023-11-29,8.07,8.74,8.0,8.27,23395624,194926118.0
2023-11-30,8.2,8.34,7.9,8.01,24713250,199179573.0
2023-12-01,8.27,8.81,8.21,8.81,10018002,86688084.0
2023-12-04,9.69,9.69,9.69,9.69,3913900,37925691.0
2023-12-05,10.49,10.55,9.47,9.5,94040983,944041170.0
2023-12-06,9.1,10.45,9.02,10.45,87793402,860803411.0
2023-12-07,10.35,10.48,9.74,9.94,71950711,722032123.0
2023-12-08,9.86,9.86,9.08,9.24,58510710,544145328.0
2023-12-11,9.05,9.13,8.71,9.02,41286246,366315826.0
2023-12-12,8.96,9.33,8.9,9.25,42979537,393889683.0
2023-12-13,9.1,9.26,8.88,8.88,29538286,267461901.0
2023-12-14,8.92,9.43,8.92,9.05,37475001,343860218.0
2023-12-15,9.04,9.26,8.72,8.85,29448600,262685631.0
2023-12-18,8.6,8.75,8.39,8.45,25141322,215237269.0
2023-12-19,8.56,8.78,8.5,8.68,23944904,207420312.0
2023-12-20,8.6,8.76,8.32,8.34,17151802,145208223.0
2023-12-21,8.25,8.43,8.18,8.42,14101400,117191203.0
2023-12-22,8.36,8.5,7.83,7.95,21500600,174039677.0
2023-12-25,7.83,7.93,7.46,7.52,15471400,117169412.0
2023-12-26,7.48,7.51,7.15,7.19,13979000,101519013.0
2023-12-27,7.23,7.24,6.99,7.05,14772000,104266670.0
2023-12-28,7.03,7.16,6.75,7.09,16386012,114737834.0
2023-12-29,7.1,7.8,7.09,7.8,20846601,155682829.0
2024-01-02,8.0,8.14,7.82,7.87,35629701,283130887.0
2024-01-03,7.93,7.97,7.58,7.7,21395501,165719771.0
2024-01-04,7.68,7.7,7.5,7.65,11315700,86296446.0
2024-01-05,7.63,7.68,7.39,7.45,10172500,76290370.0
2024-01-08,7.45,7.46,7.25,7.25,7487302,55023389.0
2024-01-09,7.25,7.55,7.25,7.34,10777600,79506878.0
2024-01-10,7.28,8.07,7.1,7.68,40562900,310676718.0
2024-01-11,7.48,7.72,7.38,7.64,30991502,236029111.0
2024-01-12,7.65,7.73,7.37,7.37,16746701,125512247.0
2024-01-15,7.39,7.65,7.33,7.4,13773200,102768435.0
2024-01-16,7.44,7.49,7.09,7.2,14404800,103538851.0
2024-01-17,7.2,7.22,6.94,6.96,8979000,63493256.0
2024-01-18,6.92,6.99,6.62,6.85,11632400,78618871.0
2024-01-19,6.8,7.01,6.79,6.8,9050902,62353853.0
2024-01-22,6.75,6.85,6.14,6.28,11333849,73573414.0
2024-01-23,6.29,6.44,6.22,6.4,9430500,59927532.0
2024-01-24,6.4,6.59,6.29,6.58,10074480,65142335.0
2024-01-25,6.56,6.79,6.46,6.76,9228380,61586696.0
2024-01-26,6.72,6.92,6.69,6.78,8459501,57598460.0
2024-01-29,6.74,6.79,6.38,6.4,8911000,57891591.0
2024-01-30,6.36,6.4,6.12,6.14,7051800,44124166.0
2024-01-31,6.16,6.28,5.86,5.88,11653701,70663987.0
2024-02-01,5.86,6.0,5.72,5.86,10355051,60771313.0
2024-02-02,5.87,6.11,5.36,5.57,10993800,63130695.0
2024-02-05,5.56,5.56,5.01,5.04,14931051,76071855.0
2024-02-06,5.01,5.21,4.54,5.0,12944296,62179037.0
2024-02-07,5.01,5.09,4.55,4.62,18448622,87896689.0
2024-02-08,4.7,5.04,4.2,5.02,17638090,82141724.0
2024-02-19,5.13,5.5,5.13,5.46,16622852,88937121.0
2024-02-20,5.47,5.6,5.33,5.6,11511265,63439573.0
2024-02-21,5.5,5.92,5.43,5.72,10821600,62195513.0
2024-02-22,5.68,5.92,5.68,5.92,8476850,49591590.0
2024-02-23,6.08,6.3,5.92,6.26,11209739,68818893.0
2024-02-26,6.25,6.58,6.15,6.44,11909900,75947982.0
2024-02-27,6.4,6.82,6.29,6.71,11105000,73139757.0
2024-02-28,6.71,7.18,6.04,6.09,22448475,148689797.0
2024-02-29,5.94,6.28,5.88,6.28,13547308,83587141.0
2024-03-01,6.28,6.52,6.19,6.47,10847411,68857234.0
2024-03-04,6.46,6.56,6.21,6.48,9501301,60686762.0
2024-03-05,6.44,6.81,6.26,6.37,15204200,98677534.0
2024-03-06,6.23,6.5,6.23,6.3,9098600,57595617.0
2024-03-07,6.33,6.4,6.15,6.15,7163501,44818048.0
2024-03-08,6.16,6.25,6.07,6.17,5354400,33027283.000000004
2024-03-11,6.15,6.38,6.14,6.38,7435800,46831090.0
2024-03-12,6.35,6.47,6.33,6.47,6804410,43693517.0
2024-03-13,6.46,6.64,6.4,6.56,8900100,58225610.0
2024-03-14,6.53,6.55,6.33,6.45,7382000,47553433.0
2024-03-15,6.44,6.47,6.34,6.44,5164001,33118797.0
2024-03-18,6.47,6.65,6.42,6.65,8517675,55773728.0
2024-03-19,6.65,6.92,6.65,6.77,11915351,80563218.0
2024-03-20,6.78,7.29,6.74,7.12,17801219,124924935.0
2024-03-21,7.2,7.41,7.07,7.1,17037600,122254584.0
2024-03-22,6.95,7.29,6.83,7.03,15629852,109750421.0
2024-03-25,6.98,7.19,6.74,6.77,13202986,91405492.0
2024-03-26,6.7,6.78,6.45,6.58,9311019,61503005.0
2024-03-27,6.68,6.73,6.26,6.27,7483000,48160399.0
2024-03-28,6.27,6.56,6.2,6.47,7277100,46782596.0
2024-03-29,6.55,6.56,6.33,6.4,5501500,35305807.0
2024-04-01,6.45,6.64,6.42,6.63,6409700,41866628.0
2024-04-02,6.67,6.67,6.35,6.43,7598601,48916339.4
2024-04-03,6.44,6.45,6.0,6.03,11349100,69344661.0
2024-04-08,6.04,6.09,5.86,5.91,8027239,47822657.27
2024-04-09,5.97,6.13,5.89,6.11,7079409,42569295.95
2024-04-10,6.04,6.09,5.71,5.78,8732500,51049126.0
2024-04-11,5.73,6.05,5.71,5.97,9248101,54826426.99
2024-04-12,5.97,6.02,5.81,5.83,6726001,39635540.83
2024-04-15,5.75,5.79,5.26,5.35,12978978,70599516.86
2024-04-16,5.22,5.28,4.82,4.82,11651200,57215505.0
2024-04-17,4.8,5.22,4.77,5.21,11227701,57118697.13
2024-04-18,5.33,5.36,5.03,5.19,9309610,48267784.39
2024-04-19,5.21,5.24,5.04,5.06,6690200,34262441.0
2024-04-22,5.05,5.09,4.82,5.0,7082700,35179484.0
2024-04-23,4.95,5.33,4.95,5.24,10634820,55180861.18
2024-04-24,5.21,5.38,5.15,5.34,8116901,43020793.33
2024-04-25,5.34,5.43,5.26,5.34,5575201,29880788.35
2024-04-26,5.34,5.53,5.32,5.48,6850160,37366398.1
2024-04-29,5.6,6.03,5.51,6.03,10542900,62486692.03
2024-04-30,5.79,6.03,5.6,5.7,27522802,157785355.36
2024-05-06,5.75,5.81,5.7,5.75,14867517,85471033.75
2024-05-07,6.1,6.33,6.1,6.33,11861204,74933105.32
2024-05-08,6.33,6.33,5.93,6.02,38243157,232193316.67
2024-05-09,6.0,6.48,5.85,6.19,33446964,204882061.52
2024-05-10,6.24,6.43,6.12,6.32,32208102,201233941.45
2024-05-13,6.27,6.37,6.05,6.21,19788351,122787066.92
2024-05-14,6.2,6.27,6.05,6.15,18121969,110786591.77
2024-05-15,6.06,6.15,5.98,6.01,10856705,65720818.47
2024-05-16,6.04,6.61,6.0,6.44,62566994,404616372.61
2024-05-17,6.23,6.36,6.06,6.28,45273063,281132690.54
2024-05-20,6.27,6.32,6.09,6.19,20323500,125403578.12
2024-05-21,6.18,6.21,6.03,6.08,16766244,102142678.84
2024-05-22,5.96,6.12,5.89,6.07,14568500,87496544.0
2024-05-23,6.03,6.05,5.85,5.87,14178101,84079582.93
2024-05-24,5.83,6.0,5.8,5.81,11333081,66767761.23
2024-05-27,5.86,5.92,5.69,5.84,9811900,56763522.47
2024-05-28,5.75,5.81,5.61,5.62,10910500,61986062.0
2024-05-29,5.6,5.74,5.55,5.65,7303900,41439505.0
2024-05-30,5.6,5.69,5.52,5.57,5830500,32651354.0
2024-05-31,5.61,5.76,5.56,5.73,8330123,47375159.19
2024-06-03,5.72,5.73,5.51,5.59,7842700,44002333.0
2024-06-04,5.57,5.58,5.33,5.41,8974600,48474596.0
2024-06-05,5.39,5.4,5.26,5.29,5940900,31668362.0
2024-06-06,5.26,5.33,4.88,4.99,15025702,75862267.28
2024-06-07,5.09,5.14,4.94,5.05,10506800,52909442.0
2024-06-11,5.0,5.14,4.86,5.11,6852764,34566679.4
2024-06-12,5.11,5.34,5.1,5.31,7685500,40510608.0
2024-06-13,5.31,5.38,5.26,5.33,5604300,29818865.0
2024-06-14,5.33,5.34,5.23,5.29,4545600,24074612.0
2024-06-17,5.24,5.3,5.16,5.18,3990701,20825847.18
2024-06-18,5.18,5.28,5.17,5.25,4025100,21109363.0
2024-06-19,5.3,5.3,5.2,5.2,4198364,21981591.44
2024-06-20,5.18,5.2,4.97,5.0,5822800,29434010.0
2024-06-21,4.9,5.03,4.88,4.91,5610504,27737825.6
2024-06-24,4.9,4.9,4.62,4.68,6922800,32689578.0
2024-06-25,4.68,4.78,4.61,4.66,4902400,22958809.0
2024-06-26,4.66,5.06,4.64,5.03,10693910,51953268.3
2024-06-27,4.98,5.08,4.95,4.95,7544600,37862156.0
2024-06-28,4.99,5.02,4.82,4.86,7783061,38581814.39
2024-07-01,4.96,4.96,4.7,4.89,6639838,31918286.44
2024-07-02,4.89,5.1,4.86,5.03,7649800,38371617.0
2024-07-03,5.01,5.05,4.96,4.98,4901700,24531571.0
2024-07-04,4.93,5.03,4.75,4.77,5939300,28715457.0
2024-07-05,4.74,4.86,4.67,4.82,4775500,22902803.0
2024-07-08,4.82,4.85,4.61,4.61,6133100,28596432.0
2024-07-09,4.62,4.72,4.48,4.72,6994287,32205141.72
2024-07-10,4.69,4.83,4.61,4.65,8724600,41079342.0
2024-07-11,4.72,4.83,4.71,4.8,7324710,35027261.1
2024-07-12,4.81,4.87,4.71,4.74,7516745,35916296.4
2024-07-15,4.74,4.74,4.59,4.6,4862500,22503846.0
2024-07-16,4.6,4.64,4.53,4.58,4025100,18418730.0
2024-07-17,4.58,4.66,4.45,4.45,8111400,36769493.0
2024-07-18,4.45,4.54,4.29,4.53,8107800,35894235.78
2024-07-19,4.5,4.64,4.47,4.56,6399700,29262287.0
2024-07-22,4.54,4.65,4.53,4.57,7186400,32981850.0
2024-07-23,4.57,4.63,4.41,4.45,6050501,27423256.45
2024-07-24,4.49,4.49,4.3,4.33,6280701,27364944.31
2024-07-25,4.29,4.41,4.23,4.34,5195000,22435941.0
2024-07-26,4.37,4.47,4.35,4.44,5001600,22125105.0
2024-07-29,4.49,4.52,4.38,4.47,5104800,22761745.0
2024-07-30,4.5,4.58,4.44,4.57,5595200,25340934.0
2024-07-31,4.56,4.79,4.53,4.78,7152200,33643199.0
2024-08-01,4.8,4.84,4.73,4.83,6510900,31201096.0
2024-08-02,4.77,4.86,4.73,4.77,5346900,25646658.0
2024-08-05,4.77,4.84,4.6,4.6,6041626,28511543.28
2024-08-06,4.66,4.75,4.63,4.75,5068030,23796541.48
2024-08-07,4.75,4.81,4.71,4.72,4432100,21089323.0
2024-08-08,4.71,4.77,4.61,4.73,4501700,21136332.0
2024-08-09,4.73,4.76,4.63,4.64,3587600,16793353.0
2024-08-12,4.64,4.68,4.53,4.61,3647600,16727999.0
2024-08-13,4.61,4.61,4.49,4.58,4124600,18767695.0
2024-08-14,4.62,4.69,4.6,4.64,5294700,24593153.0
2024-08-15,4.66,4.78,4.56,4.76,6566601,30922526.73
2024-08-16,4.75,4.79,4.71,4.73,3912800,18582933.0
2024-08-19,4.75,4.8,4.69,4.75,4651500,22103358.0
2024-08-20,4.76,4.82,4.68,4.71,5484920,25972200.8
2024-08-21,4.71,4.77,4.6,4.62,4733101,22118707.67
2024-08-22,4.6,4.68,4.48,4.5,4866900,22152832.0
2024-08-23,4.48,4.52,4.38,4.48,4254000,18942710.0
2024-08-26,4.49,4.57,4.41,4.52,3845088,17321628.64
2024-08-27,4.48,4.57,4.44,4.45,3499410,15683391.0
2024-08-28,4.47,4.63,4.38,4.57,5878300,26651279.0
2024-08-29,4.58,4.6,4.5,4.58,4133300,18831215.0
2024-08-30,4.6,5.04,4.6,5.04,10763551,53188452.04
2024-09-02,5.25,5.25,4.88,4.97,34611676,172952032.26
2024-09-03,4.94,4.94,4.82,4.9,20547784,100370001.08
2024-09-04,4.82,4.89,4.79,4.84,13465238,65157182.54
2024-09-05,4.91,5.03,4.78,4.93,21766005,106522590.48
2024-09-06,4.88,5.03,4.83,4.87,18245699,89882546.23
2024-09-09,4.82,4.98,4.75,4.94,15053258,73922421.87
2024-09-10,4.94,4.97,4.82,4.96,14608963,71712671.09
2024-09-11,5.0,5.0,4.83,4.86,10955275,53294947.0
2024-09-12,4.83,4.91,4.83,4.87,8826800,43002434.0
2024-09-13,4.84,4.88,4.7,4.71,11553607,55117922.11
2024-09-18,4.65,4.7,4.44,4.54,10012753,45431742.56
2024-09-19,4.54,4.73,4.49,4.68,10220100,47569816.0
2024-09-20,4.7,4.72,4.64,4.69,8113911,37923290.26
2024-09-23,4.69,4.76,4.64,4.73,5846500,27559072.0
2024-09-24,4.72,4.87,4.65,4.86,10141200,48536225.0
2024-09-25,4.9,5.35,4.86,5.18,42501128,221435214.2
2024-09-26,5.1,5.34,5.1,5.31,44632738,235102421.76
2024-09-27,5.4,5.55,5.34,5.49,23218360,126398439.6
2024-09-30,5.7,6.0,5.49,5.97,39548772,227849504.22
2024-10-08,6.56,6.56,5.82,6.24,44853332,278732245.29
2024-10-09,6.21,6.21,5.62,5.62,25807511,149690869.31
2024-10-10,5.62,5.98,5.43,5.74,22626068,128363763.51
2024-10-11,5.7,5.71,5.3,5.4,16713701,91572055.47
2024-10-14,5.46,5.59,5.33,5.59,13930610,76469657.4
2024-10-15,5.59,5.78,5.52,5.58,15478700,87693685.0
2024-10-16,5.51,5.68,5.46,5.62,10421172,58446139.2
2024-10-17,5.61,5.74,5.6,5.62,10679310,60514985.0
2024-10-18,5.63,5.74,5.53,5.68,14452217,81552734.95
2024-10-21,5.68,5.83,5.65,5.72,14226106,81553865.62
2024-10-22,5.72,5.95,5.71,5.83,17939017,104443216.45
2024-10-23,5.84,5.9,5.68,5.72,15670101,90298022.91
2024-10-24,5.63,5.65,5.51,5.63,13612091,76015958.15
2024-10-25,5.62,5.78,5.61,5.73,15054276,85896529.92
2024-10-28,5.73,6.14,5.7,6.1,23098701,137280166.03
2024-10-29,6.15,6.51,5.94,5.96,28197300,174118325.9
2024-10-30,5.99,6.16,5.89,6.04,16007001,96342632.05
2024-10-31,5.91,6.1,5.78,5.91,20755243,123201752.51
2024-11-01,5.89,5.92,5.52,5.75,21865751,125157301.57
2024-11-04,5.74,5.75,5.62,5.71,15655833,88875417.78
2024-11-05,5.72,6.28,5.67,6.14,42824734,260258647.72
2024-11-06,6.05,6.26,5.95,6.14,32138075,195366437.5
2024-11-07,6.07,6.4,6.03,6.36,26440204,165797817.31
2024-11-08,6.43,6.44,6.2,6.26,20187701,126785160.21
2024-11-11,6.27,6.56,6.21,6.47,21721251,139295331.43
2024-11-12,6.47,6.52,6.24,6.33,15242187,97441363.8
2024-11-13,6.5,6.96,6.5,6.96,64007859,438405119.9
2024-11-14,6.8,6.85,6.29,6.34,62209821,409595363.3
2024-11-15,6.37,6.97,6.37,6.97,25065600,173001364.0
2024-11-18,7.67,7.67,6.93,7.67,137904883,1019459512.96
2024-11-19,6.93,6.99,6.9,6.9,21355400,147514141.0
2024-11-20,6.55,7.59,6.55,7.15,106489757,755271187.0
2024-11-21,6.9,7.42,6.89,6.99,74777747,529022675.35
2024-11-22,6.77,7.69,6.77,7.69,66068080,499046650.89
2024-11-25,8.22,8.46,8.08,8.46,26273876,217962252.92
2024-11-26,8.96,8.96,7.62,7.66,134076440,1095859967.86
2024-11-27,7.3,7.49,6.89,7.18,80041971,570089476.46
2024-11-28,7.19,7.41,6.95,7.11,60719331,434459040.64
2024-11-29,7.01,7.2,6.97,7.1,45047504,319047538.44
2024-12-02,7.14,7.58,7.02,7.42,59074005,433734325.86
2024-12-03,7.31,7.6,7.22,7.31,46475401,343376642.06
2024-12-04,7.26,7.29,6.9,6.96,45249226,318861707.44
2024-12-05,7.0,7.25,7.0,7.18,36977014,263774770.34
2024-12-06,7.19,7.9,7.19,7.9,94788618,732111294.7
2024-12-09,7.98,8.24,7.77,7.81,101313985,809934031.71
2024-12-10,8.1,8.27,7.82,7.98,77787933,625569283.05
2024-12-11,7.98,8.04,7.75,7.94,47144515,370653307.19
2024-12-12,8.07,8.73,7.96,8.42,93149499,776783349.99
2024-12-13,8.2,9.17,8.07,8.33,84084564,711276870.19
2024-12-16,8.33,8.8,7.9,8.55,66387611,558309261.77
2024-12-17,8.33,8.45,7.7,7.71,52388429,418491346.84
2024-12-18,7.5,7.65,7.18,7.42,38974128,287379705.44
2024-12-19,7.25,7.64,6.97,7.3,42090347,300694585.81
2024-12-20,7.51,8.03,7.4,8.03,32599472,257913312.16
2024-12-23,8.0,8.0,7.23,7.23,53669573,398166639.28
2024-12-24,6.98,7.46,6.8,7.36,41392929,293355260.86
2024-12-25,7.19,7.21,6.72,6.79,30951068,214138112.76
2024-12-26,6.99,7.47,6.99,7.29,64183720,473124542.31
2024-12-27,6.85,7.14,6.85,6.98,51676882,362538027.54
2024-12-30,6.89,6.97,6.46,6.55,32994572,218106302.62
2024-12-31,6.55,6.56,6.14,6.17,24874064,156523703.68
2025-01-02,6.24,6.48,6.13,6.19,22603701,141733092.5
2025-01-03,6.18,6.19,5.7,5.71,24936139,145910132.0
2025-01-06,5.72,5.74,5.39,5.62,16241701,91029439.66
2025-01-07,5.62,5.85,5.6,5.82,17183200,98424093.0
2025-01-08,5.85,5.91,5.58,5.82,19017100,109482406.0
2025-01-09,5.82,5.98,5.77,5.91,17514500,103199010.86
2025-01-10,5.85,5.9,5.51,5.53,17776400,101576948.0
2025-01-13,5.4,5.51,5.29,5.47,13086801,70960603.41
2025-01-14,5.54,5.89,5.54,5.89,22384101,129192079.75
2025-01-15,5.95,6.19,5.92,6.08,33823103,204356881.25
2025-01-16,6.06,6.32,6.01,6.16,29953303,185262159.64
2025-01-17,6.1,6.35,5.99,6.1,25596203,157134759.27
2025-01-20,5.49,5.49,5.49,5.49,9222100,50629329.0
2025-01-21,4.94,4.94,4.94,4.94,6077800,30024332.0
2025-01-22,4.65,5.39,4.63,5.07,71965029,346413172.97
2025-01-23,4.84,4.93,4.65,4.66,51483087,247067160.26
2025-01-24,4.53,4.63,4.37,4.57,35290400,158203808.95
2025-01-27,4.65,4.91,4.62,4.78,38678500,184245947.99
2025-02-05,4.88,5.0,4.81,4.92,36907799,181006256.11
2025-02-06,4.95,5.01,4.71,5.01,37440272,182893667.06
2025-02-07,5.08,5.25,5.02,5.11,38112000,196078428.0
2025-02-10,5.22,5.6,5.16,5.55,44659400,239346928.0
2025-02-11,5.62,5.63,5.32,5.38,39772731,213718615.56
2025-02-12,5.36,5.45,5.28,5.41,27100590,145588557.17
2025-02-13,5.4,5.52,5.26,5.43,28912680,156183566.04
2025-02-14,5.42,5.43,5.25,5.34,21523420,114598122.17
2025-02-17,5.34,5.54,5.34,5.48,26137611,142148579.38
2025-02-18,5.48,5.51,5.14,5.18,24775901,131240675.27
2025-02-19,5.19,5.25,5.14,5.23,19071500,99064842.0
2025-02-20,5.23,5.26,5.11,5.16,17032900,87886179.0
2025-02-21,5.15,5.18,5.0,5.13,20725399,105339599.95
2025-02-24,5.15,5.25,5.08,5.18,20322014,105089783.96
2025-02-25,5.11,5.23,5.06,5.11,17684715,91130144.98
2025-02-26,5.19,5.19,5.05,5.1,17028988,86695937.28
2025-02-27,5.07,5.16,4.98,5.07,18510100,93666214.0
2025-02-28,5.07,5.07,4.83,4.86,17479100,86287753.0
2025-03-03,4.86,4.94,4.78,4.83,14866800,72391793.0
2025-03-04,4.79,4.87,4.76,4.87,12130401,58504596.85
2025-03-05,4.86,4.87,4.69,4.77,17456601,82809424.73
2025-03-06,4.78,5.23,4.78,5.14,44033011,220927093.09
2025-03-07,5.15,5.65,5.15,5.65,88229077,489509587.13
2025-03-10,5.65,6.21,5.42,5.91,104182815,603333807.85
2025-03-11,5.32,5.9,5.32,5.61,76752576,424691835.49
2025-03-12,5.6,5.91,5.47,5.73,64578580,368234464.95
2025-03-13,5.62,5.65,5.36,5.5,48856976,267140204.41
2025-03-14,5.47,6.05,5.38,6.05,76001084,446786321.6
2025-03-17,6.05,6.51,5.95,6.23,109892188,684631970.08
2025-03-18,6.15,6.33,6.08,6.18,59504767,367548362.05
2025-03-19,6.12,6.13,5.93,5.97,41475501,249448550.05
2025-03-20,5.95,5.99,5.77,5.79,37416900,219352535.0
2025-03-21,5.78,6.27,5.63,6.15,72244644,434569782.64
2025-03-24,5.95,6.22,5.54,5.87,57682689,338341808.86
2025-03-25,5.76,5.79,5.54,5.59,34789600,195473882.0
2025-03-26,5.56,5.8,5.41,5.62,34390541,192504216.6
2025-03-27,5.52,5.57,5.22,5.23,37841360,202567062.98
2025-03-28,5.23,5.29,5.0,5.01,29501461,149960198.72
2025-03-31,4.93,5.12,4.8,5.09,29715111,147557704.46
2025-04-01,5.09,5.11,4.98,5.01,18367999,92463868.56
2025-04-02,5.0,5.21,4.97,5.09,21805300,111970600.0
2025-04-03,5.01,5.12,4.97,5.12,16482200,83316652.0
2025-04-07,4.81,4.88,4.61,4.61,14887800,69386344.71
2025-04-08,4.45,4.67,4.34,4.46,21015300,94055724.89
2025-04-09,4.36,4.6,4.01,4.5,23030843,99280884.41
2025-04-10,4.6,4.71,4.55,4.66,20356657,94719291.19
2025-04-11,4.6,5.13,4.57,4.99,33350857,161928083.2
2025-04-14,4.94,5.3,4.89,5.12,35462258,181581214.03
2025-04-15,5.05,5.17,4.93,4.98,22092500,110480907.0
2025-04-16,4.97,4.97,4.72,4.77,19235403,92774458.33
2025-04-17,4.76,4.85,4.68,4.71,13907900,66466616.0
2025-04-18,4.72,4.76,4.61,4.63,13261400,61646764.0
2025-04-21,4.17,4.17,4.17,4.17,17395200,72537984.0
2025-04-22,3.82,4.32,3.82,4.15,48294014,194476672.26
2025-04-23,4.02,4.07,3.8,3.88,49842931,194731853.15
2025-04-24,3.85,3.85,3.6,3.62,39919079,145609030.4
2025-04-25,,,,,0,
2025-04-28,3.44,3.44,3.44,3.44,181100,622984.0
2025-04-29,3.27,3.27,3.27,3.27,637600,2084952.0
2025-04-30,3.11,3.11,3.11,3.11,1131100,3517721.0
2025-05-06,2.95,3.17,2.95,3.1,70198898,210037797.54
2025-05-07,3.02,3.08,2.95,3.07,59263296,177418068.34
2025-05-08,3.05,3.22,3.01,3.22,28179305,88615215.78
2025-05-09,3.31,3.38,3.2,3.31,55062537,182911804.92
2025-05-12,3.4,3.48,3.35,3.48,20681300,70779094.0
2025-05-13,3.65,3.65,3.44,3.6,52295643,188101772.4
2025-05-14,3.68,3.78,3.62,3.78,26586593,98742854.9
2025-05-15,3.9,3.97,3.85,3.97,29149531,114943500.75
2025-05-16,3.97,4.03,3.77,3.81,38624821,148172135.92
2025-05-19,3.95,4.0,3.8,4.0,25725209,101034513.25
2025-05-20,4.0,4.2,3.82,3.99,33200800,134002827.0
2025-05-21,3.93,4.08,3.85,3.97,22908511,90670357.14
2025-05-22,3.99,4.16,3.96,4.03,24404655,99247773.74
2025-05-23,3.98,4.08,3.86,3.87,18275052,72437385.35
2025-05-26,3.89,4.02,3.84,4.01,14314400,56773840.0
2025-05-27,4.01,4.19,3.96,4.18,19566873,79989762.96
2025-05-28,4.22,4.39,4.07,4.39,26704451,113837608.12
2025-05-29,4.36,4.58,4.32,4.4,25298749,112577956.96
2025-05-30,4.36,4.55,4.27,4.44,14744801,65136827.47
2025-06-03,4.45,4.49,4.26,4.31,16184701,70591098.37
2025-06-04,4.27,4.42,4.27,4.35,9557751,41378983.3
2025-06-05,4.35,4.42,4.21,4.25,11419801,49091119.27
2025-06-06,4.23,4.35,4.23,4.26,8302762,35572167.12
2025-06-09,4.3,4.47,4.28,4.47,15977365,70020260.59
2025-06-10,4.52,4.69,4.51,4.56,21990200,101677738.0
2025-06-11,4.53,4.79,4.53,4.79,18411562,86278642.5
2025-06-12,4.87,5.03,4.78,5.03,21961611,108404540.69
2025-06-13,5.11,5.23,4.88,4.91,23472975,118328025.01
2025-06-16,4.99,4.99,4.68,4.93,17119224,82540627.67
2025-06-17,5.0,5.18,4.94,5.18,29970325,154158191.98
2025-06-18,5.12,5.42,4.92,5.24,27911001,142457618.17
2025-06-19,5.16,5.33,4.98,5.06,15635810,80253702.8
2025-06-20,5.05,5.06,4.81,4.88,14416801,70997567.87
2025-06-23,4.75,4.89,4.65,4.7,17584600,83570855.0
2025-06-24,4.75,4.83,4.66,4.73,15444300,73157892.0
2025-06-25,4.67,4.77,4.49,4.49,28059950,127884074.0
2025-06-26,4.45,4.54,4.32,4.53,24677700,109335040.0
2025-06-27,4.53,4.67,4.3,4.3,31686100,139763313.9
2025-06-30,4.22,4.32,4.09,4.26,23422640,97947335.76
2025-07-01,4.27,4.47,4.23,4.47,20723740,90723819.2
2025-07-02,4.51,4.62,4.43,4.52,23250600,104900889.0
2025-07-03,4.54,4.73,4.52,4.65,25102500,117028667.0
2025-07-04,4.62,4.65,4.49,4.5,14074501,64032105.5
2025-07-07,4.5,4.64,4.43,4.57,9072761,41018076.07
2025-07-08,4.6,4.8,4.57,4.74,25077110,118426579.2
2025-07-09,4.68,4.86,4.67,4.75,18163600,86645523.0
2025-07-10,4.78,4.84,4.71,4.73,7186300,34155712.0
2025-07-11,4.71,4.75,4.62,4.62,8474102,39527717.26
2025-07-14,4.62,4.73,4.49,4.7,8691701,40029555.56
2025-07-15,4.68,4.68,4.47,4.48,19105413,85930204.32
2025-07-16,4.45,4.56,4.4,4.52,8315113,37365330.3
2025-07-17,4.51,4.51,4.35,4.41,11296726,50032036.34
2025-07-18,4.41,4.45,4.31,4.38,7265319,31860490.37
2025-07-21,4.41,4.41,4.29,4.36,9349410,40421323.5
2025-07-22,4.36,4.36,4.27,4.31,7336840,31552436.6
2025-07-23,4.31,4.42,4.27,4.33,7498251,32683543.81
2025-07-24,4.32,4.37,4.29,4.33,5288110,22859015.2
2025-07-25,4.33,4.36,4.3,4.33,4300700,18584450.0
2025-07-28,4.33,4.36,4.29,4.3,4554840,19682882.2
2025-07-29,4.29,4.32,4.13,4.32,8690418,36735956.78
2025-07-30,4.3,4.31,4.15,4.16,7314600,30841158.0
2025-07-31,4.15,4.25,4.11,4.12,5694500,23707417.0
2025-08-01,4.11,4.15,4.07,4.1,6158401,25269402.85
2025-08-04,4.09,4.24,4.06,4.24,7707400,32154119.0
2025-08-05,4.23,4.32,4.19,4.21,7371800,31356259.0
2025-08-06,4.19,4.28,4.16,4.26,6012600,25341677.0
2025-08-07,4.23,4.27,4.18,4.19,5824300,24553960.0
2025-08-08,4.17,4.28,4.17,4.21,5844100,24676990.0
2025-08-11,4.19,4.23,4.16,4.21,4262300,17877875.0
2025-08-12,4.21,4.41,4.19,4.38,11317639,48859165.79
2025-08-13,4.35,4.43,4.32,4.4,9251900,40366768.0
2025-08-14,4.41,4.62,4.36,4.62,18035862,82054739.73
2025-08-15,4.68,4.8,4.62,4.66,20115701,94671780.69
2025-08-18,4.7,4.78,4.55,4.58,11577301,53569562.57
2025-08-19,4.56,4.56,4.45,4.5,9645801,43332666.46
2025-08-20,4.46,4.61,4.46,4.6,6920400,31471477.0
2025-08-21,4.61,4.7,4.55,4.63,6045700,27885888.0
2025-08-22,4.63,4.83,4.61,4.7,10911910,51461733.8
2025-08-25,4.7,4.71,4.51,4.55,12562300,57760748.0
2025-08-26,4.57,4.63,4.55,4.61,6729500,30977653.0
2025-08-27,4.61,4.75,4.47,4.54,9911100,45692697.0
2025-08-28,4.68,4.77,4.66,4.73,22725500,107729451.78
2025-08-29,4.69,4.78,4.62,4.64,12535800,58684201.0
2025-09-01,4.67,4.87,4.61,4.87,12609800,60777542.0
2025-09-02,4.98,5.07,4.73,4.8,18077800,88630342.0
2025-09-03,4.84,5.04,4.82,4.96,23181600,115462171.0
2025-09-04,4.88,4.88,4.71,4.71,17446300,82853296.0
2025-09-05,4.65,4.75,4.55,4.71,8868517,41409391.17
2025-09-08,4.75,4.82,4.66,4.76,8538700,40392645.0
2025-09-09,4.77,4.82,4.67,4.71,6261225,29602865.25
2025-09-10,4.71,4.78,4.68,4.77,6849189,32403891.97
2025-09-11,4.78,4.79,4.67,4.74,6512200,30720252.0
2025-09-12,4.73,4.98,4.72,4.95,17433901,85624829.6
2025-09-15,4.89,5.2,4.87,5.2,21611636,110201288.78
2025-09-16,5.2,5.45,5.16,5.26,20671526,109688551.74
2025-09-17,5.38,5.52,5.37,5.52,10939776,60257306.52
2025-09-18,5.58,5.8,5.55,5.71,23549393,134337771.37
2025-09-19,5.71,5.71,5.42,5.51,19671385,108829143.77
2025-09-22,5.49,5.77,5.48,5.61,11320384,63914392.56
2025-09-23,5.68,5.75,5.48,5.73,12640890,71015739.9
2025-09-24,5.72,6.02,5.72,5.78,18059100,106551353.9
2025-09-25,5.73,5.84,5.56,5.61,16025000,91134641.0
2025-09-26,5.65,5.82,5.61,5.75,9193976,52510863.94
2025-09-29,5.75,5.87,5.61,5.69,12283600,70276740.9
2025-09-30,5.71,5.78,5.56,5.64,10038600,56769765.0
2025-10-09,5.59,5.8,5.46,5.56,9390800,52639405.0
2025-10-10,5.55,5.59,5.37,5.47,8704405,47576759.3
2025-10-13,5.38,5.64,5.24,5.63,8305335,45483857.25
2025-10-14,5.8,5.8,5.58,5.63,8028700,45656450.99
2025-10-15,5.62,5.86,5.6,5.8,9799700,56311933.5
2025-10-16,5.86,6.09,5.8,6.09,14688423,88608420.26
2025-10-17,6.07,6.24,6.0,6.02,13064122,79915381.54
2025-10-20,6.22,6.32,6.14,6.32,5579400,35039348.0
2025-10-21,6.64,6.64,6.38,6.51,21510602,141674805.18
2025-10-22,6.5,6.5,6.18,6.18,10378675,65442620.0
2025-10-23,5.91,6.1,5.87,6.06,16807637,100181444.39
2025-10-24,6.02,6.17,5.89,6.13,12859607,77488941.69
2025-10-27,6.14,6.44,6.14,6.4,12548136,79920040.92
2025-10-28,6.4,6.6,6.33,6.37,11464100,74271011.0
2025-10-29,6.34,6.36,6.1,6.3,10132700,63026881.0
2025-10-30,6.35,6.55,6.23,6.23,7795301,49438148.35
2025-10-31,6.2,6.36,6.2,6.26,4560008,28660479.39
2025-11-03,6.26,6.57,6.2,6.57,12427403,80879127.54
2025-11-04,6.67,6.84,6.44,6.5,15932501,105470525.65
2025-11-05,6.5,6.75,6.45,6.47,11547102,75759269.04
2025-11-06,6.47,6.76,6.41,6.62,13385401,88543164.55
2025-11-07,6.55,6.69,6.53,6.64,7111900,46937354.0
2025-11-10,6.69,6.97,6.66,6.97,7825302,54061668.86
2025-11-11,7.19,7.3,7.08,7.14,18695668,133931787.86
2025-11-12,7.22,7.4,6.78,6.97,20792468,146450271.48
2025-11-13,6.97,7.13,6.94,7.05,8986500,63263120.0
2025-11-14,7.06,7.17,6.88,6.9,9567600,67040175.0
2025-11-17,6.96,7.18,6.69,7.16,11659000,81662717.98
2025-11-18,7.16,7.25,7.05,7.12,7008401,49944912.15
2025-11-19,7.06,7.18,6.76,6.79,13375500,92257989.0
2025-11-20,6.85,7.01,6.67,6.8,9317100,63884541.0
2025-11-21,6.81,6.81,6.46,6.46,12365701,80277048.18
2025-11-24,6.23,6.72,6.17,6.47,10284200,65603888.0
2025-11-25,6.58,6.75,6.55,6.68,8793400,58420074.0
2025-11-26,6.8,6.92,6.53,6.91,10304501,69272485.49
2025-11-27,6.92,7.14,6.7,6.74,10374100,71593207.0
2025-11-28,6.7,7.02,6.7,7.0,10715801,74262716.99
2025-12-01,7.05,7.24,6.99,7.23,13605300,97361306.0
2025-12-02,7.28,7.46,7.23,7.35,16450194,120547033.57
2025-12-03,7.55,7.72,7.45,7.72,13447600,102751283.0
2025-12-04,8.01,8.01,7.33,7.33,29500402,221427225.73
2025-12-05,6.96,6.96,6.96,6.96,3560200,24778992.0
2025-12-08,6.61,6.61,6.61,6.61,11610500,76745405.0
2025-12-09,6.28,6.28,6.28,6.28,1215400,7632712.0
2025-12-10,5.97,5.97,5.97,5.97,1327800,7926966.0
2025-12-11,5.67,5.67,5.67,5.67,2131900,12087873.0
2025-12-12,5.39,5.39,5.39,5.39,1135200,6118728.0
2025-12-15,5.12,5.12,5.12,5.12,527900,2702848.0
2025-12-16,4.86,4.86,4.86,4.86,338400,1644624.0
2025-12-17,4.62,5.1,4.62,5.1,31108093,147641859.94
2025-12-18,4.85,5.35,4.85,4.85,39363515,196240503.36
2025-12-19,4.75,4.97,4.65,4.88,17020013,81700588.84
2025-12-22,4.81,5.1,4.8,4.97,14638300,73128595.0
2025-12-23,4.99,5.22,4.83,5.19,21119200,108277747.0
2025-12-24,5.11,5.26,5.11,5.13,14113900,72796565.0
2025-12-25,5.15,5.39,5.11,5.31,14285335,75884654.8
2025-12-26,5.38,5.58,5.38,5.58,13608120,75634144.6
2025-12-29,5.59,5.86,5.56,5.75,24504254,140906353.36
2025-12-30,5.76,5.86,5.62,5.69,12805543,73169730.54
2025-12-31,5.64,5.75,5.6,5.61,8948200,50729528.99
2026-01-05,5.57,5.79,5.41,5.72,11293819,63525569.3
2026-01-06,5.78,5.9,5.57,5.62,10279300,58670917.0
2026-01-07,5.58,5.71,5.54,5.57,9205402,51713822.15
2026-01-08,5.53,5.84,5.46,5.81,11475201,65840107.62
2026-01-09,5.8,5.86,5.68,5.74,10930853,62922028.18
2026-01-12,5.73,5.74,5.63,5.68,10160100,57640388.0
2026-01-13,5.69,5.69,5.43,5.46,12731606,70378616.75
2026-01-14,5.41,5.66,5.31,5.42,17071400,94082015.0
2026-01-15,5.38,5.48,5.19,5.35,12818900,68312378.0
2026-01-16,5.35,5.47,5.25,5.26,7237560,38474664.0
2026-01-19,5.21,5.3,5.06,5.15,12660000,65560105.0
2026-01-20,5.18,5.22,5.0,5.07,10390100,52975271.0
2026-01-21,5.0,5.21,5.0,5.1,8290000,42374914.0
2026-01-22,5.09,5.36,5.09,5.36,5972501,31616539.36
2026-01-23,5.49,5.63,5.42,5.63,14259733,79234093.64
2026-01-26,5.74,5.85,5.51,5.72,15385010,87368255.2
2026-01-27,5.76,5.78,5.57,5.6,6218700,34979420.0
2026-01-28,5.61,5.61,5.48,5.48,6527300,36101006.0
2026-01-29,5.49,5.75,5.49,5.52,12133502,68312717.44
2026-01-30,5.51,5.8,5.45,5.75,19637501,112229609.75
2026-02-02,6.04,6.04,6.04,6.04,4602401,27798502.04
2026-02-03,6.34,6.34,5.75,5.75,30619001,186042946.95
2026-02-04,5.81,6.04,5.79,6.04,16111201,95059224.08
2026-02-05,6.04,6.34,6.04,6.27,15646900,97348997.0
2026-02-06,6.2,6.4,6.03,6.08,12087051,74605631.79
2026-02-09,6.04,6.14,5.97,6.11,9302801,56327914.06
2026-02-10,6.14,6.3,6.06,6.25,8491600,52323007.0
2026-02-11,6.18,6.22,6.06,6.08,6393700,39028557.0
2026-02-12,6.0,6.17,5.92,6.06,8342850,50681136.5
2026-02-13,5.91,6.01,5.84,5.88,9810550,57983267.49
2026-02-24,5.81,5.96,5.81,5.9,4461200,26258925.0
2026-02-25,5.91,6.09,5.86,6.01,6567800,39318520.0
2026-02-26,6.03,6.05,5.93,5.93,4250202,25396241.95
2026-02-27,5.94,5.98,5.76,5.8,6982500,40831154.0
2026-03-02,5.79,5.79,5.51,5.55,9214000,51471800.0
2026-03-03,5.59,5.59,5.36,5.36,6032562,32919848.38
2026-03-04,5.34,5.55,5.26,5.4,3835000,20730993.0
2026-03-05,5.5,5.52,5.43,5.44,3280002,17894943.94
2026-03-06,5.44,5.61,5.37,5.52,4833000,26555105.0
2026-03-09,5.49,5.79,5.38,5.76,8985201,50095251.57
2026-03-10,5.77,5.95,5.69,5.85,7223703,42133849.32
2026-03-11,5.85,6.01,5.78,5.9,6820900,40223170.0
2026-03-12,5.89,6.08,5.88,6.04,6997900,41925662.0
2026-03-13,5.99,6.05,5.92,5.97,5421200,32431592.0
2026-03-16,5.97,5.97,5.81,5.84,5555900,32592551.0
2026-03-17,5.84,5.88,5.7,5.71,4047000,23398959.0
2026-03-18,5.67,5.78,5.64,5.75,3146300,18021887.0
2026-03-19,5.7,5.8,5.57,5.58,4918350,27830495.0
2026-03-20,5.62,5.69,5.43,5.43,4130482,22928344.12
2026-03-23,5.26,5.38,5.16,5.16,5942300,30898728.0
2026-03-24,5.1,5.24,4.91,5.2,8168111,41231131.03
2026-03-25,5.2,5.36,5.2,5.26,3710501,19574522.26
2026-03-26,5.27,5.51,5.26,5.34,5075800,27227894.0
2026-03-27,5.32,5.5,5.21,5.46,5955100,31982852.0
2026-03-30,5.34,5.62,5.34,5.56,4936601,27241235.51
2026-03-31,5.62,5.76,5.5,5.51,6372601,35961701.64
2026-04-01,5.61,5.65,5.47,5.56,4702000,26121592.0
2026-04-02,5.53,5.58,5.35,5.36,4387700,23806034.98
2026-04-03,5.39,5.44,5.18,5.28,5144700,27134863.0
2026-04-07,5.3,5.47,5.25,5.39,4960301,26565024.32
2026-04-08,5.49,5.66,5.45,5.66,5914700,33131816.0
2026-04-09,5.75,5.94,5.61,5.94,14519896,85326443.24
2026-04-10,5.92,6.24,5.91,6.22,15164900,93645731.0
2026-04-13,6.25,6.53,6.1,6.21,19804902,125352202.45
2026-04-14,6.28,6.44,6.17,6.17,11311931,71392737.75
2026-04-15,6.24,6.39,6.16,6.32,9764800,61372743.0
2026-04-16,6.44,6.44,6.26,6.33,7456431,47320310.68
2026-04-17,6.35,6.38,6.01,6.24,12115902,74747784.44
2026-04-20,6.2,6.52,6.06,6.11,12204300,75579329.0
2026-04-21,6.11,6.34,6.11,6.26,7046600,43873517.0
2026-04-22,6.36,6.45,6.19,6.22,7472400,46845447.0
2026-04-23,6.21,6.3,6.08,6.21,7632531,47346883.82
2026-04-24,6.11,6.24,6.02,6.08,6690100,40670170.0
2026-04-27,6.14,6.16,5.96,6.09,6838074,41267042.99
2026-04-28,6.09,6.09,5.9,5.96,5689173,33948602.81
2026-04-29,5.96,6.12,5.92,6.06,4963100,30026359.0
2026-04-30,6.05,6.17,6.03,6.17,6330200,38703255.0
2026-05-06,6.23,6.26,6.07,6.15,7559000,46573631.0
2026-05-07,6.19,6.36,6.15,6.33,9856800,61826861.0
2026-05-08,6.4,6.65,6.37,6.65,8292600,54465952.0
2026-05-11,6.89,6.98,6.63,6.81,16838269,114555743.61
2026-05-12,6.8,6.94,6.64,6.72,10530601,71367921.78
2026-05-13,6.8,6.8,6.64,6.7,6519700,43585443.0
2026-05-14,6.68,6.7,6.47,6.61,10375301,68398786.51
2026-05-15,6.61,6.72,6.5,6.57,7292201,48009976.55
2026-05-18,6.66,6.67,6.44,6.53,6091701,39743245.59
2026-05-19,6.53,6.67,6.48,6.67,5431400,35757730.0
2026-05-20,6.66,6.66,6.5,6.57,5295900,34727524.6
2026-05-21,6.56,6.57,6.24,6.28,11188101,71463870.24
2026-05-22,6.3,6.51,6.15,6.5,5906700,37543730.0
2026-05-25,6.48,6.59,6.42,6.49,4435001,28866858.48
2026-05-26,6.49,6.54,6.25,6.33,5977220,38113718.2
2026-05-27,6.33,6.36,6.17,6.21,4693401,29180967.2
2026-05-28,6.18,6.36,6.16,6.32,4612801,28939021.48
2026-05-29,6.36,6.4,6.06,6.12,5967200,37045502.0
2026-06-01,6.2,6.33,6.13,6.32,5726100,35767323.0
2026-06-02,6.3,6.48,6.27,6.36,5581535,35627031.24
2026-06-03,6.31,6.43,6.04,6.12,10777600,66291269.98
2026-06-04,6.1,6.12,5.82,6.03,8579772,51084238.76
2026-06-05,6.07,6.33,6.07,6.33,11477201,72039556.26
2026-06-08,,,,,0,
2026-06-09,6.38,6.88,6.1,6.47,41238800,265442781.82
2026-06-10,6.46,7.12,6.38,6.84,69580461,484559888.01
2026-06-11,6.55,7.52,6.29,7.45,64148346,451017005.98
2026-06-12,7.52,7.64,7.03,7.48,44812100,326305502.0
2026-06-15,7.34,8.11,7.33,8.11,49090400,382765201.0
2026-06-16,8.1,8.92,7.84,8.92,53860000,458450907.0
2026-06-17,,,,,0,
2026-06-18,,,,,0,
2026-06-22,,,,,0,
2026-06-23,,,,,0,
2026-06-24,,,,,0,
2026-06-25,9.81,9.81,9.81,9.81,2339600,22951476.0
2026-06-26,10.79,10.79,10.79,10.79,594435,6413953.65
2026-06-29,11.87,11.87,9.71,10.19,99791119,1040408504.62
2026-06-30,9.96,10.45,9.17,9.3,78980369,770538721.63
2026-07-01,9.0,9.17,8.37,8.37,75125005,647264278.16
2026-07-02,8.12,8.32,7.53,7.53,57336300,448711798.0
2026-07-03,7.32,7.42,7.07,7.21,51797200,375551030.0
2026-07-06,7.21,7.29,6.83,6.92,45220200,318519930.99
2026-07-07,6.86,6.91,6.54,6.58,30277901,202409454.76
2026-07-08,6.58,6.6,6.28,6.4,27063001,173474285.41
2026-07-09,6.41,7.04,6.39,7.04,20587000,141214308.99
2026-07-10,7.04,7.06,6.53,6.81,49292800,336737722.0
2026-07-13,6.81,6.98,6.4,6.4,32540301,216480329.53
2026-07-14,6.45,6.8,6.25,6.76,31629800,207154796.0
2026-07-15,6.74,7.13,6.63,6.96,29680300,205586403.0
2026-07-16,7.15,7.17,6.52,6.55,26038601,174442039.73
2026-07-17,6.61,6.7,6.12,6.18,23717101,151591286.29
2026-07-20,6.11,6.41,5.65,5.77,25293901,153170233.36
2026-07-21,5.9,5.94,5.29,5.9,30810149,172315894.22
2026-07-22,5.92,6.19,5.77,5.82,19704000,117102781.0
2026-07-23,5.78,5.95,5.6,5.83,19522700,112373968.0
2026-07-24,5.71,5.8,5.65,5.69,11928400,68167470.0
2026-07-27,5.65,5.92,5.63,5.91,20113600,116972016.0
2026-07-28,5.79,6.37,5.73,6.05,26030600,159127845.0
2026-07-29,6.13,6.66,6.13,6.66,35788892,230320598.55
2026-07-30,6.67,7.33,6.66,7.33,24161946,171806559.98
2026-07-31,7.33,8.06,7.0,7.74,86983152,659891510.21
2026-08-03,7.35,7.48,6.97,7.12,63021637,448206607.08
2026-08-04,7.2,7.83,7.06,7.83,39944169,297549753.77
2026-08-05,7.83,8.18,7.67,7.73,64774219,508153802.46
2026-08-06,7.73,7.99,7.62,7.77,44235028,344917272.9
2026-08-07,7.7,7.96,7.56,7.94,37900038,294991167.08
2026-08-10,8.05,8.28,7.91,8.25,38228700,312111919.0
2026-08-11,8.06,8.39,7.97,8.24,30376601,250146377.35
2026-08-12,8.28,8.4,8.1,8.33,26602701,219753704.1
2026-08-13,8.23,8.53,8.2,8.2,26889300,223486508.0
2026-08-14,8.18,8.38,7.99,8.36,27146902,222248324.39
2026-08-17,8.36,8.49,8.19,8.45,21049700,175333323.0
2026-08-18,8.58,8.84,8.29,8.82,31755500,273443530.0
2026-08-19,8.75,9.2,8.28,8.38,32733600,282979931.0
2026-08-20,8.38,8.67,8.14,8.2,23202700,193817457.0
2026-08-21,8.18,8.76,8.05,8.21,36692788,308780313.52
2026-08-24,8.32,8.51,8.08,8.2,22810800,188208931.0
2026-08-25,8.25,8.5,8.08,8.32,24081500,200919086.0
2026-08-26,8.4,8.56,8.29,8.43,14834400,124894967.0
2026-08-27,8.5,8.6,8.4,8.57,16805690,143038982.7
2026-08-28,8.55,8.57,8.26,8.31,18163600,152070154.0
2026-08-31,8.2,8.86,8.2,8.86,30677088,265997558.72
2026-09-01,9.03,9.3,8.93,9.14,29348700,267782777.0
2026-09-02,9.17,9.95,9.07,9.75,50260000,484367284.0
2026-09-03,9.89,10.73,9.89,10.28,65457291,685484328.3
2026-09-04,10.4,10.79,10.07,10.3,51380300,539561858.0
2026-09-07,10.21,10.47,9.51,9.92,43396400,431598191.16
2026-09-08,10.02,10.19,9.85,10.06,25096132,251375627.7
