timestamps,open,high,low,close,volume,amount
2015-01-05,11.52,11.64,11.41,11.58,493533,5693817.0
2015-01-06,11.6,11.79,11.51,11.72,783989,9127503.0
2015-01-07,11.72,11.8,11.64,11.66,665205,7782351.0
2015-01-08,11.66,12.17,11.64,12.03,1031496,12307193.0
2015-01-09,12.09,12.34,11.97,12.24,802132,9795327.0
2015-01-12,12.18,12.18,11.77,11.89,735500,8768917.0
2015-01-13,11.75,11.97,11.75,11.93,341624,4059695.0
2015-01-14,11.98,11.98,11.68,11.75,493306,5821498.0
2015-01-15,11.79,11.81,11.69,11.75,572901,6723039.0
2015-01-16,11.75,11.8,11.68,11.71,593370,6959419.0
2015-01-19,11.6,11.6,11.32,11.39,959701,11016463.0
2015-01-20,11.45,11.64,11.4,11.6,738553,8518951.0
2015-01-21,11.61,11.9,11.6,11.87,1277718,15067330.0
2015-01-22,11.92,12.24,11.85,12.13,1272467,15364832.0
2015-01-23,12.14,12.36,12.08,12.13,1216084,14861170.0
2015-01-26,12.13,12.4,12.13,12.35,921622,11291820.0
2015-01-27,12.38,12.39,12.14,12.32,689923,8456895.0
2015-01-28,12.3,12.48,12.22,12.35,774415,9569972.0
2015-01-29,12.29,12.47,12.24,12.42,890563,11010535.0
2015-01-30,12.49,13.03,12.47,12.82,2195303,27894176.0
2015-02-02,12.6,12.73,12.48,12.57,808200,10179038.0
2015-02-03,12.53,12.66,12.5,12.65,554610,6981955.0
2015-02-04,12.65,12.92,12.55,12.88,737790,9399933.0
2015-02-05,12.93,13.07,12.6,12.7,733328,9424127.0
2015-02-06,12.7,12.75,12.35,12.47,694684,8674860.0
2015-02-09,12.47,12.47,12.15,12.18,624380,7692640.0
2015-02-10,12.18,12.27,12.11,12.16,771685,9389184.0
2015-02-11,12.22,12.34,12.2,12.33,354235,4336688.0
2015-02-12,12.34,12.51,12.31,12.5,499300,6199514.0
2015-02-13,12.54,12.72,12.54,12.71,488480,6188483.0
2015-02-16,12.72,12.85,12.66,12.8,565427,7229434.0
2015-02-17,12.78,12.9,12.77,12.81,830584,10641543.0
2015-02-25,12.79,12.81,12.7,12.73,581830,7424898.0
2015-02-26,12.75,12.82,12.63,12.81,548609,6985802.0
2015-02-27,12.78,12.94,12.78,12.89,859340,11064322.0
2015-03-02,12.87,13.36,12.86,13.34,1599887,21052174.0
2015-03-03,13.13,13.75,13.13,13.42,1099410,14737105.0
2015-03-04,13.41,13.67,13.37,13.59,588125,7976581.0
2015-03-05,13.5,13.59,13.33,13.49,1158656,15594552.0
2015-03-06,13.47,13.59,13.41,13.5,733900,9909359.0
2015-03-09,13.51,13.69,13.36,13.6,930270,12614124.0
2015-03-10,13.67,13.79,13.54,13.71,663619,9098718.0
2015-03-11,13.71,13.77,13.4,13.49,1026550,13889853.0
2015-03-12,13.43,13.55,13.33,13.37,836875,11246746.0
2015-03-13,13.43,13.5,13.37,13.41,457558,6146022.0
2015-03-16,13.56,13.94,13.42,13.88,1467953,20230292.0
2015-03-17,13.88,14.03,13.81,13.93,1106002,15409852.0
2015-03-18,13.92,14.15,13.91,14.12,1359829,19065628.0
2015-03-19,14.15,14.29,14.01,14.16,1337321,18934387.0
2015-03-20,14.16,14.87,14.13,14.87,1643369,23782979.0
2015-03-23,15.05,15.38,14.8,15.35,2136351,32352188.0
2015-03-24,15.38,15.42,14.76,15.07,2017839,30468788.0
2015-03-25,15.07,15.14,14.76,14.96,1216444,18107143.0
2015-03-26,14.96,15.1,14.78,14.83,960095,14269989.0
2015-03-27,14.94,15.18,14.91,15.01,988337,14872831.0
2015-03-30,15.0,15.39,14.9,15.15,1064743,16191979.0
2015-03-31,15.14,15.31,15.02,15.14,858927,13007983.0
2015-04-01,15.1,15.38,15.1,15.37,1001562,15266957.0
2015-04-02,15.3,16.14,15.3,16.14,1917963,30664281.0
2015-04-03,16.18,16.93,16.14,16.8,1534170,25607868.0
2015-04-07,16.9,17.26,16.7,16.79,1640874,27706826.0
2015-04-08,16.83,16.84,16.2,16.42,1809566,29768871.0
2015-04-09,16.29,16.48,15.6,15.81,2246828,35632564.0
2015-04-10,15.81,16.45,15.74,16.39,1325042,21482064.0
2015-04-13,16.5,16.8,16.4,16.69,1622339,26984358.0
2015-04-14,16.72,17.52,16.6,17.52,3675279,63773631.0
2015-04-15,17.46,17.52,16.64,16.64,2419290,40723698.0
2015-04-16,16.63,16.89,15.88,16.61,1076394,17857029.0
2015-04-17,16.67,16.88,16.36,16.66,1922607,31942089.0
2015-04-20,16.55,17.38,16.44,16.57,2404654,40592960.0
2015-04-21,16.5,17.25,16.5,17.17,1292754,21993527.0
2015-04-22,17.08,18.03,17.08,18.03,1732939,31016386.0
2015-04-23,18.12,18.93,18.12,18.93,413325,7769248.0
2015-04-24,19.88,19.88,19.88,19.88,674138,13401863.0
2015-04-27,20.8,20.8,18.89,18.95,4141956,80503941.0
2015-04-28,18.93,18.93,18.0,18.0,1799620,32792996.0
2015-04-29,17.79,18.9,17.41,18.58,2856699,51754193.0
2015-04-30,18.35,18.52,17.65,17.66,2598870,46821128.0
2015-05-04,17.59,17.79,16.88,17.44,2479566,42907467.0
2015-05-05,17.34,17.45,16.57,16.57,2181388,36967117.0
2015-05-06,16.59,17.05,16.2,16.44,1650548,27592318.0
2015-05-07,16.4,16.7,16.38,16.48,1300029,21486339.0
2015-05-08,16.67,17.3,16.67,17.23,1535240,26184633.0
2015-05-11,17.4,17.85,17.16,17.81,2019036,35477546.0
2015-05-12,17.76,18.7,17.76,18.7,2637489,48532802.0
2015-05-13,18.58,19.1,18.57,18.79,1953290,36734500.0
2015-05-14,18.71,19.2,18.7,18.99,1507280,28563728.0
2015-05-15,19.19,19.19,18.53,19.03,1661299,31412556.0
2015-05-18,18.86,19.98,18.86,19.98,2018091,39961348.0
2015-05-19,,,,,0,
2015-05-20,,,,,0,
2015-05-21,,,,,0,
2015-05-22,,,,,0,
2015-05-25,,,,,0,
2015-05-26,,,,,0,
2015-05-27,,,,,0,
2015-05-28,,,,,0,
2015-05-29,,,,,0,
2015-06-01,,,,,0,
2015-06-02,,,,,0,
2015-06-03,,,,,0,
2015-06-04,,,,,0,
2015-06-05,,,,,0,
2015-06-08,,,,,0,
2015-06-09,,,,,0,
2015-06-10,,,,,0,
2015-06-11,,,,,0,
2015-06-12,,,,,0,
2015-06-15,,,,,0,
2015-06-16,,,,,0,
2015-06-17,,,,,0,
2015-06-18,,,,,0,
2015-06-19,,,,,0,
2015-06-23,,,,,0,
2015-06-24,,,,,0,
2015-06-25,,,,,0,
2015-06-26,,,,,0,
2015-06-29,,,,,0,
2015-06-30,,,,,0,
2015-07-01,,,,,0,
2015-07-02,,,,,0,
2015-07-03,,,,,0,
2015-07-06,,,,,0,
2015-07-07,,,,,0,
2015-07-08,,,,,0,
2015-07-09,,,,,0,
2015-07-10,,,,,0,
2015-07-13,,,,,0,
2015-07-14,,,,,0,
2015-07-15,,,,,0,
2015-07-16,,,,,0,
2015-07-17,,,,,0,
2015-07-20,,,,,0,
2015-07-21,,,,,0,
2015-07-22,,,,,0,
2015-07-23,,,,,0,
2015-07-24,,,,,0,
2015-07-27,,,,,0,
2015-07-28,,,,,0,
2015-07-29,,,,,0,
2015-07-30,,,,,0,
2015-07-31,,,,,0,
2015-08-03,,,,,0,
2015-08-04,,,,,0,
2015-08-05,,,,,0,
2015-08-06,,,,,0,
2015-08-07,,,,,0,
2015-08-10,,,,,0,
2015-08-11,,,,,0,
2015-08-12,,,,,0,
2015-08-13,,,,,0,
2015-08-14,,,,,0,
2015-08-17,,,,,0,
2015-08-18,,,,,0,
2015-08-19,,,,,0,
2015-08-20,,,,,0,
2015-08-21,,,,,0,
2015-08-24,,,,,0,
2015-08-25,,,,,0,
2015-08-26,,,,,0,
2015-08-27,,,,,0,
2015-08-28,,,,,0,
2015-08-31,,,,,0,
2015-09-01,,,,,0,
2015-09-02,,,,,0,
2015-09-07,,,,,0,
2015-09-08,,,,,0,
2015-09-09,,,,,0,
2015-09-10,,,,,0,
2015-09-11,,,,,0,
2015-09-14,,,,,0,
2015-09-15,,,,,0,
2015-09-16,,,,,0,
2015-09-17,,,,,0,
2015-09-18,,,,,0,
2015-09-21,,,,,0,
2015-09-22,,,,,0,
2015-09-23,,,,,0,
2015-09-24,,,,,0,
2015-09-25,,,,,0,
2015-09-28,,,,,0,
2015-09-29,,,,,0,
2015-09-30,,,,,0,
2015-10-08,,,,,0,
2015-10-09,,,,,0,
2015-10-12,,,,,0,
2015-10-13,,,,,0,
2015-10-14,,,,,0,
2015-10-15,,,,,0,
2015-10-16,,,,,0,
2015-10-19,,,,,0,
2015-10-20,,,,,0,
2015-10-21,,,,,0,
2015-10-22,,,,,0,
2015-10-23,,,,,0,
2015-10-26,,,,,0,
2015-10-27,,,,,0,
2015-10-28,,,,,0,
2015-10-29,,,,,0,
2015-10-30,,,,,0,
2015-11-02,,,,,0,
2015-11-03,,,,,0,
2015-11-04,,,,,0,
2015-11-05,,,,,0,
2015-11-06,,,,,0,
2015-11-09,,,,,0,
2015-11-10,,,,,0,
2015-11-11,,,,,0,
2015-11-12,,,,,0,
2015-11-13,,,,,0,
2015-11-16,,,,,0,
2015-11-17,,,,,0,
2015-11-18,,,,,0,
2015-11-19,,,,,0,
2015-11-20,,,,,0,
2015-11-23,,,,,0,
2015-11-24,,,,,0,
2015-11-25,,,,,0,
2015-11-26,,,,,0,
2015-11-27,,,,,0,
2015-11-30,,,,,0,
2015-12-01,,,,,0,
2015-12-02,,,,,0,
2015-12-03,,,,,0,
2015-12-04,,,,,0,
2015-12-07,,,,,0,
2015-12-08,,,,,0,
2015-12-09,,,,,0,
2015-12-10,,,,,0,
2015-12-11,,,,,0,
2015-12-14,,,,,0,
2015-12-15,,,,,0,
2015-12-16,,,,,0,
2015-12-17,,,,,0,
2015-12-18,,,,,0,
2015-12-21,,,,,0,
2015-12-22,,,,,0,
2015-12-23,,,,,0,
2015-12-24,,,,,0,
2015-12-25,,,,,0,
2015-12-28,,,,,0,
2015-12-29,,,,,0,
2015-12-30,,,,,0,
2015-12-31,,,,,0,
2016-01-04,,,,,0,
2016-01-05,,,,,0,
2016-01-06,,,,,0,
2016-01-07,,,,,0,
2016-01-08,,,,,0,
2016-01-11,,,,,0,
2016-01-12,,,,,0,
2016-01-13,,,,,0,
2016-01-14,,,,,0,
2016-01-15,20.6,20.98,20.03,20.98,4427659,91338959.0
2016-01-18,20.49,20.5,19.93,19.93,3380900,67639797.0
2016-01-19,19.5,20.2,19.31,20.05,4938466,97633408.0
2016-01-20,20.38,20.53,19.72,20.22,2368494,47886867.0
2016-01-21,20.13,20.18,19.21,19.21,1965585,38950831.0
2016-01-22,19.4,19.47,18.25,18.25,2418339,44529219.0
2016-01-25,18.39,19.16,18.25,19.16,2184853,41301467.0
2016-01-26,19.0,20.12,18.8,18.82,3032451,59806281.0
2016-01-27,18.79,19.68,18.02,19.05,1886391,35796654.0
2016-01-28,18.9,19.39,18.1,18.1,1439811,26753208.0
2016-01-29,17.81,18.43,17.2,18.33,2369476,41862431.0
2016-02-01,18.33,19.25,18.2,19.25,2325876,44179109.0
2016-02-02,19.39,20.21,19.3,20.21,1348462,27049163.0
2016-02-03,20.5,21.22,20.28,20.63,1995427,41648161.0
2016-02-04,20.8,21.66,20.54,21.66,788419,16940305.0
2016-02-05,22.73,22.74,22.0,22.74,1675640,37883569.0
2016-02-15,21.6,23.88,21.6,23.88,1561803,35933103.0
2016-02-16,24.89,24.98,23.7,23.75,2774206,67430721.0
2016-02-17,23.8,24.94,23.61,24.7,1835594,45415139.0
2016-02-18,24.46,25.9,24.46,25.37,2109115,53185083.0
2016-02-19,25.3,25.77,24.91,25.13,1418838,35678742.0
2016-02-22,25.3,25.78,24.8,25.41,1093006,27585036.0
2016-02-23,25.42,25.54,24.14,24.14,1382400,33914744.0
2016-02-24,24.11,24.14,23.0,23.68,2072507,49103537.0
2016-02-25,23.68,24.2,22.5,22.5,1678231,39201183.0
2016-02-26,22.6,23.63,22.03,23.54,1475565,34208154.0
2016-02-29,23.79,23.79,22.36,22.36,1213603,27303144.0
2016-03-01,22.4,22.93,22.0,22.88,702406,15762888.0
2016-03-02,22.81,24.02,22.7,24.02,845529,20118030.0
2016-03-03,24.5,25.22,24.3,24.87,1113250,27762329.0
2016-03-04,24.78,24.96,23.63,23.64,1535259,36714593.0
2016-03-07,23.97,24.68,23.97,24.28,471525,11441570.0
2016-03-08,24.3,24.31,23.18,23.92,714831,16879156.0
2016-03-09,23.51,23.95,23.22,23.52,435000,10249074.0
2016-03-10,23.77,23.77,22.39,22.76,669785,15543801.0
2016-03-11,22.36,22.76,21.8,22.03,814076,17958954.0
2016-03-14,22.3,23.13,22.24,23.13,936076,21506838.0
2016-03-15,23.14,23.45,22.71,23.24,619849,14292718.0
2016-03-16,23.69,24.05,23.1,23.24,586089,13829573.0
2016-03-17,23.24,24.3,23.24,24.22,1092101,26161128.0
2016-03-18,24.55,25.2,24.14,24.89,608213,15085532.0
2016-03-21,25.03,25.69,24.78,25.13,831292,20869972.0
2016-03-22,24.98,24.98,24.32,24.78,957487,23509734.0
2016-03-23,24.79,24.8,24.31,24.72,458305,11251178.0
2016-03-24,24.72,25.96,24.28,25.96,758079,19434279.0
2016-03-25,26.5,26.85,25.82,26.33,1302648,34292056.0
2016-03-28,26.4,26.46,25.2,25.5,999635,25841580.0
2016-03-29,25.52,25.89,25.12,25.51,951925,24269000.0
2016-03-30,25.51,26.48,25.51,26.39,774430,20159911.0
2016-03-31,26.54,26.65,25.92,26.1,734230,19221717.0
2016-04-01,26.2,26.74,26.03,26.28,485985,12799923.0
2016-04-05,26.45,27.59,26.08,27.59,620270,16792684.0
2016-04-06,28.0,28.36,27.66,27.9,613834,17169658.0
2016-04-07,28.0,28.75,27.7,28.55,694201,19604038.0
2016-04-08,28.6,29.85,28.2,29.21,1041691,30467405.0
2016-04-11,29.47,30.67,29.36,30.67,1517970,45911978.0
2016-04-12,30.66,31.44,29.14,29.41,1577887,47257196.0
2016-04-13,29.5,30.25,29.5,29.73,791760,23576162.0
2016-04-14,29.8,30.37,29.62,30.16,645001,19435818.0
2016-04-15,30.15,30.32,29.81,30.13,663473,19923090.0
2016-04-18,30.01,30.01,29.61,29.77,771488,22986529.0
2016-04-19,29.86,29.98,29.5,29.97,557482,16580830.000000002
2016-04-20,30.3,30.34,28.47,28.48,1495955,43351710.0
2016-04-21,28.64,28.67,28.0,28.06,482782,13696627.0
2016-04-22,27.76,28.37,27.6,28.26,525030,14725930.0
2016-04-25,28.15,28.88,28.09,28.4,656464,18682871.0
2016-04-26,28.08,29.82,28.08,29.82,815652,23817449.0
2016-04-27,29.92,30.91,29.81,30.66,1028270,31270147.0
2016-04-28,30.6,30.87,29.62,30.14,908503,27408364.0
2016-04-29,30.14,31.65,30.03,31.65,1188289,37229686.0
2016-05-03,32.22,33.23,32.0,32.8,2074389,68398183.0
2016-05-04,32.4,33.65,32.1,32.9,999320,32978271.999999996
2016-05-05,33.17,33.52,32.69,32.9,715249,23687807.0
2016-05-06,32.86,33.35,31.31,31.43,988181,31882701.0
2016-05-09,30.22,30.99,29.86,29.98,1558333,46939058.0
2016-05-10,29.5,30.3,28.7,28.95,1309995,38716132.0
2016-05-11,29.1,29.65,28.48,28.53,731264,21121156.0
2016-05-12,28.4,28.4,27.1,27.1,1811343,49213949.0
2016-05-13,27.02,27.59,26.82,27.19,1206868,32786408.000000004
2016-05-16,27.31,28.55,27.31,28.55,1217115,34041972.0
2016-05-17,28.62,29.98,28.62,29.47,1634969,48240222.0
2016-05-18,29.3,29.3,28.0,28.0,1061282,30101573.0
2016-05-19,28.0,28.75,27.63,27.89,955713,26931200.0
2016-05-20,27.3,28.0,27.13,27.97,642097,17839718.0
2016-05-23,27.98,28.87,27.96,28.44,776940,22091349.0
2016-05-24,28.44,28.79,28.11,28.33,513161,14548391.0
2016-05-25,28.55,28.6,27.51,27.88,823200,23035460.0
2016-05-26,27.8,28.05,27.3,28.03,602353,16631546.999999998
2016-05-27,28.17,28.26,27.64,27.94,442778,12402967.0
2016-05-30,28.08,28.1,27.67,27.87,470104,13118656.0
2016-05-31,27.87,28.99,27.71,28.99,919448,26223976.0
2016-06-01,28.99,29.18,28.85,28.99,516843,14994617.0
2016-06-02,28.85,29.3,28.75,29.0,589777,17110253.0
2016-06-03,28.89,29.87,28.81,29.7,660152,19410096.0
2016-06-06,29.7,29.95,29.47,29.6,479399,14237274.0
2016-06-07,29.66,29.66,28.4,28.54,945544,27217454.0
2016-06-08,28.32,28.68,27.41,27.91,1237040,34459492.0
2016-06-13,27.88,27.88,26.51,26.51,1192652,32097355.0
2016-06-14,26.78,26.78,25.6,25.77,1072847,27808860.0
2016-06-15,25.74,26.91,25.33,26.71,655996,17372706.0
2016-06-16,26.85,27.5,26.51,27.42,485648,13121283.0
2016-06-17,27.33,27.47,26.69,26.8,425500,11538160.0
2016-06-20,25.48,25.95,25.46,25.5,1745429,44464684.0
2016-06-21,25.47,25.8,25.31,25.5,835958,21322693.0
2016-06-22,,,,,0,
2016-06-23,,,,,0,
2016-06-24,,,,,0,
2016-06-27,,,,,0,
2016-06-28,,,,,0,
2016-06-29,,,,,0,
2016-06-30,,,,,0,
2016-07-01,24.23,24.23,24.23,24.23,137000,3319510.0
2016-07-04,23.02,23.02,23.02,23.02,70500,1622910.0
2016-07-05,21.87,22.33,21.87,21.89,7154235,156603555.0
2016-07-06,21.89,22.44,21.86,22.09,3719852,82074798.0
2016-07-07,22.02,22.2,21.11,22.05,2428094,53312542.0
2016-07-08,22.38,22.93,22.1,22.87,3365055,75579325.0
2016-07-11,22.94,22.95,22.18,22.25,3140892,70511207.0
2016-07-12,22.22,22.34,21.14,21.65,3647486,78804244.0
2016-07-13,21.69,21.89,21.61,21.88,1350203,29353319.0
2016-07-14,21.82,22.06,21.76,22.02,1103355,24193980.0
2016-07-15,21.98,22.13,21.8,21.88,1140997,25010630.0
2016-07-18,21.78,22.8,21.76,22.57,1858740,41582300.0
2016-07-19,22.48,22.48,22.16,22.41,1091282,24358451.0
2016-07-20,22.34,22.86,22.34,22.6,1100287,24980823.0
2016-07-21,22.62,22.98,22.52,22.87,1261177,28661096.0
2016-07-22,22.8,23.0,22.55,22.69,1217982,27634642.0
2016-07-25,22.68,23.04,22.59,22.88,1289408,29435720.0
2016-07-26,22.92,23.35,22.85,23.27,1157875,26689232.0
2016-07-27,23.17,23.3,22.11,22.2,2263463,50904197.0
2016-07-28,22.18,22.4,21.84,22.14,1322102,29231206.0
2016-07-29,22.29,22.48,21.82,22.31,994200,22121869.0
2016-08-01,22.39,22.39,21.62,21.89,684281,14955491.0
2016-08-02,21.85,22.29,21.82,22.28,629325,13878365.0
2016-08-03,22.19,23.19,22.19,23.1,1502307,34227586.0
2016-08-04,23.09,23.78,22.8,23.73,1034021,24064621.0
2016-08-05,23.73,24.2,23.62,23.86,1352931,32438703.0
2016-08-08,23.89,24.14,23.56,24.07,641401,15264279.0
2016-08-09,23.95,24.26,23.82,24.09,496101,11913492.0
2016-08-10,24.01,24.19,23.23,23.38,1996191,46938604.0
2016-08-11,23.15,23.64,23.15,23.21,1141195,26675309.0
2016-08-12,23.2,23.44,23.16,23.42,512901,11953024.0
2016-08-15,23.51,23.82,23.26,23.48,787175,18556060.0
2016-08-16,23.66,24.2,23.58,24.09,1204131,28798044.0
2016-08-17,23.99,24.8,23.87,23.99,966886,23305373.0
2016-08-18,23.82,24.4,23.81,24.11,624557,15076206.0
2016-08-19,24.07,24.23,24.07,24.18,376632,9096213.0
2016-08-22,24.19,24.49,24.06,24.1,567700,13734934.0
2016-08-23,24.03,24.38,24.03,24.3,617450,14922303.0
2016-08-24,24.22,25.18,24.22,24.82,741463,18344157.0
2016-08-25,24.82,24.86,24.58,24.72,1063811,26295235.0
2016-08-26,24.88,25.75,24.73,25.69,831749,21124470.0
2016-08-29,25.42,26.02,25.42,25.66,937010,24248973.0
2016-08-30,25.89,25.89,25.62,25.69,350700,9012325.0
2016-08-31,25.7,25.87,25.63,25.7,532000,13680952.0
2016-09-01,25.7,26.22,25.61,25.75,682550,17639816.0
2016-09-02,25.7,25.89,25.7,25.86,452020,11677283.0
2016-09-05,25.9,25.9,25.5,25.61,1463801,37630431.0
2016-09-06,25.58,26.05,25.46,25.99,788000,20255523.0
2016-09-07,26.14,26.92,25.9,26.55,830319,22017789.0
2016-09-08,26.5,27.0,26.21,26.86,607914,16227612.0
2016-09-09,26.89,27.38,26.51,26.59,1042800,28248023.0
2016-09-12,26.1,26.55,25.66,25.75,1465500,38177999.0
2016-09-13,25.8,26.49,25.8,26.37,991301,25999913.0
2016-09-14,26.34,27.16,26.32,26.7,753901,20172321.0
2016-09-19,26.73,27.28,26.7,27.11,639800,17242743.0
2016-09-20,27.13,28.36,27.13,27.95,1725800,48280254.0
2016-09-21,28.12,28.28,27.63,28.14,1006817,28222786.0
2016-09-22,28.12,28.47,28.1,28.18,702301,19830263.0
2016-09-23,28.11,28.46,28.0,28.15,640700,18078574.0
2016-09-26,28.12,28.32,27.18,27.26,943800,26117515.0
2016-09-27,27.5,27.88,27.01,27.85,638801,17592839.0
2016-09-28,27.65,28.43,27.65,28.02,997301,28039038.0
2016-09-29,27.8,28.39,27.8,28.11,673902,18944526.0
2016-09-30,28.0,28.27,27.83,27.92,434440,12143552.0
2016-10-10,28.1,28.35,27.94,28.01,1093300,30659428.0
2016-10-11,28.07,28.2,27.97,28.15,1017079,28510605.0
2016-10-12,28.11,28.75,28.03,28.73,911803,25959459.0
2016-10-13,28.91,28.98,28.53,28.64,536410,15411039.0
2016-10-14,28.52,28.68,28.23,28.5,485900,13820921.0
2016-10-17,28.5,28.79,28.0,28.33,831000,23675257.0
2016-10-18,28.3,28.75,28.25,28.71,476840,13612641.0
2016-10-19,29.09,29.44,28.77,29.38,1580309,46149599.0
2016-10-20,29.5,29.8,29.2,29.54,1024964,30227161.0
2016-10-21,29.58,29.67,28.9,29.57,1010167,29587971.0
2016-10-24,29.0,30.14,28.6,29.53,1906246,55566568.0
2016-10-25,29.4,29.48,28.81,28.99,835903,24328223.0
2016-10-26,29.1,29.39,28.7,28.95,903858,26204019.0
2016-10-27,28.95,28.98,28.6,28.65,654849,18818206.0
2016-10-28,28.78,28.91,27.82,27.9,1383258,39288634.0
2016-10-31,27.7,28.16,27.2,27.93,1235730,34098233.0
2016-11-01,27.93,28.79,27.9,28.7,1015019,29000055.0
2016-11-02,28.69,28.76,28.4,28.51,801900,22924930.0
2016-11-03,28.15,28.69,28.15,28.45,825354,23533799.0
2016-11-04,28.45,28.59,27.88,28.04,755630,21320140.0
2016-11-07,28.06,28.55,27.95,28.2,945751,26713729.0
2016-11-08,28.02,28.6,28.01,28.4,732200,20772594.0
2016-11-09,28.42,28.5,28.08,28.41,1112643,31547519.0
2016-11-10,28.54,28.96,28.36,28.89,1188738,34020120.0
2016-11-11,28.89,29.07,28.61,28.91,1100628,31785085.0
2016-11-14,30.0,30.18,29.32,29.66,2036500,60577876.0
2016-11-15,29.85,30.65,29.64,29.87,1883859,56577852.0
2016-11-16,29.85,30.88,29.78,30.13,2050683,62195810.0
2016-11-17,30.01,30.86,30.0,30.71,1528333,46540553.0
2016-11-18,,,,,0,
2016-11-21,30.29,30.5,29.0,30.22,3141464,93477117.0
2016-11-22,30.03,30.31,29.8,30.23,1976800,59538059.0
2016-11-23,30.4,30.7,29.94,30.23,1530803,46379839.0
2016-11-24,30.22,30.63,29.5,29.92,2453467,74109001.0
2016-11-25,29.92,29.97,28.78,29.88,1257027,37061717.0
2016-11-28,30.03,32.51,30.01,32.07,3301628,103540934.0
2016-11-29,31.7,31.93,30.39,30.77,2501705,77251883.0
2016-11-30,30.13,30.99,29.71,29.92,1803011,54257992.0
2016-12-01,29.91,30.23,29.78,29.91,860361,25758985.0
2016-12-02,29.65,30.28,29.42,29.56,1106956,33080314.0
2016-12-05,29.43,29.79,28.68,28.99,762100,22305365.0
2016-12-06,29.5,29.89,29.1,29.44,833370,24603612.0
2016-12-07,29.54,30.33,29.33,30.25,1055112,31606131.0
2016-12-08,30.28,30.55,30.25,30.34,1408100,42809917.0
2016-12-09,30.3,33.19,29.8,32.21,3520212,112630001.0
2016-12-12,32.5,32.6,29.5,30.72,3057669,96197442.0
2016-12-13,30.44,30.95,29.51,30.47,1946398,58701916.0
2016-12-14,30.47,31.38,30.32,31.06,1836070,56643721.0
2016-12-15,30.99,31.94,30.59,31.82,2530934,79604787.0
2016-12-16,31.99,32.0,30.89,31.28,1877229,59213654.0
2016-12-19,30.8,31.39,30.72,31.26,969573,30117195.0
2016-12-20,31.37,31.71,31.0,31.23,762200,23946802.0
2016-12-21,31.22,31.65,31.13,31.23,871316,27312319.0
2016-12-22,31.3,31.45,30.29,30.63,973988,29827490.0
2016-12-23,30.78,30.78,30.0,30.1,813946,24626519.0
2016-12-26,30.1,30.4,29.85,30.0,818464,24648609.0
2016-12-27,30.2,31.28,30.08,30.92,1426712,44023622.0
2016-12-28,31.0,31.39,30.77,31.2,1201261,37329489.0
2016-12-29,31.01,31.34,30.76,30.96,932753,28980308.0
2016-12-30,31.3,31.5,30.8,31.24,1068794,33274245.000000004
2017-01-03,31.3,31.8,31.22,31.61,1079502,34062328.0
2017-01-04,31.61,31.9,31.57,31.76,1088495,34544220.0
2017-01-05,31.78,32.22,31.72,31.94,1020909,32727538.0
2017-01-06,32.17,32.47,31.74,32.07,953009,30488765.0
2017-01-09,31.8,32.0,31.61,31.7,774431,24625204.0
2017-01-10,31.97,31.97,31.61,31.64,720002,22939854.0
2017-01-11,31.64,31.8,31.0,31.08,780537,24460609.0
2017-01-12,31.06,31.33,30.67,30.72,766935,23794841.0
2017-01-13,30.9,31.28,30.42,30.77,1093575,33654755.0
2017-01-16,30.65,30.65,28.12,28.85,2029157,60133883.0
2017-01-17,28.7,29.6,28.2,29.57,994855,28597000.0
2017-01-18,29.58,32.53,29.42,32.1,4554685,142598379.0
2017-01-19,32.1,32.99,30.06,32.54,4167604,133077614.99999999
2017-01-20,32.9,33.0,31.81,32.49,3868375,125405979.0
2017-01-23,32.49,34.89,32.07,34.16,2697954,90816473.0
2017-01-24,33.65,36.43,33.52,34.32,2901347,101984760.0
2017-01-25,34.38,34.9,32.0,33.74,2611609,88585494.0
2017-01-26,33.85,34.25,33.2,33.59,1467591,49689821.0
2017-02-03,33.55,34.25,32.7,33.22,933657,31101759.0
2017-02-06,33.1,36.1,33.1,36.01,5515428,194899459.0
2017-02-07,36.19,37.9,35.55,37.01,4423601,162940223.0
2017-02-08,37.01,38.17,36.5,37.19,4193961,157843578.0
2017-02-09,37.3,37.49,36.44,37.21,3245919,120459423.0
2017-02-10,37.01,37.68,36.7,37.22,1621100,60384936.0
2017-02-13,37.11,38.75,35.68,38.01,4410553,163997170.0
2017-02-14,37.88,38.4,37.63,38.1,1151119,43790495.0
2017-02-15,38.18,38.6,36.86,37.55,2023800,75935364.0
2017-02-16,37.11,37.99,37.0,37.37,1670800,62678612.0
2017-02-17,37.64,38.77,37.0,37.26,1438100,54135030.0
2017-02-20,37.5,37.5,36.6,36.79,1564255,57766347.0
2017-02-21,37.29,37.5,36.03,36.87,2906984,107332127.0
2017-02-22,37.59,37.8,36.51,36.84,2922936,108251935.0
2017-02-23,37.49,37.49,36.03,36.69,2214878,81278997.0
2017-02-24,36.8,37.89,36.2,37.83,2683271,99595116.0
2017-02-27,38.22,38.44,37.51,38.32,3891552,148489704.0
2017-02-28,38.3,38.69,37.91,38.26,2152798,82557944.0
2017-03-01,38.34,38.64,37.48,38.43,5373232,205588108.0
2017-03-02,38.42,38.42,37.71,38.1,2573401,98060983.0
2017-03-03,38.15,38.15,37.6,37.92,2209100,83694429.0
2017-03-06,37.79,41.71,37.48,41.28,7002578,274973964.0
2017-03-07,40.89,43.87,39.42,42.12,6289501,262311901.0
2017-03-08,41.8,42.37,40.55,41.77,4970461,205702438.0
2017-03-09,41.3,42.96,40.0,42.34,5670850,236732105.0
2017-03-10,41.96,43.47,41.4,43.25,3664498,155300316.0
2017-03-13,42.88,43.29,41.2,42.66,6011742,254201018.0
2017-03-14,42.08,42.74,41.92,42.39,2378580,100592797.0
2017-03-15,42.15,42.38,41.22,41.74,1525790,63380421.0
2017-03-16,41.6,42.95,41.28,42.38,3521481,148973581.0
2017-03-17,42.37,43.49,41.58,42.24,2307499,98763372.0
2017-03-20,42.44,43.25,40.99,43.04,4163358,175361853.0
2017-03-21,42.58,43.09,41.0,42.3,3538503,149573097.0
2017-03-22,42.1,42.1,41.05,41.23,1477802,61370774.0
2017-03-23,41.0,41.77,41.0,41.63,918938,38054782.0
2017-03-24,41.51,41.77,40.1,40.28,1997288,81740236.0
2017-03-27,40.59,42.16,40.3,41.88,2669234,111089956.0
2017-03-28,42.0,43.08,41.41,42.69,3623729,153905951.0
2017-03-29,42.88,45.96,42.38,43.41,4777706,209560299.0
2017-03-30,43.74,43.74,40.5,40.92,3376620,141506713.0
2017-03-31,41.43,41.98,41.07,41.7,3327008,138777634.0
2017-04-05,41.98,42.3,40.5,41.92,1899015,78586842.0
2017-04-06,41.89,42.44,41.43,42.37,3472866,146450090.0
2017-04-07,42.49,42.49,41.75,42.18,7058500,296429606.0
2017-04-10,42.0,43.01,41.82,42.5,2417700,103128936.0
2017-04-11,42.77,42.77,41.45,42.13,3383800,142669672.0
2017-04-12,42.28,42.57,41.89,42.12,2854900,120577221.0
2017-04-13,42.25,42.25,41.5,41.79,1015401,42553751.0
2017-04-14,41.94,42.38,41.79,42.04,1928400,81160448.0
2017-04-17,42.0,42.29,37.84,37.84,2673500,107285458.0
2017-04-18,34.06,36.13,34.06,34.06,6194900,212561826.0
2017-04-19,30.65,34.06,30.65,30.65,2781000,86801046.0
2017-04-20,27.59,30.46,27.59,28.45,7719937,223814264.0
2017-04-21,28.0,31.3,27.8,30.65,3567988,105873189.0
2017-04-24,30.4,33.22,30.4,31.97,3671864,118292989.0
2017-04-25,32.48,32.5,31.17,32.22,3135200,99407255.0
2017-04-26,32.65,32.65,32.02,32.52,1643095,53213380.0
2017-04-27,32.52,33.45,32.21,33.2,1908600,62331430.0
2017-04-28,33.0,35.0,32.13,34.97,1879405,63701213.0
2017-05-02,35.0,36.74,34.5,35.53,1626145,58196005.0
2017-05-03,35.8,36.48,35.16,36.32,1330499,47590250.0
2017-05-04,36.29,36.72,35.0,35.9,1413692,51011164.0
2017-05-05,35.5,35.94,35.18,35.9,898923,31950928.0
2017-05-08,35.9,36.0,35.53,35.94,1151751,41209213.0
2017-05-09,35.88,36.2,35.5,36.17,789243,28330023.0
2017-05-10,36.38,36.79,36.03,36.32,1036240,37708045.0
2017-05-11,36.01,36.54,36.0,36.27,928550,33641658.0
2017-05-12,36.3,36.59,36.08,36.45,529447,19247898.0
2017-05-15,36.6,36.6,36.13,36.52,562500,20455028.0
2017-05-16,36.58,36.59,36.2,36.34,813539,29547180.0
2017-05-17,36.25,36.44,36.08,36.38,474957,17221410.0
2017-05-18,36.3,36.37,36.02,36.34,499188,18077090.0
2017-05-19,36.29,36.29,36.06,36.25,869400,31432177.0
2017-05-22,36.19,36.23,35.83,36.2,606103,21814059.0
2017-05-23,36.15,36.22,34.63,36.02,1052805,37783008.0
2017-05-24,36.0,36.23,35.35,36.07,1070871,38515677.0
2017-05-25,36.0,36.16,35.5,36.0,900255,32221632.0
2017-05-26,36.1,36.47,35.96,36.1,790357,28614672.0
2017-05-31,36.1,36.45,36.09,36.34,265001,9609802.0
2017-06-01,36.44,36.44,35.6,36.07,937630,33559565.0
2017-06-02,36.14,36.45,35.95,36.28,1021297,37050177.0
2017-06-05,36.38,36.38,35.9,36.29,1251377,45116712.0
2017-06-06,36.35,36.37,36.14,36.36,859260,31202391.0
2017-06-07,36.37,36.37,36.22,36.32,418700,15203299.0
2017-06-08,36.3,36.39,36.11,36.32,797911,28954781.0
2017-06-09,36.31,36.35,35.7,36.23,880200,31602164.0
2017-06-12,36.35,36.35,35.91,36.12,1146876,41421081.0
2017-06-13,36.1,36.1,35.86,36.09,960842,34596409.0
2017-06-14,36.09,36.09,35.36,36.03,967986,34735194.0
2017-06-15,36.05,36.09,35.75,36.04,876600,31495058.0
2017-06-16,36.0,39.64,35.64,39.64,5912279,225399725.0
2017-06-19,40.0,40.01,38.0,38.91,5359210,208901486.0
2017-06-20,39.12,42.49,38.6,41.87,4124927,168609711.0
2017-06-21,41.76,42.98,40.94,42.2,2505469,105685966.0
2017-06-22,42.5,42.5,40.9,41.4,3072724,127862461.0
2017-06-23,41.3,41.4,39.75,40.01,2115200,85491626.0
2017-06-26,40.41,41.41,39.8,40.88,2662524,108018273.0
2017-06-27,40.98,41.47,40.63,41.03,1046400,42987099.0
2017-06-28,41.39,41.39,40.63,41.11,740851,30383390.0
2017-06-29,41.2,41.2,40.66,40.82,852504,34874008.0
2017-06-30,40.8,41.7,40.62,41.45,991892,40775996.0
2017-07-03,40.98,42.4,40.85,42.21,1283100,53879426.0
2017-07-04,42.5,42.5,41.7,41.75,574207,24115694.0
2017-07-05,42.08,42.08,40.23,40.91,1188033,48542108.0
2017-07-06,41.21,41.21,40.23,40.75,674444,27425324.0
2017-07-07,40.94,40.94,40.1,40.83,1485706,60151111.0
2017-07-10,40.75,40.98,39.41,40.11,765083,30821370.0
2017-07-11,40.3,40.37,39.52,39.94,599301,23962776.0
2017-07-12,40.1,40.1,39.14,39.98,592805,23520232.0
2017-07-13,40.18,40.9,39.99,40.18,681950,27483445.0
2017-07-14,40.1,40.49,39.79,40.19,356600,14279960.0
2017-07-17,39.99,40.25,36.33,38.44,862000,33510192.000000004
2017-07-18,38.3,39.47,38.2,38.53,625600,24195403.0
2017-07-19,38.14,39.2,38.0,38.85,1482100,57099622.0
2017-07-20,40.39,40.79,39.31,39.47,733601,29187680.0
2017-07-21,40.0,40.0,38.79,39.07,1042392,40964297.0
2017-07-24,39.07,39.32,38.38,38.64,1323550,51438735.0
2017-07-25,38.71,39.39,38.0,39.07,1233605,48013928.0
2017-07-26,39.41,40.95,38.33,39.58,3058186,120875384.0
2017-07-27,39.6,39.65,38.0,39.03,2913950,112571445.0
2017-07-28,38.53,39.0,38.09,38.57,981900,37732230.0
2017-07-31,38.78,38.78,37.7,37.87,919725,35115479.0
2017-08-01,37.9,38.87,37.75,38.45,1204038,45999344.0
2017-08-02,38.99,38.99,34.61,37.95,2812756,104129489.0
2017-08-03,37.3,37.9,36.0,37.86,1174702,43656633.0
2017-08-04,38.09,38.18,37.66,37.78,1093900,41562233.0
2017-08-07,38.17,38.4,37.35,38.16,1561500,59308158.0
2017-08-08,38.21,38.23,37.55,37.89,782910,29749011.0
2017-08-09,38.14,38.14,35.0,37.51,1460700,53497178.0
2017-08-10,37.01,37.39,35.78,36.28,1298800,47130905.0
2017-08-11,36.3,37.0,33.03,36.4,1780977,63378024.0
2017-08-14,35.94,36.35,35.58,35.77,745331,26787480.0
2017-08-15,36.23,36.23,32.19,32.19,3687800,120296548.0
2017-08-16,28.97,28.97,28.97,28.97,660000,19120200.0
2017-08-17,26.07,31.2,26.07,28.87,10393181,290504465.0
2017-08-18,27.0,28.0,26.02,27.52,13097047,348988416.0
2017-08-21,27.12,27.33,26.65,27.16,5900668,159639163.0
2017-08-22,27.2,27.35,26.77,26.99,3935907,106238325.0
2017-08-23,27.09,27.09,26.54,26.64,3116501,83191269.0
2017-08-24,26.67,26.94,26.5,26.53,2243500,59863925.0
2017-08-25,26.41,26.75,26.4,26.72,2458700,65486486.0
2017-08-28,26.91,28.0,26.73,27.86,6588849,181504434.0
2017-08-29,27.87,28.3,27.41,28.11,4249112,118531877.0
2017-08-30,28.35,30.6,28.01,30.0,6575469,191411858.0
2017-08-31,29.88,30.97,29.4,30.02,5532931,167168189.0
2017-09-01,30.07,30.43,29.55,29.86,3591071,107537287.0
2017-09-04,29.85,30.37,29.78,29.92,2952450,88795217.0
2017-09-05,30.1,30.35,28.76,29.34,3948650,117143570.0
2017-09-06,29.07,29.46,28.55,29.0,2448449,70432460.0
2017-09-07,29.19,29.28,28.51,28.55,2022901,58358035.0
2017-09-08,28.63,30.0,28.63,29.62,3606933,106563251.0
2017-09-11,,,,,0,
2017-09-12,,,,,0,
2017-09-13,,,,,0,
2017-09-14,,,,,0,
2017-09-15,,,,,0,
2017-09-18,,,,,0,
2017-09-19,,,,,0,
2017-09-20,,,,,0,
2017-09-21,,,,,0,
2017-09-22,,,,,0,
2017-09-25,32.5,32.58,31.11,32.58,6588886,212313364.0
2017-09-26,32.0,35.0,31.72,32.98,6533344,217760376.0
2017-09-27,32.22,32.62,30.45,32.1,5315738,167328776.0
2017-09-28,31.6,31.6,30.5,30.51,4304932,132992152.99999999
2017-09-29,30.5,31.33,30.26,30.56,2785689,85892997.0
2017-10-09,30.55,31.0,29.8,30.04,3099330,93326508.0
2017-10-10,30.0,30.42,29.81,30.4,2241148,67462026.0
2017-10-11,30.55,30.8,30.04,30.38,2403626,72975013.0
2017-10-12,30.42,30.61,30.08,30.37,1924551,58329830.0
2017-10-13,30.4,30.49,30.14,30.39,1582050,47959900.0
2017-10-16,30.41,32.5,30.33,31.78,6485706,205454759.0
2017-10-17,31.48,32.26,31.11,31.72,3008730,95602176.0
2017-10-18,31.5,31.81,30.56,30.63,2254750,70174696.0
2017-10-19,30.4,30.89,29.62,29.65,2269150,68010910.0
2017-10-20,29.66,30.3,29.05,29.9,1449660,43099744.0
2017-10-23,29.65,30.39,29.65,30.0,1180877,35496275.0
2017-10-24,30.25,30.32,29.63,29.79,1421500,42389945.0
2017-10-25,29.96,30.88,29.73,30.29,2042490,62004782.0
2017-10-26,30.16,30.49,30.12,30.26,1232244,37337219.0
2017-10-27,30.28,30.74,30.22,30.5,1553003,47319331.0
2017-10-30,30.79,30.81,29.6,29.8,1596328,47784687.0
2017-10-31,29.2,29.44,29.01,29.18,1814308,53022162.0
2017-11-01,29.2,29.4,28.58,28.71,1760511,50625588.0
2017-11-02,28.69,28.69,27.36,27.38,2297463,63876562.0
2017-11-03,27.42,27.77,27.0,27.4,1011200,27715074.0
2017-11-06,27.4,27.7,27.33,27.56,650301,17879230.0
2017-11-07,27.73,27.73,27.4,27.54,597163,16453911.0
2017-11-08,27.61,27.76,27.4,27.6,701133,19327070.0
2017-11-09,27.6,27.74,27.48,27.6,599600,16546234.0
2017-11-10,27.54,27.73,27.1,27.3,871650,23861819.0
2017-11-13,27.31,27.73,26.8,27.3,812593,22141755.0
2017-11-14,27.12,27.41,26.5,26.62,1314482,35320135.0
2017-11-15,26.5,26.5,26.06,26.28,908341,23825682.0
2017-11-16,26.26,26.42,25.83,25.84,646301,16898578.0
2017-11-17,25.5,25.8,23.26,23.79,2908594,70286649.0
2017-11-20,23.51,23.85,22.61,23.52,1245340,28808845.0
2017-11-21,23.26,23.8,23.26,23.66,939401,22100159.0
2017-11-22,23.63,23.83,22.8,23.22,762243,17814914.0
2017-11-23,23.19,23.27,22.1,22.11,958543,21771943.0
2017-11-24,22.1,22.18,21.59,22.13,968201,21311523.0
2017-11-27,22.13,22.13,21.36,21.71,844500,18353919.0
2017-11-28,21.71,22.18,21.51,22.13,630644,13846122.0
2017-11-29,22.3,24.34,22.24,24.34,3081056,73733268.0
2017-11-30,24.8,26.3,24.4,24.89,3376778,85460561.0
2017-12-01,24.86,24.88,24.0,24.35,2296394,55683645.0
2017-12-04,23.98,24.14,23.18,23.68,2642484,62242808.0
2017-12-05,23.7,23.7,22.68,22.9,1847684,42466996.0
2017-12-06,22.98,23.49,22.6,23.17,1535494,35413360.0
2017-12-07,22.98,23.15,22.7,22.75,1271600,29073979.0
2017-12-08,22.73,23.0,22.63,22.92,1251484,28593931.0
2017-12-11,22.92,23.05,22.41,22.76,1156784,26200114.0
2017-12-12,22.78,23.46,22.61,22.98,1915700,44100777.0
2017-12-13,22.9,22.9,22.3,22.66,1149701,25992241.0
2017-12-14,22.7,22.88,22.55,22.77,736142,16712570.0
2017-12-15,22.73,23.5,22.32,23.12,1674341,38778449.0
2017-12-18,23.0,24.1,22.95,23.8,1862042,44009650.0
2017-12-19,23.6,23.93,23.43,23.6,1166033,27597174.0
2017-12-20,23.8,23.83,22.7,22.91,1021800,23640218.0
2017-12-21,22.78,23.05,22.35,22.93,751301,17081691.0
2017-12-22,22.9,22.9,22.5,22.52,626100,14195981.0
2017-12-25,23.0,23.96,22.99,23.36,1697494,39721738.0
2017-12-26,23.21,23.21,22.72,23.06,852000,19504287.0
2017-12-27,23.08,23.66,22.76,23.49,1322594,30842876.0
2017-12-28,23.42,23.68,23.21,23.6,1472100,34632907.0
2017-12-29,23.33,23.97,23.32,23.58,1188602,28142465.0
2018-01-02,23.5,23.8,23.16,23.46,1161944,27173343.0
2018-01-03,23.36,23.67,23.01,23.52,1291800,30346321.0
2018-01-04,23.69,25.55,23.42,24.43,3219132,79143747.0
2018-01-05,24.25,25.97,24.08,24.9,3365982,84383085.0
2018-01-08,25.15,25.28,24.5,25.12,2349129,58588932.0
2018-01-09,25.63,27.47,25.63,26.76,4283604,114841893.0
2018-01-10,26.8,27.35,26.12,26.89,3189863,85437393.0
2018-01-11,26.82,26.82,26.2,26.28,1889809,49770090.0
2018-01-12,26.29,26.9,26.23,26.46,1583906,42040753.0
2018-01-15,26.4,26.66,24.8,25.39,2164734,55924844.0
2018-01-16,25.02,26.5,25.02,26.26,1997359,51873589.0
2018-01-17,26.15,26.61,25.66,25.91,1162400,30313816.0
2018-01-18,26.43,26.43,25.78,25.8,821674,21386599.0
2018-01-19,25.64,25.97,25.31,25.41,707100,18108848.0
2018-01-22,25.29,26.6,25.29,26.1,2021600,52689192.0
2018-01-23,26.09,26.35,25.75,26.13,1313401,34155695.0
2018-01-24,25.95,26.18,25.6,25.9,1114074,28793553.0
2018-01-25,25.96,25.96,24.9,25.11,1848818,46714045.0
2018-01-26,25.5,25.5,25.03,25.18,1148175,28955436.0
2018-01-29,25.13,25.28,24.68,24.74,927200,23141126.0
2018-01-30,24.52,25.08,24.52,24.87,598544,14856141.0
2018-01-31,24.87,25.1,23.68,23.76,1023102,24847201.0
2018-02-01,23.5,24.09,21.38,22.5,1601201,36837195.0
2018-02-02,22.15,22.89,21.0,22.55,996600,22078869.0
2018-02-05,21.87,22.85,21.8,22.81,740402,16632926.0
2018-02-06,22.18,22.72,21.74,22.0,793646,17616537.0
2018-02-07,22.3,22.53,21.56,22.28,794200,17634573.0
2018-02-08,22.26,22.34,22.0,22.16,504300,11180029.0
2018-02-09,21.8,21.8,20.1,20.58,877000,18477650.0
2018-02-12,20.56,21.65,20.56,21.5,792500,16774750.0
2018-02-13,21.69,21.7,21.12,21.35,598051,12816927.0
2018-02-14,22.0,22.0,21.3,21.65,809668,17480810.0
2018-02-22,21.65,22.05,21.51,21.77,807150,17543657.0
2018-02-23,21.77,22.86,21.32,22.2,1108045,24238959.0
2018-02-26,22.4,22.65,22.28,22.53,1259102,28296748.0
2018-02-27,22.63,22.65,22.31,22.34,854595,19117761.0
2018-02-28,22.54,24.0,22.38,23.38,2899517,67764549.0
2018-03-01,22.81,23.32,22.8,23.07,1375057,31615754.0
2018-03-02,23.0,23.0,22.55,22.59,855100,19459240.0
2018-03-05,22.59,22.82,22.1,22.27,863164,19240529.0
2018-03-06,22.25,22.58,21.98,22.41,919912,20504519.0
2018-03-07,22.41,22.95,22.41,22.54,1113162,25258390.0
2018-03-08,22.5,22.67,22.26,22.41,850096,19018185.0
2018-03-09,22.5,22.5,22.1,22.46,1440901,32142438.0
2018-03-12,22.38,22.89,22.35,22.8,1564590,35420208.0
2018-03-13,22.8,22.9,22.48,22.49,1154501,26076105.0
2018-03-14,22.45,22.45,22.14,22.23,710000,15813573.0
2018-03-15,22.21,22.52,22.0,22.18,988600,21990798.0
2018-03-16,22.18,22.32,22.05,22.11,626701,13890491.0
2018-03-19,22.09,22.15,22.0,22.01,621600,13712042.0
2018-03-20,21.81,22.0,21.4,21.68,823200,17809190.0
2018-03-21,21.7,21.86,21.51,21.53,583301,12655814.0
2018-03-22,21.53,21.73,21.4,21.5,512255,11024518.0
2018-03-23,20.9,20.9,19.41,19.78,1331255,26737801.0
2018-03-26,19.3,19.3,18.08,19.1,1055537,19829626.0
2018-03-27,19.33,19.75,19.15,19.72,1228182,23879351.0
2018-03-28,19.5,19.67,19.2,19.2,823400,15982852.0
2018-03-29,19.2,20.08,19.2,19.67,1079090,21243783.0
2018-03-30,19.8,20.19,19.8,20.16,836190,16755181.0
2018-04-02,20.23,20.72,20.0,20.38,1069945,21812343.0
2018-04-03,20.06,20.39,19.8,20.25,612900,12303263.0
2018-04-04,20.4,20.57,19.71,19.8,730100,14706962.0
2018-04-09,19.79,19.8,19.05,19.26,813500,15680191.0
2018-04-10,19.29,19.59,19.19,19.46,685300,13240226.0
2018-04-11,19.66,21.41,19.62,21.41,3208605,67297419.0
2018-04-12,21.66,22.88,21.47,21.84,4955845,109651740.0
2018-04-13,21.85,21.9,20.7,20.93,2488851,52642218.0
2018-04-16,20.6,20.6,20.13,20.18,1614076,32802718.999999996
2018-04-17,20.39,20.45,19.41,19.49,1347176,26798017.0
2018-04-18,19.55,19.78,19.2,19.68,991600,19318074.0
2018-04-19,19.9,19.96,19.64,19.68,937300,18536145.0
2018-04-20,19.8,19.8,19.01,19.05,786300,15222056.0
2018-04-23,19.45,19.65,19.21,19.3,568400,11005229.0
2018-04-24,19.18,19.79,19.02,19.6,752400,14697881.0
2018-04-25,19.66,19.66,19.34,19.51,675700,13205201.0
2018-04-26,19.4,19.53,18.89,18.91,600400,11573429.0
2018-04-27,18.91,19.12,18.82,19.05,475600,9048838.0
2018-05-02,19.05,19.18,18.69,18.9,625500,11822246.0
2018-05-03,18.89,19.1,18.61,19.05,523100,9857747.0
2018-05-04,19.19,19.45,19.02,19.25,635800,12244292.0
2018-05-07,19.36,21.18,19.36,21.18,1112600,23217960.0
2018-05-08,22.6,22.6,21.16,21.18,5452586,118784059.0
2018-05-09,20.69,20.9,20.33,20.78,2682076,55213581.0
2018-05-10,20.5,22.13,20.5,21.32,3262147,70164515.0
2018-05-11,21.36,21.6,20.5,20.87,1684350,35376041.0
2018-05-14,20.91,20.97,20.38,20.59,1227996,25227230.0
2018-05-15,20.6,20.86,20.41,20.79,1095185,22638938.0
2018-05-16,20.54,20.78,20.31,20.41,1042300,21371580.0
2018-05-17,20.23,20.55,20.22,20.3,912790,18556963.0
2018-05-18,20.34,20.72,20.27,20.67,1025385,21077892.0
2018-05-21,20.99,21.09,20.66,20.9,1489095,30993850.0
2018-05-22,20.9,20.91,20.45,20.75,1059943,21834088.0
2018-05-23,20.55,21.1,20.41,20.44,986928,20463035.0
2018-05-24,20.45,20.48,20.0,20.01,815901,16496919.000000002
2018-05-25,20.04,20.13,19.78,19.8,661400,13167260.0
2018-05-28,19.81,19.81,19.26,19.37,857976,16688448.0
2018-05-29,19.28,19.58,19.28,19.5,549700,10681781.0
2018-05-30,19.39,19.39,18.5,18.54,941900,17815942.0
2018-05-31,18.67,19.15,18.67,19.04,881500,16672418.000000002
2018-06-01,19.0,19.5,18.91,19.38,930757,17965119.0
2018-06-04,19.31,19.44,19.1,19.18,586500,11276253.0
2018-06-05,19.05,19.34,19.05,19.28,526757,10119666.0
2018-06-06,19.28,19.52,19.2,19.44,634701,12278655.0
2018-06-07,19.45,19.55,18.9,18.92,742000,14209393.0
2018-06-08,18.92,19.3,18.41,19.18,1201300,22452135.0
2018-06-11,19.1,19.56,18.64,19.25,728401,13913389.0
2018-06-12,19.23,19.24,18.88,19.03,676310,12847814.0
2018-06-13,19.02,19.02,18.69,18.71,511200,9613865.0
2018-06-14,18.7,18.76,18.12,18.27,763751,14080322.0
2018-06-15,18.2,18.37,16.52,17.46,1056201,18339969.0
2018-06-19,17.17,17.17,15.71,15.76,1135843,18490961.0
2018-06-20,15.62,15.9,15.12,15.62,712500,11127196.0
2018-06-21,15.63,15.69,14.06,14.08,1816600,26512366.0
2018-06-22,14.0,14.3,13.6,13.86,2406111,33336032.0
2018-06-25,13.86,14.11,13.61,13.71,1440149,20027626.0
2018-06-26,13.59,13.96,13.2,13.86,1333700,18231711.0
2018-06-27,13.86,14.53,13.79,14.03,1993100,28162118.0
2018-06-28,13.75,14.16,13.75,13.82,1138682,15893126.0
2018-06-29,13.89,14.28,13.7,14.14,1301648,18354781.0
2018-07-02,14.14,14.71,13.83,14.01,1833949,26305220.0
2018-07-03,14.1,14.25,13.82,14.22,1156700,16275180.0
2018-07-04,14.22,14.29,13.7,13.76,994100,13871089.0
2018-07-05,13.81,13.88,13.16,13.18,887049,12019286.0
2018-07-06,13.35,13.53,13.06,13.36,1204670,16079548.0
2018-07-09,13.44,14.0,13.44,13.85,903039,12372594.0
2018-07-10,13.8,14.08,13.68,14.02,993211,13836172.0
2018-07-11,13.88,13.88,13.33,13.52,950254,12913273.0
2018-07-12,13.52,13.87,13.52,13.72,1105886,15220138.0
2018-07-13,14.29,15.09,14.29,15.09,2178292,32218449.0
2018-07-16,15.4,16.6,15.18,15.97,7184604,114469483.0
2018-07-17,15.92,15.92,15.22,15.43,3718306,57398080.0
2018-07-18,15.4,15.45,15.1,15.12,2416944,36769430.0
2018-07-19,15.01,15.12,14.62,14.86,2010250,29821875.0
2018-07-20,14.94,15.47,14.75,15.26,2550625,38940563.0
2018-07-23,15.39,16.6,15.28,16.03,3159054,50512135.0
2018-07-24,15.87,17.4,15.7,16.61,3319312,54676908.0
2018-07-25,16.51,16.79,16.04,16.11,2058832,33520989.999999996
2018-07-26,16.08,16.21,16.02,16.12,1186407,19111562.0
2018-07-27,16.0,16.12,15.8,15.86,1218114,19393774.0
2018-07-30,15.73,16.49,15.73,16.07,1548147,25011972.0
2018-07-31,16.2,16.2,15.81,15.86,933614,14863637.0
2018-08-01,16.1,16.65,16.1,16.13,2497160,40796244.0
2018-08-02,15.8,15.82,14.81,15.1,2066065,31598708.0
2018-08-03,15.0,16.5,14.92,15.38,1687219,26437282.0
2018-08-06,15.43,15.48,14.88,15.19,1341933,20359063.0
2018-08-07,15.38,15.65,15.01,15.57,1305600,20044395.0
2018-08-08,15.46,15.54,15.01,15.11,1218846,18566217.0
2018-08-09,15.0,15.46,14.91,15.35,1226207,18773650.0
2018-08-10,15.34,15.73,15.24,15.57,1308300,20298798.0
2018-08-13,15.39,15.47,15.16,15.43,776600,11877767.0
2018-08-14,15.41,15.68,15.36,15.44,823501,12780533.0
2018-08-15,15.52,15.52,15.08,15.1,892507,13619251.0
2018-08-16,14.82,15.08,14.6,14.94,1054296,15633901.0
2018-08-17,14.94,15.1,14.8,14.97,808801,12076245.0
2018-08-20,15.5,16.47,15.5,16.47,4500390,73530958.0
2018-08-21,17.0,18.12,17.0,18.12,5323399,94373672.0
2018-08-22,19.36,19.91,18.34,18.47,12224134,232328984.0
2018-08-23,17.7,19.39,17.53,18.45,8332886,153634561.0
2018-08-24,17.81,18.24,17.51,17.65,5240470,93566697.0
2018-08-27,17.99,18.4,17.7,18.09,4574219,82558001.0
2018-08-28,17.88,17.9,17.58,17.76,3513401,62286741.0
2018-08-29,17.68,17.84,17.42,17.6,2300187,40369367.0
2018-08-30,17.76,17.76,16.84,17.17,3157687,54366492.0
2018-08-31,17.18,17.25,16.58,16.77,2508508,42286594.0
2018-09-03,16.7,17.8,16.6,17.3,4077694,70612206.0
2018-09-04,17.5,18.86,17.5,18.62,6716734,122056993.0
2018-09-05,18.1,18.2,17.7,17.79,4261101,76398089.0
2018-09-06,17.4,17.95,16.96,17.88,3642200,63382407.0
2018-09-07,17.65,17.95,17.34,17.45,2463501,43497218.0
2018-09-10,17.31,17.75,17.11,17.55,2058700,35880429.0
2018-09-11,17.41,17.48,17.06,17.41,1591107,27533548.0
2018-09-12,17.3,17.4,16.87,16.89,1731202,29580996.0
2018-09-13,17.14,17.2,16.8,17.12,1533239,26082209.0
2018-09-14,17.04,18.18,16.92,17.97,3324551,58341013.0
2018-09-17,18.0,18.08,17.2,17.21,2414155,42647614.0
2018-09-18,16.79,17.58,16.61,17.34,2629798,44738650.0
2018-09-19,17.15,17.84,17.0,17.32,2456355,42702042.0
2018-09-20,17.3,17.68,17.15,17.45,2053100,35836312.0
2018-09-21,17.51,17.68,17.1,17.54,2395906,41686972.0
2018-09-25,17.5,17.84,17.25,17.74,2047754,35935030.0
2018-09-26,17.72,19.44,17.56,18.48,5750050,106593857.0
2018-09-27,18.37,19.4,18.16,18.8,5023707,94457312.0
2018-09-28,18.55,19.33,18.4,18.82,3590160,67782272.0
2018-10-08,18.4,18.59,17.68,17.97,2980600,54309505.0
2018-10-09,17.85,18.13,17.16,17.28,2884001,50663606.0
2018-10-10,17.33,17.77,17.2,17.7,2093696,36580213.0
2018-10-11,16.88,17.33,15.93,16.14,3307400,54938488.0
2018-10-12,16.19,16.5,15.0,16.24,2877560,45730133.0
2018-10-15,16.13,16.69,16.11,16.4,2017801,33228959.000000004
2018-10-16,16.69,17.39,16.6,16.9,3142800,53456594.0
2018-10-17,17.25,17.45,16.39,16.76,2221600,37408930.0
2018-10-18,16.7,16.7,15.91,15.98,1825900,29581526.0
2018-10-19,15.8,16.69,15.3,16.49,1927196,31008129.0
2018-10-22,16.51,17.55,16.51,17.13,2830238,48417049.0
2018-10-23,17.2,17.39,16.63,16.82,2263938,38381775.0
2018-10-24,16.75,17.1,16.52,16.83,1480438,24901896.0
2018-10-25,16.25,16.94,16.06,16.79,1292803,21277722.0
2018-10-26,16.82,17.08,16.66,16.79,1127659,19037730.0
2018-10-29,16.65,16.8,16.39,16.46,1080103,17845998.0
2018-10-30,16.46,17.09,16.33,17.05,2071858,34820054.0
2018-10-31,16.52,16.77,16.05,16.73,2850756,47017571.0
2018-11-01,16.7,16.87,16.42,16.55,2050254,34024911.0
2018-11-02,16.65,17.35,16.65,17.24,3965556,67595348.0
2018-11-05,17.0,17.17,16.82,17.15,2779500,47315240.0
2018-11-06,16.98,17.91,16.92,17.85,4164301,72803248.0
2018-11-07,17.8,17.81,17.4,17.51,2447200,42890684.0
2018-11-08,17.51,17.8,17.11,17.16,2267950,39563862.0
2018-11-09,17.11,17.77,17.0,17.47,2396045,41881767.0
2018-11-12,17.38,17.75,17.27,17.73,2558695,44961394.0
2018-11-13,17.32,17.73,17.28,17.57,2791416,48855203.0
2018-11-14,17.6,17.66,17.28,17.38,2097705,36645041.0
2018-11-15,17.3,17.49,17.26,17.49,1970803,34222980.0
2018-11-16,17.49,17.76,17.14,17.61,2841002,49557191.0
2018-11-19,17.61,17.68,17.3,17.51,1748871,30517441.0
2018-11-20,17.38,17.38,16.67,16.76,2562960,43538936.0
2018-11-21,16.53,16.68,16.2,16.6,1465210,24142201.0
2018-11-22,16.68,16.77,16.49,16.76,1121767,18663849.0
2018-11-23,16.56,16.87,16.0,16.03,1544525,25154983.0
2018-11-26,16.0,16.29,15.75,15.9,703900,11257402.0
2018-11-27,16.19,16.21,15.9,16.09,669960,10758182.0
2018-11-28,16.13,16.16,15.88,16.13,726410,11664973.0
2018-11-29,16.14,16.29,15.7,15.71,1079410,17235486.0
2018-11-30,15.57,15.79,15.31,15.79,1229109,19173525.0
2018-12-03,16.02,16.42,16.02,16.42,1482034,24069563.0
2018-12-04,16.47,16.7,16.24,16.59,1393357,22963596.0
2018-12-05,16.26,16.37,16.11,16.21,1096800,17828853.0
2018-12-06,16.23,16.73,16.21,16.27,1696182,27848466.0
2018-12-07,16.27,16.41,16.13,16.16,712338,11571646.0
2018-12-10,16.0,16.0,15.66,15.73,815157,12872314.0
2018-12-11,15.73,15.9,15.62,15.77,436700,6887013.0
2018-12-12,15.8,15.9,15.67,15.76,492756,7759342.0
2018-12-13,15.74,15.94,15.7,15.86,709000,11245048.0
2018-12-14,15.9,15.93,15.4,15.46,800200,12535136.0
2018-12-17,15.46,15.46,15.08,15.32,629400,9592374.0
2018-12-18,15.19,15.48,15.18,15.38,562400,8633037.0
2018-12-19,15.38,15.48,15.17,15.17,426000,6513140.0
2018-12-20,15.17,15.3,15.09,15.21,442912,6739552.0
2018-12-21,15.17,15.24,15.0,15.1,469007,7078441.0
2018-12-24,15.04,15.3,15.02,15.19,432100,6553116.0
2018-12-25,15.06,15.06,14.59,14.91,696812,10293718.0
2018-12-26,14.87,15.16,14.87,14.93,489700,7347440.0
2018-12-27,15.11,15.31,14.58,14.58,648607,9743374.0
2018-12-28,14.42,15.07,14.42,14.79,634410,9388732.0
2019-01-02,14.97,15.05,14.63,14.73,603439,8957073.0
2019-01-03,14.82,15.08,14.66,15.0,599549,8945265.0
2019-01-04,14.91,15.26,14.7,15.12,867739,13050402.0
2019-01-07,15.2,15.32,15.09,15.21,879776,13352929.0
2019-01-08,15.16,15.19,15.03,15.07,565534,8525383.0
2019-01-09,15.06,15.38,15.06,15.08,788029,11980716.0
2019-01-10,15.11,15.24,15.05,15.14,716159,10851796.0
2019-01-11,15.15,15.46,15.09,15.41,1400522,21443998.0
2019-01-14,15.4,15.41,14.93,15.08,945670,14357473.0
2019-01-15,15.1,15.18,14.96,15.17,975400,14711656.0
2019-01-16,15.05,15.16,14.98,14.99,664159,10015833.0
2019-01-17,15.02,15.02,14.8,14.82,723322,10770210.0
2019-01-18,14.76,15.11,14.76,15.02,678981,10155892.0
2019-01-21,14.98,15.14,14.96,15.02,686555,10328116.0
2019-01-22,15.22,15.5,15.03,15.06,1642055,24938833.0
2019-01-23,15.0,15.0,14.72,14.84,867343,12849713.0
2019-01-24,14.92,14.99,14.81,14.86,629559,9381807.0
2019-01-25,14.88,14.95,14.8,14.84,588624,8748403.0
2019-01-28,14.93,14.94,14.61,14.66,691727,10210889.0
2019-01-29,14.66,14.7,13.66,14.08,802005,11341509.0
2019-01-30,14.15,14.36,13.96,14.01,498801,7059416.0
2019-01-31,14.01,14.1,13.71,13.97,801327,11173124.0
2019-02-01,13.97,14.18,13.84,14.18,621800,8768899.0
2019-02-11,14.17,14.65,14.17,14.59,799193,11586084.0
2019-02-12,14.8,15.19,14.79,14.93,1453700,21777720.0
2019-02-13,14.91,15.05,14.7,14.99,1152961,17240975.0
2019-02-14,14.99,15.1,14.88,15.04,760738,11418699.0
2019-02-15,14.97,15.44,14.9,15.25,1285661,19497597.0
2019-02-18,15.25,15.64,15.14,15.63,1674607,25851960.0
2019-02-19,15.63,15.68,15.3,15.45,1246955,19261955.0
2019-02-20,15.45,15.6,15.31,15.46,1039828,16063974.0
2019-02-21,15.49,15.59,15.28,15.35,1564540,24193657.0
2019-02-22,15.35,15.56,15.1,15.51,1517263,23260744.0
2019-02-25,15.68,16.2,15.5,16.13,2789128,44326485.0
2019-02-26,16.17,16.19,15.78,15.88,3213663,51322980.0
2019-02-27,15.8,16.06,15.72,15.8,1779960,28314233.0
2019-02-28,15.74,16.77,15.74,16.47,3269537,53169414.0
2019-03-01,16.41,16.44,16.07,16.23,1805646,29291709.0
2019-03-04,16.24,17.28,16.13,16.59,3693469,61047158.0
2019-03-05,16.46,16.73,16.35,16.65,2406476,39811577.0
2019-03-06,16.65,17.05,16.55,16.84,2683254,44941974.0
2019-03-07,16.79,17.14,16.7,16.97,2697304,45586483.0
2019-03-08,16.81,16.81,15.9,15.99,3016728,49595651.0
2019-03-11,16.07,16.5,16.07,16.47,1690263,27533898.0
2019-03-12,16.6,17.04,16.53,16.92,3415815,57467482.0
2019-03-13,16.8,16.95,16.47,16.54,1835114,30655065.0
2019-03-14,16.7,16.89,16.15,16.25,2310835,38084831.0
2019-03-15,16.39,16.57,16.18,16.39,1429449,23406793.0
2019-03-18,16.48,16.8,16.36,16.8,2174269,36237776.0
2019-03-19,16.79,17.11,16.75,16.94,2331729,39443422.0
2019-03-20,17.0,17.25,16.88,17.22,3276742,56046023.0
2019-03-21,17.11,17.73,17.11,17.31,2917162,50867264.0
2019-03-22,17.21,17.51,17.01,17.46,2300977,39660235.0
2019-03-25,17.18,17.75,17.01,17.59,2955998,51644557.0
2019-03-26,17.58,17.77,16.8,16.88,2409513,41411989.0
2019-03-27,17.01,17.43,16.62,17.41,2286660,39012179.0
2019-03-28,17.22,17.58,16.81,16.87,1883086,32354947.0
2019-03-29,16.7,17.38,16.7,17.37,2314861,39767175.0
2019-04-01,17.39,17.93,17.39,17.77,2926245,51757655.0
2019-04-02,17.89,18.9,17.89,18.08,4415561,80904685.0
2019-04-03,17.82,18.5,17.82,18.18,2674189,48607795.0
2019-04-04,18.36,20.0,18.36,20.0,7484951,147779282.0
2019-04-08,20.8,21.7,20.43,21.23,10381534,219351665.0
2019-04-09,20.8,23.35,20.57,22.89,9611692,212171119.0
2019-04-10,22.28,22.86,21.0,21.89,7078869,156166713.0
2019-04-11,21.8,21.8,20.99,21.04,4267560,90683573.0
2019-04-12,20.99,22.01,20.6,21.26,3250805,68855884.0
2019-04-15,21.43,22.22,20.67,20.81,3294915,70727708.0
2019-04-16,20.66,21.25,20.05,20.96,3390241,70761212.0
2019-04-17,21.5,21.56,20.73,21.0,2978602,62901205.0
2019-04-18,20.9,20.9,20.5,20.69,2294343,47322947.0
2019-04-19,20.5,20.65,20.25,20.42,1775641,36226124.0
2019-04-22,20.66,20.87,20.13,20.35,1887610,38822473.0
2019-04-23,20.3,20.5,19.78,20.09,2298711,46041874.0
2019-04-24,20.07,20.41,19.89,20.36,1553112,31326158.0
2019-04-25,20.45,20.45,19.37,19.38,2460179,48725173.0
2019-04-26,19.44,19.44,18.5,18.98,2395365,45419578.0
2019-04-29,19.18,19.18,17.6,18.49,1613642,29839407.0
2019-04-30,18.5,19.15,18.0,19.1,1671936,31487639.0
2019-05-06,18.33,18.5,17.19,17.19,2717554,47717711.0
2019-05-07,17.18,17.54,17.0,17.45,1776879,30724821.0
2019-05-08,16.86,17.76,16.55,17.32,1411482,24470064.0
2019-05-09,17.25,17.7,17.02,17.32,1199184,20904518.0
2019-05-10,17.48,18.12,17.1,18.02,2064207,36773050.0
2019-05-13,17.78,19.07,17.78,18.36,1822546,33949489.0
2019-05-14,18.03,18.57,17.9,18.04,1187200,21602696.0
2019-05-15,18.1,18.65,18.1,18.46,1227800,22621737.0
2019-05-16,18.48,18.8,18.0,18.24,1026900,18767799.0
2019-05-17,18.15,18.24,17.0,17.08,1879199,32931440.000000004
2019-05-20,17.1,18.25,16.0,17.87,1643614,28471412.0
2019-05-21,17.7,18.11,17.11,17.9,1488099,26473421.0
2019-05-22,17.8,17.9,17.4,17.47,1325804,23336123.0
2019-05-23,17.23,17.49,16.61,17.35,1410899,23973228.0
2019-05-24,17.08,17.44,17.05,17.15,824300,14212136.0
2019-05-27,17.16,17.62,17.11,17.53,1041168,18121959.0
2019-05-28,17.56,18.04,17.23,17.42,1127410,19890553.0
2019-05-29,17.25,17.79,16.31,17.52,982967,17115688.0
2019-05-30,17.69,17.95,17.02,17.51,1108967,19307844.0
2019-05-31,17.47,17.69,17.23,17.58,772421,13494825.0
2019-06-03,17.69,17.69,16.78,16.78,1404103,24021080.0
2019-06-04,16.95,16.99,16.35,16.55,1128100,18856599.0
2019-06-05,16.63,16.94,16.48,16.63,1034784,17281135.0
2019-06-06,16.79,16.79,16.31,16.43,610542,10078466.0
2019-06-10,16.5,16.74,16.23,16.44,617925,10117034.0
2019-06-11,16.72,17.19,16.24,17.04,1154800,19580512.0
2019-06-12,17.1,17.1,16.76,16.81,814853,13773678.0
2019-06-13,16.61,17.1,16.36,17.0,969826,16349906.0
2019-06-14,17.01,17.06,16.64,16.68,1052076,17687035.0
2019-06-17,16.68,17.2,16.5,16.72,877975,14685411.0
2019-06-18,16.97,16.97,16.56,16.7,592400,9879709.0
2019-06-19,16.86,17.1,16.77,17.06,1036833,17613839.0
2019-06-20,17.0,17.41,16.72,17.2,1203297,20627409.0
2019-06-21,17.18,17.9,17.18,17.74,1892419,33326317.000000004
2019-06-24,17.66,18.01,17.32,17.9,1429495,25368273.0
2019-06-25,17.99,17.99,17.5,17.72,995218,17621179.0
2019-06-26,17.8,19.0,17.11,18.15,2264699,40931752.0
2019-06-27,18.32,18.32,17.88,17.97,1074145,19430149.0
2019-06-28,17.9,18.48,17.45,17.45,1126075,19952958.0
2019-07-01,17.88,18.19,17.47,17.95,1449350,25957268.0
2019-07-02,17.96,18.32,17.69,17.75,1256050,22460147.0
2019-07-03,17.72,18.09,17.41,17.83,1204250,21422507.0
2019-07-04,17.91,18.07,17.61,17.74,912110,16201099.0
2019-07-05,17.7,17.81,17.56,17.74,1008708,17821996.0
2019-07-08,17.83,17.83,17.19,17.4,1280658,22301109.0
2019-07-09,17.17,17.58,16.99,17.51,853764,14778870.0
2019-07-10,17.5,17.87,17.36,17.62,684750,12095706.0
2019-07-11,17.63,17.94,17.52,17.91,1454377,25922527.0
2019-07-12,17.99,17.99,17.55,17.67,1291335,22853488.0
2019-07-15,17.55,17.83,17.31,17.8,1164544,20459997.0
2019-07-16,17.63,18.17,17.47,18.17,1840570,33032549.0
2019-07-17,17.99,18.49,17.78,18.22,2367491,43234053.0
2019-07-18,18.04,18.55,17.92,18.55,2508910,46037683.0
2019-07-19,18.56,18.7,18.36,18.7,2136490,39621787.0
2019-07-22,18.84,18.99,18.31,18.32,2187358,40688616.0
2019-07-23,17.3,18.5,16.98,18.48,3218936,57080680.0
2019-07-24,18.34,18.8,18.12,18.46,2061542,38289889.0
2019-07-25,18.58,18.66,18.31,18.45,1177604,21703282.0
2019-07-26,18.39,18.84,17.75,18.72,2108759,38959467.0
2019-07-29,18.71,19.77,18.51,19.5,2659457,50574209.0
2019-07-30,19.53,19.91,19.3,19.71,1761050,34618156.0
2019-07-31,19.71,20.39,19.26,19.3,1804495,35270598.0
2019-08-01,19.32,19.49,19.11,19.46,1067783,20620353.0
2019-08-02,19.3,19.3,18.93,19.15,1004118,19193178.0
2019-08-05,19.2,19.43,18.69,18.97,1347700,25644237.0
2019-08-06,18.5,18.95,17.98,18.79,1877165,34548797.0
2019-08-07,18.47,18.8,18.04,18.44,1548500,28466674.0
2019-08-08,18.67,18.76,18.1,18.24,1394501,25620350.0
2019-08-09,18.47,18.47,17.52,17.68,1874690,33530165.999999996
2019-08-12,17.68,17.83,17.5,17.74,1714430,30324997.0
2019-08-13,17.74,17.75,17.3,17.52,644300,11262246.0
2019-08-14,17.75,17.8,17.32,17.56,1556075,27392214.0
2019-08-15,17.38,17.57,17.07,17.48,973477,16850595.0
2019-08-16,17.34,17.79,17.34,17.69,1509091,26663122.0
2019-08-19,17.69,18.04,17.6,17.95,2209122,39355595.0
2019-08-20,17.99,18.08,17.72,17.81,963500,17200165.0
2019-08-21,17.95,17.95,17.58,17.62,885878,15689848.0
2019-08-22,17.62,17.73,17.6,17.69,886300,15662093.0
2019-08-23,17.69,17.97,17.63,17.73,1148991,20471622.0
2019-08-26,17.49,17.67,17.2,17.58,708100,12368929.0
2019-08-27,17.66,17.86,17.55,17.73,1165900,20700800.0
2019-08-28,17.6,17.87,17.6,17.75,866778,15369886.0
2019-08-29,17.75,17.81,17.64,17.64,1029801,18234131.0
2019-08-30,17.6,17.84,17.31,17.64,1786275,31362822.0
2019-09-02,17.54,17.83,17.33,17.74,1566000,27603494.0
2019-09-03,17.64,17.78,17.55,17.78,850400,14999887.0
2019-09-04,17.86,18.2,17.76,17.91,1942301,34924769.0
2019-09-05,17.9,18.17,17.74,17.94,1803100,32325399.0
2019-09-06,17.94,18.09,17.8,17.87,1507802,26981098.0
2019-09-09,17.97,18.1,17.75,17.88,1410400,25262763.0
2019-09-10,17.9,17.95,17.76,17.87,1245683,22241513.0
2019-09-11,17.94,18.72,17.93,18.56,4271052,78228788.0
2019-09-12,18.5,18.5,18.15,18.3,2628871,47990909.0
2019-09-16,18.43,18.43,18.01,18.17,1698100,30772940.0
2019-09-17,18.1,18.16,17.98,18.11,1078575,19461525.0
2019-09-18,18.1,18.34,18.07,18.3,1503375,27423132.0
2019-09-19,18.3,18.56,18.15,18.44,1819376,33318591.999999996
2019-09-20,18.44,18.69,18.2,18.59,2076201,38525273.0
2019-09-23,18.65,18.66,18.2,18.35,1533526,28128475.0
2019-09-24,18.35,18.78,18.11,18.6,1800668,33297561.0
2019-09-25,18.7,18.7,18.31,18.48,1114750,20611205.0
2019-09-26,18.33,18.57,18.14,18.14,1143101,20882048.0
2019-09-27,18.0,18.35,17.95,18.16,1118600,20254148.0
2019-09-30,18.1,18.77,18.0,18.51,2427601,44886375.0
2019-10-08,18.36,18.7,18.2,18.52,1512679,28008762.0
2019-10-09,18.35,18.74,18.01,18.55,1912700,35240174.0
2019-10-10,18.55,18.77,18.43,18.65,1930900,35878519.0
2019-10-11,18.73,18.76,18.4,18.53,1877400,34895848.0
2019-10-14,18.54,18.71,18.38,18.55,1504500,27941581.0
2019-10-15,18.62,18.62,18.27,18.37,1259339,23119002.0
2019-10-16,18.58,18.66,18.28,18.37,1192299,21997578.0
2019-10-17,18.28,18.37,18.05,18.19,1217100,22100607.0
2019-10-18,18.29,18.31,17.99,18.18,1176350,21338377.0
2019-10-21,18.0,18.22,17.81,17.97,815399,14586759.0
2019-10-22,18.0,18.09,17.77,18.02,777950,13954305.0
2019-10-23,18.03,18.09,17.82,17.92,511900,9180178.0
2019-10-24,17.95,18.08,17.86,18.02,1074900,19361079.0
2019-10-25,18.08,18.17,17.89,18.08,1042900,18820833.0
2019-10-28,18.0,18.75,17.94,18.39,1136350,20892881.0
2019-10-29,18.42,18.47,18.2,18.39,953065,17472187.0
2019-10-30,18.39,18.47,18.17,18.42,682300,12497831.0
2019-10-31,18.28,18.59,18.17,18.44,901800,16607562.999999998
2019-11-01,18.39,18.59,18.26,18.5,843500,15588629.0
2019-11-04,18.6,19.19,18.54,18.7,1995901,37338740.0
2019-11-05,18.8,18.92,18.57,18.81,1233000,23171438.0
2019-11-06,18.8,19.16,18.71,18.84,1541000,29139753.0
2019-11-07,18.81,18.99,18.71,18.9,2337100,43997751.0
2019-11-08,19.2,19.4,18.69,19.1,2013168,38272999.0
2019-11-11,19.0,19.05,18.6,19.05,1792960,33639253.0
2019-11-12,19.07,19.19,18.62,18.85,1877401,35357411.0
2019-11-13,18.61,18.94,18.59,18.84,1152400,21667409.0
2019-11-14,18.71,18.92,18.68,18.76,770043,14455143.0
2019-11-15,18.78,18.86,18.41,18.8,1700543,31827266.0
2019-11-18,18.68,18.68,17.99,18.5,1620200,29576626.0
2019-11-19,18.23,19.2,17.98,18.77,3074039,56575538.0
2019-11-20,18.53,18.59,18.01,18.02,2177700,39692947.0
2019-11-21,17.82,18.09,17.46,17.75,2311901,41166861.0
2019-11-22,17.61,17.81,17.37,17.41,1994000,34830338.0
2019-11-25,17.41,17.41,16.83,16.98,1258110,21367660.0
2019-11-26,17.1,17.18,16.95,17.0,1034800,17666008.0
2019-11-27,17.0,17.0,16.6,16.95,977000,16430001.0
2019-11-28,16.95,17.26,16.81,16.95,630000,10743244.0
2019-11-29,17.0,17.0,16.62,16.8,562338,9406089.0
2019-12-02,16.79,16.94,16.62,16.72,582900,9758753.0
2019-12-03,16.78,16.78,16.5,16.5,1102900,18283879.0
2019-12-04,16.55,16.67,16.18,16.48,1450638,23786163.0
2019-12-05,16.45,16.53,16.18,16.36,1067600,17413245.0
2019-12-06,16.35,16.35,16.11,16.23,983500,15961915.0
2019-12-09,16.25,16.4,16.19,16.24,1208100,19672493.0
2019-12-10,16.27,16.27,16.17,16.25,672600,10920166.0
2019-12-11,16.31,16.58,16.29,16.34,1725131,28256272.0
2019-12-12,16.34,16.45,16.01,16.13,1116800,18093063.0
2019-12-13,16.29,16.29,16.12,16.21,981291,15898492.0
2019-12-16,16.27,16.48,16.23,16.28,1199140,19589509.0
2019-12-17,16.31,16.45,16.2,16.45,1672610,27313741.0
2019-12-18,16.45,16.46,16.28,16.31,1032000,16891296.0
2019-12-19,16.33,16.39,16.28,16.32,803300,13121884.0
2019-12-20,16.32,16.65,16.28,16.42,1716700,28274113.0
2019-12-23,16.42,16.46,16.03,16.03,1245390,20158233.0
2019-12-24,16.03,16.18,16.0,16.14,576400,9274516.0
2019-12-25,16.14,16.18,16.05,16.11,488800,7871270.0
2019-12-26,16.14,16.21,16.05,16.17,562000,9065254.0
2019-12-27,16.12,16.2,16.1,16.11,522500,8441217.0
2019-12-30,16.11,16.26,15.5,16.01,1033978,16538011.999999998
2019-12-31,16.18,16.18,16.01,16.13,840228,13515135.0
2020-01-02,16.17,16.38,16.17,16.23,1185729,19286903.0
2020-01-03,16.22,16.26,16.12,16.25,1047849,16964125.0
2020-01-06,16.2,16.33,16.1,16.28,1279321,20741149.0
2020-01-07,16.25,16.33,16.23,16.32,1430000,23282115.0
2020-01-08,16.29,16.32,16.23,16.26,1405328,22875722.0
2020-01-09,16.29,16.61,16.29,16.52,2387259,39263401.0
2020-01-10,16.56,16.56,16.32,16.36,992121,16245781.0
2020-01-13,16.32,16.44,16.12,16.42,1073120,17475683.0
2020-01-14,16.42,16.67,16.31,16.63,1769700,29269547.0
2020-01-15,16.65,16.91,16.58,16.85,2098800,35232184.0
2020-01-16,16.71,17.33,16.71,17.33,3101045,52758183.0
2020-01-17,17.15,18.08,17.15,17.46,4762036,84105944.0
2020-01-20,17.37,17.46,16.06,16.43,2903746,48349217.0
2020-01-21,16.35,16.45,16.08,16.08,1492610,24106660.0
2020-01-22,16.1,16.12,15.1,15.63,1689600,26464742.0
2020-01-23,15.78,15.78,14.88,15.12,1264850,19313448.0
2020-02-03,13.63,13.63,13.61,13.61,291600,3969868.0
2020-02-04,12.28,12.82,12.25,12.47,2508801,31395737.0
2020-02-05,12.59,12.81,12.5,12.6,1126070,14273806.0
2020-02-06,12.69,12.95,12.36,12.82,1041444,13183596.0
2020-02-07,12.82,13.14,12.65,13.09,884314,11479131.0
2020-02-10,13.09,13.65,13.09,13.59,1061531,14275750.0
2020-02-11,13.54,13.77,13.46,13.52,836121,11347846.0
2020-02-12,13.52,13.66,13.43,13.66,606230,8218053.0
2020-02-13,13.66,13.91,13.12,13.57,1834231,24923600.0
2020-02-14,13.58,13.64,13.41,13.45,819400,11067157.0
2020-02-17,13.38,13.77,13.38,13.72,1091170,14880355.0
2020-02-18,13.72,13.91,13.68,13.8,927400,12789940.0
2020-02-19,13.84,13.99,12.43,13.83,1238770,16706492.999999998
2020-02-20,13.62,14.3,13.56,14.22,1849927,25878903.0
2020-02-21,14.2,14.35,14.1,14.18,1275800,18126869.0
2020-02-24,14.17,14.27,13.85,14.05,1179924,16538560.000000002
2020-02-25,13.88,13.94,13.46,13.87,1587653,21760387.0
2020-02-26,13.67,14.13,13.57,13.77,1134700,15790476.0
2020-02-27,13.96,14.05,13.74,13.8,1079750,14985466.0
2020-02-28,13.56,13.64,13.01,13.12,1420301,18915259.0
2020-03-02,13.14,14.38,13.14,13.55,1269123,17370376.0
2020-03-03,13.76,13.79,13.4,13.53,1032297,14072874.0
2020-03-04,13.44,13.7,13.37,13.65,1014675,13782754.0
2020-03-05,13.89,14.34,13.77,14.17,2147022,30317799.0
2020-03-06,14.01,14.69,13.89,14.46,2253555,32333364.0
2020-03-09,14.5,14.5,14.01,14.01,1763592,25112168.0
2020-03-10,13.71,14.22,13.51,14.1,1535726,21260252.0
2020-03-11,14.2,14.38,14.04,14.15,1316306,18692815.0
2020-03-12,13.97,14.1,13.53,13.79,1272700,17550718.0
2020-03-13,13.21,13.8,13.12,13.8,1297760,17486858.0
2020-03-16,13.8,13.97,13.18,13.18,1573891,21373600.0
2020-03-17,13.26,13.26,12.65,13.02,1050456,13619494.0
2020-03-18,13.02,13.59,12.77,12.8,1367003,18060747.0
2020-03-19,12.8,13.1,12.6,12.86,900146,11555770.0
2020-03-20,13.07,13.43,12.98,13.38,1204004,15927303.0
2020-03-23,13.3,13.99,13.19,13.73,2635441,36022137.0
2020-03-24,13.7,14.07,13.61,14.0,2020542,27961844.0
2020-03-25,14.05,14.23,13.91,14.11,1220490,17183848.0
2020-03-26,14.11,14.19,13.66,13.9,798795,11127790.0
2020-03-27,13.93,14.07,13.51,13.8,1898700,26040463.0
2020-03-30,13.7,13.9,13.2,13.3,1328587,17781194.0
2020-03-31,13.39,13.46,13.13,13.25,842900,11184300.0
2020-04-01,13.29,13.41,13.14,13.26,903000,12003494.0
2020-04-02,13.19,13.65,12.81,13.65,1583306,21207287.0
2020-04-03,13.67,14.1,13.6,13.88,2345428,32541569.0
2020-04-07,13.98,14.18,13.86,14.1,2244284,31500562.0
2020-04-08,14.0,15.51,13.99,15.51,6493488,96869102.0
2020-04-09,15.2,15.35,14.5,14.67,5951635,88308810.0
2020-04-10,14.62,14.62,14.1,14.24,2983071,42608902.0
2020-04-13,14.24,14.48,13.76,13.81,2622508,36852069.0
2020-04-14,13.66,13.99,13.57,13.9,1468913,20315295.0
2020-04-15,13.82,13.98,13.51,13.51,1911080,26250736.0
2020-04-16,13.3,13.68,13.3,13.59,1054833,14237796.0
2020-04-17,13.5,13.72,13.5,13.54,1009900,13765890.0
2020-04-20,13.57,13.76,13.5,13.71,945793,12898938.0
2020-04-21,13.72,14.1,13.63,13.97,1644175,22877884.0
2020-04-22,13.8,13.98,13.61,13.72,1228936,16862894.0
2020-04-23,13.61,13.73,13.55,13.59,1068658,14553520.0
2020-04-24,13.55,13.88,13.43,13.64,1438562,19674611.0
2020-04-27,13.53,14.04,13.53,13.87,1727932,23870675.0
2020-04-28,13.87,14.26,13.6,14.15,2557664,35873484.0
2020-04-29,14.15,14.33,14.02,14.2,1644517,23379683.0
2020-04-30,14.2,14.35,14.03,14.23,1775300,25157760.0
2020-05-06,14.1,15.05,14.02,15.04,2646544,38639432.0
2020-05-07,15.0,16.18,14.9,16.18,3154832,48783973.0
2020-05-08,16.27,16.66,15.1,15.8,9656513,156784981.0
2020-05-11,14.22,15.5,14.22,14.31,6297517,90489699.0
2020-05-12,14.12,14.2,13.87,14.0,2589619,36370774.0
2020-05-13,13.88,14.15,13.71,14.03,1667600,23278135.0
2020-05-14,14.0,14.18,13.95,14.15,1372401,19292027.0
2020-05-15,14.18,14.27,14.0,14.0,1358229,19115329.0
2020-05-18,14.1,14.27,13.95,14.08,1804210,25398720.0
2020-05-19,14.09,14.23,14.01,14.13,991450,13966017.0
2020-05-20,14.09,14.17,13.86,13.88,1406800,19639296.0
2020-05-21,13.9,14.1,13.89,13.91,974399,13630275.0
2020-05-22,13.82,14.05,13.8,13.94,794299,11060980.0
2020-05-25,13.83,14.05,13.83,13.9,576700,8022133.0
2020-05-26,13.9,14.04,13.9,14.0,686300,9587113.0
2020-05-27,13.99,14.13,13.89,14.07,981601,13747063.0
2020-05-28,14.1,14.63,14.07,14.49,2046765,29447177.0
2020-05-29,14.38,15.06,14.38,14.99,2637931,39089455.0
2020-06-01,15.0,15.1,14.49,14.7,2275301,33409832.000000004
2020-06-02,14.65,14.77,14.56,14.77,1308543,19213269.0
2020-06-03,14.78,14.95,14.52,14.53,1565101,23083321.0
2020-06-04,14.69,14.69,14.34,14.46,1179000,17023348.0
2020-06-05,14.4,14.52,14.4,14.44,730100,10558207.0
2020-06-08,14.48,14.95,14.32,14.95,1942750,28560161.0
2020-06-09,14.88,15.03,14.68,14.78,1148830,16987299.0
2020-06-10,14.78,15.0,14.72,14.85,1427700,21240338.0
2020-06-11,14.83,14.85,14.4,14.64,1253400,18354843.0
2020-06-12,14.25,14.94,14.25,14.71,1195150,17515174.0
2020-06-15,10.4,10.69,10.31,10.41,832900,8751450.0
2020-06-16,10.45,10.55,10.37,10.42,1401212,14590055.0
2020-06-17,10.41,10.6,10.37,10.51,1259142,13213820.0
2020-06-18,10.47,10.93,10.43,10.75,2316830,24828138.0
2020-06-19,10.66,10.97,10.6,10.75,2048270,22001035.0
2020-06-22,10.73,10.9,10.65,10.67,1489109,15990558.0
2020-06-23,10.63,10.71,10.48,10.54,1436450,15122895.0
2020-06-24,10.5,10.84,10.48,10.61,2202260,23479704.0
2020-06-29,10.55,10.64,10.38,10.56,1403471,14731340.0
2020-06-30,10.56,10.79,10.52,10.68,1215180,12970846.0
2020-07-01,10.7,10.75,10.58,10.67,1332632,14180400.0
2020-07-02,10.69,10.75,10.58,10.7,1270360,13531296.0
2020-07-03,10.64,10.77,10.62,10.75,1640480,17554912.0
2020-07-06,10.75,11.05,10.73,10.98,2531600,27692570.0
2020-07-07,11.1,11.24,10.86,11.03,3154575,34973796.0
2020-07-08,11.04,11.39,10.99,11.26,2721641,30523423.0
2020-07-09,11.43,11.43,11.11,11.28,3436944,38611577.0
2020-07-10,11.32,11.47,11.0,11.03,3382007,38163059.0
2020-07-13,11.1,11.39,11.08,11.3,3107000,35024790.0
2020-07-14,11.34,11.64,11.27,11.53,4055384,46293718.0
2020-07-15,11.56,11.65,11.11,11.11,2750927,31172799.0
2020-07-16,11.17,11.28,10.58,10.69,2553958,28089609.0
2020-07-17,10.68,10.87,10.54,10.8,1580468,16979911.0
2020-07-20,10.9,11.6,10.9,11.43,4334551,49333644.0
2020-07-21,11.53,11.59,11.35,11.5,2712820,31056491.0
2020-07-22,11.53,11.58,11.28,11.29,2041454,23316502.0
2020-07-23,11.28,11.28,10.71,11.16,1753060,19354432.0
2020-07-24,11.25,11.25,10.62,11.0,2283907,24858561.0
2020-07-27,10.89,10.89,10.62,10.76,1557270,16717311.000000002
2020-07-28,10.85,11.21,10.74,11.02,1999581,22035205.0
2020-07-29,11.0,11.19,10.86,11.06,1556120,17142240.0
2020-07-30,11.1,11.2,10.98,11.14,1336640,14847346.0
2020-07-31,11.03,11.3,11.03,11.16,1393400,15569715.0
2020-08-03,11.15,11.6,11.1,11.49,2656042,30328228.0
2020-08-04,11.5,12.49,11.5,12.0,6224681,74525280.0
2020-08-05,12.0,12.29,11.7,12.05,3967640,47610313.0
2020-08-06,12.08,12.21,11.72,11.79,2400260,28533849.0
2020-08-07,11.67,11.87,11.51,11.78,1618640,18914707.0
2020-08-10,11.71,11.96,11.63,11.73,1172240,13846120.0
2020-08-11,11.9,11.91,11.42,11.46,1604791,18634034.0
2020-08-12,11.43,11.58,11.14,11.41,1304175,14701293.0
2020-08-13,11.38,11.64,11.32,11.39,874480,10007664.0
2020-08-14,11.39,11.49,11.26,11.36,1103820,12521251.0
2020-08-17,11.36,11.48,11.19,11.48,1063890,12077368.0
2020-08-18,11.48,11.57,11.4,11.57,818400,9416147.0
2020-08-19,11.57,11.62,11.31,11.34,822180,9414317.0
2020-08-20,11.34,11.4,11.19,11.3,682116,7694570.0
2020-08-21,11.3,11.61,11.3,11.5,1899790,21692358.0
2020-08-24,11.61,11.75,11.39,11.58,2125964,24551210.0
2020-08-25,11.6,11.66,11.45,11.46,1285981,14798641.0
2020-08-26,11.4,11.5,10.93,11.1,1935219,21655969.0
2020-08-27,11.14,11.37,10.91,11.32,1089080,12264027.0
2020-08-28,11.42,11.44,11.15,11.22,880880,9928425.0
2020-08-31,11.17,11.52,11.07,11.19,2149460,24247322.0
2020-09-01,11.11,11.15,10.92,11.01,1818461,20007041.0
2020-09-02,11.06,11.1,10.89,11.03,980530,10783775.0
2020-09-03,11.03,11.1,10.94,11.0,1075900,11855381.0
2020-09-04,10.88,11.59,10.74,11.45,2814196,31740672.0
2020-09-07,11.44,11.51,11.2,11.33,1461419,16619295.999999998
2020-09-08,11.33,11.55,11.17,11.54,1574430,17896348.0
2020-09-09,11.52,11.69,11.16,11.37,2738700,31299866.0
2020-09-10,11.55,11.59,11.01,11.19,1939517,21848822.0
2020-09-11,11.04,11.67,11.03,11.47,1981000,22532506.0
2020-09-14,11.68,11.95,11.44,11.61,3461202,40481736.0
2020-09-15,11.6,11.7,11.46,11.54,1107837,12829091.0
2020-09-16,11.54,11.68,11.48,11.6,1083298,12525595.0
2020-09-17,11.4,11.84,11.4,11.74,1801420,21089834.0
2020-09-18,11.73,11.73,11.55,11.66,1089018,12662670.0
2020-09-21,11.61,11.69,11.31,11.37,1783467,20443851.0
2020-09-22,11.35,11.35,11.12,11.2,972800,10930321.0
2020-09-23,11.22,11.36,11.15,11.16,651880,7302057.0
2020-09-24,11.06,11.2,11.02,11.05,780700,8669644.0
2020-09-25,11.13,11.21,10.98,11.11,820940,9122606.0
2020-09-28,11.09,11.13,10.96,10.98,468320,5167574.0
2020-09-29,10.98,11.03,10.78,10.88,934942,10157440.0
2020-09-30,10.83,10.93,10.66,10.86,1031460,11152054.0
2020-10-09,10.94,11.23,10.88,11.16,1321541,14636035.0
2020-10-12,11.16,11.29,11.11,11.18,815052,9126302.0
2020-10-13,11.18,11.3,11.01,11.07,658060,7287150.0
2020-10-14,11.17,11.17,10.87,10.9,508000,5554145.0
2020-10-15,10.88,10.9,10.4,10.69,1672465,17843238.0
2020-10-16,10.65,10.98,10.54,10.82,1122310,12124700.0
2020-10-19,10.95,10.95,10.69,10.72,492860,5308064.0
2020-10-20,10.64,10.74,10.58,10.72,386940,4131872.9999999995
2020-10-21,10.73,10.82,10.4,10.58,1086560,11408603.0
2020-10-22,10.45,10.58,10.31,10.35,967800,10043728.0
2020-10-23,10.44,10.51,10.2,10.25,836460,8628168.0
2020-10-26,10.5,10.5,10.13,10.26,575180,5891025.0
2020-10-27,10.2,10.34,10.1,10.29,658086,6702675.0
2020-10-28,10.29,10.35,10.02,10.24,827406,8421222.0
2020-10-29,10.03,10.3,10.03,10.24,513160,5239877.0
2020-10-30,10.16,10.34,9.9,9.91,881027,8837593.0
2020-11-02,9.91,9.96,9.58,9.62,1339680,13088629.0
2020-11-03,9.88,10.04,9.56,10.02,692360,6837185.0
2020-11-04,10.09,10.12,9.9,9.97,590020,5873577.0
2020-11-05,9.99,10.17,9.89,9.96,695880,6951244.0
2020-11-06,10.05,10.08,9.6,9.71,1002906,9790003.0
2020-11-09,9.71,9.98,9.5,9.88,1649360,16191660.0
2020-11-10,9.86,9.89,9.6,9.63,1200080,11676543.0
2020-11-11,9.63,9.7,9.39,9.49,1240240,11757972.0
2020-11-12,9.49,9.58,9.39,9.5,702520,6670638.0
2020-11-13,9.5,9.68,9.42,9.51,757940,7196298.0
2020-11-16,9.57,9.6,9.51,9.57,807350,7717617.0
2020-11-17,9.61,9.69,9.57,9.58,1500980,14438204.0
2020-11-18,9.52,9.88,9.52,9.77,1624080,15826815.0
2020-11-19,9.7,10.08,9.62,9.86,2156601,21467673.0
2020-11-20,9.91,9.91,9.73,9.75,1304800,12774097.0
2020-11-23,9.79,9.97,9.6,9.85,2149680,21059723.0
2020-11-24,9.83,9.94,9.69,9.69,1410040,13785959.0
2020-11-25,9.71,9.75,9.53,9.53,1064461,10227522.0
2020-11-26,9.53,9.57,9.47,9.55,1094620,10412638.0
2020-11-27,9.55,9.66,9.45,9.55,2501660,23844521.0
2020-11-30,9.56,9.65,9.52,9.6,790820,7588886.0
2020-12-01,9.6,9.82,9.5,9.76,1374740,13360034.0
2020-12-02,9.76,9.83,9.66,9.68,832460,8095105.0
2020-12-03,9.73,9.73,9.56,9.64,700260,6728952.0
2020-12-04,9.65,9.68,9.57,9.66,673640,6485890.0
2020-12-07,9.66,9.68,9.51,9.55,657320,6307331.0
2020-12-08,9.56,9.61,9.5,9.5,599920,5720367.0
2020-12-09,9.55,9.6,9.43,9.47,707200,6722646.0
2020-12-10,9.42,9.46,9.22,9.36,746277,6979568.0
2020-12-11,9.36,9.36,8.86,9.0,1865600,16822395.0
2020-12-14,9.09,9.09,8.91,9.07,1028080,9292920.0
2020-12-15,9.06,9.06,8.85,8.87,1452600,12987983.0
2020-12-16,8.86,8.96,8.49,8.65,1709120,14778589.0
2020-12-17,8.6,8.77,8.38,8.66,1609080,13707673.0
2020-12-18,8.68,8.83,8.52,8.69,1391280,12021186.0
2020-12-21,8.73,8.73,8.4,8.55,2553340,21769329.0
2020-12-22,8.55,8.57,8.31,8.36,1487080,12510982.0
2020-12-23,8.35,8.45,7.91,7.98,2437975,19909924.0
2020-12-24,8.01,8.14,7.72,7.92,2020500,15997792.0
2020-12-25,7.89,8.3,7.86,8.16,1490020,12111498.0
2020-12-28,8.17,8.21,7.91,7.91,1374594,10974440.0
2020-12-29,8.01,8.33,7.97,8.25,2311680,18913138.0
2020-12-30,8.4,8.5,8.13,8.13,2090420,17332085.0
2020-12-31,8.19,8.19,8.0,8.06,1508062,12179873.0
2021-01-04,8.08,8.25,8.0,8.24,1611400,13140346.0
2021-01-05,8.24,8.35,8.17,8.2,1320440,10884456.0
2021-01-06,8.24,9.02,8.24,9.02,4169637,37244547.0
2021-01-07,9.19,9.92,8.49,9.92,10750810,99612665.0
2021-01-08,10.1,10.91,10.02,10.91,4949298,52770116.0
2021-01-11,10.88,12.0,9.83,12.0,20464795,239196051.0
2021-01-12,12.95,13.2,12.93,13.2,5168588,67562109.0
2021-01-13,13.99,14.52,13.69,14.52,19435885,275965892.0
2021-01-14,15.6,15.97,14.82,15.97,26150514,410692031.0
2021-01-15,16.7,17.57,16.29,17.57,14658307,251236835.0
2021-01-18,19.0,19.33,18.6,19.33,7262020,138921511.0
2021-01-19,20.97,21.26,19.53,21.26,39578202,819827513.0
2021-01-20,20.77,20.79,19.25,19.7,32459153,650064602.0
2021-01-21,19.5,20.0,18.53,18.85,34772679,664032662.0
2021-01-22,18.6,19.3,18.04,19.08,28911151,540559465.0
2021-01-25,17.17,17.3,17.17,17.17,8330200,143042000.0
2021-01-26,15.8,16.47,15.45,15.45,33287707,526296334.99999994
2021-01-27,15.38,15.99,15.1,15.81,26139743,409056588.0
2021-01-28,15.13,17.28,15.12,15.94,33438462,538029734.0
2021-01-29,15.36,15.68,14.35,14.35,29762272,442729406.0
2021-02-01,14.35,15.09,13.95,15.05,21301573,311064202.0
2021-02-02,14.78,15.46,13.93,14.76,22162225,322744787.0
2021-02-03,14.55,15.8,14.14,15.16,27370385,410592768.0
2021-02-04,14.92,16.68,14.5,16.68,36579103,578174109.0
2021-02-05,16.33,16.6,15.01,15.01,16149299,248076243.0
2021-02-08,13.51,13.51,13.51,13.51,2080600,28108906.0
2021-02-09,12.16,12.94,12.16,12.32,20666521,254214369.0
2021-02-10,12.1,12.12,11.14,11.24,25418553,296628446.0
2021-02-18,11.33,11.99,11.24,11.75,17459624,202810630.0
2021-02-19,11.7,12.54,11.55,12.4,19782395,241384315.0
2021-02-22,12.05,12.89,12.01,12.23,19991606,249952391.0
2021-02-23,12.24,13.45,11.89,13.45,22584429,290918612.0
2021-02-24,13.48,13.48,12.49,12.64,23587885,303072776.0
2021-02-25,12.76,12.92,11.91,12.01,16309032,199609867.0
2021-02-26,11.77,12.66,11.5,12.35,15538986,190040607.0
2021-03-01,12.22,13.08,12.22,12.65,15648877,199056570.0
2021-03-02,12.59,12.85,12.21,12.34,11856830,146778795.0
2021-03-03,12.3,12.99,12.04,12.78,13102580,164008656.0
2021-03-04,12.7,13.45,12.11,13.18,19088040,241952059.0
2021-03-05,12.86,14.5,12.78,14.5,23117563,325238902.0
2021-03-08,15.0,15.07,13.05,13.86,26662361,374070053.0
2021-03-09,13.3,14.56,12.47,13.79,23441009,311085197.0
2021-03-10,13.31,14.3,12.71,13.26,17926569,242478965.0
2021-03-11,12.9,14.59,12.61,14.59,24890627,340119883.0
2021-03-12,14.11,14.99,13.88,13.95,24211037,348117552.0
2021-03-15,13.95,14.35,13.51,14.14,16514094,230734385.0
2021-03-16,14.09,14.09,13.5,13.94,13026622,179748663.0
2021-03-17,13.82,14.74,13.41,14.23,18304082,259598679.0
2021-03-18,13.95,15.58,13.81,14.51,23634685,346836980.0
2021-03-19,14.19,14.45,13.69,13.85,16044232,225225792.0
2021-03-22,13.72,14.04,13.51,13.78,11422832,158006966.0
2021-03-23,13.84,13.94,12.48,12.56,17200726,222750059.0
2021-03-24,12.2,12.91,12.0,12.46,10124743,126136291.0
2021-03-25,12.26,12.7,12.01,12.31,8434343,103933806.0
2021-03-26,12.27,12.78,12.15,12.43,9852565,123069135.0
2021-03-29,12.49,13.53,12.49,13.13,16833505,219509915.0
2021-03-30,12.75,12.79,12.27,12.45,12087680,151346364.0
2021-03-31,12.39,12.65,12.28,12.32,6481345,80620228.0
2021-04-01,12.3,12.64,12.14,12.52,7540677,93488736.0
2021-04-02,12.67,13.18,12.31,12.65,12366775,157790269.0
2021-04-06,12.52,13.15,12.5,12.82,11159268,143510277.0
2021-04-07,12.86,13.21,12.71,13.1,13911220,180861768.0
2021-04-08,13.09,13.09,12.56,12.6,10985468,139684532.0
2021-04-09,12.49,12.6,12.3,12.34,5902071,73156968.0
2021-04-12,12.35,12.47,11.79,11.81,7858352,94302730.0
2021-04-13,11.81,12.04,11.41,11.48,6010452,69765454.0
2021-04-14,11.4,11.66,11.24,11.58,4820609,55295847.0
2021-04-15,11.52,11.6,11.31,11.4,3309153,37743690.0
2021-04-16,11.4,11.77,11.4,11.63,4348940,50466063.0
2021-04-19,11.65,11.78,11.49,11.73,4841300,56508790.0
2021-04-20,11.65,12.02,11.6,11.85,5836980,68963387.0
2021-04-21,11.66,11.79,11.5,11.65,4109240,47763619.0
2021-04-22,11.63,11.72,11.44,11.48,3706025,42743801.0
2021-04-23,11.55,11.55,11.15,11.22,4632460,52116996.0
2021-04-26,11.26,11.55,11.02,11.3,4305252,48530318.0
2021-04-27,11.3,11.4,11.05,11.08,3219080,35768329.0
2021-04-28,11.03,11.03,10.54,10.75,4848072,51851991.0
2021-04-29,10.74,11.26,10.57,10.88,4927606,53575722.0
2021-04-30,11.28,11.97,11.1,11.97,10684572,126654716.0
2021-05-06,12.11,13.17,11.9,12.28,18889679,235855417.0
2021-05-07,11.95,13.13,11.78,12.78,17568965,222652313.0
2021-05-10,12.77,13.88,12.26,13.27,17931745,231744971.0
2021-05-11,12.9,12.96,12.46,12.47,12167449,153740340.0
2021-05-12,12.41,12.65,12.27,12.51,7086600,88314067.0
2021-05-13,12.35,12.49,12.13,12.16,6729690,82751197.0
2021-05-14,12.19,12.41,12.12,12.27,5345510,65383686.0
2021-05-17,12.21,12.46,11.84,12.44,7785480,95095177.0
2021-05-18,12.52,12.64,12.15,12.38,6594900,81641372.0
2021-05-19,12.35,12.5,12.18,12.24,4924280,60657200.0
2021-05-20,12.05,12.19,11.75,12.06,5811440,69786961.0
2021-05-21,12.09,13.27,12.06,13.27,15220873,197933534.0
2021-05-24,14.14,14.6,13.71,14.6,18801200,270806532.0
2021-05-25,15.0,15.96,13.92,14.61,32595268,487047812.0
2021-05-26,14.41,15.99,14.08,15.85,30297964,466570886.0
2021-05-27,15.05,15.51,14.58,15.17,24080426,362103115.0
2021-05-28,15.17,15.17,14.5,14.56,16571075,243552454.0
2021-05-31,14.71,15.18,14.56,14.78,12904601,190924612.0
2021-06-01,14.49,14.8,14.31,14.75,10527010,153172472.0
2021-06-02,14.58,15.59,14.57,15.0,18202141,274975252.0
2021-06-03,14.4,14.83,14.0,14.47,11814000,171193545.0
2021-06-04,14.4,14.5,14.07,14.16,7606160,108214773.0
2021-06-07,14.31,14.45,14.02,14.41,7032980,100070187.0
2021-06-08,14.41,15.2,14.3,14.43,14351365,211707977.0
2021-06-09,14.3,15.01,13.72,14.95,14398140,209655029.0
2021-06-10,14.79,14.93,14.21,14.36,10707600,154744419.0
2021-06-11,14.29,14.57,13.56,13.61,10076760,140851606.0
2021-06-15,13.61,13.65,12.7,12.8,9494200,123227347.0
2021-06-16,12.73,12.8,12.22,12.33,5668911,70691495.0
2021-06-17,12.33,12.65,12.23,12.48,5136145,64338157.0
2021-06-18,12.48,12.89,12.27,12.82,6039360,76093643.0
2021-06-21,12.74,13.17,12.63,12.85,5844000,75537435.0
2021-06-22,12.92,13.06,12.7,12.84,3977427,50991621.0
2021-06-23,12.7,12.84,12.6,12.7,4174660,53006357.0
2021-06-24,12.73,12.78,12.35,12.46,3724270,46525956.0
2021-06-25,12.46,12.6,12.3,12.52,3486500,43422312.0
2021-06-28,12.5,12.64,12.32,12.64,3244620,40604552.0
2021-06-29,12.66,12.84,12.16,12.23,4278447,52805569.0
2021-06-30,12.2,12.35,12.06,12.27,3007760,36573815.0
2021-07-01,12.22,12.49,12.11,12.27,4070020,50139056.0
2021-07-02,12.27,12.3,11.58,11.91,5192840,61645057.0
2021-07-05,11.86,12.27,11.75,12.22,3522820,42761094.0
2021-07-06,12.25,12.46,12.21,12.36,3264080,40322724.0
2021-07-07,12.32,12.37,12.12,12.14,2640986,32191951.0
2021-07-08,12.26,12.37,12.09,12.29,2727582,33398409.0
2021-07-09,12.33,12.4,11.86,12.2,3892060,46866644.0
2021-07-12,12.25,12.42,12.14,12.23,2990600,36600756.0
2021-07-13,12.22,12.95,12.0,12.93,8658140,109524388.0
2021-07-14,13.03,13.04,12.48,12.52,5559657,70344082.0
2021-07-15,12.42,12.7,12.05,12.49,4640910,57272372.0
2021-07-16,12.41,12.8,12.22,12.54,4701400,59089712.0
2021-07-19,12.55,12.58,12.24,12.31,3194200,39509558.0
2021-07-20,12.17,12.36,12.15,12.18,2468440,30128713.0
2021-07-21,12.2,12.41,12.2,12.26,2465780,30293055.0
2021-07-22,12.3,12.62,12.18,12.55,4249340,52670395.0
2021-07-23,12.43,12.54,12.1,12.12,4290940,52321153.0
2021-07-26,12.11,12.12,11.3,11.59,4225360,49118157.0
2021-07-27,11.46,11.8,11.09,11.26,3385985,38562075.0
2021-07-28,11.1,11.23,10.55,10.77,3087100,33524137.000000004
2021-07-29,10.93,11.42,10.8,11.36,3361020,37565507.0
2021-07-30,11.4,11.42,11.11,11.15,2658520,29790937.0
2021-08-02,11.08,11.48,10.9,11.36,2731700,30828452.0
2021-08-03,11.29,11.5,11.21,11.44,2185100,24896925.0
2021-08-04,11.5,11.54,11.25,11.41,2175351,24676791.0
2021-08-05,11.38,11.38,11.0,11.14,2433300,27070736.0
2021-08-06,11.13,11.24,10.98,11.2,1970216,21902202.0
2021-08-09,11.2,11.38,11.13,11.31,2440900,27516213.0
2021-08-10,11.32,11.53,11.21,11.44,2864250,32691077.0
2021-08-11,11.44,12.58,11.4,12.58,9009921,110358055.0
2021-08-12,12.62,12.87,12.13,12.27,10793601,133979448.0
2021-08-13,12.3,13.5,12.11,13.5,13681601,175946416.0
2021-08-16,13.73,14.48,13.25,13.41,14445681,199604473.0
2021-08-17,13.38,13.46,12.52,12.57,9110130,117356127.0
2021-08-18,12.62,13.83,12.62,13.83,7323420,98109006.0
2021-08-19,15.04,15.16,12.97,14.89,21382045,307074819.0
2021-08-20,14.78,16.18,14.28,15.4,18482458,279174808.0
2021-08-23,15.24,15.24,14.32,14.52,13175631,193436991.0
2021-08-24,14.25,14.35,13.75,14.15,13273087,186084185.0
2021-08-25,14.03,14.89,13.9,14.47,11709240,170260039.0
2021-08-26,14.44,15.15,14.1,14.41,11056340,161491933.0
2021-08-27,14.06,14.75,13.8,13.83,12050557,170885469.0
2021-08-30,14.05,14.08,13.48,13.58,7767246,106694138.0
2021-08-31,13.59,13.75,13.12,13.63,8019800,108188903.0
2021-09-01,13.6,13.8,12.75,13.2,7315645,97345145.0
2021-09-02,13.21,13.29,12.94,13.12,6622400,86812838.0
2021-09-03,13.1,13.35,12.86,13.22,6816314,89584223.0
2021-09-06,13.2,13.2,12.7,13.08,5714045,73910382.0
2021-09-07,12.98,13.37,12.89,13.08,5455930,71661228.0
2021-09-08,13.08,14.39,13.0,14.39,15157350,209114030.0
2021-09-09,14.39,14.78,13.9,14.74,17176522,247542286.0
2021-09-10,14.46,14.91,14.19,14.3,11549449,167509322.0
2021-09-13,14.07,14.48,13.98,14.31,8551877,121909081.0
2021-09-14,14.41,14.44,13.81,13.92,5952562,83380646.0
2021-09-15,14.13,14.13,13.59,13.64,5189900,71267935.0
2021-09-16,13.71,14.9,13.55,13.64,13290577,189224856.0
2021-09-17,13.22,13.65,13.05,13.18,8154597,108950832.0
2021-09-22,13.22,14.0,13.08,13.35,6951196,93557621.0
2021-09-23,13.67,14.69,13.37,14.69,8498013,122740851.0
2021-09-24,15.3,15.83,14.13,15.17,23622478,351619842.0
2021-09-27,15.15,15.32,13.82,14.55,14979007,218124052.0
2021-09-28,14.4,15.09,14.1,14.94,13679318,200468640.0
2021-09-29,14.56,14.56,13.5,13.57,9858847,138942107.0
2021-09-30,13.8,14.93,13.41,14.93,11827072,169200555.0
2021-10-08,15.27,15.35,14.58,14.91,11815198,175968660.0
2021-10-11,15.13,15.75,14.71,15.69,14181851,217116721.0
2021-10-12,15.4,15.45,14.5,14.83,10817169,161148762.0
2021-10-13,14.54,15.38,14.31,15.24,9644373,143764603.0
2021-10-14,15.05,15.05,14.48,14.69,6931390,102280538.0
2021-10-15,14.51,14.9,13.87,14.1,7680120,109210473.0
2021-10-18,13.88,14.94,13.6,14.6,8349230,120972927.0
2021-10-19,14.7,15.98,14.57,15.18,12237853,186680098.0
2021-10-20,15.55,15.88,15.1,15.15,10522380,161844041.0
2021-10-21,15.15,15.27,14.65,14.75,7353104,109313187.0
2021-10-22,14.94,16.23,14.75,16.23,14214008,223146949.0
2021-10-25,16.66,17.09,15.86,16.4,21117989,347736556.0
2021-10-26,16.6,16.6,15.8,16.27,11306633,182512547.0
2021-10-27,15.82,16.62,15.54,15.97,12642687,203589718.0
2021-10-28,15.43,15.88,14.93,15.37,10191827,156704729.0
2021-10-29,15.45,15.96,15.2,15.82,10748272,168421888.0
2021-11-01,15.76,15.8,14.71,15.34,9565981,145886032.0
2021-11-02,15.28,15.98,14.96,15.53,10691054,165782693.0
2021-11-03,15.31,16.3,15.09,16.1,12700311,202019117.0
2021-11-04,16.0,16.1,15.6,15.98,9073253,144057243.0
2021-11-05,16.01,17.5,15.73,15.74,17018336,281911891.0
2021-11-08,15.73,15.74,14.72,15.23,11772925,177569072.0
2021-11-09,15.01,15.5,14.88,15.16,7932254,120558342.0
2021-11-10,15.18,15.32,14.31,14.6,10490692,154080153.0
2021-11-11,14.42,14.73,14.32,14.41,7955288,115103055.0
2021-11-12,14.43,14.59,13.96,14.1,7789700,110515100.0
2021-11-15,14.06,14.43,13.88,14.4,6330272,90215745.0
2021-11-16,14.33,14.35,14.02,14.18,4971740,70443426.0
2021-11-17,14.22,14.37,14.01,14.35,4584546,65191926.0
2021-11-18,14.3,14.51,14.19,14.23,4341220,62113004.0
2021-11-19,14.23,14.45,14.12,14.27,3947673,56176229.0
2021-11-22,14.22,14.22,14.0,14.11,3944500,55595685.0
2021-11-23,14.09,14.28,14.0,14.17,3901560,55187549.0
2021-11-24,14.16,14.16,13.77,13.82,6021760,83621569.0
2021-11-25,13.78,14.05,13.65,13.98,3753920,52237643.0
2021-11-26,14.1,14.25,13.97,13.99,3280040,46201262.0
2021-11-29,13.55,14.2,13.43,14.0,5318040,73179094.0
2021-11-30,13.92,14.25,13.77,14.1,4311440,60657029.0
2021-12-01,13.98,15.09,13.98,14.66,13839203,203652334.0
2021-12-02,14.58,14.97,14.19,14.21,9061400,131422725.0
2021-12-03,14.12,14.38,13.83,14.07,5467920,76515670.0
2021-12-06,14.1,14.14,13.75,13.77,4605100,63775142.0
2021-12-07,13.77,13.96,13.6,13.94,3272300,45069646.0
2021-12-08,13.99,14.14,13.91,14.02,3434755,48129341.0
2021-12-09,14.0,14.17,13.92,14.05,3471400,48701409.0
2021-12-10,13.99,14.1,13.85,14.01,3120185,43646326.0
2021-12-13,14.01,14.09,13.73,14.04,3470066,48305978.0
2021-12-14,14.0,14.3,13.96,14.26,5279320,74897024.0
2021-12-15,14.26,14.5,14.15,14.31,5445141,78004203.0
2021-12-16,14.23,14.44,14.09,14.26,3839912,54780752.0
2021-12-17,14.33,14.56,14.02,14.31,5689706,81174707.0
2021-12-20,14.18,14.23,13.83,13.89,4252013,59480170.0
2021-12-21,13.8,14.1,13.77,14.04,2374842,33249165.999999996
2021-12-22,14.04,14.13,13.91,13.99,2067140,28935322.0
2021-12-23,14.02,14.06,13.76,13.82,2834862,39170244.0
2021-12-24,13.74,13.88,13.45,13.46,3619960,49103514.0
2021-12-27,13.4,13.62,13.15,13.48,2147586,28709125.0
2021-12-28,13.4,13.62,13.4,13.59,1362680,18441334.0
2021-12-29,13.66,13.69,13.45,13.67,1830400,24862614.0
2021-12-30,13.67,13.74,13.57,13.69,1650800,22561019.0
2021-12-31,13.7,13.75,13.6,13.68,1504400,20565291.0
2022-01-04,13.68,13.98,13.68,13.94,3033040,42080921.0
2022-01-05,13.95,14.0,13.7,13.79,2055500,28412550.0
2022-01-06,13.77,14.15,13.64,14.02,3531385,49347824.0
2022-01-07,13.92,14.19,13.78,13.79,3020065,42214047.0
2022-01-10,13.83,13.97,13.6,13.96,2421150,33386831.0
2022-01-11,13.95,14.1,13.9,13.91,2359240,33033879.0
2022-01-12,13.9,14.04,13.82,14.03,1862880,26008307.0
2022-01-13,14.03,14.15,13.9,13.94,2062380,28906266.0
2022-01-14,13.81,13.92,13.32,13.36,3685606,49973434.0
2022-01-17,13.35,13.73,13.23,13.6,2917958,39518517.0
2022-01-18,13.71,13.71,13.36,13.41,2310960,31048615.0
2022-01-19,13.9,13.9,13.39,13.52,2175540,29383371.0
2022-01-20,13.41,13.48,12.88,12.9,3125600,40981170.0
2022-01-21,12.92,13.1,12.89,12.97,1344700,17437955.0
2022-01-24,12.9,12.9,12.55,12.61,1634660,20695219.0
2022-01-25,12.55,12.62,11.81,11.85,2689400,32621978.0
2022-01-26,11.85,12.07,11.85,12.01,1912660,22872282.0
2022-01-27,12.13,12.13,11.65,11.65,1713200,20189622.0
2022-01-28,11.76,12.05,11.6,11.97,1391940,16552962.0
2022-02-07,12.1,12.45,12.06,12.28,1550300,18977677.0
2022-02-08,12.27,12.73,12.16,12.69,2551400,32087065.0
2022-02-09,12.69,12.89,12.61,12.69,1882160,23976623.0
2022-02-10,12.65,12.74,12.52,12.68,1278900,16145425.0
2022-02-11,12.75,12.8,12.38,12.46,1280620,16035109.0
2022-02-14,12.38,12.62,12.32,12.5,1032840,12934378.0
2022-02-15,12.45,12.59,12.35,12.52,1073700,13389803.0
2022-02-16,12.62,12.65,12.48,12.58,1267100,15902901.0
2022-02-17,12.59,12.83,12.5,12.64,1827780,23163746.0
2022-02-18,12.64,12.73,12.57,12.66,1016900,12847774.0
2022-02-21,12.66,12.84,12.65,12.8,1517980,19381010.0
2022-02-22,12.79,12.88,12.63,12.72,1651442,21050874.0
2022-02-23,12.81,12.9,12.76,12.83,1679634,21539003.0
2022-02-24,12.89,12.99,12.2,12.39,3069000,38736751.0
2022-02-25,12.39,12.8,12.35,12.54,2040062,25604715.0
2022-02-28,12.59,12.63,12.15,12.41,1591140,19614869.0
2022-03-01,12.5,12.65,12.41,12.64,1514660,19032169.0
2022-03-02,12.62,12.88,12.52,12.85,2070500,26393286.0
2022-03-03,12.9,13.15,12.84,12.96,2421580,31529411.0
2022-03-04,12.83,12.98,12.67,12.8,1887707,24160658.0
2022-03-07,12.71,12.83,12.4,12.49,1422960,17925437.0
2022-03-08,12.6,12.69,11.99,12.06,1968900,24059740.0
2022-03-09,12.1,12.3,11.27,11.66,2094300,24640356.0
2022-03-10,12.01,12.83,11.85,12.83,2270154,28414997.0
2022-03-11,12.98,13.88,12.56,13.03,10538678,138528434.0
2022-03-14,12.82,13.09,12.21,12.22,6800816,85916247.0
2022-03-15,12.36,12.42,11.3,11.33,4380240,51703825.0
2022-03-16,11.58,11.98,11.45,11.82,3797001,44570073.0
2022-03-17,12.12,12.15,11.81,11.84,2960100,35376984.0
2022-03-18,11.75,12.6,11.72,12.38,3887140,47644259.0
2022-03-21,12.46,12.52,12.18,12.31,2381642,29227803.0
2022-03-22,12.28,12.45,12.18,12.32,1824900,22456609.0
2022-03-23,12.25,12.37,12.12,12.14,2266760,27645313.0
2022-03-24,12.06,12.09,11.85,11.91,1981440,23647849.0
2022-03-25,11.91,12.45,11.89,12.23,3026180,36997551.0
2022-03-28,12.3,12.35,11.88,12.05,1920480,23089009.0
2022-03-29,12.17,12.17,11.82,12.0,1922880,23054624.0
2022-03-30,12.09,12.15,11.91,12.07,1844900,22143851.0
2022-03-31,11.99,12.27,11.95,12.11,1738900,21115812.0
2022-04-01,12.06,12.14,11.86,11.95,1590600,19017982.0
2022-04-06,11.95,12.55,11.91,12.23,2213700,27191313.0
2022-04-07,12.23,12.23,11.91,11.91,1896800,22794257.0
2022-04-08,11.93,12.06,11.64,11.77,1751062,20656221.0
2022-04-11,11.77,11.87,11.34,11.5,1567700,18168603.0
2022-04-12,11.42,11.72,11.31,11.7,1385240,15944040.0
2022-04-13,11.68,11.69,11.48,11.55,957600,11078724.0
2022-04-14,11.56,11.75,11.55,11.67,859700,10014279.0
2022-04-15,11.65,11.65,11.38,11.42,1129200,12956463.0
2022-04-18,11.51,11.51,11.19,11.48,916022,10392622.0
2022-04-19,11.49,11.52,11.37,11.46,806300,9210112.0
2022-04-20,11.49,11.53,11.32,11.44,997940,11401505.0
2022-04-21,11.59,11.65,10.77,10.83,2187201,24234565.0
2022-04-22,10.62,10.85,10.41,10.72,1394900,14763998.0
2022-04-25,10.62,10.62,9.65,9.74,2238641,22446810.0
2022-04-26,9.69,9.74,8.97,9.07,1942140,18189309.0
2022-04-27,8.85,9.44,8.71,9.36,2066444,18771978.0
2022-04-28,9.58,9.75,9.42,9.6,1840740,17610715.0
2022-04-29,9.6,9.94,9.6,9.81,2036940,19942555.0
2022-05-05,10.02,10.21,9.75,10.03,1471200,14723029.0
2022-05-06,9.85,10.03,9.64,9.93,1414581,14030082.0
2022-05-09,10.3,10.92,10.3,10.92,964701,10458622.0
2022-05-10,11.5,12.01,11.36,12.01,4190201,49334144.0
2022-05-11,12.63,13.21,11.77,13.21,18970464,240467633.0
2022-05-12,12.22,13.53,12.11,12.53,16343200,206399328.0
2022-05-13,12.26,12.44,11.4,11.58,12078830,142093645.0
2022-05-16,11.85,12.74,11.6,12.74,10712694,131246321.0
2022-05-17,13.3,13.7,11.93,12.1,15004140,191791144.0
2022-05-18,12.16,12.6,11.88,12.17,10041960,122567182.0
2022-05-19,11.8,12.57,11.7,12.14,9665221,118124355.0
2022-05-20,12.04,12.44,11.91,11.97,7594520,91652084.0
2022-05-23,11.89,12.32,11.88,12.09,5882111,70958448.0
2022-05-24,12.25,12.25,11.27,11.29,6919414,80373798.0
2022-05-25,11.31,11.51,11.23,11.44,3023774,34465175.0
2022-05-26,11.65,12.35,11.44,11.8,7477700,88663949.0
2022-05-27,11.69,11.98,11.5,11.61,4847980,56737131.0
2022-05-30,11.8,12.12,11.64,11.73,3976960,46982193.0
2022-05-31,11.64,12.22,11.5,12.07,7122259,84709392.0
2022-06-01,12.28,13.28,12.15,13.28,8030850,104574503.0
2022-06-02,13.64,13.9,12.48,12.77,15401356,198825926.0
2022-06-06,12.74,13.11,12.3,12.82,10136779,128334146.0
2022-06-07,12.44,12.53,12.2,12.33,7120427,87861243.0
2022-06-08,12.34,12.4,11.82,12.12,5366220,64812528.0
2022-06-09,12.14,12.48,12.01,12.45,6456919,79445167.0
2022-06-10,12.4,12.4,12.01,12.17,4744579,57798310.0
2022-06-13,12.03,12.28,11.91,12.07,3276660,39475234.0
2022-06-14,11.94,12.05,11.72,12.04,3077260,36590442.0
2022-06-15,12.08,12.24,11.92,12.01,2951440,35619789.0
2022-06-16,12.01,13.21,12.01,13.21,12296715,160678081.0
2022-06-17,13.5,13.84,12.66,12.9,16697395,219113481.0
2022-06-20,12.96,13.16,12.71,13.0,9157516,118636093.0
2022-06-21,12.82,13.45,12.78,13.37,10953820,144762279.0
2022-06-22,13.3,13.3,12.8,12.85,6027500,78240206.0
2022-06-23,12.83,14.1,12.83,13.38,8847800,118185697.0
2022-06-24,13.49,13.67,13.14,13.19,6711419,89483655.0
2022-06-27,13.26,13.45,13.01,13.44,6855439,90952100.0
2022-06-28,13.65,14.0,13.31,13.51,8018681,108739249.0
2022-06-29,13.4,13.48,12.91,12.91,6536201,86092814.0
2022-06-30,12.91,13.0,12.69,12.97,4105700,52723722.0
2022-07-01,13.0,13.07,12.62,12.83,3025565,38757813.0
2022-07-04,12.88,13.0,12.71,12.97,2654100,34112118.0
2022-07-05,13.09,13.09,12.4,12.61,4744880,60006502.0
2022-07-06,12.6,12.65,12.28,12.43,2743100,34145028.0
2022-07-07,12.37,12.58,12.34,12.44,2280400,28375732.0
2022-07-08,12.5,12.57,12.3,12.36,2265640,28112418.0
2022-07-11,12.38,12.61,12.12,12.6,2686600,33382262.000000004
2022-07-12,12.7,12.7,12.09,12.13,3185480,39117671.0
2022-07-13,12.05,12.47,12.05,12.45,2431500,29981231.0
2022-07-14,12.45,12.46,12.16,12.25,1850400,22718885.0
2022-07-15,12.28,12.33,11.82,11.82,2724140,32714812.0
2022-07-18,11.8,12.35,11.76,12.24,2785700,33945261.0
2022-07-19,12.28,12.44,12.16,12.41,2423500,29940139.0
2022-07-20,12.47,12.93,12.3,12.83,5799160,74066830.0
2022-07-21,12.81,13.07,12.6,12.61,3646382,46480798.0
2022-07-22,12.69,12.72,12.33,12.51,1919200,23966446.0
2022-07-25,12.5,12.64,12.35,12.38,1605900,20035523.0
2022-07-26,12.39,12.73,12.3,12.72,2483800,31235498.0
2022-07-27,12.71,12.93,12.68,12.77,2066527,26365922.0
2022-07-28,12.77,13.03,12.77,12.87,3251307,41992761.0
2022-07-29,12.96,13.05,12.73,12.76,2408160,30912068.0
2022-08-01,12.76,12.79,12.53,12.59,1810327,22817353.0
2022-08-02,12.52,12.55,11.69,11.89,3692100,44113816.0
2022-08-03,11.89,12.24,11.84,11.89,2026320,24393110.0
2022-08-04,12.05,12.05,11.83,12.05,1471140,17593307.0
2022-08-05,12.01,12.19,12.0,12.18,1357880,16422815.999999998
2022-08-08,12.19,12.7,12.08,12.38,2446640,30354884.0
2022-08-09,12.46,12.51,12.33,12.4,1293100,16051064.0
2022-08-10,12.4,12.47,12.26,12.32,1169100,14392102.0
2022-08-11,12.33,12.56,12.33,12.56,1884980,23524372.0
2022-08-12,12.5,13.82,12.49,13.82,14033954,189960077.0
2022-08-15,13.83,13.99,13.41,13.52,12987954,177222378.0
2022-08-16,13.58,13.87,13.48,13.67,5547900,75747110.0
2022-08-17,13.66,13.88,13.58,13.77,5001258,68652046.0
2022-08-18,14.0,14.67,13.8,14.1,8930650,127069997.0
2022-08-19,14.26,14.6,14.01,14.03,5467699,77768749.0
2022-08-22,14.03,14.1,13.7,13.82,3924999,54463773.0
2022-08-23,13.85,14.2,13.6,14.08,4164800,57951511.0
2022-08-24,14.08,14.19,13.6,13.67,2913640,40133146.0
2022-08-25,13.84,13.9,13.38,13.57,2590620,35162130.0
2022-08-26,13.59,13.79,13.45,13.59,2396183,32675177.0
2022-08-29,13.6,13.66,13.06,13.61,2320540,31208829.0
2022-08-30,13.68,14.9,13.64,14.3,7847520,111849879.0
2022-08-31,14.02,14.07,13.35,13.37,5134200,69919849.0
2022-09-01,13.41,14.02,13.36,13.52,3472300,47501605.0
2022-09-02,13.41,13.85,13.27,13.42,2827800,37934381.0
2022-09-05,13.43,13.95,13.33,13.68,2929340,39886367.0
2022-09-06,13.57,13.68,13.26,13.61,2926300,39330330.0
2022-09-07,13.69,13.8,13.06,13.36,4538680,60088509.0
2022-09-08,13.3,13.73,13.16,13.37,3616180,48264244.0
2022-09-09,13.22,13.63,13.09,13.4,3665400,49092352.0
2022-09-13,13.29,14.74,13.29,14.29,13740927,196291525.0
2022-09-14,14.16,14.5,13.7,14.41,11126357,157060752.0
2022-09-15,14.21,14.31,13.92,13.96,6665502,93929947.0
2022-09-16,14.0,14.03,13.15,13.15,6644680,88942410.0
2022-09-19,13.09,13.53,12.75,13.45,5180840,69046653.0
2022-09-20,13.61,13.68,13.13,13.29,3473856,46219942.0
2022-09-21,13.28,13.28,12.9,13.02,2556260,33303171.000000004
2022-09-22,13.03,13.15,12.43,12.64,4256280,53856869.0
2022-09-23,12.45,12.6,12.25,12.32,2722736,33714695.0
2022-09-26,12.18,12.18,11.85,11.91,2177460,26080841.0
2022-09-27,11.93,12.25,11.93,12.25,2156728,26128786.0
2022-09-28,12.25,12.36,12.01,12.02,1814099,22030313.0
2022-09-29,12.09,12.18,11.66,11.7,1887205,22357190.0
2022-09-30,11.7,11.9,11.62,11.72,958667,11271158.0
2022-10-10,11.77,11.92,11.38,11.4,1636327,19073772.0
2022-10-11,11.41,11.7,11.11,11.53,1201564,13634323.0
2022-10-12,11.34,12.68,11.33,12.29,4130679,50275351.0
2022-10-13,12.28,12.37,11.99,12.1,2487640,30202966.0
2022-10-14,12.21,12.54,12.02,12.28,2719485,33460930.0
2022-10-17,12.15,12.57,12.15,12.33,2360519,29222123.0
2022-10-18,12.39,12.42,12.21,12.33,1607422,19841264.0
2022-10-19,12.23,12.35,12.1,12.11,1429220,17422201.0
2022-10-20,12.39,12.39,12.08,12.22,1360000,16584557.0
2022-10-21,12.32,12.32,12.08,12.14,1419116,17266099.0
2022-10-24,12.22,12.25,11.61,11.74,2130040,25398384.0
2022-10-25,11.74,11.8,11.39,11.56,2254001,26007187.0
2022-10-26,11.59,11.88,11.59,11.85,1935600,22823875.0
2022-10-27,11.85,12.06,11.82,11.99,1597597,19129911.0
2022-10-28,11.99,11.99,11.41,11.41,2055682,23824481.0
2022-10-31,11.42,11.79,11.42,11.58,1420296,16522640.0
2022-11-01,11.73,12.0,11.64,12.0,1715901,20329406.0
2022-11-02,12.01,12.1,11.88,12.0,1514201,18182074.0
2022-11-03,11.9,12.39,11.73,12.34,2901478,35442922.0
2022-11-04,12.9,12.95,12.33,12.39,5365802,67155109.0
2022-11-07,12.45,12.81,12.37,12.7,3743078,47330081.0
2022-11-08,12.62,13.35,12.48,12.98,4931261,63653839.0
2022-11-09,13.06,13.7,12.92,13.35,6597760,88158114.0
2022-11-10,13.32,13.45,12.91,13.31,4546544,60019648.0
2022-11-11,13.6,14.0,13.32,13.59,6860504,94135748.0
2022-11-14,13.51,13.96,13.35,13.65,5510576,75424509.0
2022-11-15,13.79,14.09,13.66,13.9,4342400,60218239.0
2022-11-16,13.83,14.0,13.73,13.82,3755700,52175097.0
2022-11-17,13.79,14.15,13.76,13.89,4043636,56364249.0
2022-11-18,13.91,13.96,13.5,13.5,4625535,63117739.0
2022-11-21,13.53,13.56,13.19,13.39,3101441,41466785.0
2022-11-22,13.58,13.6,13.2,13.29,2230380,29817988.0
2022-11-23,13.31,13.38,13.06,13.18,2058800,27116664.0
2022-11-24,13.22,13.39,13.02,13.25,1776000,23447143.0
2022-11-25,13.35,13.35,13.09,13.27,1313640,17335165.0
2022-11-28,13.11,13.23,12.9,13.16,1714040,22401941.0
2022-11-29,13.2,13.3,13.11,13.18,1966125,25947228.0
2022-11-30,13.2,13.3,13.01,13.02,1976000,25862236.0
2022-12-01,13.13,13.34,13.04,13.19,2444500,32208427.0
2022-12-02,13.18,13.39,13.09,13.28,2262200,30041365.0
2022-12-05,13.29,13.47,13.26,13.33,1948658,25995000.0
2022-12-06,13.37,13.37,13.07,13.11,2185200,28788205.0
2022-12-07,13.03,13.27,13.0,13.16,1479200,19415261.0
2022-12-08,13.16,13.52,13.04,13.3,2438900,32455413.0
2022-12-09,13.35,13.57,13.26,13.34,2274003,30429893.0
2022-12-12,13.32,13.88,13.2,13.64,4193200,57091601.0
2022-12-13,14.88,14.9,13.87,14.45,12134087,173363209.0
2022-12-14,14.48,14.56,13.94,13.99,6871420,97122346.0
2022-12-15,14.11,14.39,13.72,13.72,4796340,67003860.0
2022-12-16,13.85,13.85,13.57,13.61,2764700,37815575.0
2022-12-19,13.63,13.73,13.19,13.27,2471100,33108494.0
2022-12-20,13.17,13.46,12.93,13.2,2404000,31741213.0
2022-12-21,13.13,13.39,13.06,13.22,2054500,27193430.0
2022-12-22,13.4,13.44,12.98,13.0,1809600,23807563.0
2022-12-23,13.0,13.28,12.6,13.12,1928840,25163594.0
2022-12-26,13.11,13.51,12.8,13.22,2057240,27339339.0
2022-12-27,13.43,13.45,13.06,13.35,1858040,24593779.0
2022-12-28,13.27,13.35,13.03,13.13,1796808,23579683.0
2022-12-29,13.14,13.27,13.03,13.05,1694298,22271516.0
2022-12-30,13.08,13.24,12.92,13.19,1442800,18902470.0
2023-01-03,13.21,13.36,13.01,13.15,2202800,28923845.0
2023-01-04,13.15,13.89,13.04,13.57,6140568,83391649.0
2023-01-05,13.39,13.77,13.33,13.6,3770580,51101404.0
2023-01-06,13.55,13.59,13.31,13.41,2484800,33316446.000000004
2023-01-09,13.46,13.46,13.18,13.28,2214260,29397938.0
2023-01-10,13.28,13.28,13.06,13.12,1672600,21948089.0
2023-01-11,13.06,13.18,12.86,12.87,2338817,30308075.0
2023-01-12,12.9,12.99,12.65,12.75,1849700,23631840.0
2023-01-13,12.75,12.89,12.65,12.81,1444632,18472058.0
2023-01-16,12.77,12.9,12.75,12.86,1572067,20195852.0
2023-01-17,12.78,13.0,12.72,12.81,1698965,21818811.0
2023-01-18,12.75,12.9,12.72,12.83,977704,12546998.0
2023-01-19,12.76,12.98,12.76,12.9,1386062,17857603.0
2023-01-20,12.91,13.14,12.9,13.02,1548100,20166394.0
2023-01-30,13.15,13.24,13.04,13.17,1841317,24245222.0
2023-01-31,13.17,13.45,13.11,13.39,2711490,36150359.0
2023-02-01,13.4,13.52,13.38,13.5,2193301,29533460.0
2023-02-02,13.5,13.58,13.36,13.41,1642800,22045792.0
2023-02-03,13.46,13.46,13.17,13.3,1697125,22500684.0
2023-02-06,13.3,13.47,13.2,13.44,1487300,19917634.0
2023-02-07,13.45,13.55,13.36,13.51,1368980,18402444.0
2023-02-08,13.51,13.83,13.45,13.67,2592216,35435382.0
2023-02-09,13.66,13.77,13.5,13.7,1632026,22237763.0
2023-02-10,13.7,13.94,13.61,13.73,2131840,29388688.0
2023-02-13,13.75,13.82,13.61,13.65,1547860,21162821.0
2023-02-14,13.66,13.75,13.61,13.65,1464140,20021863.0
2023-02-15,13.69,13.79,13.61,13.69,1707040,23369407.0
2023-02-16,13.73,13.78,13.31,13.42,2367000,32187355.0
2023-02-17,13.41,13.79,13.41,13.44,2351400,31942207.0
2023-02-20,13.48,13.75,13.35,13.65,1931100,26254036.0
2023-02-21,13.68,13.85,13.6,13.77,2030128,27839056.0
2023-02-22,13.67,14.06,13.55,13.98,3671815,50934594.0
2023-02-23,13.91,14.03,13.74,13.83,2526600,35090215.0
2023-02-24,13.83,14.14,13.75,13.91,2735920,38075631.0
2023-02-27,13.88,13.94,13.56,13.64,2033700,27816357.0
2023-02-28,13.64,13.75,13.56,13.69,1244555,17008989.0
2023-03-01,13.69,13.88,13.59,13.8,1652702,22689792.0
2023-03-02,13.87,14.01,13.75,13.87,2106600,29243733.0
2023-03-03,13.87,13.87,13.55,13.81,2103700,28822191.0
2023-03-06,13.66,13.79,13.5,13.5,2281400,30948987.0
2023-03-07,13.6,13.6,13.17,13.17,1986500,26520325.0
2023-03-08,13.27,13.41,13.1,13.35,1432280,19044253.0
2023-03-09,13.38,13.39,13.14,13.2,1113760,14715065.0
2023-03-10,13.2,13.2,12.87,12.89,1758900,22823439.0
2023-03-13,12.9,12.94,12.8,12.87,1183300,15204456.0
2023-03-14,12.87,12.94,12.59,12.7,1538442,19541044.0
2023-03-15,12.79,13.03,12.77,12.94,1404502,18168375.0
2023-03-16,12.89,12.89,12.65,12.65,1234200,15718351.0
2023-03-17,12.65,12.94,12.65,12.81,1137000,14574703.0
2023-03-20,12.75,12.85,12.62,12.69,1596200,20312834.0
2023-03-21,12.69,12.92,12.65,12.91,1196840,15359700.0
2023-03-22,12.87,13.14,12.87,13.07,1520485,19805663.0
2023-03-23,12.97,13.1,12.92,13.03,1415840,18434754.0
2023-03-24,13.0,13.14,12.89,12.92,1211202,15711606.0
2023-03-27,12.89,12.97,12.75,12.88,1081940,13930938.0
2023-03-28,12.95,12.95,12.72,12.78,1018700,13029391.0
2023-03-29,12.75,12.86,12.55,12.56,1404414,17757632.0
2023-03-30,12.52,12.57,12.23,12.43,1947000,24079296.0
2023-03-31,12.34,12.58,12.34,12.55,993800,12434948.0
2023-04-03,12.45,12.64,12.38,12.53,1483905,18531121.0
2023-04-04,12.53,12.54,12.2,12.23,2029100,25004398.0
2023-04-06,12.23,12.32,12.08,12.14,1260854,15318176.0
2023-04-07,12.18,12.56,12.16,12.39,1303176,16083507.0
2023-04-10,12.36,12.36,11.84,11.9,2779300,33345759.0
2023-04-11,11.93,12.04,11.77,12.01,1426428,17015135.0
2023-04-12,12.03,12.11,11.86,11.91,1424200,17020487.0
2023-04-13,11.91,12.01,11.8,11.96,1184700,14106393.0
2023-04-14,11.97,12.04,11.85,11.93,865700,10309378.0
2023-04-17,11.87,11.99,11.83,11.98,744800,8886384.0
2023-04-18,11.97,12.0,11.86,11.93,757200,9019377.0
2023-04-19,11.95,12.06,11.8,12.0,1061286,12719800.0
2023-04-20,12.03,12.03,11.73,11.8,1448280,17101467.0
2023-04-21,11.8,11.81,11.5,11.53,1404600,16323681.0
2023-04-24,11.45,11.74,11.33,11.63,1572000,18112943.0
2023-04-25,11.7,11.7,11.3,11.5,1271600,14583754.0
2023-04-26,11.5,11.73,11.43,11.6,1010481,11699910.0
2023-04-27,11.55,11.79,11.51,11.75,1001322,11730789.0
2023-04-28,11.75,11.97,11.74,11.95,1272083,15098335.0
2023-05-04,11.9,12.14,11.81,12.09,1743221,20979828.0
2023-05-05,12.12,12.14,11.93,11.97,880160,10555044.0
2023-05-08,11.96,12.08,11.9,11.97,890943,10696796.0
2023-05-09,11.97,12.28,11.9,12.11,1796300,21779598.0
2023-05-10,12.1,12.18,12.0,12.12,1249686,15099668.0
2023-05-11,12.2,12.24,11.99,12.12,1131696,13664573.0
2023-05-12,12.12,12.15,11.99,12.02,961909,11595644.0
2023-05-15,11.94,12.1,11.89,12.07,1099700,13191377.0
2023-05-16,12.07,12.07,11.87,11.93,930300,11104244.0
2023-05-17,11.9,12.18,11.82,12.18,1227440,14871056.0
2023-05-18,12.17,12.23,12.06,12.1,553940,6716442.0
2023-05-19,12.09,12.11,11.88,12.05,853920,10245747.0
2023-05-22,12.18,12.18,11.99,12.11,780940,9425513.0
2023-05-23,12.15,12.18,12.0,12.02,473300,5712896.0
2023-05-24,12.02,12.04,11.85,11.95,522100,6241919.0
2023-05-25,12.03,12.03,11.8,11.97,626967,7458829.0
2023-05-26,11.84,12.17,11.81,12.13,1272440,15287797.0
2023-05-29,12.19,12.19,11.86,12.02,1304200,15638988.0
2023-05-30,12.0,12.0,11.68,11.86,1071160,12660034.0
2023-05-31,11.93,12.19,11.79,11.92,1147460,13730660.0
2023-06-01,11.81,12.5,11.73,12.29,2872800,35137210.0
2023-06-02,12.28,12.28,12.05,12.13,1554040,18845875.0
2023-06-05,12.15,12.22,12.0,12.17,1318600,15992247.0
2023-06-06,12.18,12.21,11.96,12.09,1150640,13911073.0
2023-06-07,12.09,12.15,11.97,12.05,805340,9695886.0
2023-06-08,12.05,12.27,11.94,12.2,1681580,20404422.0
2023-06-09,12.12,12.24,12.01,12.14,1095778,13284985.0
2023-06-12,12.18,12.28,12.01,12.24,1611736,19636286.0
2023-06-13,12.18,12.32,12.13,12.28,1122800,13772152.0
2023-06-14,12.28,12.28,12.15,12.27,911540,11146367.0
2023-06-15,12.24,12.31,12.14,12.24,1137000,13900590.0
2023-06-16,12.23,12.4,12.15,12.19,1669400,20483804.0
2023-06-19,12.19,12.26,11.99,11.99,1447160,17484174.0
2023-06-20,11.99,12.21,11.85,12.06,1590140,19088138.0
2023-06-21,12.0,12.14,11.82,11.84,1109000,13232790.0
2023-06-26,11.84,11.97,11.6,11.66,1534500,18013196.0
2023-06-27,11.65,12.15,11.58,12.13,1967780,23596850.0
2023-06-28,12.17,12.39,11.96,12.17,2983500,36363342.0
2023-06-29,12.1,12.29,12.06,12.14,711500,8645227.0
2023-06-30,12.18,12.44,12.15,12.29,1479300,18203694.0
2023-07-03,12.28,12.48,12.22,12.46,2356800,29277854.0
2023-07-04,12.41,12.47,12.34,12.44,875200,10850934.0
2023-07-05,12.51,12.55,12.36,12.41,1003200,12486229.0
2023-07-06,12.36,12.53,12.29,12.46,764740,9474055.0
2023-07-07,12.42,12.53,12.3,12.45,688700,8586348.0
2023-07-10,12.52,12.53,12.34,12.42,658900,8183671.0
2023-07-11,12.42,12.51,12.3,12.37,633200,7827914.0
2023-07-12,12.36,12.38,12.15,12.23,718640,8825122.0
2023-07-13,12.22,12.41,12.18,12.36,920300,11353835.0
2023-07-14,12.34,12.36,12.24,12.33,588580,7239431.0
2023-07-17,12.15,12.26,12.0,12.23,1116600,13545980.0
2023-07-18,12.11,12.38,12.11,12.27,1029222,12633617.0
2023-07-19,12.31,12.43,12.25,12.29,957740,11818104.0
2023-07-20,12.33,12.43,12.2,12.25,1270722,15646432.0
2023-07-21,12.43,12.43,12.12,12.23,1672176,20576366.0
2023-07-24,12.34,12.4,12.2,12.36,1059676,13052797.0
2023-07-25,12.44,12.5,12.35,12.48,1372900,17102461.0
2023-07-26,12.49,12.62,12.48,12.6,1687280,21195445.0
2023-07-27,12.6,12.7,12.5,12.55,996197,12549547.0
2023-07-28,12.62,12.7,12.51,12.69,1151297,14563342.0
2023-07-31,12.78,12.78,12.64,12.74,1523400,19375202.0
2023-08-01,12.75,12.76,12.6,12.71,745040,9461480.0
2023-08-02,12.7,12.76,12.62,12.67,648100,8212789.000000001
2023-08-03,12.66,12.68,12.52,12.62,758200,9552840.0
2023-08-04,12.57,12.73,12.55,12.57,797780,10087628.0
2023-08-07,12.57,12.57,12.42,12.5,882684,11010730.0
2023-08-08,12.41,12.5,12.35,12.38,717600,8902358.0
2023-08-09,12.35,12.45,12.31,12.35,836000,10353187.0
2023-08-10,12.46,12.46,12.25,12.36,706800,8730671.0
2023-08-11,12.35,12.43,12.11,12.12,1031600,12613262.0
2023-08-14,12.11,12.3,11.95,12.25,1240000,15080794.0
2023-08-15,12.2,12.33,12.14,12.19,747200,9135124.0
2023-08-16,12.19,12.22,12.0,12.03,918562,11133308.0
2023-08-17,12.0,12.28,11.8,12.26,1755640,21180623.0
2023-08-18,12.27,12.35,12.03,12.03,1224697,14942141.0
2023-08-21,12.07,12.23,11.95,12.0,1064333,12856152.0
2023-08-22,11.97,12.12,11.65,11.88,1704237,20113317.0
2023-08-23,11.82,11.86,11.6,11.73,1722600,20213202.0
2023-08-24,11.7,11.79,11.48,11.52,1826800,21168973.0
2023-08-25,11.5,11.68,11.36,11.43,1516000,17401658.0
2023-08-28,11.78,11.96,11.63,11.67,2459080,29032104.0
2023-08-29,11.6,11.99,11.56,11.96,1425900,16941533.0
2023-08-30,11.96,12.2,11.96,12.03,1615780,19521204.0
2023-08-31,12.08,12.08,11.8,11.89,1189100,14141945.0
2023-09-01,11.9,12.01,11.76,11.88,1088800,12917216.0
2023-09-04,11.87,12.08,11.87,12.05,1062200,12750869.0
2023-09-05,12.04,12.08,11.92,11.96,953680,11422566.0
2023-09-06,11.95,12.02,11.88,11.92,1338000,15962679.0
2023-09-07,11.97,11.97,11.78,11.81,931600,11044724.0
2023-09-08,11.71,11.93,11.7,11.78,1191300,14070317.0
2023-09-11,11.88,11.93,11.7,11.92,1026600,12170377.0
2023-09-12,11.87,11.96,11.8,11.9,827580,9823902.0
2023-09-13,11.85,11.91,11.73,11.82,1055140,12463953.0
2023-09-14,11.82,11.82,11.6,11.72,1232200,14393100.0
2023-09-15,11.71,11.91,11.64,11.83,1029007,12157880.0
2023-09-18,11.8,12.03,11.76,11.98,1905700,22789449.0
2023-09-19,11.98,11.98,11.81,11.82,833800,9890620.0
2023-09-20,11.87,11.94,11.8,11.81,866600,10300058.0
2023-09-21,11.77,11.88,11.67,11.73,1416800,16664766.0
2023-09-22,11.8,11.8,11.55,11.75,1188502,13878961.0
2023-09-25,11.78,11.78,11.59,11.65,1098700,12805498.0
2023-09-26,11.64,11.65,11.43,11.48,1634900,18798152.0
2023-09-27,11.43,11.71,11.39,11.64,1713610,19873554.0
2023-09-28,11.6,11.87,11.6,11.79,1309242,15419231.0
2023-10-09,11.79,11.9,11.5,11.54,1655100,19188885.0
2023-10-10,11.54,11.71,11.4,11.42,928400,10671918.0
2023-10-11,11.44,11.58,11.33,11.5,1354004,15528360.0
2023-10-12,11.46,11.57,11.42,11.53,1471888,16921841.0
2023-10-13,11.49,11.49,11.31,11.38,1477740,16792081.0
2023-10-16,11.35,11.47,11.2,11.38,993100,11289721.0
2023-10-17,11.38,11.48,11.31,11.41,702600,8008480.0
2023-10-18,11.33,11.47,11.24,11.24,1063600,12053541.0
2023-10-19,11.2,11.34,11.06,11.14,1051000,11750468.0
2023-10-20,11.1,11.23,11.06,11.16,668800,7466055.0
2023-10-23,11.21,11.59,10.95,11.1,3409880,38338148.0
2023-10-24,11.03,11.53,11.03,11.46,3598240,40871551.0
2023-10-25,11.57,11.64,11.46,11.52,1829040,21136490.0
2023-10-26,11.52,11.55,11.21,11.28,1481500,16775044.999999998
2023-10-27,11.29,11.53,11.22,11.48,1481760,16944443.0
2023-10-30,11.5,11.59,11.42,11.54,1698902,19596054.0
2023-10-31,11.49,11.63,11.48,11.6,1339442,15495456.0
2023-11-01,11.65,11.73,11.55,11.69,1693000,19767854.0
2023-11-02,11.7,12.18,11.64,11.79,3725000,44188852.0
2023-11-03,11.86,12.0,11.61,11.63,4207300,49491914.0
2023-11-06,11.56,11.68,11.44,11.58,3532000,40759996.0
2023-11-07,11.5,11.86,11.46,11.77,4953956,58096886.0
2023-11-08,11.79,11.81,11.47,11.54,3812820,44181569.0
2023-11-09,11.5,11.58,11.32,11.37,2833800,32333731.0
2023-11-10,11.36,11.54,11.26,11.52,1892800,21651719.0
2023-11-13,11.56,11.65,11.47,11.64,1922879,22311411.0
2023-11-14,11.7,11.7,11.49,11.56,1616700,18665612.0
2023-11-15,11.56,11.75,11.55,11.7,1612800,18801272.0
2023-11-16,11.71,11.74,11.63,11.65,1235000,14426329.0
2023-11-17,11.6,11.73,11.6,11.71,1063600,12429843.0
2023-11-20,11.69,11.83,11.62,11.8,1191280,13970667.0
2023-11-21,11.8,12.2,11.79,12.0,2916040,35002765.0
2023-11-22,11.9,12.1,11.83,11.83,1693900,20266883.0
2023-11-23,11.81,11.93,11.75,11.87,1538700,18226663.0
2023-11-24,11.86,11.87,11.65,11.69,1111900,13072884.0
2023-11-27,11.72,11.78,11.61,11.73,1237000,14479927.0
2023-11-28,11.7,11.88,11.61,11.87,1248399,14709474.0
2023-11-29,11.88,11.9,11.7,11.75,959000,11275550.0
2023-11-30,11.72,11.81,11.61,11.74,919100,10751627.0
2023-12-01,11.76,11.83,11.7,11.79,857900,10109418.0
2023-12-04,11.77,11.97,11.7,11.92,1566400,18593111.0
2023-12-05,11.9,11.92,11.68,11.7,1028500,12122655.0
2023-12-06,11.75,12.15,11.68,11.92,2239940,26871611.0
2023-12-07,11.91,12.06,11.84,11.89,1455500,17323932.0
2023-12-08,11.87,11.93,11.42,11.44,2211780,25714974.0
2023-12-11,11.34,11.8,11.3,11.68,2792740,32386563.0
2023-12-12,11.68,12.85,11.54,12.85,9571846,120085245.0
2023-12-13,12.88,14.14,12.47,13.39,22521439,298991196.0
2023-12-14,13.12,13.35,12.64,12.73,16651828,214181015.0
2023-12-15,12.7,13.02,12.43,12.73,13227062,168258763.0
2023-12-18,12.68,12.81,12.38,12.51,8290189,104268535.0
2023-12-19,12.47,12.51,12.06,12.18,5736036,70028309.0
2023-12-20,12.2,12.25,11.87,11.87,5269644,63198894.0
2023-12-21,11.8,12.02,11.71,11.99,3868080,46012352.0
2023-12-22,11.99,12.05,11.6,11.71,4306104,50845689.0
2023-12-25,11.7,11.84,11.45,11.46,3837649,44419635.0
2023-12-26,11.41,11.5,11.16,11.26,3415600,38431125.0
2023-12-27,11.25,11.36,11.12,11.33,2223400,25039419.0
2023-12-28,11.3,11.57,11.24,11.48,2542554,29071369.0
2023-12-29,11.48,11.66,11.43,11.62,2585034,29964387.0
2024-01-02,11.67,11.91,11.6,11.85,3434400,40563555.0
2024-01-03,11.83,11.93,11.76,11.91,2214080,26248145.0
2024-01-04,11.84,12.0,11.84,11.98,2358060,28156446.0
2024-01-05,11.96,12.15,11.76,11.82,2325100,27773979.0
2024-01-08,11.82,11.83,11.6,11.6,1903040,22288844.0
2024-01-09,11.77,11.98,11.59,11.86,2078400,24588280.0
2024-01-10,11.88,11.96,11.63,11.8,1766500,20872141.0
2024-01-11,11.78,12.02,11.75,11.89,2146500,25576678.0
2024-01-12,11.83,12.08,11.77,11.8,2250220,26796868.0
2024-01-15,11.8,11.89,11.71,11.79,1581800,18681902.0
2024-01-16,11.77,11.85,11.52,11.69,2397100,27926143.0
2024-01-17,11.7,11.75,11.46,11.5,1601100,18581564.0
2024-01-18,11.6,11.6,10.96,11.26,2361100,26337645.0
2024-01-19,11.25,11.33,11.08,11.14,1720361,19207087.0
2024-01-22,11.05,11.26,10.03,10.15,3014260,31670968.0
2024-01-23,10.0,10.14,9.66,9.8,3314800,32421797.0
2024-01-24,9.81,10.28,9.71,10.26,3108449,31126083.0
2024-01-25,10.33,10.75,10.18,10.72,2500020,26244533.0
2024-01-26,10.8,11.15,10.8,10.99,3118449,34371628.0
2024-01-29,11.0,11.16,10.53,10.56,2429600,26100199.0
2024-01-30,10.63,10.68,10.18,10.18,2019400,21043436.0
2024-01-31,10.35,10.35,9.57,9.65,2563979,25195376.0
2024-02-01,9.58,9.58,9.09,9.23,2656200,24703062.0
2024-02-02,9.28,9.44,8.42,8.76,3383200,30259800.0
2024-02-05,8.73,8.73,7.88,7.88,4266200,33995079.0
2024-02-06,7.53,7.97,7.09,7.4,7029281,51446925.0
2024-02-07,7.55,7.69,7.04,7.22,5928370,43425309.0
2024-02-08,7.23,7.94,7.05,7.94,6467065,48376190.0
2024-02-19,8.17,8.6,8.17,8.53,5869259,49389870.0
2024-02-20,8.75,8.75,8.45,8.54,2949375,25226387.0
2024-02-21,8.54,9.03,8.45,8.8,4962039,43866238.0
2024-02-22,8.84,8.96,8.76,8.93,2554274,22654051.0
2024-02-23,8.94,9.16,8.88,9.12,2985699,26932859.0
2024-02-26,9.17,9.55,8.99,9.33,4076300,37784913.0
2024-02-27,9.3,9.5,9.21,9.5,2408400,22664904.0
2024-02-28,9.5,9.79,8.88,8.89,5949900,55106373.0
2024-02-29,8.85,9.1,8.61,9.07,3066209,27481226.0
2024-03-01,9.07,9.25,9.0,9.1,2341100,21294640.0
2024-03-04,9.05,9.15,8.9,9.05,1588001,14366585.0
2024-03-05,9.0,9.03,8.81,8.86,2129374,18925004.0
2024-03-06,8.78,8.93,8.75,8.9,1811640,16004698.0
2024-03-07,8.9,9.07,8.84,8.94,2023200,18167980.0
2024-03-08,8.95,8.98,8.78,8.96,1250800,11119503.0
2024-03-11,8.92,9.06,8.9,9.06,1467400,13216997.0
2024-03-12,9.08,9.3,9.03,9.3,2721900,25044745.0
2024-03-13,9.3,9.43,9.21,9.35,2345500,21831182.0
2024-03-14,9.33,9.43,9.26,9.42,2438000,22807123.0
2024-03-15,9.43,9.55,9.34,9.54,2090600,19767782.0
2024-03-18,9.69,9.75,9.53,9.75,2498600,24103629.0
2024-03-19,9.75,10.03,9.7,9.83,2746612,27053289.0
2024-03-20,9.83,10.81,9.83,10.81,4832061,50429224.0
2024-03-21,11.15,11.71,10.56,10.6,11876812,131865951.99999999
2024-03-22,10.8,10.89,10.17,10.33,7362701,76955582.0
2024-03-25,10.23,11.36,10.23,11.36,3587144,40241100.0
2024-03-26,11.7,12.0,10.84,10.86,11733960,132802665.00000001
2024-03-27,10.76,11.6,10.76,10.93,7689860,85436049.0
2024-03-28,10.35,11.2,10.34,11.12,7740146,83921207.0
2024-03-29,11.06,11.07,10.66,10.8,5054000,54505065.0
2024-04-01,10.8,10.87,10.6,10.68,3689940,39405637.0
2024-04-02,10.69,10.8,10.53,10.63,3317720,35313350.4
2024-04-03,10.5,10.65,10.43,10.63,2706300,28504160.0
2024-04-08,10.64,10.75,10.27,10.27,3191064,33282927.32
2024-04-09,10.36,11.3,10.33,11.3,5670040,62663953.0
2024-04-10,11.36,11.36,10.5,10.76,7130660,76856092.6
2024-04-11,10.7,11.62,10.51,11.05,7756580,86029464.12
2024-04-12,10.93,10.99,10.65,10.69,4804280,51636148.6
2024-04-15,10.69,10.69,9.62,9.92,6114460,61029854.6
2024-04-16,9.74,9.91,8.93,8.93,4236100,38995405.0
2024-04-17,9.3,9.82,9.26,9.68,5340440,51654545.8
2024-04-18,9.65,9.65,9.35,9.45,4274900,40506882.0
2024-04-19,9.4,9.69,9.24,9.32,2096400,19609946.0
2024-04-22,9.38,9.55,9.13,9.43,1919700,18074918.0
2024-04-23,9.5,9.53,9.39,9.47,1406260,13313525.6
2024-04-24,9.53,9.7,9.5,9.6,1740700,16748480.0
2024-04-25,9.64,9.76,9.48,9.53,1858300,17836498.4
2024-04-26,9.53,9.62,9.44,9.59,2077200,19817992.0
2024-04-29,9.4,9.82,9.02,9.82,3990979,38155906.14
2024-04-30,9.82,9.83,9.63,9.66,1665549,16160436.3
2024-05-06,9.79,10.08,9.7,9.92,3135760,31145267.4
2024-05-07,9.97,10.09,9.83,10.07,2016600,20120499.0
2024-05-08,10.06,10.06,9.79,9.81,1815600,17958835.0
2024-05-09,9.85,10.06,9.76,9.99,1480600,14754793.0
2024-05-10,10.0,10.05,9.81,9.96,1185600,11752236.0
2024-05-13,9.9,9.93,9.63,9.71,1361146,13243318.12
2024-05-14,9.75,10.49,9.75,10.14,4817800,49000422.0
2024-05-15,10.14,11.08,9.85,10.45,7363140,76469951.4
2024-05-16,10.36,10.4,10.04,10.1,4671500,47521099.0
2024-05-17,10.11,10.3,10.06,10.17,2797300,28493145.0
2024-05-20,10.16,10.23,10.03,10.05,2590200,26102645.0
2024-05-21,10.06,10.13,9.87,9.93,1924800,19154542.0
2024-05-22,9.95,10.01,9.91,9.98,1462300,14577832.0
2024-05-23,9.97,10.0,9.7,9.73,1823480,17852843.0
2024-05-24,9.75,9.82,9.61,9.68,1017580,9883812.2
2024-05-27,9.62,9.78,9.5,9.76,1423200,13686536.0
2024-05-28,9.77,9.77,9.61,9.63,852100,8246650.0
2024-05-29,9.62,9.75,9.56,9.7,573800,5553657.0
2024-05-30,9.56,9.71,9.56,9.56,656400,6310349.0
2024-05-31,9.56,9.78,9.5,9.7,1208200,11650002.0
2024-06-03,9.7,9.75,9.46,9.52,1142465,10918545.2
2024-06-04,9.42,9.63,9.22,9.39,897200,8373683.0
2024-06-05,9.13,10.13,9.12,9.61,2858580,27755086.8
2024-06-06,9.5,9.56,9.23,9.25,1778500,16631508.0
2024-06-07,9.39,9.54,9.3,9.38,1227000,11542892.0
2024-06-11,9.8,9.8,9.36,9.48,1354320,12887960.4
2024-06-12,9.41,9.55,9.37,9.51,887900,8401448.0
2024-06-13,9.51,9.57,9.45,9.49,610301,5789853.47
2024-06-14,9.45,9.52,9.41,9.42,721080,6814643.8
2024-06-17,9.42,9.45,9.32,9.37,540900,5079828.0
2024-06-18,9.31,9.44,9.21,9.35,999101,9284179.32
2024-06-19,9.34,9.34,9.23,9.24,661180,6127427.8
2024-06-20,9.24,9.28,8.94,9.15,1487800,13489912.0
2024-06-21,9.1,9.15,9.01,9.02,551300,4989073.0
2024-06-24,8.99,9.02,8.68,8.72,1056740,9292270.4
2024-06-25,8.66,8.95,8.66,8.84,850180,7525800.4
2024-06-26,8.79,9.05,8.78,9.02,757300,6772877.0
2024-06-27,9.01,9.05,8.92,8.94,551800,4945938.0
2024-06-28,8.9,9.06,8.88,8.96,472600,4254328.0
2024-07-01,8.89,9.06,8.81,8.95,528000,4706336.0
2024-07-02,8.88,9.07,8.86,9.05,722000,6510683.0
2024-07-03,9.05,9.45,8.97,9.14,2151007,19924796.11
2024-07-04,9.05,9.09,8.9,8.91,962280,8634909.8
2024-07-05,8.84,9.18,8.84,8.99,996340,8967098.2
2024-07-08,8.96,8.99,8.78,8.85,718076,6357135.6
2024-07-09,8.85,9.28,8.72,9.08,1245056,11180541.24
2024-07-10,8.91,9.15,8.91,9.02,747100,6728050.0
2024-07-11,9.03,9.18,9.03,9.11,1265025,11531643.8
2024-07-12,9.18,9.18,9.05,9.1,713540,6506802.6
2024-07-15,9.16,9.16,8.98,9.04,442540,3988777.6
2024-07-16,9.02,9.02,8.87,8.97,636247,5686740.38
2024-07-17,8.96,9.04,8.88,9.0,468900,4208184.0
2024-07-18,9.01,9.08,8.86,8.93,917420,8216708.0
2024-07-19,9.0,9.0,8.81,8.87,749000,6649134.0
2024-07-22,8.84,8.9,8.75,8.79,862300,7599040.0
2024-07-23,8.8,8.85,8.68,8.69,796000,6965005.0
2024-07-24,8.64,8.68,8.37,8.38,925000,7847397.0
2024-07-25,8.36,9.1,8.26,8.94,2582060,22615783.8
2024-07-26,8.87,8.93,8.75,8.78,1390160,12255876.0
2024-07-29,8.71,8.86,8.71,8.81,654100,5753414.0
2024-07-30,8.75,8.86,8.74,8.82,531024,4676224.68
2024-07-31,8.84,9.0,8.76,8.98,1170080,10425848.0
2024-08-01,8.95,9.08,8.9,9.03,1092580,9842683.8
2024-08-02,8.96,9.5,8.96,9.11,2222420,20380256.12
2024-08-05,9.2,9.8,9.14,9.19,4002840,37695524.16
2024-08-06,9.05,9.55,9.01,9.23,2528200,23415461.0
2024-08-07,9.11,9.21,8.94,8.97,2237600,20187799.0
2024-08-08,8.89,9.03,8.86,8.92,1077372,9624827.64
2024-08-09,8.99,9.0,8.88,8.88,714640,6379281.8
2024-08-12,8.88,8.96,8.78,8.84,615500,5442557.0
2024-08-13,8.88,8.88,8.75,8.88,594600,5242589.6
2024-08-14,8.88,8.92,8.83,8.84,394820,3503766.0
2024-08-15,8.85,8.9,8.77,8.8,693200,6125752.0
2024-08-16,8.8,8.88,8.72,8.75,610600,5349686.0
2024-08-19,8.75,8.78,8.65,8.74,545600,4756780.0
2024-08-20,8.74,8.77,8.55,8.63,640241,5532341.77
2024-08-21,8.56,8.72,8.56,8.67,534000,4626459.0
2024-08-22,8.69,8.7,8.48,8.53,631400,5420554.0
2024-08-23,8.54,8.59,8.43,8.58,414500,3526790.0
2024-08-26,8.52,8.68,8.51,8.66,740100,6383976.0
2024-08-27,8.66,8.67,8.53,8.58,470000,4036117.0
2024-08-28,8.58,8.7,8.51,8.64,444300,3836285.0
2024-08-29,8.66,8.72,8.6,8.71,566300,4909614.0
2024-08-30,8.68,8.87,8.68,8.72,986105,8656133.45
2024-09-02,8.73,8.91,8.69,8.87,1709140,15084376.8
2024-09-03,8.83,8.91,8.78,8.88,590900,5225800.0
2024-09-04,8.88,8.92,8.78,8.8,508700,4501336.0
2024-09-05,8.79,8.93,8.79,8.92,635060,5625326.6
2024-09-06,8.92,8.99,8.78,8.78,416400,3681753.0
2024-09-09,8.77,8.85,8.64,8.83,498100,4369801.0
2024-09-10,8.87,8.9,8.75,8.9,567900,5018576.0
2024-09-11,8.91,8.92,8.72,8.76,601621,5292696.54
2024-09-12,8.78,8.9,8.77,8.81,652000,5773224.0
2024-09-13,8.81,8.94,8.76,8.8,747540,6601776.4
2024-09-18,8.79,8.79,8.55,8.68,654200,5664106.0
2024-09-19,8.68,8.97,8.68,8.92,2113684,18800850.0
2024-09-20,8.93,8.97,8.84,8.86,701000,6218023.0
2024-09-23,8.86,9.12,8.8,9.04,1390200,12541301.0
2024-09-24,9.09,9.16,9.0,9.13,1680700,15272625.0
2024-09-25,9.17,9.34,9.12,9.16,1498448,13849435.88
2024-09-26,9.13,9.4,9.13,9.35,1579400,14656270.0
2024-09-27,9.44,9.6,9.35,9.56,2730231,25810107.86
2024-09-30,9.75,10.35,9.63,10.23,6233906,62555352.64
2024-10-08,11.22,11.22,10.18,10.44,7084363,75634326.9
2024-10-09,10.35,10.35,9.58,9.68,4174482,41404975.7
2024-10-10,9.71,9.97,9.48,9.82,2849100,27829714.0
2024-10-11,9.85,9.86,9.61,9.69,1797080,17450865.0
2024-10-14,9.7,10.03,9.7,9.98,2321620,22953752.0
2024-10-15,9.92,10.08,9.74,9.74,1675300,16592063.0
2024-10-16,9.65,10.56,9.6,10.2,5893309,59990342.93
2024-10-17,10.15,10.23,9.85,9.96,3999780,39948569.6
2024-10-18,9.92,10.04,9.8,9.97,3324247,33048371.71
2024-10-21,9.97,10.02,9.89,9.9,2345200,23307728.0
2024-10-22,9.89,10.01,9.85,9.96,1891120,18815822.8
2024-10-23,10.0,10.56,9.99,10.27,5190344,53510391.4
2024-10-24,10.28,10.78,10.05,10.63,6877056,72777064.06
2024-10-25,10.61,11.0,10.54,10.78,5298729,57241951.76
2024-10-28,10.89,11.8,10.81,11.57,8530520,96885913.55
2024-10-29,11.53,11.8,11.07,11.15,6402145,72974790.3
2024-10-30,11.12,11.48,10.9,11.07,3455660,38543874.8
2024-10-31,10.94,11.15,10.83,11.03,3169841,34670667.06
2024-11-01,10.9,11.83,10.9,11.39,7015362,80716325.69
2024-11-04,11.28,11.62,11.09,11.51,3659841,41545548.41
2024-11-05,11.38,11.7,11.38,11.58,3309885,38349265.0
2024-11-06,11.58,11.77,11.33,11.4,3071600,35292053.8
2024-11-07,11.34,11.75,11.3,11.65,2857039,33166111.9
2024-11-08,11.65,12.28,11.56,12.18,5155216,61287757.8
2024-11-11,12.22,13.2,12.22,13.09,6806580,87333847.4
2024-11-12,13.2,13.94,13.0,13.15,7677240,102332688.0
2024-11-13,13.16,13.98,13.16,13.43,6810080,92985187.4
2024-11-14,13.43,13.51,12.59,12.65,5281976,68408186.4
2024-11-15,12.77,12.77,12.15,12.19,4194600,52008323.0
2024-11-18,12.21,12.39,11.57,11.59,3457760,40943276.4
2024-11-19,11.61,11.73,11.17,11.52,3339764,38137384.1
2024-11-20,11.53,12.43,11.45,12.16,3804679,45675326.53
2024-11-21,12.11,13.38,12.05,13.38,5841605,76205961.4
2024-11-22,13.99,13.99,13.02,13.66,10802416,147513759.04
2024-11-25,13.54,13.91,12.66,13.0,7226520,94499429.0
2024-11-26,13.15,13.99,12.97,12.99,7584040,101961788.6
2024-11-27,13.07,13.34,12.57,12.98,4446300,57077954.0
2024-11-28,13.0,13.18,12.84,12.93,3221000,41935741.0
2024-11-29,12.86,13.3,12.82,13.07,3190300,41528780.0
2024-12-02,13.07,13.85,12.89,13.5,5042460,67631712.8
2024-12-03,13.46,13.9,13.41,13.5,3418040,46395930.0
2024-12-04,13.54,14.09,13.4,13.61,6776600,93341476.0
2024-12-05,13.6,13.64,13.25,13.33,3415400,45875618.0
2024-12-06,14.66,14.66,14.45,14.66,12328550,180706804.0
2024-12-09,16.12,16.13,15.22,16.13,11820087,188406061.21
2024-12-10,17.74,17.74,17.74,17.74,926977,16444571.98
2024-12-11,19.51,19.51,19.51,19.51,1156220,22557852.2
2024-12-12,21.46,21.46,21.46,21.46,1088545,23360175.7
2024-12-13,23.61,23.61,22.22,23.61,34305202,803840351.22
2024-12-16,25.97,25.97,25.97,25.97,1886982,49004922.54
2024-12-17,28.57,28.57,23.37,25.8,47660625,1265209520.39
2024-12-18,23.22,24.97,23.22,23.22,33320453,781768535.81
2024-12-19,22.83,25.54,22.55,25.54,36289735,897239957.08
2024-12-20,24.23,26.86,23.45,25.6,26337608,670477426.0
2024-12-23,26.6,28.16,26.2,28.16,11410550,314456497.21
2024-12-24,30.97,30.98,28.01,29.0,31933771,952580108.66
2024-12-25,29.5,30.74,26.1,26.1,25272581,713097588.54
2024-12-26,26.48,27.37,24.66,25.44,21616077,563466580.8
2024-12-27,26.5,27.98,24.5,24.93,21494282,568297728.87
2024-12-30,26.92,26.93,24.93,25.61,17888453,460704135.87
2024-12-31,24.84,25.39,23.05,23.23,22422505,535641116.08
2025-01-02,22.87,23.28,21.87,22.05,13044073,293267464.48
2025-01-03,21.95,22.2,19.85,19.88,13686495,284110968.1
2025-01-06,20.0,20.3,18.38,18.67,10851268,206402096.46
2025-01-07,19.18,20.54,19.01,20.54,4286320,85714469.8
2025-01-08,20.6,20.68,19.47,20.12,12205962,244553370.46
2025-01-09,19.95,20.61,19.7,19.91,8355600,168083936.0
2025-01-10,19.94,20.0,18.81,18.84,6291520,121421488.4
2025-01-13,18.84,20.72,18.8,20.72,4644200,93993036.0
2025-01-14,20.72,22.15,20.72,21.45,17542913,375248413.36
2025-01-15,21.41,22.45,20.6,21.31,14079632,300483183.66
2025-01-16,21.31,21.6,20.75,21.01,8523010,179923525.5
2025-01-17,21.28,21.35,20.37,20.51,6649230,137948113.71
2025-01-20,20.87,20.96,19.94,20.34,7382187,150771968.84
2025-01-21,20.6,20.66,19.81,20.0,7594833,152517173.0
2025-01-22,19.95,19.95,19.29,19.29,5691133,110575320.46
2025-01-23,19.53,19.77,18.86,18.92,5911340,113563401.6
2025-01-24,18.97,19.14,18.64,19.0,5302700,100514555.0
2025-01-27,19.49,20.9,19.49,20.9,17693995,365447216.25
2025-02-05,20.7,20.7,18.89,19.02,17822300,350100227.0
2025-02-06,19.13,20.06,18.95,19.71,12043991,234884606.32
2025-02-07,19.69,20.34,19.4,19.83,10606618,211164297.06
2025-02-10,19.8,20.18,19.5,20.16,9142264,181567760.67
2025-02-11,20.28,21.0,19.83,20.43,13104043,267310701.23
2025-02-12,20.3,20.59,20.0,20.47,9602406,195180179.73
2025-02-13,20.45,20.45,19.56,19.59,9037400,179676692.0
2025-02-14,19.59,19.59,19.02,19.27,6856898,131388521.0
2025-02-17,19.15,19.5,18.9,19.43,5149101,99095748.68
2025-02-18,19.44,19.8,18.3,18.39,8849278,166828169.96
2025-02-19,18.38,18.75,18.3,18.68,5885220,109135822.8
2025-02-20,18.56,20.05,18.2,19.51,14969400,289934851.0
2025-02-21,19.8,20.25,19.2,19.66,14345576,282482970.58
2025-02-24,19.28,19.34,18.34,18.53,11375880,211355831.7
2025-02-25,18.3,19.2,18.22,18.35,7324464,136233804.55
2025-02-26,18.24,18.89,18.24,18.34,6168040,113537543.59
2025-02-27,18.35,18.45,17.99,18.38,8346881,151772274.9
2025-02-28,18.21,18.24,17.77,17.8,5245200,94299707.0
2025-03-03,17.78,18.22,17.55,17.68,4559700,81509620.0
2025-03-04,17.68,17.91,17.5,17.9,3328740,58875819.8
2025-03-05,17.93,17.93,17.24,17.61,5384886,94171938.58
2025-03-06,17.65,17.8,17.41,17.7,6329940,111685942.2
2025-03-07,17.7,17.7,17.23,17.38,4924299,85856671.08
2025-03-10,17.38,17.55,17.23,17.46,3670600,63905760.0
2025-03-11,17.31,17.88,17.29,17.65,5382680,94512422.2
2025-03-12,17.61,17.67,17.33,17.39,4631367,80730730.8
2025-03-13,17.51,17.51,16.7,16.89,5833927,98972943.05
2025-03-14,16.94,17.3,16.88,17.28,4816060,82492743.2
2025-03-17,17.5,17.51,17.28,17.34,2907000,50566232.0
2025-03-18,17.3,17.35,17.07,17.3,3297287,56759836.89
2025-03-19,17.26,17.29,17.0,17.06,2814600,48157921.0
2025-03-20,17.0,17.21,16.9,17.01,2848840,48579537.6
2025-03-21,16.93,17.01,16.55,16.69,3691420,61708292.0
2025-03-24,16.95,17.36,16.12,16.6,5897200,98331093.0
2025-03-25,16.41,16.62,16.12,16.35,3879633,63336187.53
2025-03-26,16.18,16.65,16.18,16.55,3538800,58277136.0
2025-03-27,16.53,16.55,16.25,16.26,3345300,54775560.0
2025-03-28,16.26,16.52,16.12,16.15,3326500,54130821.0
2025-03-31,16.15,16.25,15.59,15.85,4442120,70232860.2
2025-04-01,16.08,16.9,15.85,16.12,7554999,123950011.65
2025-04-02,16.12,16.26,15.98,16.24,3085680,49830803.4
2025-04-03,16.03,16.77,16.01,16.37,5145080,84572127.0
2025-04-07,15.88,17.93,14.73,14.75,17434630,285146986.18
2025-04-08,14.7,16.23,14.66,16.23,12524480,192887477.0
2025-04-09,16.58,17.71,15.35,17.24,18925263,315742869.63
2025-04-10,16.81,17.84,16.81,17.35,13178065,230004611.68
2025-04-11,17.17,18.81,17.17,17.95,17704040,322490572.62
2025-04-14,17.75,18.48,17.43,18.25,14233377,255863067.55
2025-04-15,18.07,18.07,17.24,17.38,9353000,164022365.0
2025-04-16,17.35,17.6,16.62,16.86,7496340,127497349.2
2025-04-17,16.84,18.18,16.67,17.85,11575260,202825650.2
2025-04-18,17.88,19.62,17.5,19.13,19826700,368159199.66
2025-04-21,19.0,21.04,18.34,20.67,21151717,421515767.64
2025-04-22,20.11,20.95,19.88,19.98,16631718,338288539.54
2025-04-23,19.99,21.8,19.61,21.13,17019314,354354067.2
2025-04-24,20.77,23.22,20.5,23.18,21136039,461437793.23
2025-04-25,22.46,24.3,22.3,22.53,17447343,402200574.98
2025-04-28,22.53,22.93,21.73,21.8,10128957,225506725.66
2025-04-29,21.88,22.99,21.61,22.59,10322622,230082708.28
2025-04-30,23.0,24.85,21.51,24.85,24432692,575365561.78
2025-05-06,24.09,24.95,23.9,24.62,18018118,440231728.36
2025-05-07,24.38,27.01,23.5,25.98,20796455,512443274.17
2025-05-08,25.66,26.75,25.4,26.7,14779099,386827649.64
2025-05-09,26.0,26.2,24.46,25.01,13982360,355231196.75
2025-05-12,23.7,24.36,22.51,22.56,18052417,418620343.06
2025-05-13,22.03,24.01,21.03,23.55,21923402,483871813.59
2025-05-14,22.6,24.29,22.33,23.15,17867084,416895693.91
2025-05-15,22.74,23.58,21.8,21.8,13241522,299359910.33
2025-05-16,21.8,23.2,21.26,22.91,13642821,305494857.38
2025-05-19,23.8,25.2,23.03,25.2,14113800,342916262.8
2025-05-20,26.0,27.72,26.0,27.72,23530426,636093931.76
2025-05-21,28.6,30.49,28.1,30.49,33435219,999387704.47
2025-05-22,29.5,33.54,28.47,33.54,32535186,1005035094.52
2025-05-23,34.87,36.89,32.45,33.78,35858356,1254115089.28
2025-05-26,35.8,37.16,35.41,37.16,19140435,703991382.76
2025-05-27,38.0,40.79,36.3,36.91,41604394,1596964914.6
2025-05-28,36.91,37.8,33.22,33.22,35627322,1251380916.38
2025-05-29,33.01,34.74,31.51,31.51,29815419,974551472.56
2025-05-30,31.62,31.79,29.75,29.77,21225897,641765386.42
2025-06-03,29.66,31.46,29.66,30.59,18764320,574600145.4
2025-06-04,31.0,31.5,29.86,31.34,22019460,678944704.2
2025-06-05,30.89,32.27,29.7,29.75,19590579,594022151.05
2025-06-06,29.5,29.99,28.87,29.05,14861560,434777682.6
2025-06-09,28.66,29.45,28.66,29.19,10370276,301461014.63
2025-06-10,29.29,29.3,27.85,28.45,13069804,372482296.48
2025-06-11,28.3,28.75,28.0,28.51,10767080,304782461.0
2025-06-12,28.25,28.34,27.45,27.7,11228160,312247862.32
2025-06-13,27.69,27.92,26.4,26.57,11898960,319763969.16
2025-06-16,26.31,27.2,26.21,26.96,7749680,208036929.8
2025-06-17,26.95,27.2,26.24,26.44,6235080,165456988.0
2025-06-18,26.42,26.44,25.61,25.93,7141580,184502725.0
2025-06-19,25.72,26.23,25.28,25.45,6446060,165763791.6
2025-06-20,25.39,25.6,25.03,25.23,5299400,133803115.0
2025-06-23,25.26,25.94,24.99,25.63,8169296,208818026.52
2025-06-24,25.65,25.98,25.48,25.7,8406700,215892154.0
2025-06-25,25.71,25.99,25.13,25.56,9019900,230270016.0
2025-06-26,25.37,25.74,25.07,25.21,8050600,204372183.0
2025-06-27,25.2,26.16,25.1,25.53,12706200,325243161.0
2025-06-30,25.45,25.89,25.26,25.77,8944900,229344647.2
2025-07-01,25.78,26.24,25.45,25.99,10295400,265848620.0
2025-07-02,25.99,28.59,25.71,28.59,22630336,616083231.56
2025-07-03,28.98,29.02,26.7,27.13,30430160,830144602.27
2025-07-04,27.12,29.84,26.5,29.12,33460849,964261120.9
2025-07-07,28.03,31.72,28.03,31.3,29909638,905703042.44
2025-07-08,31.0,31.35,30.01,30.5,20339320,620454064.42
2025-07-09,30.25,31.53,28.84,29.11,19961285,598254441.11
2025-07-10,28.93,28.99,27.48,27.99,15376519,429443626.37
2025-07-11,27.76,28.52,27.3,27.53,11821469,327970199.93
2025-07-14,27.37,30.28,27.37,30.28,17964493,521368865.1
2025-07-15,29.88,30.98,28.9,29.0,21958978,645983117.0
2025-07-16,29.41,29.6,28.34,28.36,11691720,336259861.04
2025-07-17,28.11,28.63,27.9,28.38,9618200,272581409.0
2025-07-18,28.2,29.45,28.14,28.61,14418104,416012382.1
2025-07-21,27.7,28.46,25.85,28.1,13309138,367406056.98
2025-07-22,27.96,27.97,26.5,26.53,17061410,459442016.6
2025-07-23,26.6,26.6,25.68,25.72,10965798,285151102.94
2025-07-24,25.8,26.08,25.75,26.0,6426240,166391352.87
2025-07-25,25.9,26.17,25.52,25.58,6608600,169911182.4
2025-07-28,25.56,25.8,25.48,25.71,5149122,131950473.14
2025-07-29,25.83,25.95,25.32,25.49,6488460,165446413.8
2025-07-30,25.34,25.59,25.18,25.38,5141330,130316252.5
2025-07-31,25.28,25.28,24.65,24.8,7061700,175846997.0
2025-08-01,24.7,25.51,24.45,25.18,8448200,210690238.0
2025-08-04,24.99,25.43,24.5,25.28,5486400,137234148.0
2025-08-05,25.11,25.54,25.11,25.51,5362400,135899917.0
2025-08-06,25.53,25.79,25.25,25.69,5428300,138903178.0
2025-08-07,25.69,27.28,25.51,26.68,15670073,418853368.58
2025-08-08,26.39,26.4,25.73,26.19,9241300,240089414.0
2025-08-11,26.0,26.0,25.6,25.8,5986320,154067694.0
2025-08-12,25.86,26.3,25.69,25.83,4969175,128962794.25
2025-08-13,25.82,25.99,25.4,25.45,6810070,173780672.65
2025-08-14,25.35,25.6,25.0,25.03,5257300,132612852.0
2025-08-15,24.85,25.14,24.53,25.11,5081533,126851857.68
2025-08-18,25.08,25.42,24.89,25.3,5602540,141326626.8
2025-08-19,25.3,25.48,24.96,25.25,5678080,143392992.0
2025-08-20,25.25,25.75,25.1,25.59,6977120,178137796.0
2025-08-21,25.87,26.61,25.43,25.82,10839040,281850167.0
2025-08-22,25.7,25.7,25.15,25.52,7452060,188945426.8
2025-08-25,25.26,25.96,25.26,25.62,6314200,161908496.0
2025-08-26,25.62,25.69,25.44,25.5,4411900,112701974.0
2025-08-27,25.44,25.49,24.68,24.69,8320720,208798538.8
2025-08-28,24.7,25.09,24.0,24.66,6118360,149948527.6
2025-08-29,24.67,25.2,24.5,25.01,5748760,143177624.19
2025-09-01,25.31,25.77,25.15,25.17,7117800,180696467.6
2025-09-02,25.04,25.25,24.56,24.68,6049060,149689466.39
2025-09-03,24.69,24.71,23.69,23.74,6843900,164751255.0
2025-09-04,24.03,24.77,24.03,24.34,8234330,201792523.3
2025-09-05,24.34,24.49,23.51,24.17,6853960,163376783.2
2025-09-08,24.05,24.59,24.0,24.43,4953900,120870948.0
2025-09-09,24.3,24.87,24.09,24.7,5818680,142880214.6
2025-09-10,24.3,24.83,24.3,24.59,3665257,90185118.65
2025-09-11,24.59,25.1,24.21,24.77,6946200,170840018.6
2025-09-12,24.78,25.0,24.24,24.28,5921400,145042822.0
2025-09-15,24.29,24.54,23.95,24.1,4832200,116616057.0
2025-09-16,24.09,24.12,23.74,24.12,3994324,95698348.8
2025-09-17,24.24,24.24,23.82,23.86,3795328,90805418.96
2025-09-18,23.8,23.86,23.29,23.34,4909100,115434718.0
2025-09-19,23.12,23.36,23.06,23.18,3164100,73341796.0
2025-09-22,23.18,23.29,22.66,22.78,4111720,93642074.8
2025-09-23,22.78,22.78,21.9,22.34,4893500,108797395.0
2025-09-24,22.3,22.63,22.07,22.59,2655000,59714460.2
2025-09-25,22.42,23.08,22.41,22.61,3265500,74216327.12
2025-09-26,22.43,22.79,22.28,22.48,2468580,55751972.2
2025-09-29,22.38,22.52,22.01,22.35,2907300,64870579.0
2025-09-30,22.36,22.58,22.3,22.4,1862800,41792894.0
2025-10-09,22.5,22.68,22.15,22.59,3111800,69850658.0
2025-10-10,22.59,24.67,22.46,23.8,12067108,287233066.16
2025-10-13,23.11,24.95,22.9,24.44,11147900,270224404.2
2025-10-14,24.48,24.72,23.9,24.06,7690357,186025304.3
2025-10-15,24.17,24.4,23.78,24.22,5444200,131119936.6
2025-10-16,24.1,24.69,23.65,23.72,5404500,130030173.0
2025-10-17,23.7,24.03,23.5,23.84,4475501,106472372.72
2025-10-20,24.15,24.29,23.78,24.09,4480600,107564851.0
2025-10-21,24.09,24.85,23.91,24.49,6373400,155413981.0
2025-10-22,24.39,24.85,24.16,24.38,5123500,125480326.0
2025-10-23,24.55,25.57,24.23,25.49,15730265,396448849.0
2025-10-24,25.31,25.52,24.85,24.99,8045700,202333402.0
2025-10-27,24.92,25.1,24.52,25.09,5399601,134551259.96
2025-10-28,25.1,25.12,23.81,24.15,8476400,206359557.0
2025-10-29,24.18,24.18,23.35,23.7,6474600,153009178.0
2025-10-30,23.46,24.07,23.46,23.89,4604640,109402504.6
2025-10-31,23.29,23.7,22.8,23.37,5146240,120106772.6
2025-11-03,23.6,24.76,23.6,24.01,6636700,160382517.0
2025-11-04,23.93,24.0,23.11,23.28,4499000,105409238.0
2025-11-05,23.01,23.65,22.87,23.33,2835820,66304626.27
2025-11-06,23.25,23.37,23.0,23.18,2913300,67356675.8
2025-11-07,23.17,23.41,23.02,23.27,2882600,66896664.0
2025-11-10,23.26,23.42,23.13,23.18,2890923,67299822.14
2025-11-11,23.18,24.08,23.03,23.63,5418740,127701861.55
2025-11-12,23.6,23.6,23.03,23.18,3519300,81796369.23
2025-11-13,23.07,23.28,22.9,23.19,2429875,56184641.79
2025-11-14,23.21,23.69,23.15,23.16,2824800,66105814.0
2025-11-17,23.39,23.39,22.75,22.89,2688740,61570441.8
2025-11-18,22.79,22.93,22.26,22.41,3207040,72249063.8
2025-11-19,22.36,22.46,21.99,22.05,2203240,48734136.8
2025-11-20,22.05,23.5,22.0,22.78,6393340,144858860.2
2025-11-21,22.55,22.88,21.82,21.85,4511440,99815777.0
2025-11-24,21.85,22.08,21.38,21.78,2665400,57833038.0
2025-11-25,21.78,22.86,21.75,22.16,3716500,82919591.0
2025-11-26,22.49,22.49,22.0,22.09,2966300,66036944.0
2025-11-27,22.23,22.48,22.08,22.38,2716600,60733103.31
2025-11-28,22.25,22.3,21.97,22.22,1829100,40491673.0
2025-12-01,22.25,23.83,22.22,23.53,8467390,196023364.0
2025-12-02,23.5,23.5,22.81,22.83,3519100,81030551.0
2025-12-03,22.85,23.01,22.36,22.57,2222320,50101692.0
2025-12-04,22.45,22.45,22.01,22.07,2391860,52953684.0
2025-12-05,22.11,22.11,21.74,22.0,2156600,47277860.0
2025-12-08,22.0,22.11,21.79,22.03,2242800,49230749.0
2025-12-09,21.97,22.09,21.7,21.73,2143300,46850835.0
2025-12-10,21.72,21.82,21.58,21.71,1730420,37522307.0
2025-12-11,21.8,21.8,21.0,21.05,3197700,67992246.0
2025-12-12,21.24,21.29,20.62,21.25,2044600,43008567.4
2025-12-15,21.25,21.35,20.88,20.92,1976100,41685494.0
2025-12-16,21.08,21.08,20.52,20.53,1825220,37675550.6
2025-12-17,20.55,20.86,20.38,20.74,2462200,50764746.0
2025-12-18,20.62,20.94,20.58,20.87,2050710,42752375.5
2025-12-19,20.88,21.24,20.7,21.05,1768500,37179764.0
2025-12-22,21.1,21.17,20.93,21.0,1608760,33854734.6
2025-12-23,21.12,21.12,20.65,20.78,1890000,39303088.0
2025-12-24,20.68,21.42,20.58,21.28,3391710,71743031.5
2025-12-25,21.28,23.41,21.23,23.41,12243010,276700235.1
2025-12-26,23.41,23.76,22.47,22.52,12986210,297362138.2
2025-12-29,22.5,22.66,22.15,22.27,5827170,130543432.9
2025-12-30,22.18,22.24,21.79,21.84,5243300,114989726.0
2025-12-31,21.71,21.92,20.9,21.1,5729680,121229782.9
2026-01-05,21.08,21.14,20.9,21.06,3592790,75549731.8
2026-01-06,21.15,21.25,20.96,21.2,3845060,81306400.9
2026-01-07,21.29,21.33,21.03,21.09,3633340,76795539.4
2026-01-08,21.01,21.26,20.95,21.18,3012000,63708583.0
2026-01-09,21.2,21.26,20.9,21.19,4508600,95043106.0
2026-01-12,21.19,21.3,21.08,21.25,4365310,92486518.0
2026-01-13,21.25,21.29,20.72,20.85,5292730,111235689.4
2026-01-14,20.94,21.06,20.63,20.73,4737600,98627868.0
2026-01-15,20.74,20.97,20.66,20.74,3025200,62838213.0
2026-01-16,20.8,20.82,20.55,20.68,2435140,50331384.0
2026-01-19,20.67,21.04,20.56,20.98,3864300,80646890.0
2026-01-20,20.98,20.99,20.7,20.79,2692300,56051043.0
2026-01-21,20.79,21.34,20.63,21.28,5636500,118802464.0
2026-01-22,21.18,21.58,21.08,21.38,5011740,106871466.4
2026-01-23,21.31,21.39,21.16,21.3,3504900,74520237.0
2026-01-26,21.28,21.3,20.76,20.95,3562540,74647626.6
2026-01-27,20.9,20.9,20.2,20.53,3552800,72802412.6
2026-01-28,20.52,20.76,20.29,20.32,2470600,50457074.0
2026-01-29,20.29,20.95,20.2,20.66,4094515,84698157.65
2026-01-30,20.7,21.39,20.5,21.12,5897800,124263381.0
2026-02-02,21.08,21.08,20.26,20.3,4355860,89677992.0
2026-02-03,20.3,20.49,20.15,20.4,2416640,49126496.4
2026-02-04,20.38,20.55,20.2,20.46,2175681,44364334.58
2026-02-05,20.46,20.88,20.34,20.48,2673100,55151942.78
2026-02-06,20.39,20.68,20.3,20.52,2170700,44584458.0
2026-02-09,20.65,20.75,20.5,20.61,1853680,38103432.4
2026-02-10,20.61,20.82,20.51,20.61,1942780,40167633.0
2026-02-11,20.62,20.87,20.45,20.73,2320100,47993423.0
2026-02-12,20.75,21.29,20.4,20.41,5191800,108352484.6
2026-02-13,20.33,20.97,20.31,20.44,3595900,74204119.4
2026-02-24,20.64,20.68,20.19,20.68,3091500,63370680.0
2026-02-25,20.66,21.26,20.66,20.9,3773100,79295176.4
2026-02-26,20.94,21.11,20.75,20.98,2949100,61632701.0
2026-02-27,20.91,20.91,20.68,20.77,2257500,46832400.0
2026-03-02,20.44,20.65,19.86,20.31,5733680,115823767.8
2026-03-03,20.26,20.37,19.35,19.35,4824940,95653590.4
2026-03-04,19.1,19.37,18.86,19.1,2392440,45735738.6
2026-03-05,19.35,20.33,19.32,19.6,4316900,85684961.0
2026-03-06,19.5,19.84,19.39,19.79,2381100,46900349.0
2026-03-09,19.53,19.68,19.15,19.5,2911000,56355762.0
2026-03-10,19.51,19.9,19.51,19.78,2013300,39775163.0
2026-03-11,19.74,19.91,19.48,19.54,1951300,38228613.0
2026-03-12,19.5,19.54,19.12,19.13,2135400,41067040.0
2026-03-13,19.1,19.35,19.01,19.06,1713700,32876528.0
2026-03-16,19.05,19.34,18.94,19.19,1922440,36760232.4
2026-03-17,19.2,19.65,19.08,19.51,3928700,76155341.0
2026-03-18,19.52,19.52,18.9,19.23,2909900,55540254.0
2026-03-19,19.06,19.18,18.67,18.76,2139130,40373707.4
2026-03-20,18.68,19.06,18.36,18.4,2941000,54722204.0
2026-03-23,18.18,18.2,17.03,17.14,4333900,76088566.0
2026-03-24,17.5,17.97,17.25,17.97,4649764,82031058.45
2026-03-25,17.93,18.58,17.88,18.44,3329926,61118654.99
2026-03-26,18.5,18.6,18.1,18.18,1791200,32761725.0
2026-03-27,18.01,18.57,17.98,18.48,2286800,42083692.0
2026-03-30,18.41,18.54,18.15,18.52,1793690,32987185.1
2026-03-31,18.6,18.75,18.15,18.21,1721200,31662834.0
2026-04-01,18.34,18.45,18.13,18.39,1644200,30073180.0
2026-04-02,18.4,18.52,18.07,18.26,1621800,29569626.0
2026-04-03,18.22,18.24,17.71,17.88,2069300,37008427.0
2026-04-07,17.99,18.84,17.67,18.23,3011880,55309899.4
2026-04-08,18.5,18.83,18.19,18.79,4122800,76373623.0
2026-04-09,18.6,18.74,18.13,18.24,2324400,42653266.0
2026-04-10,18.33,19.34,18.33,18.59,4112783,77584207.97
2026-04-13,18.49,18.93,18.29,18.33,2832300,52429641.0
2026-04-14,18.52,18.65,18.13,18.54,3251300,59685698.0
2026-04-15,18.55,18.58,18.35,18.37,1532300,28238386.0
2026-04-16,18.42,18.72,18.28,18.59,2553840,47474547.0
2026-04-17,18.52,18.84,18.4,18.71,2488800,46303506.0
2026-04-20,18.55,19.09,18.5,19.02,3403840,64227482.8
2026-04-21,18.88,19.09,18.74,18.95,2231000,42247362.0
2026-04-22,19.0,19.03,18.64,18.76,2143817,40212688.88
2026-04-23,18.79,18.79,18.02,18.2,4203200,76905920.0
2026-04-24,18.09,18.17,17.73,17.8,3368900,60186965.0
2026-04-27,17.85,17.98,17.53,17.94,2341700,41605999.0
2026-04-28,17.82,17.99,17.26,17.42,3393800,59332923.0
2026-04-29,17.42,17.99,17.4,17.84,3302200,58871421.0
2026-04-30,17.04,17.29,16.06,16.31,11009611,180412464.57
2026-05-06,16.3,16.46,15.59,15.7,7555600,119055918.0
2026-05-07,15.88,17.09,15.71,16.48,9712345,159101107.6
2026-05-08,16.51,16.77,16.23,16.57,4158918,68679363.88
2026-05-11,16.68,16.79,16.35,16.46,3847302,63400521.98
2026-05-12,16.46,16.57,16.06,16.12,3092031,50170797.41
2026-05-13,16.22,16.23,15.95,16.16,2437940,39168789.4
2026-05-14,16.18,16.19,15.88,15.91,2355600,37674817.0
2026-05-15,15.85,16.45,15.85,16.0,3664043,59169208.24
2026-05-18,15.91,16.06,15.72,15.86,2422700,38389151.0
2026-05-19,16.01,16.18,15.79,16.0,2035800,32529699.0
2026-05-20,15.92,15.93,15.45,15.52,2798965,43609941.7
2026-05-21,15.45,15.68,14.9,14.94,3996131,61007739.26
2026-05-22,14.91,15.25,14.74,15.13,2748300,41432612.31
2026-05-25,15.13,15.25,14.68,14.86,2449460,36448832.6
2026-05-26,14.8,15.0,14.55,14.87,2880100,42517702.0
2026-05-27,14.83,14.83,14.38,14.5,3201500,46494607.0
2026-05-28,14.5,15.0,14.28,14.52,3395260,49599864.6
2026-05-29,14.52,14.52,14.07,14.15,2913011,41569526.99
2026-06-01,14.13,14.72,14.01,14.57,3786600,54924196.0
2026-06-02,14.56,14.67,13.99,14.11,3002800,42443960.0
2026-06-03,14.12,14.12,13.75,13.84,3056665,42334101.45
2026-06-04,13.84,13.88,13.39,13.51,2735537,37145073.14
2026-06-05,13.67,13.7,13.17,13.5,3373700,45442495.0
2026-06-08,13.25,14.8,13.2,13.95,8734811,123442084.62
2026-06-09,14.04,14.09,13.47,13.58,5103090,69815459.6
2026-06-10,13.44,14.11,13.35,13.52,3934300,53610965.0
2026-06-11,13.42,13.68,13.1,13.39,3263200,43393734.0
2026-06-12,13.5,13.8,13.2,13.72,3906300,53141231.0
2026-06-15,13.6,13.9,13.38,13.44,3992700,54069147.0
2026-06-16,13.4,13.43,13.02,13.3,3083100,40834860.0
2026-06-17,13.28,13.37,12.83,12.95,3137900,40717636.0
2026-06-18,13.15,13.15,12.63,12.8,2630800,33604821.0
2026-06-22,12.85,12.85,12.16,12.68,3823400,47575662.0
2026-06-23,12.8,13.95,12.63,13.95,9704300,131516243.0
2026-06-24,14.02,14.02,12.63,12.7,11996400,156003022.0
2026-06-25,12.96,13.06,12.08,12.21,7634120,95314922.2
2026-06-26,12.2,12.21,11.72,11.75,5569614,66022952.92
2026-06-29,11.74,12.1,11.43,12.03,5227500,61920226.0
2026-06-30,12.01,12.1,11.66,12.03,3739292,44515873.8
2026-07-01,12.04,13.23,12.02,13.23,8154750,104958898.7
2026-07-02,13.3,14.55,13.3,14.55,4439271,63533420.58
2026-07-03,16.01,16.01,16.0,16.01,3656780,58544750.8
2026-07-06,17.6,17.61,15.5,17.61,18541166,321431887.91
2026-07-07,17.65,19.37,17.65,19.37,16902915,321315285.32
2026-07-08,19.0,19.4,17.65,18.41,29595801,546335523.6
2026-07-09,17.5,18.25,16.57,16.67,22189511,379797370.02
2026-07-10,16.87,17.62,15.83,16.44,17996004,299155539.32
2026-07-13,15.69,16.08,14.8,14.8,14651600,223886595.0
2026-07-14,14.93,15.54,14.36,14.62,11270744,166924612.51
2026-07-15,14.33,15.17,14.18,14.4,11465900,166210132.0
2026-07-16,14.26,14.72,13.81,14.03,9105734,129650543.76
2026-07-17,13.97,14.22,13.3,13.55,8525600,117496431.0
2026-07-20,13.49,13.56,12.48,12.66,9163600,119327218.0
2026-07-21,12.66,12.69,11.97,12.6,9172800,113513691.0
2026-07-22,12.4,12.7,12.3,12.6,6922600,86326737.0
2026-07-23,12.5,12.82,12.36,12.8,6670389,84405859.6
2026-07-24,12.57,12.88,12.36,12.38,5540200,69443694.0
2026-07-27,12.31,12.7,12.3,12.62,4156000,52138440.0
2026-07-28,12.55,13.88,12.5,13.17,18717201,247229628.26
2026-07-29,12.91,13.15,12.21,12.99,13911800,178078008.0
2026-07-30,12.89,13.32,12.55,12.6,11011500,142008994.0
2026-07-31,12.69,12.97,12.55,12.89,8319571,106364158.8
2026-08-03,12.92,14.18,12.89,14.18,15344540,208842415.24
2026-08-04,14.5,14.8,13.91,14.78,21138890,305191790.8
2026-08-05,14.79,15.2,14.36,14.46,17454200,255518853.1
2026-08-06,14.4,14.56,14.2,14.48,10692200,153781797.0
2026-08-07,14.37,14.37,13.96,14.24,8114300,114810475.0
2026-08-10,14.24,15.66,14.12,15.66,13406500,203462178.0
2026-08-11,16.0,16.0,14.8,15.3,12491400,191127275.0
2026-08-12,15.23,15.8,15.08,15.3,8357100,127482538.0
2026-08-13,15.35,15.39,15.03,15.06,6544301,99350097.03
2026-08-14,15.0,15.76,14.7,14.9,7906589,118655947.85
2026-08-17,15.3,15.68,14.57,14.9,7822090,117027031.83
2026-08-18,14.89,14.89,14.56,14.7,6498600,95300923.0
2026-08-19,14.7,14.7,14.25,14.27,5364200,77363851.0
2026-08-20,14.37,14.53,14.15,14.33,4671900,66946686.0
2026-08-21,14.37,14.4,13.81,14.21,5102006,71638732.85
2026-08-24,14.21,14.39,13.81,13.93,4202906,58675150.42
2026-08-25,13.99,14.48,13.85,14.39,7566573,108068521.85
2026-08-26,14.33,15.16,14.18,14.53,9552500,140669323.0
2026-08-27,14.27,14.67,14.27,14.54,6212505,90055540.4
2026-08-28,14.62,15.18,14.5,14.91,9621330,143324821.6
2026-08-31,14.74,15.17,14.66,15.11,8044700,120691004.0
2026-09-01,15.31,15.49,14.92,15.32,6861839,105107278.43
2026-09-02,15.19,15.42,15.1,15.31,5041600,77044920.0
2026-09-03,15.41,15.5,15.01,15.04,4832320,73627499.0
2026-09-04,15.03,15.7,15.01,15.23,6283923,96541693.81
2026-09-07,15.07,15.54,15.02,15.52,4565400,70073920.0
2026-09-08,15.51,15.95,15.49,15.81,5129100,80879502.0
