timestamps,open,high,low,close,volume,amount
2016-09-13,8.83,8.83,8.83,8.83,19124,168865.0
2016-09-14,9.71,9.71,9.71,9.71,7300,70883.0
2016-09-19,10.68,10.68,10.68,10.68,7000,74760.0
2016-09-20,11.75,11.75,11.75,11.75,12200,143350.0
2016-09-21,12.93,12.93,12.93,12.93,13900,179727.0
2016-09-22,14.22,14.22,14.22,14.22,15302,217594.0
2016-09-23,15.64,15.64,15.64,15.64,33916,530446.0
2016-09-26,17.2,17.2,17.2,17.2,168344,2895517.0
2016-09-27,18.92,18.92,18.92,18.92,205242,3883179.0
2016-09-28,20.81,20.81,20.81,20.81,171548,3569914.0
2016-09-29,22.89,22.89,22.89,22.89,225488,5161420.0
2016-09-30,25.18,25.18,23.6,25.18,28223304,698485479.0
2016-10-10,24.49,26.35,24.08,26.02,32494207,818235597.0
2016-10-11,25.37,28.58,24.66,27.67,33245990,862698303.0
2016-10-12,26.3,28.0,26.23,26.79,24807116,670746576.0
2016-10-13,26.54,27.26,25.88,26.0,15622426,416213952.0
2016-10-14,25.6,26.3,25.6,25.9,9889638,256785161.0
2016-10-17,26.0,26.09,24.9,25.69,10997620,279831228.0
2016-10-18,25.6,26.87,25.57,26.46,15643743,412106873.0
2016-10-19,26.69,27.47,26.13,26.84,18024819,482807063.0
2016-10-20,26.55,27.2,26.01,26.84,16331588,433936345.0
2016-10-21,26.55,28.5,26.48,27.86,23201335,637227264.0
2016-10-24,28.02,30.23,27.5,29.7,24738664,715371988.0
2016-10-25,29.3,32.67,29.18,32.67,14028626,437224822.0
2016-10-26,34.2,34.2,31.4,31.48,23142639,757054871.0
2016-10-27,32.3,34.63,32.0,34.63,13980538,468179643.0
2016-10-28,36.3,38.09,35.09,35.43,28535629,1045295216.0
2016-10-31,34.4,34.6,31.89,32.87,20167708,662630009.0
2016-11-01,32.3,34.77,32.3,33.36,18951645,639411378.0
2016-11-02,32.7,36.5,32.21,34.97,21528198,741220308.0
2016-11-03,34.01,36.3,33.9,34.17,21124578,740726086.0
2016-11-04,33.7,35.88,33.62,35.48,16527533,578669694.0
2016-11-07,35.8,37.6,35.39,36.86,19484989,711397455.0
2016-11-08,36.4,37.99,35.6,37.25,17295014,635891825.0
2016-11-09,36.6,38.3,36.0,37.41,19588154,732367384.0
2016-11-10,37.8,41.15,37.8,41.15,12221535,489751469.0
2016-11-11,45.27,45.27,42.88,43.46,28116374,1245134284.0
2016-11-14,44.55,44.67,40.27,40.52,23503874,995766829.0
2016-11-15,40.0,41.38,38.9,39.5,18139735,725501618.0
2016-11-16,39.52,39.71,36.81,37.2,15255169,577795494.0
2016-11-17,37.3,37.62,36.52,37.24,9254953,343128774.0
2016-11-18,37.24,38.44,37.02,37.3,11225831,423635620.0
2016-11-21,36.97,38.03,35.5,37.77,13718110,503523318.0
2016-11-22,37.31,38.41,37.31,37.88,10967700,415345758.0
2016-11-23,37.59,38.58,36.63,36.73,9559236,360833277.0
2016-11-24,36.33,36.58,34.7,35.09,9129365,325153836.0
2016-11-25,35.16,35.42,33.21,35.27,6411546,221170051.0
2016-11-28,35.49,35.58,34.05,34.18,4749089,164471162.0
2016-11-29,34.01,34.87,33.01,33.06,5378373,182409750.0
2016-11-30,33.06,33.06,32.02,32.85,4907579,159992905.0
2016-12-01,33.19,35.98,33.02,35.74,11695497,405445875.0
2016-12-02,35.02,36.67,35.02,35.16,12653250,452643358.0
2016-12-05,33.97,35.78,33.51,34.18,6604798,227573809.0
2016-12-06,34.2,35.68,34.2,35.33,8206454,288570024.0
2016-12-07,35.08,35.8,34.8,35.43,6524871,229985299.0
2016-12-08,35.54,35.55,33.91,34.01,7101650,245797119.0
2016-12-09,34.0,34.0,32.25,32.53,6310932,207925923.0
2016-12-12,32.3,32.58,29.28,29.38,6273796,194496298.0
2016-12-13,29.01,31.7,28.8,30.75,6079262,182801053.0
2016-12-14,30.69,31.35,29.71,29.88,4318551,131983883.0
2016-12-15,29.73,31.31,29.73,30.69,4806762,147347998.0
2016-12-16,30.68,33.23,30.11,32.46,8264434,261401174.0
2016-12-19,32.0,32.14,31.29,31.56,5065430,160141276.0
2016-12-20,31.48,32.58,31.26,31.72,4750107,152185632.0
2016-12-21,31.71,32.26,31.09,31.79,4183763,132422223.99999999
2016-12-22,31.68,31.97,31.3,31.34,2767816,87228510.0
2016-12-23,31.19,31.29,29.72,29.86,4164131,126167254.0
2016-12-26,29.77,30.59,29.18,30.38,3067110,92347760.0
2016-12-27,30.29,30.49,29.8,29.85,2742308,82453644.0
2016-12-28,29.85,30.09,29.3,29.42,2051454,60718258.0
2016-12-29,29.42,29.65,28.89,28.93,2648232,77618454.0
2016-12-30,29.0,29.28,28.1,28.37,2987442,85311467.0
2017-01-03,28.42,28.81,28.31,28.71,2267681,64816788.0
2017-01-04,28.75,29.1,28.3,28.98,2743756,78963770.0
2017-01-05,29.04,29.47,28.65,28.74,2732434,79492133.0
2017-01-06,28.59,28.69,27.01,27.25,3890667,108152728.0
2017-01-09,26.89,27.18,26.4,26.93,2487785,66702486.00000001
2017-01-10,26.98,27.8,26.92,27.07,2906519,79484586.0
2017-01-11,27.02,27.02,25.96,25.99,2810088,74019595.0
2017-01-12,26.0,26.46,25.55,25.59,2634118,68448180.0
2017-01-13,25.59,25.8,24.35,24.49,3065476,76087919.0
2017-01-16,24.22,24.25,22.04,22.55,3441809,79479802.0
2017-01-17,22.5,24.37,21.81,24.03,4776839,110915533.0
2017-01-18,23.8,23.8,23.06,23.3,2668272,62532195.0
2017-01-19,23.0,25.63,22.91,25.02,9430250,235237136.0
2017-01-20,24.3,25.76,24.09,25.29,7959485,199227527.0
2017-01-23,25.18,26.29,25.0,25.47,4743616,121370193.0
2017-01-24,25.21,25.5,24.52,24.65,3655932,91590595.0
2017-01-25,24.53,25.08,24.22,24.82,2651740,65706037.0
2017-01-26,24.79,25.22,24.67,24.96,2151216,53798387.0
2017-02-03,24.89,25.84,24.65,25.4,2933644,74214304.0
2017-02-06,25.7,27.79,25.4,27.47,7395296,198193644.0
2017-02-07,27.07,27.46,26.8,27.24,5316185,143810166.0
2017-02-08,27.09,28.5,26.71,27.99,7247753,202035628.0
2017-02-09,27.8,28.49,27.67,27.92,5034599,141099381.0
2017-02-10,27.88,28.07,26.81,26.89,4207191,114753800.0
2017-02-13,26.89,27.85,26.89,27.39,3465739,94756196.0
2017-02-14,27.25,27.39,26.9,27.09,2852454,77230825.0
2017-02-15,27.09,28.25,26.96,27.48,5923087,164382796.0
2017-02-16,27.03,27.4,26.66,27.13,3614338,97525234.0
2017-02-17,27.0,27.5,26.5,26.57,3900055,104837897.0
2017-02-20,26.4,26.8,26.11,26.7,2746800,72536931.0
2017-02-21,26.74,27.21,26.51,27.18,3178635,85535147.0
2017-02-22,27.3,27.9,26.98,27.21,4269169,116946432.0
2017-02-23,26.9,27.33,26.4,27.07,3829667,102798394.0
2017-02-24,26.81,27.77,26.8,27.68,5763960,158171835.0
2017-02-27,27.68,28.0,27.0,27.13,5027086,138599241.0
2017-02-28,27.0,27.22,26.61,27.15,3243946,87232723.0
2017-03-01,27.1,27.56,26.93,27.21,3028988,82663730.0
2017-03-02,27.1,27.23,26.74,26.8,2952755,79447061.0
2017-03-03,26.64,26.65,26.2,26.45,2586674,68463495.0
2017-03-06,26.43,27.15,26.43,27.12,2862700,77011881.0
2017-03-07,27.18,28.45,27.15,28.41,8574100,238283792.0
2017-03-08,28.48,30.0,28.45,28.85,11690954,341134428.0
2017-03-09,28.55,28.62,27.89,28.14,5659829,159405360.0
2017-03-10,28.01,29.0,28.0,28.98,7003492,200841435.0
2017-03-13,28.86,29.18,28.12,29.07,5086642,146394104.0
2017-03-14,28.98,29.16,28.36,28.48,4815084,138186890.0
2017-03-15,28.38,28.8,28.14,28.7,3827566,109250408.0
2017-03-16,28.69,29.6,28.62,29.26,7329901,214173918.0
2017-03-17,29.19,29.47,28.38,28.42,6368057,184001024.0
2017-03-20,28.2,28.73,28.1,28.7,2973823,84493555.0
2017-03-21,28.79,28.95,28.44,28.9,3364354,96640305.0
2017-03-22,28.61,29.47,28.24,29.33,5723647,165694345.0
2017-03-23,29.4,30.87,29.2,30.46,14264653,429357884.0
2017-03-24,30.07,30.34,29.8,29.97,6797725,204071797.0
2017-03-27,29.97,30.1,29.36,29.55,4207603,124508759.0
2017-03-28,29.45,29.76,28.8,28.84,3369159,98843449.0
2017-03-29,28.8,28.97,26.08,26.76,6191390,169272382.0
2017-03-30,26.4,26.48,25.41,25.44,4258310,110040052.0
2017-03-31,25.92,25.92,25.5,25.68,1844299,47375191.0
2017-04-05,25.73,26.34,25.5,26.28,2302335,59822664.0
2017-04-06,26.3,26.76,26.05,26.36,2199327,58107703.0
2017-04-07,26.26,26.48,25.73,25.79,2337600,61027052.0
2017-04-10,25.91,25.95,23.96,24.02,4127900,101898028.0
2017-04-11,24.06,24.73,23.58,24.68,2413253,58902250.0
2017-04-12,24.68,24.8,24.0,24.01,2084686,50779220.0
2017-04-13,24.02,24.56,24.02,24.26,1456467,35481412.0
2017-04-14,24.05,24.34,23.68,23.9,1551828,37127891.0
2017-04-17,23.55,23.55,22.18,22.57,1894580,42828379.0
2017-04-18,22.6,22.8,21.62,21.65,2269999,50413819.0
2017-04-19,21.26,22.4,21.25,22.3,2472382,53705942.0
2017-04-20,22.0,22.53,21.8,22.02,1548116,34230279.0
2017-04-21,21.83,22.53,21.83,22.05,968900,21392404.0
2017-04-24,21.71,21.99,21.22,21.25,1346780,28825282.0
2017-04-25,21.86,22.45,21.6,22.23,3028172,67323208.0
2017-04-26,22.12,23.28,21.85,22.63,3044456,68993332.0
2017-04-27,22.55,23.45,22.03,23.33,3553008,81144245.0
2017-04-28,23.2,23.6,23.02,23.46,2911134,68021665.0
2017-05-02,23.38,23.38,22.99,23.11,1835311,42562610.0
2017-05-03,22.99,23.33,22.8,23.11,1613780,37169656.0
2017-05-04,23.05,23.14,22.68,22.76,1722030,39357474.0
2017-05-05,22.68,23.19,22.55,22.62,1611758,36817541.0
2017-05-08,22.6,22.6,21.3,21.44,1685833,37254361.0
2017-05-09,21.4,22.2,21.4,22.1,1559924,34169682.0
2017-05-10,22.16,22.64,21.85,21.95,1711344,38142170.0
2017-05-11,21.43,22.43,21.37,22.38,1925400,42216532.0
2017-05-12,22.52,22.9,22.06,22.74,2063720,46559879.0
2017-05-15,22.58,22.88,22.41,22.46,1391421,31489188.0
2017-05-16,22.3,23.14,22.01,23.1,2102131,47523586.0
2017-05-17,23.1,24.56,22.95,23.86,4069200,95885041.0
2017-05-18,23.49,23.84,23.11,23.12,2554631,59962730.0
2017-05-19,23.11,23.34,22.72,22.9,1280598,29418333.0
2017-05-22,22.81,23.32,22.06,22.14,1630699,36914665.0
2017-05-23,22.04,22.2,20.36,20.46,2349138,50172820.0
2017-05-24,20.5,20.89,20.0,20.76,1374241,28235907.0
2017-05-25,20.75,20.96,20.11,20.74,1569520,32307733.0
2017-05-26,20.8,21.29,20.6,20.95,1635869,34325139.0
2017-05-31,21.6,21.72,20.61,20.68,1735455,36937648.0
2017-06-01,20.6,20.6,19.05,19.18,2220400,44252154.0
2017-06-02,19.18,19.78,18.96,19.58,1318955,25639913.0
2017-06-05,19.83,19.97,19.71,19.83,1091455,21666746.0
2017-06-06,19.7,19.9,19.35,19.89,756200,14924703.0
2017-06-07,19.86,20.65,19.8,20.55,2116839,43087549.0
2017-06-08,20.56,20.73,20.2,20.24,1481859,30329135.0
2017-06-09,20.24,20.24,19.75,20.12,1375733,27520608.0
2017-06-12,20.13,20.13,19.0,19.1,1519600,29679799.0
2017-06-13,18.98,19.91,18.98,19.9,1596200,31331274.0
2017-06-14,19.77,20.45,19.73,20.23,2139959,43039859.0
2017-06-15,19.9,20.56,19.88,20.35,2234100,45516128.0
2017-06-16,20.35,20.4,20.07,20.11,1345000,27141886.0
2017-06-19,20.18,20.5,20.09,20.48,1361500,27737746.0
2017-06-20,20.68,20.68,20.2,20.24,1402700,28571006.0
2017-06-21,20.11,20.47,20.07,20.23,1264800,25570300.0
2017-06-22,20.12,20.27,19.2,19.5,1560400,31010534.0
2017-06-23,19.53,19.72,19.06,19.49,1304800,25300059.0
2017-06-26,19.49,19.68,19.26,19.66,1077930,21054674.0
2017-06-27,19.68,20.1,19.53,20.03,1672650,33252811.999999996
2017-06-28,19.85,19.95,19.54,19.59,1143350,22509192.0
2017-06-29,19.57,19.8,19.57,19.64,778963,15312880.0
2017-06-30,19.58,20.34,19.4,20.09,1999900,39942468.0
2017-07-03,20.07,20.43,19.9,20.38,1832459,36961099.0
2017-07-04,20.53,20.85,20.38,20.77,3256938,67236677.0
2017-07-05,20.67,20.88,20.5,20.73,2135970,44145119.0
2017-07-06,20.77,20.77,20.16,20.49,2564807,52601871.0
2017-07-07,20.5,22.36,20.44,22.07,6247261,133189421.0
2017-07-10,21.68,22.4,21.4,21.55,5089308,110969675.0
2017-07-11,21.36,21.76,20.63,20.78,3245050,68751900.0
2017-07-12,20.81,21.76,20.58,21.62,3561298,75486294.0
2017-07-13,21.49,22.09,21.14,21.89,3661706,79257376.0
2017-07-14,21.7,21.8,21.43,21.53,2037958,43988613.0
2017-07-17,21.4,21.4,19.38,19.48,3694348,74050390.0
2017-07-18,19.39,19.94,19.19,19.72,1986995,38929295.0
2017-07-19,19.44,20.39,19.44,20.19,2272901,45354874.0
2017-07-20,20.09,21.1,20.09,20.88,3458081,71952118.0
2017-07-21,20.71,20.94,20.2,20.3,2620382,53875136.0
2017-07-24,20.02,22.33,20.02,21.94,6246602,134648038.0
2017-07-25,21.74,21.89,21.2,21.59,4044172,87082006.0
2017-07-26,21.5,22.89,21.31,22.78,7901499,176677549.0
2017-07-27,22.7,23.25,22.13,22.95,6016150,136653935.0
2017-07-28,22.8,23.04,22.21,22.24,3945497,88957116.0
2017-07-31,22.27,22.74,22.0,22.52,3210371,71927770.0
2017-08-01,22.36,22.68,21.76,21.98,3432000,75728316.0
2017-08-02,21.9,21.91,21.46,21.62,2710780,58771498.0
2017-08-03,21.59,22.29,21.54,21.85,2862116,62811546.0
2017-08-04,21.68,22.05,21.33,21.64,2967255,64113250.0
2017-08-07,21.59,22.05,21.5,21.9,2241316,48935326.0
2017-08-08,21.93,22.02,21.2,21.32,2804816,60352360.0
2017-08-09,21.21,21.45,21.09,21.13,1544703,32884391.000000004
2017-08-10,21.23,21.26,20.31,20.42,2680625,55466844.0
2017-08-11,20.21,20.66,20.1,20.3,1307900,26683611.0
2017-08-14,20.35,20.71,20.3,20.56,1351238,27802082.0
2017-08-15,20.56,20.82,20.31,20.62,1281862,26380614.0
2017-08-16,20.6,21.39,20.55,21.14,2471815,51985780.0
2017-08-17,21.08,21.47,20.86,21.43,2242016,47363620.0
2017-08-18,20.5,20.6,19.92,19.98,5267992,106362549.0
2017-08-21,19.96,20.27,19.75,20.12,2304131,46013444.0
2017-08-22,20.01,20.09,19.75,19.87,1691036,33658906.0
2017-08-23,19.8,20.02,19.75,19.89,1188744,23642486.0
2017-08-24,19.89,19.98,19.52,19.54,1887122,37230761.0
2017-08-25,19.4,19.79,19.4,19.72,1677400,33009739.999999996
2017-08-28,19.65,20.11,19.65,20.05,2167471,43226196.0
2017-08-29,20.04,20.27,19.91,20.16,2628650,52793137.0
2017-08-30,20.02,20.16,19.83,19.83,1731866,34531150.0
2017-08-31,19.76,20.23,19.76,20.19,2366918,47535071.0
2017-09-01,20.23,20.37,20.04,20.13,2184521,44005480.0
2017-09-04,20.13,20.13,19.8,19.89,1871811,37256875.0
2017-09-05,19.9,19.9,19.72,19.76,1318200,26069712.0
2017-09-06,19.78,19.93,19.71,19.92,1380349,27360985.0
2017-09-07,19.97,20.2,19.86,20.04,2341200,47017021.0
2017-09-08,19.95,20.48,19.95,20.25,3148019,63654904.0
2017-09-11,20.23,20.23,19.76,19.97,3029544,60201557.0
2017-09-12,19.93,19.93,19.63,19.64,2391110,47277158.0
2017-09-13,19.61,19.85,19.61,19.79,1274959,25170818.0
2017-09-14,19.84,19.84,19.5,19.6,1523200,29909338.0
2017-09-15,19.66,19.73,19.51,19.59,1257200,24627474.0
2017-09-18,19.59,19.62,19.4,19.47,1656900,32253056.0
2017-09-19,19.46,19.52,19.2,19.23,2204559,42581933.0
2017-09-20,19.26,19.3,19.02,19.29,2859640,54754489.0
2017-09-21,19.34,19.36,19.11,19.14,1683585,32417612.0
2017-09-22,19.11,19.26,18.9,19.24,1734159,33134102.0
2017-09-25,19.32,19.38,19.01,19.17,1345900,25894623.0
2017-09-26,19.17,19.17,18.7,18.86,1628698,30818760.0
2017-09-27,18.87,19.05,18.8,18.97,1176414,22277809.0
2017-09-28,18.96,18.97,18.67,18.7,1002685,18879886.0
2017-09-29,18.63,18.8,18.51,18.55,1474400,27466357.0
2017-10-09,18.55,18.68,18.32,18.36,2470719,45512386.0
2017-10-10,18.3,18.98,18.22,18.94,3564865,66065527.0
2017-10-11,18.89,19.04,18.7,18.86,2078448,39194131.0
2017-10-12,18.81,19.0,18.62,18.63,1680500,31572945.0
2017-10-13,18.69,18.99,18.61,18.96,2029000,38318425.0
2017-10-16,19.04,19.13,18.42,18.47,1643900,30785117.0
2017-10-17,18.41,19.17,18.41,18.98,3735298,70983209.0
2017-10-18,18.9,19.0,18.52,18.61,1840000,34530925.0
2017-10-19,18.59,18.76,17.55,17.78,2519300,45739621.0
2017-10-20,17.77,17.88,17.56,17.75,1781595,31541850.0
2017-10-23,17.75,17.78,17.33,17.63,2105453,36888144.0
2017-10-24,17.58,17.82,17.36,17.75,1880995,33050566.0
2017-10-25,17.68,17.88,17.62,17.84,1417500,25215473.0
2017-10-26,17.49,17.78,17.49,17.76,1543348,27228859.0
2017-10-27,17.83,17.85,17.51,17.53,1352500,23807095.0
2017-10-30,17.45,17.53,16.65,16.76,1865765,31616148.0
2017-10-31,16.74,16.93,16.74,16.8,784400,13198683.0
2017-11-01,16.65,17.21,16.13,16.99,3032400,49745356.0
2017-11-02,16.65,16.97,16.5,16.52,1730057,28975107.0
2017-11-03,16.35,16.5,15.96,16.0,1946800,31444815.0
2017-11-06,15.79,16.08,15.79,16.03,963100,15368380.0
2017-11-07,16.04,16.04,15.65,15.77,1581557,24974296.0
2017-11-08,15.85,16.04,15.76,15.92,2042800,32525726.0
2017-11-09,15.85,15.89,15.62,15.8,2170511,34195151.0
2017-11-10,15.83,16.03,15.71,15.97,2188057,34739315.0
2017-11-13,15.88,16.06,15.83,15.95,1903600,30396353.0
2017-11-14,15.98,15.99,15.71,15.78,1571600,24848127.0
2017-11-15,15.78,15.95,15.7,15.89,1285641,20343349.0
2017-11-16,15.83,16.26,15.71,16.11,2498981,40194754.0
2017-11-17,16.03,16.1,14.8,15.04,2879948,44612374.0
2017-11-20,14.96,14.99,14.2,14.5,1720100,24738730.0
2017-11-21,14.53,14.53,14.27,14.38,1316200,18950723.0
2017-11-22,14.41,14.56,14.32,14.44,1133480,16368403.0
2017-11-23,14.45,14.5,13.8,13.82,1454331,20578087.0
2017-11-24,13.82,14.05,13.74,13.86,1317500,18310972.0
2017-11-27,13.81,13.9,13.47,13.49,1151760,15743480.0
2017-11-28,13.49,13.68,13.44,13.66,993100,13498173.0
2017-11-29,13.68,13.68,13.2,13.41,1837532,24642799.0
2017-11-30,13.41,13.86,13.35,13.65,2079400,28340953.0
2017-12-01,13.54,13.85,13.5,13.72,1486422,20412345.0
2017-12-04,13.79,13.79,13.03,13.05,1669100,22244347.0
2017-12-05,13.05,13.15,12.12,12.22,2153180,27213777.0
2017-12-06,12.23,12.62,12.13,12.55,1423216,17557724.0
2017-12-07,12.58,12.7,12.45,12.6,1466600,18454227.0
2017-12-08,12.55,13.26,12.5,12.93,2463795,31786916.0
2017-12-11,12.88,12.98,12.77,12.97,1540575,19872299.0
2017-12-12,12.94,12.94,12.6,12.66,1434222,18250255.0
2017-12-13,12.7,13.23,12.64,13.23,2703286,35361147.0
2017-12-14,13.24,13.46,13.03,13.43,3830194,50781582.0
2017-12-15,13.19,13.4,12.95,13.11,2169800,28476419.0
2017-12-18,13.1,13.24,12.92,13.11,1458100,19134852.0
2017-12-19,13.12,13.28,13.01,13.05,1120100,14717849.0
2017-12-20,13.08,13.08,12.68,12.73,1301600,16673081.999999998
2017-12-21,12.73,14.0,12.35,13.49,3795396,50076538.0
2017-12-22,13.2,13.34,13.1,13.19,2556496,33805756.0
2017-12-25,13.19,13.19,12.68,12.77,1768900,22723250.0
2017-12-26,12.77,13.26,12.61,13.14,1867400,24359805.0
2017-12-27,13.08,13.25,12.94,12.95,1652500,21684484.0
2017-12-28,12.88,13.48,12.8,13.27,2969600,39433425.0
2017-12-29,13.31,13.78,13.27,13.53,2791097,37781968.0
2018-01-02,13.67,13.88,13.45,13.48,2316638,31484815.0
2018-01-03,13.47,13.65,13.4,13.62,1722100,23336771.0
2018-01-04,13.55,13.62,13.41,13.43,1612411,21751759.0
2018-01-05,13.05,13.29,12.78,13.11,2658816,34869611.0
2018-01-08,13.18,13.18,13.02,13.13,1008681,13207956.0
2018-01-09,13.07,13.19,13.0,13.05,873100,11443152.0
2018-01-10,12.97,13.05,12.59,12.71,1871400,23915993.0
2018-01-11,12.65,12.9,12.65,12.88,1124348,14402849.0
2018-01-12,12.8,12.96,12.8,12.83,821000,10555045.0
2018-01-15,12.8,12.82,12.35,12.38,1069418,13372939.0
2018-01-16,12.31,12.6,12.3,12.5,825800,10304017.0
2018-01-17,12.45,12.85,12.35,12.77,1305715,16532910.0
2018-01-18,12.85,12.95,12.75,12.83,856000,10987070.0
2018-01-19,12.85,13.18,12.77,12.85,1902501,24792647.0
2018-01-22,12.67,12.8,12.38,12.78,1497401,18885980.0
2018-01-23,12.69,13.09,12.67,13.05,1730401,22432425.0
2018-01-24,12.96,13.13,12.92,13.07,1695200,22107800.0
2018-01-25,13.07,13.29,13.0,13.03,1808549,23792665.0
2018-01-26,13.03,13.15,12.75,12.85,1166549,15032397.0
2018-01-29,12.79,12.95,12.56,12.67,879049,11192149.0
2018-01-30,12.57,12.82,12.57,12.8,653422,8317946.0
2018-01-31,12.79,12.79,12.15,12.18,1901300,23552328.0
2018-02-01,12.15,12.24,10.96,10.96,4100992,46061653.0
2018-02-02,10.8,10.94,10.3,10.56,2403200,25417744.0
2018-02-05,10.29,10.56,10.25,10.48,1199900,12489893.0
2018-02-06,10.26,10.37,9.9,10.04,2277949,23111184.0
2018-02-07,10.2,11.04,9.9,10.33,3319100,34906048.0
2018-02-08,10.81,10.9,10.4,10.51,3006800,32031465.0
2018-02-09,10.06,10.41,9.91,10.16,2169792,22045521.0
2018-02-12,10.17,10.42,10.15,10.34,1558900,16098909.0
2018-02-13,10.38,10.49,10.24,10.27,1203949,12489140.0
2018-02-14,10.27,10.34,10.21,10.27,568300,5837795.0
2018-02-22,10.4,10.49,10.35,10.44,851751,8891952.0
2018-02-23,10.44,10.52,10.38,10.5,1018200,10649895.0
2018-02-26,10.54,10.88,10.54,10.87,1799491,19297704.0
2018-02-27,10.8,10.97,10.77,10.94,1480240,16073689.0
2018-02-28,10.83,10.99,10.78,10.96,994792,10849839.0
2018-03-01,10.9,11.15,10.8,11.12,1205992,13307175.0
2018-03-02,11.11,11.11,10.82,10.92,1270392,13913280.0
2018-03-05,10.92,11.15,10.86,11.04,1214292,13301181.0
2018-03-06,11.04,11.12,10.95,11.05,1183548,13072566.0
2018-03-07,11.05,11.18,11.01,11.12,1446730,16050356.0
2018-03-08,11.11,11.39,11.06,11.31,1778244,20016951.0
2018-03-09,11.24,11.58,11.2,11.56,2570044,29461950.0
2018-03-12,11.59,11.87,11.54,11.66,2278200,26632619.0
2018-03-13,11.61,11.94,11.54,11.69,2297730,27027647.0
2018-03-14,11.59,11.69,11.36,11.43,1706250,19587477.0
2018-03-15,11.34,11.34,10.9,11.15,1802278,20023134.0
2018-03-16,11.1,11.4,11.06,11.32,1360892,15318474.0
2018-03-19,11.37,11.54,11.23,11.42,1368330,15666024.0
2018-03-20,11.33,11.79,11.25,11.54,2078084,24002645.0
2018-03-21,11.53,11.64,11.17,11.25,2183490,25108113.0
2018-03-22,11.23,11.69,11.18,11.66,2984625,34331671.0
2018-03-23,11.34,11.45,10.49,10.49,3773260,41369101.0
2018-03-26,10.28,10.58,9.99,10.56,1537822,15852599.0
2018-03-27,10.63,10.92,10.63,10.86,1584199,17138260.0
2018-03-28,11.71,11.95,11.71,11.95,2338500,27869263.0
2018-03-29,13.15,13.15,13.04,13.15,12166680,159942095.0
2018-03-30,13.15,14.47,12.82,14.47,26558607,367868668.0
2018-04-02,14.48,15.92,14.41,15.92,18035419,274149413.0
2018-04-03,,,,,0,
2018-04-04,,,,,0,
2018-04-09,17.0,17.51,16.13,17.51,13648967,234869081.0
2018-04-10,18.83,19.26,16.8,17.74,37255759,693752121.0
2018-04-11,16.4,17.99,16.37,17.07,27267109,464490311.0
2018-04-12,16.65,16.9,15.9,16.06,16754490,273051980.0
2018-04-13,16.06,16.29,15.5,15.68,11386143,181085886.0
2018-04-16,15.75,16.12,15.6,15.76,9687617,153514046.0
2018-04-17,15.7,15.97,14.66,14.79,12579315,191497738.0
2018-04-18,14.93,15.29,14.55,15.11,9113070,136230315.0
2018-04-19,14.94,15.32,14.79,14.89,9971433,149965600.0
2018-04-20,14.28,14.28,13.43,13.53,12820797,177824723.0
2018-04-23,13.43,13.85,13.43,13.82,6461027,88320944.0
2018-04-24,13.73,14.3,13.6,14.27,10178075,143187893.0
2018-04-25,14.0,14.77,13.92,14.7,14237532,204931596.0
2018-04-26,14.55,14.58,13.79,13.92,9004857,127481652.0
2018-04-27,14.23,14.39,13.97,14.15,5664500,80466024.0
2018-05-02,14.16,14.59,13.91,14.47,7055790,101121767.0
2018-05-03,14.51,14.55,13.6,14.46,7056397,100249179.0
2018-05-04,14.29,15.12,14.21,14.92,12800517,189054780.0
2018-05-07,15.1,16.27,14.85,16.0,16065917,247741276.0
2018-05-08,11.3,11.87,11.06,11.24,12264975,140026827.0
2018-05-09,10.83,10.98,10.54,10.92,15184106,163339461.0
2018-05-10,10.83,12.01,10.77,12.01,23182879,266054585.00000003
2018-05-11,12.3,12.47,11.5,11.54,21745836,256631080.0
2018-05-14,11.6,11.81,11.15,11.3,12198780,138691976.0
2018-05-15,11.4,11.46,11.13,11.39,10353138,116938109.0
2018-05-16,11.28,11.46,11.11,11.18,9127177,102957897.0
2018-05-17,10.99,11.21,10.72,11.2,11768480,128713194.0
2018-05-18,11.16,11.19,10.85,10.92,7641540,84026526.0
2018-05-21,10.92,11.4,10.84,11.31,11274660,125885968.0
2018-05-22,11.26,11.27,10.98,11.21,8560837,95313383.0
2018-05-23,11.17,11.18,10.86,10.88,6933438,76412302.0
2018-05-24,10.84,10.99,10.48,10.49,7864231,83965237.0
2018-05-25,10.41,10.81,10.41,10.6,5924138,63059694.0
2018-05-28,10.64,10.64,10.01,10.04,6895001,70746471.0
2018-05-29,10.02,10.24,10.02,10.19,4566903,46281544.0
2018-05-30,10.04,10.04,9.25,9.36,6707540,64452979.0
2018-05-31,9.42,9.74,9.41,9.62,5417880,51836378.0
2018-06-01,9.52,9.76,9.42,9.54,4128165,39649355.0
2018-06-04,9.6,9.71,9.41,9.52,2976560,28461601.0
2018-06-05,9.63,10.47,9.63,10.47,6407664,65959200.0
2018-06-06,11.08,11.08,10.52,10.57,18219624,196856689.0
2018-06-07,10.45,10.66,10.17,10.28,9219160,95815546.0
2018-06-08,10.28,10.28,9.81,9.97,7751077,77349726.0
2018-06-11,10.01,10.97,9.91,10.97,12872905,138832479.0
2018-06-12,11.2,12.0,11.12,11.44,32981284,379805618.0
2018-06-13,11.26,12.26,11.0,11.79,32516725,379792501.0
2018-06-14,11.47,12.33,11.34,11.62,24632780,292636020.0
2018-06-15,11.66,11.79,10.9,11.11,17192806,192991064.0
2018-06-19,10.09,10.48,10.0,10.0,10707480,108746406.0
2018-06-20,9.41,10.31,9.4,10.02,13518273,133729394.99999999
2018-06-21,9.96,10.9,9.92,10.33,16243756,169804504.0
2018-06-22,10.1,11.36,10.09,11.36,17726513,195788848.0
2018-06-25,11.97,12.25,11.67,11.79,35116804,418481352.0
2018-06-26,11.38,12.55,11.38,12.15,30327837,363744943.0
2018-06-27,11.88,12.18,11.55,11.71,20193598,238422182.0
2018-06-28,11.8,12.1,11.15,11.49,17796067,205304704.0
2018-06-29,11.62,12.64,11.62,12.3,32967919,406911556.0
2018-07-02,11.95,12.34,11.77,12.04,23230379,279111973.0
2018-07-03,12.34,12.85,12.18,12.38,28991756,362971898.0
2018-07-04,12.19,12.28,11.55,12.04,19503052,232777402.0
2018-07-05,11.76,11.97,11.08,11.11,13657070,157851182.0
2018-07-06,11.35,11.86,10.91,11.57,15139740,173672270.0
2018-07-09,11.63,12.73,11.63,12.73,30792592,381695506.0
2018-07-10,12.87,14.0,12.87,14.0,47024067,636034677.0
2018-07-11,13.4,13.7,12.8,13.32,37025555,488652782.0
2018-07-12,13.0,13.49,12.99,13.26,32901623,435158050.0
2018-07-13,13.05,14.59,12.74,13.84,36069216,486883378.0
2018-07-16,13.5,14.2,13.3,13.54,25487192,349692099.0
2018-07-17,13.3,13.77,13.13,13.7,17680639,236656799.0
2018-07-18,13.63,13.69,13.05,13.07,15090177,201447019.0
2018-07-19,12.84,13.45,12.84,13.22,12161900,160350066.0
2018-07-20,13.08,13.26,12.87,13.15,11087506,145245809.0
2018-07-23,13.16,13.98,12.88,13.78,24599400,335694157.0
2018-07-24,13.54,13.76,13.21,13.53,17206568,232548376.0
2018-07-25,13.45,14.2,13.42,13.66,20974261,290033877.0
2018-07-26,13.36,13.5,13.08,13.11,15049255,198723804.0
2018-07-27,13.12,13.25,12.48,12.6,12299800,156618251.0
2018-07-30,12.51,12.83,12.5,12.72,7467659,94538180.0
2018-07-31,12.72,12.75,11.89,12.07,11575302,140785790.0
2018-08-01,12.05,12.3,11.8,11.84,8806160,105747923.0
2018-08-02,11.84,11.84,10.81,11.2,12450368,139677918.0
2018-08-03,11.2,11.33,10.91,10.95,6789306,75341411.0
2018-08-06,10.62,10.9,10.32,10.56,7395523,78510280.0
2018-08-07,10.56,11.62,10.56,11.62,16423294,183890078.0
2018-08-08,11.6,11.75,11.11,11.19,14405775,164856859.0
2018-08-09,11.21,11.94,11.16,11.61,14100239,164250520.0
2018-08-10,11.6,11.87,11.41,11.74,10160389,118694131.0
2018-08-13,11.5,11.75,11.13,11.72,11594930,132394084.0
2018-08-14,11.3,11.59,11.29,11.38,8299019,94613119.0
2018-08-15,11.39,11.56,11.13,11.14,5889840,66645907.99999999
2018-08-16,10.87,11.26,10.67,11.13,5701600,63008609.0
2018-08-17,11.26,11.36,10.7,10.81,6691650,73606115.0
2018-08-20,10.65,11.55,10.63,11.41,10140513,113342310.0
2018-08-21,11.42,11.61,11.18,11.46,9099954,103865299.0
2018-08-22,11.38,11.53,11.1,11.11,6202501,70118305.0
2018-08-23,11.04,11.46,11.04,11.26,5568660,63033980.0
2018-08-24,11.18,11.29,11.01,11.05,4896300,54425391.0
2018-08-27,11.05,11.66,11.05,11.58,10689100,122322980.0
2018-08-28,11.55,11.59,11.36,11.49,7680018,87857600.0
2018-08-29,11.5,11.51,11.34,11.42,4301399,49031584.0
2018-08-30,11.47,11.69,11.36,11.39,8349380,96279784.0
2018-08-31,11.27,11.27,11.02,11.11,5958240,66360728.0
2018-09-03,11.12,11.12,10.15,10.57,9288770,98142633.0
2018-09-04,10.45,10.71,10.42,10.63,5454040,57921177.0
2018-09-05,10.64,10.73,10.19,10.23,8718311,90589798.0
2018-09-06,10.22,10.27,10.03,10.13,5434858,55060082.0
2018-09-07,10.2,10.33,10.11,10.16,4612800,47094897.0
2018-09-10,10.18,10.24,9.65,9.7,5359548,53174711.0
2018-09-11,9.78,9.94,9.72,9.87,3720600,36654138.0
2018-09-12,9.87,10.08,9.77,10.01,4311651,42837751.0
2018-09-13,10.02,10.19,9.89,10.06,4326049,43341254.0
2018-09-14,10.05,10.12,9.78,9.8,3936698,38941200.0
2018-09-17,9.72,9.79,9.45,9.48,3355810,31994751.0
2018-09-18,9.45,9.76,9.43,9.76,3897529,37563774.0
2018-09-19,9.76,10.04,9.64,9.99,5251658,51878754.0
2018-09-20,9.96,9.99,9.79,9.86,4240790,41851584.0
2018-09-21,9.93,10.1,9.85,10.06,5297950,53081970.0
2018-09-25,9.86,9.99,9.82,9.89,3933538,38925473.0
2018-09-26,9.9,10.03,9.86,9.88,3691698,36771103.0
2018-09-27,9.88,9.95,9.56,9.56,4650518,45299754.0
2018-09-28,9.61,9.99,9.58,9.96,5023830,49467591.0
2018-10-08,9.8,9.8,9.51,9.53,3644030,35117820.0
2018-10-09,9.57,9.69,9.5,9.64,2405569,23054662.0
2018-10-10,9.77,9.84,9.58,9.8,4559294,44437998.0
2018-10-11,9.4,9.55,8.82,8.82,7357906,66904463.0
2018-10-12,8.5,8.6,8.0,8.31,6583810,54775658.0
2018-10-15,8.31,8.51,8.22,8.24,2944245,24587211.0
2018-10-16,8.21,8.38,7.95,8.08,2864680,23442116.0
2018-10-17,8.24,8.24,7.9,8.18,3185214,25825892.0
2018-10-18,8.18,8.18,7.71,7.77,3998847,31391134.0
2018-10-19,7.78,8.01,7.62,7.95,3768814,29719300.0
2018-10-22,8.0,8.44,8.0,8.33,4986324,41215910.0
2018-10-23,8.37,8.87,8.33,8.4,7457051,63597522.0
2018-10-24,8.33,8.46,8.26,8.35,4102429,34260188.0
2018-10-25,7.99,8.25,7.82,8.16,4350274,34895402.0
2018-10-26,8.3,8.37,8.13,8.18,3192694,26319426.0
2018-10-29,8.16,8.27,8.02,8.11,2710180,22106874.0
2018-10-30,8.04,8.27,8.01,8.25,2964404,24228481.0
2018-10-31,8.26,8.59,8.22,8.42,4907802,41302802.0
2018-11-01,8.36,8.54,8.35,8.4,5659680,47722852.0
2018-11-02,8.5,8.65,8.44,8.64,6796860,58017394.0
2018-11-05,8.64,8.77,8.51,8.6,6111100,52705510.0
2018-11-06,8.62,8.66,8.36,8.52,4539858,38394969.0
2018-11-07,8.5,8.82,8.47,8.6,7053060,61145666.0
2018-11-08,8.74,8.77,8.45,8.5,3728807,32087820.0
2018-11-09,8.4,8.58,8.4,8.52,3090681,26305843.0
2018-11-12,8.5,8.73,8.4,8.73,4925921,42500431.0
2018-11-13,8.58,8.93,8.52,8.84,8279689,72445584.0
2018-11-14,8.85,8.93,8.71,8.74,6603300,58211003.0
2018-11-15,8.71,8.98,8.69,8.96,6962041,61832002.0
2018-11-16,8.99,9.16,8.88,9.0,7301139,65725039.00000001
2018-11-19,8.99,9.18,8.96,9.18,6206166,56309901.0
2018-11-20,9.07,9.13,8.7,8.7,7018840,62552508.0
2018-11-21,8.65,8.95,8.65,8.95,5231011,46143194.0
2018-11-22,9.03,9.08,8.91,9.02,5002800,45139590.0
2018-11-23,9.06,9.12,8.42,8.49,5432320,47345222.0
2018-11-26,8.48,8.6,8.18,8.25,3534500,29636625.0
2018-11-27,8.34,8.42,8.25,8.38,2766522,23088824.0
2018-11-28,8.4,8.45,8.1,8.45,3448260,28633235.0
2018-11-29,8.46,8.55,8.1,8.1,4000908,33356946.000000004
2018-11-30,8.12,8.18,7.95,8.17,3206339,25862780.0
2018-12-03,8.38,8.48,8.31,8.41,4039428,33976047.0
2018-12-04,8.41,8.62,8.36,8.62,3981540,33958770.0
2018-12-05,8.41,8.55,8.4,8.43,3623680,30661093.0
2018-12-06,8.46,8.65,8.39,8.49,4187820,35601142.0
2018-12-07,8.5,8.55,8.28,8.35,3582180,29936553.0
2018-12-10,8.32,8.32,8.16,8.16,2794340,22926592.0
2018-12-11,8.19,8.22,8.14,8.19,1691321,13837773.0
2018-12-12,8.2,8.28,8.17,8.22,2211030,18156255.0
2018-12-13,8.23,8.31,8.08,8.28,3555090,29263541.0
2018-12-14,8.27,8.27,8.06,8.07,3134510,25534264.0
2018-12-17,8.07,8.09,7.98,8.07,1921580,15442294.0
2018-12-18,8.0,8.06,7.89,8.0,2239610,17881083.0
2018-12-19,8.0,8.02,7.78,7.83,2015540,15935726.0
2018-12-20,7.83,7.99,7.78,7.95,2065210,16358794.0
2018-12-21,7.95,7.98,7.86,7.92,1873530,14816641.0
2018-12-24,7.88,8.01,7.88,7.99,1808240,14413852.0
2018-12-25,7.92,7.93,7.68,7.81,2651010,20613069.0
2018-12-26,7.78,7.87,7.75,7.83,1719320,13473448.0
2018-12-27,7.9,7.97,7.72,7.73,2224320,17527137.0
2018-12-28,7.79,7.81,7.69,7.7,1776060,13726534.0
2019-01-02,7.74,7.82,7.65,7.73,1562440,12060934.0
2019-01-03,7.75,8.03,7.72,7.86,2962460,23376165.0
2019-01-04,7.72,8.04,7.72,7.99,3734330,29646033.0
2019-01-07,8.07,8.21,8.01,8.18,4001840,32547051.0
2019-01-08,8.2,8.25,8.03,8.12,3098720,25147756.0
2019-01-09,8.08,8.26,8.08,8.16,4203240,34478588.0
2019-01-10,8.14,8.26,8.11,8.16,2999911,24578325.0
2019-01-11,8.12,8.24,8.12,8.23,2183140,17908244.0
2019-01-14,8.25,8.25,8.07,8.11,2241642,18223696.0
2019-01-15,8.16,8.26,8.09,8.24,2663860,21820817.0
2019-01-16,8.31,8.72,8.3,8.51,9214429,78875502.0
2019-01-17,8.45,8.77,8.41,8.58,7944019,68553134.0
2019-01-18,8.64,8.64,8.42,8.51,4555660,38701519.0
2019-01-21,8.51,8.56,8.4,8.52,3200029,27146864.0
2019-01-22,8.49,8.5,8.29,8.33,2710660,22689319.0
2019-01-23,8.31,8.41,8.25,8.38,1984040,16538042.000000002
2019-01-24,8.35,8.35,8.17,8.27,2716820,22442399.0
2019-01-25,8.27,8.33,8.2,8.21,2317380,19155830.0
2019-01-28,8.27,8.3,7.86,7.88,4503160,36344001.0
2019-01-29,7.89,7.95,7.72,7.9,2873820,22534574.0
2019-01-30,7.75,7.9,7.75,7.8,1976700,15493025.0
2019-01-31,7.8,7.88,7.61,7.66,2627885,20365962.0
2019-02-01,7.68,7.92,7.68,7.92,2115473,16571668.000000002
2019-02-11,7.9,8.11,7.86,8.1,2970118,23808405.0
2019-02-12,8.11,8.18,8.04,8.14,2883289,23411513.0
2019-02-13,8.21,8.45,8.13,8.4,5840460,48440684.0
2019-02-14,8.43,8.43,8.32,8.4,3967383,33201737.999999996
2019-02-15,8.37,8.43,8.34,8.4,3094917,25964691.0
2019-02-18,8.41,8.61,8.41,8.6,3818749,32581913.0
2019-02-19,8.59,8.65,8.41,8.49,4349891,37053020.0
2019-02-20,8.5,8.56,8.43,8.51,3087480,26248414.0
2019-02-21,8.5,8.62,8.38,8.4,4978680,42391205.0
2019-02-22,8.38,8.6,8.38,8.58,4362471,37154790.0
2019-02-25,8.65,9.12,8.6,9.02,8847747,78530790.0
2019-02-26,9.05,9.08,8.82,8.94,8120019,72805130.0
2019-02-27,8.96,8.99,8.75,8.86,6669020,59347248.0
2019-02-28,8.86,8.96,8.76,8.91,5035216,44628623.0
2019-03-01,8.92,8.95,8.72,8.85,8159208,71717312.0
2019-03-04,8.89,9.09,8.84,8.99,9130996,81939338.0
2019-03-05,9.0,9.36,8.9,9.29,9505057,86293571.0
2019-03-06,9.3,9.54,9.1,9.49,11177566,104155386.0
2019-03-07,9.41,9.57,9.26,9.43,9920680,93178109.0
2019-03-08,9.3,9.36,9.01,9.09,9021429,82956182.0
2019-03-11,9.11,9.57,9.11,9.55,6990270,65123322.0
2019-03-12,9.72,9.76,9.37,9.5,8940433,85671813.0
2019-03-13,9.45,9.5,9.18,9.24,7046225,65954652.0
2019-03-14,9.27,9.35,8.96,9.0,5135319,46645623.0
2019-03-15,9.08,9.21,9.02,9.15,3946633,36037838.0
2019-03-18,9.17,9.38,9.09,9.37,4553144,42124732.0
2019-03-19,9.37,9.57,9.32,9.53,7034083,66377463.0
2019-03-20,9.5,9.58,9.17,9.45,5628480,52951747.0
2019-03-21,9.5,9.57,9.38,9.5,5238274,49623032.0
2019-03-22,9.49,9.74,9.37,9.72,7843668,75197306.0
2019-03-25,9.65,10.2,9.57,9.99,10486518,104587958.0
2019-03-26,10.26,10.48,9.8,9.84,12524638,127067792.0
2019-03-27,9.85,9.93,9.54,9.81,5939050,57682617.0
2019-03-28,9.78,10.08,9.7,10.0,9099840,90846154.0
2019-03-29,10.0,10.26,9.9,10.22,13328834,135352515.0
2019-04-01,10.25,10.66,10.11,10.64,13241648,138216381.0
2019-04-02,10.56,10.62,10.36,10.44,10477600,110100470.0
2019-04-03,10.41,10.79,10.41,10.56,7862001,83389783.0
2019-04-04,10.52,11.36,10.51,11.05,13693433,149112283.0
2019-04-08,11.5,11.83,11.16,11.24,18203913,208396373.0
2019-04-09,11.19,11.19,10.71,10.86,10025303,109357175.0
2019-04-10,10.8,10.94,10.63,10.81,6997478,75131937.0
2019-04-11,10.76,10.89,10.32,10.4,7283668,77125872.0
2019-04-12,10.39,10.51,10.27,10.49,3653050,38023601.0
2019-04-15,10.58,10.74,10.37,10.4,3744130,39627471.0
2019-04-16,10.31,10.67,10.25,10.67,3919680,41189902.0
2019-04-17,10.65,10.83,10.6,10.68,4905580,52535700.0
2019-04-18,10.69,10.69,10.45,10.52,4641501,48889390.0
2019-04-19,10.51,10.55,10.32,10.52,3863065,40363885.0
2019-04-22,10.58,10.59,10.28,10.3,4221901,44041854.0
2019-04-23,10.31,10.36,9.99,10.08,4507251,45721123.0
2019-04-24,10.07,10.24,10.04,10.21,2702760,27410957.0
2019-04-25,10.2,10.41,9.96,10.01,3929049,40074908.0
2019-04-26,10.01,10.11,9.92,10.04,2095380,21029937.0
2019-04-29,9.5,9.5,9.04,9.04,6415454,58834970.0
2019-04-30,8.97,9.11,8.9,8.98,2592360,23386415.0
2019-05-06,8.85,8.85,8.1,8.26,3887440,32846997.000000004
2019-05-07,8.29,8.41,8.16,8.31,2235000,18547974.0
2019-05-08,8.18,8.45,8.14,8.33,2324541,19334540.0
2019-05-09,8.3,9.16,8.3,9.16,4192742,37967562.0
2019-05-10,9.16,9.66,8.91,9.39,10878422,101419319.0
2019-05-13,9.11,9.25,8.91,9.03,4911600,44521830.0
2019-05-14,9.03,9.25,8.92,9.07,3509824,32022018.0
2019-05-15,9.2,9.38,9.06,9.3,4407570,40575388.0
2019-05-16,9.3,9.5,9.23,9.33,3525980,32951191.0
2019-05-17,9.3,9.41,8.95,9.08,3464280,31743442.0
2019-05-20,9.03,9.2,8.75,9.11,2947210,26633682.0
2019-05-21,6.5,6.88,6.43,6.65,5024140,33452657.0
2019-05-22,6.53,6.58,6.37,6.47,5130820,33043832.000000004
2019-05-23,6.47,6.58,6.3,6.31,4094382,26340164.0
2019-05-24,6.24,6.5,6.18,6.18,3562875,22429484.0
2019-05-27,6.22,6.34,6.15,6.31,3183712,19929642.0
2019-05-28,6.31,6.38,6.23,6.25,3043164,19203600.0
2019-05-29,6.23,6.33,6.16,6.23,3221696,20188490.0
2019-05-30,6.23,6.29,6.15,6.25,2968548,18475397.0
2019-05-31,6.27,6.34,6.17,6.2,2475892,15441708.0
2019-06-03,6.25,6.64,6.22,6.4,7173224,46153916.0
2019-06-04,6.4,6.49,6.02,6.1,4972228,31018164.0
2019-06-05,6.15,6.18,6.01,6.05,2830636,17204002.0
2019-06-06,6.02,6.06,5.76,5.84,2854512,16834331.0
2019-06-10,5.9,5.95,5.8,5.89,1657606,9735698.0
2019-06-11,5.94,6.09,5.85,6.08,2695968,16200622.0
2019-06-12,6.09,6.1,6.02,6.05,2404588,14558235.0
2019-06-13,6.01,6.08,5.98,6.06,2201160,13297408.0
2019-06-14,6.08,6.1,5.95,5.97,2162928,13067487.0
2019-06-17,6.0,6.03,5.89,5.93,1767556,10489153.0
2019-06-18,5.9,5.98,5.88,5.91,1280824,7601754.0
2019-06-19,6.05,6.05,5.93,5.97,1860892,11145907.0
2019-06-20,5.97,6.05,5.91,6.05,3249592,19508872.0
2019-06-21,6.05,6.17,6.04,6.17,4031492,24712078.0
2019-06-24,6.14,6.2,6.11,6.15,2487761,15298031.0
2019-06-25,6.15,6.15,5.99,6.07,2059608,12463078.0
2019-06-26,6.05,6.1,6.01,6.06,1476292,8941549.0
2019-06-27,6.09,6.17,6.05,6.14,3168604,19381214.0
2019-06-28,6.14,6.14,6.02,6.1,2408644,14641790.0
2019-07-01,6.25,6.64,6.15,6.63,12037753,77273177.0
2019-07-02,6.55,6.55,6.29,6.29,8759669,55996133.0
2019-07-03,6.3,6.36,6.16,6.16,5609380,35079523.0
2019-07-04,6.22,6.28,6.14,6.24,4208304,26135884.0
2019-07-05,6.24,6.24,6.15,6.2,2672347,16538122.0
2019-07-08,6.2,6.2,5.93,5.94,3677853,22127916.0
2019-07-09,5.96,6.11,5.88,6.05,2350805,14050881.0
2019-07-10,6.04,6.05,5.9,5.95,1914708,11428989.0
2019-07-11,5.98,6.03,5.93,5.97,1389088,8306538.0
2019-07-12,5.95,6.01,5.94,6.0,1984700,11864528.0
2019-07-15,6.03,6.1,5.96,6.08,2511988,15188874.0
2019-07-16,6.08,6.18,6.06,6.15,2428620,14938424.0
2019-07-17,6.15,6.19,6.11,6.16,2216468,13663046.0
2019-07-18,6.13,6.13,6.02,6.05,1843956,11177696.0
2019-07-19,6.1,6.12,6.01,6.05,1491804,9054363.0
2019-07-22,6.09,6.09,5.84,5.89,2339333,13888702.0
2019-07-23,5.89,5.92,5.85,5.9,1437993,8463424.0
2019-07-24,5.92,5.98,5.91,5.94,1200732,7143737.0
2019-07-25,5.91,5.96,5.91,5.94,1199564,7116039.0
2019-07-26,5.91,5.94,5.9,5.92,987176,5837603.0
2019-07-29,5.92,5.93,5.86,5.88,1158800,6813366.0
2019-07-30,5.88,5.93,5.86,5.9,1022098,6036296.0
2019-07-31,5.9,5.92,5.85,5.88,1036096,6085163.0
2019-08-01,5.86,5.87,5.79,5.81,1597820,9295072.0
2019-08-02,5.64,5.75,5.64,5.71,1825680,10380332.0
2019-08-05,5.68,5.75,5.67,5.67,975982,5563816.0
2019-08-06,5.57,5.61,5.32,5.44,2177407,11866079.0
2019-08-07,5.48,5.53,5.4,5.46,1072133,5850446.0
2019-08-08,5.8,5.84,5.63,5.72,4641268,26659368.0
2019-08-09,5.67,5.78,5.63,5.65,3033754,17303960.0
2019-08-12,5.64,5.82,5.64,5.82,2904810,16746901.999999998
2019-08-13,5.74,5.84,5.74,5.84,2053040,11910711.0
2019-08-14,5.86,5.95,5.81,5.84,2090196,12237070.0
2019-08-15,5.75,5.89,5.73,5.87,2339044,13570931.0
2019-08-16,5.87,6.08,5.85,5.95,3547092,21225491.0
2019-08-19,5.98,6.15,5.95,6.1,4791709,29122031.0
2019-08-20,6.1,6.17,6.08,6.12,3487896,21405667.0
2019-08-21,6.15,6.15,6.05,6.08,2055700,12533724.0
2019-08-22,6.1,6.13,6.07,6.1,2205288,13466505.0
2019-08-23,6.14,6.18,6.03,6.06,2666276,16262309.0
2019-08-26,5.95,6.07,5.89,6.03,2806577,16809639.0
2019-08-27,6.1,6.14,6.05,6.14,2494540,15255810.0
2019-08-28,6.11,6.13,6.04,6.06,2206772,13412406.0
2019-08-29,6.08,6.1,5.97,6.05,3155124,19037217.0
2019-08-30,6.07,6.11,5.85,5.87,3654756,21775210.0
2019-09-02,5.87,6.03,5.79,6.01,3791132,22602356.0
2019-09-03,6.01,6.03,5.95,5.99,3070612,18360975.0
2019-09-04,6.0,6.08,5.96,6.05,3214916,19377466.0
2019-09-05,6.08,6.14,6.05,6.07,4051557,24722574.0
2019-09-06,6.07,6.1,6.01,6.04,2454480,14814477.0
2019-09-09,6.09,6.22,6.07,6.2,5401433,33278650.999999996
2019-09-10,6.2,6.22,6.16,6.22,3356376,20799209.0
2019-09-11,6.22,6.49,6.22,6.43,9662524,61881911.0
2019-09-12,6.41,6.41,6.25,6.29,6833024,43142954.0
2019-09-16,6.3,6.45,6.3,6.32,4803188,30574694.0
2019-09-17,6.35,6.35,6.13,6.17,3741772,23167479.0
2019-09-18,6.16,6.24,6.15,6.2,2447458,15154396.0
2019-09-19,6.21,6.25,6.14,6.22,2652320,16468498.0
2019-09-20,6.25,6.58,6.15,6.46,8995844,57336447.0
2019-09-23,6.39,6.39,6.26,6.29,5278228,33266235.0
2019-09-24,6.29,6.32,6.22,6.27,3511386,22017535.0
2019-09-25,6.2,6.27,6.18,6.19,2960361,18388957.0
2019-09-26,6.18,6.25,6.03,6.04,3247996,19866062.0
2019-09-27,6.04,6.19,6.04,6.07,2119148,12952366.0
2019-09-30,6.07,6.14,6.02,6.07,1509960,9167583.0
2019-10-08,6.09,6.18,6.08,6.11,2184923,13388718.0
2019-10-09,6.02,6.07,6.0,6.06,2641088,15931103.0
2019-10-10,6.04,6.15,6.04,6.15,2429484,14866479.0
2019-10-11,6.15,6.18,6.1,6.13,2437871,14967478.0
2019-10-14,6.21,6.29,6.16,6.27,3405275,21229274.0
2019-10-15,6.31,6.34,6.21,6.22,2834480,17697593.0
2019-10-16,6.22,6.28,6.21,6.25,2484968,15519419.0
2019-10-17,6.25,6.32,6.23,6.31,2412284,15138388.0
2019-10-18,6.31,6.36,6.05,6.1,3968115,24643894.0
2019-10-21,6.06,6.14,6.04,6.1,1754351,10688864.0
2019-10-22,6.13,6.37,6.08,6.34,5041896,31674837.0
2019-10-23,6.32,6.38,6.25,6.31,3139872,19815301.0
2019-10-24,6.31,6.33,6.22,6.3,2449084,15355826.0
2019-10-25,6.23,6.3,6.06,6.16,5068236,31116600.0
2019-10-28,6.17,6.22,6.12,6.19,3711175,22922736.0
2019-10-29,6.2,6.2,6.01,6.01,3598996,21896255.0
2019-10-30,6.04,6.04,5.7,5.79,4586958,26717574.0
2019-10-31,5.81,5.84,5.64,5.67,3386092,19391410.0
2019-11-01,5.66,5.75,5.6,5.74,2079464,11872121.0
2019-11-04,5.75,5.81,5.7,5.71,1942953,11180919.0
2019-11-05,5.76,5.76,5.67,5.72,1182746,6755329.0
2019-11-06,5.73,5.79,5.68,5.71,1709220,9791600.0
2019-11-07,5.71,5.77,5.67,5.73,1808463,10353534.0
2019-11-08,5.74,5.78,5.71,5.72,1476000,8490600.0
2019-11-11,5.74,5.74,5.55,5.58,2534728,14236094.0
2019-11-12,5.61,5.62,5.5,5.56,1557284,8627190.0
2019-11-13,5.52,5.55,5.48,5.5,1115796,6150049.0
2019-11-14,5.48,5.56,5.47,5.56,1261323,6964674.0
2019-11-15,5.56,5.56,5.45,5.45,1025732,5637458.0
2019-11-18,5.45,5.52,5.41,5.5,1059456,5802262.0
2019-11-19,5.49,5.57,5.49,5.57,1701588,9427679.0
2019-11-20,5.58,5.59,5.52,5.54,973848,5405127.0
2019-11-21,5.56,5.56,5.46,5.53,631496,3483828.0
2019-11-22,5.53,5.61,5.5,5.54,1370992,7620590.0
2019-11-25,5.53,5.6,5.5,5.6,1525320,8482094.0
2019-11-26,5.63,5.64,5.58,5.58,1398316,7835073.0
2019-11-27,5.56,5.64,5.54,5.55,1169344,6500398.0
2019-11-28,5.58,5.59,5.52,5.55,1002832,5568459.0
2019-11-29,5.55,5.58,5.54,5.58,879956,4893841.0
2019-12-02,5.59,5.61,5.57,5.6,1082228,6050198.0
2019-12-03,5.55,5.61,5.54,5.61,1040884,5802314.0
2019-12-04,5.58,5.71,5.58,5.68,1917080,10832978.0
2019-12-05,5.7,5.7,5.65,5.67,1139088,6459603.0
2019-12-06,5.7,5.7,5.64,5.66,918996,5203299.0
2019-12-09,5.71,5.71,5.62,5.65,1360863,7685853.0
2019-12-10,5.65,5.67,5.58,5.64,2444995,13729504.0
2019-12-11,5.66,5.69,5.63,5.64,1401520,7929683.0
2019-12-12,5.63,5.65,5.59,5.6,1365283,7668539.0
2019-12-13,5.65,5.68,5.61,5.66,2145384,12102070.0
2019-12-16,5.68,5.73,5.64,5.72,3149396,17904187.0
2019-12-17,5.73,5.8,5.69,5.79,4344636,24986421.0
2019-12-18,5.79,5.82,5.75,5.79,2640097,15273764.0
2019-12-19,5.8,5.89,5.76,5.88,2940408,17116197.0
2019-12-20,5.87,5.92,5.75,5.76,3100840,18054136.0
2019-12-23,5.76,5.78,5.64,5.65,2356976,13442454.0
2019-12-24,5.66,5.77,5.63,5.76,2293024,13103031.0
2019-12-25,5.75,5.76,5.69,5.72,2206288,12639134.0
2019-12-26,5.74,5.9,5.71,5.87,5659794,33073097.0
2019-12-27,5.92,5.93,5.81,5.82,4078496,23891011.0
2019-12-30,5.85,6.04,5.76,6.0,5636100,33525809.0
2019-12-31,6.11,6.11,6.0,6.06,4660340,28245699.0
2020-01-02,6.08,6.12,6.04,6.09,3583080,21779592.0
2020-01-03,6.07,6.12,6.02,6.06,3115941,18897060.0
2020-01-06,6.02,6.28,5.98,6.2,5096485,31367886.0
2020-01-07,6.21,6.21,6.12,6.2,2469648,15241721.0
2020-01-08,6.16,6.22,6.03,6.07,3827268,23423452.0
2020-01-09,6.1,6.23,6.1,6.16,3125820,19279507.0
2020-01-10,6.16,6.26,6.15,6.16,2436335,15086061.0
2020-01-13,6.12,6.19,6.09,6.19,1997540,12266375.0
2020-01-14,6.15,6.22,6.15,6.17,1788460,11057007.0
2020-01-15,6.19,6.2,6.12,6.15,1643044,10102101.0
2020-01-16,6.14,6.16,6.07,6.09,1858684,11356574.0
2020-01-17,6.11,6.15,6.05,6.08,1376424,8366351.000000001
2020-01-20,6.04,6.13,6.04,6.13,1606080,9796239.0
2020-01-21,6.13,6.18,6.11,6.13,1978404,12154638.0
2020-01-22,6.12,6.12,5.97,6.07,1739215,10522122.0
2020-01-23,6.07,6.07,5.76,5.85,3605538,21256603.0
2020-02-03,5.27,5.27,5.27,5.27,636200,3352774.0
2020-02-04,4.78,5.11,4.77,5.03,5220580,25922740.0
2020-02-05,5.08,5.19,5.03,5.13,3026212,15497747.0
2020-02-06,5.13,5.23,5.05,5.17,3871744,19911433.0
2020-02-07,5.19,5.19,5.09,5.16,3395856,17472846.0
2020-02-10,5.15,5.28,5.08,5.27,3069748,15974859.0
2020-02-11,5.28,5.34,5.21,5.29,3126832,16495246.0
2020-02-12,5.26,5.31,5.25,5.3,2369687,12524435.0
2020-02-13,5.28,5.45,5.26,5.3,3879034,20732436.0
2020-02-14,5.18,5.3,5.18,5.26,3425032,17969766.0
2020-02-17,5.25,5.41,5.24,5.4,3176944,16989586.0
2020-02-18,5.4,5.58,5.36,5.58,4243415,23299503.0
2020-02-19,5.57,5.63,5.5,5.51,3144721,17473454.0
2020-02-20,5.58,5.58,5.49,5.57,3610728,19966210.0
2020-02-21,5.6,5.63,5.53,5.62,3975912,22214304.0
2020-02-24,5.58,5.61,5.55,5.59,3945081,22001480.0
2020-02-25,5.51,5.51,5.25,5.46,5472716,29662169.0
2020-02-26,5.34,5.51,5.34,5.4,4107985,22379754.0
2020-02-27,5.43,5.48,5.35,5.43,3048776,16537472.000000002
2020-02-28,5.28,5.36,5.14,5.16,4697740,24660360.0
2020-03-02,5.17,5.36,5.17,5.34,2600315,13762286.0
2020-03-03,5.38,5.51,5.37,5.42,3763995,20524984.0
2020-03-04,5.42,5.52,5.37,5.52,2808356,15339534.0
2020-03-05,5.58,5.7,5.54,5.64,4799507,26973931.0
2020-03-06,5.64,5.67,5.54,5.63,3797380,21309326.0
2020-03-09,5.58,5.62,5.42,5.45,4788684,26426190.0
2020-03-10,5.39,5.62,5.25,5.62,7688274,42059164.0
2020-03-11,5.62,5.79,5.55,5.56,8044859,45816013.0
2020-03-12,5.45,5.47,5.35,5.39,4347962,23528020.0
2020-03-13,5.25,5.32,5.1,5.29,5642751,29339338.0
2020-03-16,5.35,5.4,5.24,5.26,4170206,22243857.0
2020-03-17,5.26,5.34,5.08,5.22,3681762,19085185.0
2020-03-18,5.27,5.3,5.14,5.16,2592862,13558032.0
2020-03-19,5.14,5.19,5.02,5.17,2377440,12177797.0
2020-03-20,5.2,5.28,5.15,5.28,2477317,12952572.0
2020-03-23,5.16,5.26,5.13,5.2,2118454,11027552.0
2020-03-24,5.36,5.36,5.17,5.26,2907784,15287359.0
2020-03-25,5.34,5.38,5.29,5.38,3257060,17373386.0
2020-03-26,5.34,5.43,5.3,5.35,2851156,15286780.0
2020-03-27,5.41,5.42,5.33,5.33,2033608,10916984.0
2020-03-30,5.3,5.3,5.19,5.21,2332536,12173503.0
2020-03-31,5.25,5.26,5.15,5.17,1745032,9071349.0
2020-04-01,5.12,5.19,5.08,5.09,2712068,13912076.0
2020-04-02,5.06,5.17,5.06,5.17,2352222,12018508.0
2020-04-03,5.16,5.69,5.1,5.69,8692534,48056841.0
2020-04-07,5.98,6.26,5.8,6.26,21615736,132893427.0
2020-04-08,6.67,6.89,6.26,6.89,59713760,399281329.0
2020-04-09,7.0,7.58,6.9,7.58,37155761,272536445.0
2020-04-10,7.38,7.4,6.82,6.82,57006643,400201275.0
2020-04-13,6.21,6.45,6.14,6.15,39094544,243716664.0
2020-04-14,6.08,6.36,6.08,6.29,29181487,181578421.0
2020-04-15,6.15,6.21,6.01,6.04,23266834,141921886.0
2020-04-16,5.99,6.14,5.92,6.1,19339228,117009713.0
2020-04-17,6.06,6.23,5.95,6.1,22295485,135273364.0
2020-04-20,6.03,6.16,5.97,6.16,15497024,94049085.0
2020-04-21,6.1,6.39,6.05,6.18,23942300,148937467.0
2020-04-22,6.06,6.15,5.97,6.15,16092940,97314509.0
2020-04-23,6.12,6.44,6.06,6.33,28169525,176770833.0
2020-04-24,6.24,6.64,6.21,6.51,32664496,211786275.0
2020-04-27,6.42,6.47,5.93,5.95,23552596,144379280.0
2020-04-28,5.71,5.8,5.36,5.44,18769051,103552228.0
2020-04-29,5.48,5.66,5.44,5.5,12267029,68059262.0
2020-04-30,5.5,5.62,5.49,5.61,9175798,51114949.0
2020-05-06,5.5,5.76,5.47,5.75,9630894,54467120.0
2020-05-07,5.72,5.85,5.67,5.67,8551896,49110619.0
2020-05-08,5.73,5.77,5.68,5.72,7407184,42342993.0
2020-05-11,5.73,5.82,5.71,5.77,8519009,48994966.0
2020-05-12,5.69,5.75,5.67,5.72,6508131,37104398.0
2020-05-13,5.75,5.93,5.67,5.89,12698423,73818299.0
2020-05-14,5.82,5.87,5.73,5.74,9219004,53408163.0
2020-05-15,5.75,5.8,5.68,5.72,6460392,36957309.0
2020-05-18,5.69,5.75,5.62,5.64,6295832,35772078.0
2020-05-19,5.64,5.7,5.62,5.69,5340024,30199552.0
2020-05-20,5.69,5.91,5.67,5.9,12079824,69959205.0
2020-05-21,5.96,5.98,5.71,5.73,9833275,57093200.0
2020-05-22,5.73,5.73,5.48,5.56,6674020,37306590.0
2020-05-25,5.57,5.58,5.45,5.52,3999787,22033444.0
2020-05-26,5.52,5.85,5.5,5.8,7590547,43066215.0
2020-05-27,5.81,6.05,5.76,5.85,10798221,63542706.0
2020-05-28,5.86,5.89,5.7,5.82,6319597,36662944.0
2020-05-29,5.82,6.04,5.77,5.96,11345175,67411678.0
2020-06-01,5.99,6.04,5.9,6.03,10831537,64953981.0
2020-06-02,6.0,6.09,5.96,6.01,9798080,59002214.0
2020-06-03,6.03,6.03,5.9,5.9,7749084,46201394.0
2020-06-04,5.94,6.04,5.9,5.96,5764816,34371643.0
2020-06-05,6.04,6.28,5.99,6.06,15510168,94915546.0
2020-06-08,6.06,6.42,5.98,6.34,19649255,122336739.0
2020-06-09,6.23,6.47,6.21,6.32,14372851,90833801.0
2020-06-10,6.34,6.35,6.13,6.23,8565915,53345553.0
2020-06-11,6.2,6.38,6.12,6.33,12516387,78766187.0
2020-06-12,6.22,6.28,6.16,6.23,9271364,57659668.0
2020-06-15,6.2,6.26,6.02,6.04,9328175,57457598.0
2020-06-16,6.08,6.39,6.07,6.33,12568056,79002600.0
2020-06-17,6.35,6.49,6.29,6.42,14222584,90907929.0
2020-06-18,6.31,6.31,6.11,6.16,8755312,53983704.0
2020-06-19,6.14,6.18,6.08,6.17,4976887,30602873.0
2020-06-22,6.17,6.2,6.1,6.12,5697552,35021557.0
2020-06-23,6.14,6.18,6.05,6.05,5395308,32942195.0
2020-06-24,6.05,6.09,5.92,5.97,5475205,32733567.0
2020-06-29,5.99,6.05,5.96,6.05,4442136,26685003.0
2020-06-30,6.04,6.17,6.04,6.15,5301439,32405771.0
2020-07-01,6.15,6.17,5.97,6.03,6716095,40612920.0
2020-07-02,6.03,6.2,5.99,6.2,7287320,44613460.0
2020-07-03,6.23,6.24,6.16,6.24,8324348,51619555.0
2020-07-06,6.26,6.48,6.26,6.47,12270818,78294682.0
2020-07-07,6.55,6.57,6.39,6.45,15133229,98015659.0
2020-07-08,6.44,6.77,6.4,6.67,14743740,96817077.0
2020-07-09,6.7,6.78,6.6,6.74,13434642,89988310.0
2020-07-10,6.72,6.84,6.57,6.58,12067868,80837009.0
2020-07-13,6.62,6.79,6.52,6.79,12601002,84457762.0
2020-07-14,6.76,7.47,6.57,7.31,22587372,158544924.0
2020-07-15,7.1,7.96,7.07,7.49,31517674,239214651.0
2020-07-16,7.48,7.48,6.76,6.86,19896501,141496518.0
2020-07-17,6.8,7.45,6.75,7.3,22255656,160667652.0
2020-07-20,7.32,7.97,7.32,7.94,25074706,192195104.0
2020-07-21,7.89,7.9,7.53,7.7,17334932,133649658.0
2020-07-22,7.71,8.01,7.52,7.6,18346644,142636313.0
2020-07-23,7.5,8.21,7.43,8.2,31472535,250888846.0
2020-07-24,8.2,8.2,7.6,7.7,23055112,182061546.0
2020-07-27,,,,,0,
2020-07-28,,,,,0,
2020-07-29,,,,,0,
2020-07-30,,,,,0,
2020-07-31,,,,,0,
2020-08-03,,,,,0,
2020-08-04,,,,,0,
2020-08-05,,,,,0,
2020-08-06,,,,,0,
2020-08-07,,,,,0,
2020-08-10,8.47,8.47,8.47,8.47,660320,5592910.0
2020-08-11,9.32,9.32,8.3,8.42,51065255,458422528.0
2020-08-12,8.1,8.26,7.58,7.58,31637518,244535373.0
2020-08-13,7.58,7.66,7.36,7.48,13305494,99717018.0
2020-08-14,7.41,7.45,7.17,7.28,12485740,91204086.0
2020-08-17,7.42,7.52,7.36,7.44,10315660,76692210.0
2020-08-18,7.47,7.61,7.41,7.57,11188559,84111658.0
2020-08-19,7.49,7.49,7.25,7.27,10430906,76554061.0
2020-08-20,7.22,7.44,7.13,7.36,7058431,51760460.0
2020-08-21,7.36,7.39,7.16,7.2,6211050,45135604.0
2020-08-24,7.14,7.2,6.81,7.15,10423486,73384423.0
2020-08-25,7.12,7.26,7.02,7.04,7439066,53044367.0
2020-08-26,7.05,7.15,6.88,7.13,9403012,65887064.0
2020-08-27,7.11,7.14,7.01,7.05,6054476,42801226.0
2020-08-28,7.0,7.09,6.97,7.05,4436552,31189373.0
2020-08-31,7.04,7.21,7.04,7.14,6234236,44469332.0
2020-09-01,7.16,7.18,7.02,7.09,4805664,33976824.0
2020-09-02,7.1,7.13,6.97,7.06,3728371,26217867.0
2020-09-03,7.02,7.07,6.89,6.92,4755856,33144318.0
2020-09-04,6.8,7.03,6.78,7.0,4111320,28460285.0
2020-09-07,6.96,7.04,6.81,6.83,5500624,38027592.0
2020-09-08,6.83,6.87,6.7,6.83,4561616,30911902.0
2020-09-09,6.75,6.82,6.67,6.67,5109163,34444238.0
2020-09-10,6.67,6.74,6.3,6.44,6733800,44078454.0
2020-09-11,6.44,6.62,6.31,6.61,3571698,23214896.0
2020-09-14,6.68,6.69,6.56,6.59,3811804,25243057.0
2020-09-15,6.59,6.73,6.52,6.63,3904887,25873298.0
2020-09-16,6.63,6.64,6.47,6.53,2352436,15371337.0
2020-09-17,6.53,6.64,6.47,6.58,2645007,17348058.0
2020-09-18,6.58,6.88,6.55,6.83,7470996,50643243.0
2020-09-21,6.83,6.85,6.72,6.79,2554160,17339479.0
2020-09-22,6.76,6.8,6.64,6.68,2597980,17411476.0
2020-09-23,6.72,6.73,6.66,6.68,1800592,12039481.0
2020-09-24,6.63,6.65,6.47,6.49,2676787,17508697.0
2020-09-25,6.78,7.14,6.71,7.14,7898996,55596688.0
2020-09-28,7.36,7.79,7.01,7.07,24016465,176718185.0
2020-09-29,7.02,7.07,6.83,6.91,12015698,83089494.0
2020-09-30,6.86,6.9,6.65,6.68,8486524,56989579.0
2020-10-09,6.71,6.9,6.7,6.88,6375732,43409873.0
2020-10-12,6.89,7.05,6.84,7.01,8822196,61242551.0
2020-10-13,7.08,7.09,6.9,7.0,5953480,41425701.0
2020-10-14,7.05,7.35,7.0,7.31,14746296,106700964.0
2020-10-15,7.27,7.28,7.17,7.19,6731284,48535339.0
2020-10-16,7.15,7.52,7.15,7.46,13357092,98626782.0
2020-10-19,7.57,7.57,7.3,7.42,7329092,54123048.0
2020-10-20,7.35,7.39,7.16,7.3,5379006,39082716.0
2020-10-21,7.3,7.4,7.23,7.31,4977716,36400452.0
2020-10-22,7.25,7.3,7.08,7.11,5402720,38571747.0
2020-10-23,7.09,7.2,6.94,7.0,4269126,30124691.0
2020-10-26,6.97,7.05,6.8,6.94,4157852,28842321.0
2020-10-27,6.92,7.0,6.88,6.97,2597321,18032180.0
2020-10-28,7.0,7.02,6.9,7.01,2920172,20325046.0
2020-10-29,6.93,7.06,6.88,7.04,2754304,19263955.0
2020-10-30,7.02,7.03,6.76,6.79,3684376,25424099.0
2020-11-02,6.81,6.81,6.63,6.67,3457173,23141984.0
2020-11-03,6.68,6.84,6.68,6.84,2455136,16679616.000000002
2020-11-04,6.88,6.91,6.72,6.8,1880580,12747341.0
2020-11-05,6.83,6.97,6.8,6.94,2668088,18368427.0
2020-11-06,6.94,6.97,6.8,6.96,4009640,27612955.0
2020-11-09,7.1,7.25,7.07,7.17,6133783,43938891.0
2020-11-10,7.24,7.3,7.15,7.21,4976612,35874327.0
2020-11-11,7.2,7.28,7.11,7.13,5062323,36404685.0
2020-11-12,7.15,7.48,7.1,7.37,9127648,66465641.0
2020-11-13,,,,,0,
2020-11-16,7.89,7.89,7.3,7.32,16476412,123621977.0
2020-11-17,7.28,7.43,7.05,7.15,9684812,69618014.0
2020-11-18,7.06,7.75,7.06,7.6,22981928,173057776.0
2020-11-19,7.5,7.62,7.21,7.4,14496056,106610594.0
2020-11-20,7.3,7.47,7.22,7.45,8910980,65389331.0
2020-11-23,7.43,7.62,7.39,7.6,12926180,97255251.0
2020-11-24,7.56,7.56,7.36,7.39,8081668,60010902.0
2020-11-25,7.39,7.44,7.22,7.23,6986028,51194844.0
2020-11-26,7.23,7.38,7.18,7.28,4151036,30136279.0
2020-11-27,7.27,7.27,7.12,7.17,4277472,30689888.0
2020-11-30,7.16,7.22,7.07,7.11,4495000,32081202.0
2020-12-01,7.1,7.17,7.02,7.14,4540716,32244415.0
2020-12-02,7.12,7.18,7.07,7.17,3476208,24771707.0
2020-12-03,7.19,7.21,7.08,7.09,3550328,25270155.0
2020-12-04,7.07,7.14,7.03,7.07,3407632,24110793.0
2020-12-07,7.06,7.1,7.0,7.01,2640772,18602754.0
2020-12-08,6.97,7.02,6.92,6.93,3393032,23644854.0
2020-12-09,6.95,6.96,6.74,6.78,5465908,37443839.0
2020-12-10,6.8,6.85,6.74,6.83,2656168,18082222.0
2020-12-11,6.79,6.82,6.6,6.71,3336416,22361007.0
2020-12-14,6.73,6.83,6.69,6.78,1765051,11950480.0
2020-12-15,6.75,6.81,6.7,6.74,1888448,12736750.0
2020-12-16,6.74,6.75,6.55,6.55,2939740,19413518.0
2020-12-17,6.61,6.61,6.35,6.56,3317280,21472338.0
2020-12-18,6.56,6.62,6.52,6.52,1950900,12800000.0
2020-12-21,6.53,6.61,6.46,6.59,1794236,11776037.0
2020-12-22,6.54,6.72,6.5,6.56,2798623,18512740.0
2020-12-23,6.56,6.64,6.54,6.64,2033583,13407823.0
2020-12-24,6.64,6.69,6.45,6.49,2561289,16723927.0
2020-12-25,6.46,6.56,6.4,6.53,1601529,10428632.0
2020-12-28,6.51,6.51,6.38,6.38,2158121,13853371.0
2020-12-29,6.38,6.49,6.34,6.4,1516927,9751088.0
2020-12-30,6.47,6.47,6.39,6.43,1504110,9679005.0
2020-12-31,6.47,6.63,6.43,6.59,2508863,16435008.999999998
2021-01-04,6.56,6.7,6.56,6.67,2428446,16169282.0
2021-01-05,6.7,6.8,6.65,6.74,3295242,22142951.0
2021-01-06,6.75,6.75,6.63,6.64,2248236,14990100.0
2021-01-07,6.73,6.74,6.41,6.47,3241348,21157276.0
2021-01-08,6.41,6.64,6.32,6.59,2688907,17441844.0
2021-01-11,6.6,6.62,6.37,6.37,2370520,15353437.0
2021-01-12,6.32,6.51,6.32,6.42,2122188,13599043.0
2021-01-13,6.4,6.59,6.35,6.51,2888383,18776221.0
2021-01-14,6.47,6.54,6.38,6.49,2165764,13983249.0
2021-01-15,6.41,6.6,6.41,6.6,3163987,20720530.0
2021-01-18,6.58,6.86,6.57,6.66,3050856,20457328.0
2021-01-19,6.64,6.79,6.62,6.67,3321876,22289660.0
2021-01-20,6.86,7.15,6.86,7.07,10099851,70871621.0
2021-01-21,7.0,7.14,6.94,7.0,7969620,56248896.0
2021-01-22,7.01,7.01,6.82,6.83,5049141,34832669.0
2021-01-25,6.79,6.85,6.64,6.65,4389140,29477530.0
2021-01-26,6.59,6.68,6.43,6.46,3389619,22132882.0
2021-01-27,6.4,6.52,6.4,6.48,1998940,12936719.0
2021-01-28,6.49,6.72,6.38,6.61,3923804,25819743.0
2021-01-29,6.6,6.69,6.4,6.46,3768916,24475788.0
2021-02-01,6.45,6.67,6.32,6.58,2875236,18828400.0
2021-02-02,6.56,6.84,6.55,6.81,4989800,33551220.0
2021-02-03,6.78,6.85,6.66,6.69,3709195,25028549.0
2021-02-04,6.68,6.69,6.43,6.49,3437848,22405681.0
2021-02-05,6.5,6.73,6.41,6.42,3673132,24087756.0
2021-02-08,6.42,6.62,6.33,6.6,3307791,21497254.0
2021-02-09,6.59,6.74,6.55,6.69,3378000,22571541.0
2021-02-10,6.63,6.97,6.63,6.85,5917076,40518604.0
2021-02-18,6.88,7.14,6.88,7.03,8057144,56711385.0
2021-02-19,7.01,7.3,6.96,7.23,11785850,84460802.0
2021-02-22,7.27,7.5,7.21,7.22,11906951,87535733.0
2021-02-23,7.18,7.34,7.13,7.24,8629180,62455671.0
2021-02-24,7.29,7.63,7.15,7.21,9880180,72676625.0
2021-02-25,7.3,7.41,7.03,7.06,7788940,55992958.0
2021-02-26,7.01,7.77,6.98,7.54,29008881,220700152.0
2021-03-01,7.5,7.86,7.39,7.73,29514960,224886687.0
2021-03-02,7.8,7.8,7.45,7.52,12812783,96702848.0
2021-03-03,7.5,7.73,7.42,7.58,14354560,108865848.0
2021-03-04,7.49,7.74,7.41,7.46,13857107,105268900.0
2021-03-05,7.4,7.56,7.26,7.29,10916183,80361418.0
2021-03-08,7.33,7.49,7.13,7.15,10187404,74310710.0
2021-03-09,7.19,7.22,6.84,6.91,9434825,65977922.99999999
2021-03-10,6.96,6.99,6.75,6.82,5742405,39417457.0
2021-03-11,6.82,6.99,6.73,6.96,5007532,34516364.0
2021-03-12,6.98,7.08,6.9,6.92,6069124,42370069.0
2021-03-15,6.93,7.61,6.86,7.43,19611267,144540383.0
2021-03-16,7.4,7.53,7.31,7.47,10751530,80109426.0
2021-03-17,7.52,7.56,7.36,7.53,7826108,58464988.0
2021-03-18,7.49,7.65,7.45,7.54,7973676,60091749.0
2021-03-19,7.52,7.74,7.48,7.61,11101740,84676293.0
2021-03-22,7.68,7.88,7.64,7.8,10454040,81189384.0
2021-03-23,7.8,7.8,7.46,7.61,10825384,82198673.0
2021-03-24,7.51,7.62,7.34,7.44,6615440,49241199.0
2021-03-25,7.44,8.01,7.32,7.82,13413684,104006015.0
2021-03-26,7.81,7.88,7.71,7.85,7647119,59580380.0
2021-03-29,7.92,7.93,7.63,7.69,7179420,55357426.0
2021-03-30,7.65,7.86,7.5,7.68,7897959,60824376.0
2021-03-31,7.64,8.13,7.59,7.98,16972268,135057130.0
2021-04-01,7.99,8.03,7.79,7.83,8032176,63206153.0
2021-04-02,7.84,7.95,7.73,7.84,6638316,51952876.0
2021-04-06,7.84,8.08,7.72,7.78,7017596,55347159.0
2021-04-07,7.74,8.13,7.65,8.01,10682009,85088241.0
2021-04-08,7.95,8.24,7.94,8.02,10312584,83555966.0
2021-04-09,8.04,8.13,7.9,8.06,6647364,53202053.0
2021-04-12,8.12,8.14,7.75,7.77,7213628,57019607.0
2021-04-13,7.78,7.88,7.38,7.4,8209675,62150600.0
2021-04-14,7.31,7.59,7.31,7.57,4993296,37356336.0
2021-04-15,7.53,7.57,7.41,7.44,3680064,27444757.0
2021-04-16,7.41,7.59,7.38,7.53,3592527,26986747.0
2021-04-19,7.55,7.71,7.5,7.68,4213421,32279706.0
2021-04-20,7.68,7.72,7.51,7.51,4101848,31148368.0
2021-04-21,7.5,7.94,7.32,7.74,10950956,84580832.0
2021-04-22,7.76,7.8,7.62,7.72,5696340,43840246.0
2021-04-23,7.74,7.74,7.39,7.41,6931140,51853711.0
2021-04-26,7.4,7.55,7.38,7.43,4391176,32782241.0
2021-04-27,7.47,7.47,7.13,7.18,5594288,40460073.0
2021-04-28,7.18,7.24,7.11,7.2,3091944,22196950.0
2021-04-29,7.22,7.24,7.06,7.19,2311596,16588192.0
2021-04-30,7.06,7.39,6.85,7.3,8459643,60830192.0
2021-05-06,7.26,7.65,7.26,7.45,7097514,53276729.0
2021-05-07,7.45,7.52,7.41,7.45,3203887,23934466.0
2021-05-10,7.46,7.5,7.34,7.45,3161100,23406787.0
2021-05-11,7.37,7.41,7.21,7.34,2871624,20963816.0
2021-05-12,7.36,7.36,7.2,7.25,2818564,20451977.0
2021-05-13,7.25,7.31,7.16,7.18,2609436,18840094.0
2021-05-14,7.2,7.24,7.1,7.16,3167184,22742159.0
2021-05-17,7.13,7.15,6.95,6.97,4917536,34506431.0
2021-05-18,6.9,7.01,6.88,6.96,2307715,16044107.0
2021-05-19,6.98,7.13,6.94,7.04,2635779,18585473.0
2021-05-20,7.05,7.1,6.92,6.92,2471184,17269752.0
2021-05-21,6.92,7.1,6.9,7.02,2082013,14637163.0
2021-05-24,7.08,7.2,7.06,7.07,2569652,18297150.0
2021-05-25,7.06,7.11,6.99,7.05,2412244,16994544.0
2021-05-26,7.08,7.16,7.03,7.15,2464424,17515816.0
2021-05-27,7.16,7.19,7.08,7.1,3014012,21455659.0
2021-05-28,7.11,7.16,7.01,7.01,3174404,22425814.0
2021-05-31,6.99,7.05,6.96,7.0,2802148,19618644.0
2021-06-01,7.0,7.08,6.97,7.08,2110820,14830983.0
2021-06-02,7.07,7.12,7.0,7.0,2207652,15577858.0
2021-06-03,7.0,7.09,6.98,7.02,1818036,12802425.0
2021-06-04,7.0,7.03,6.9,6.91,3100417,21503584.0
2021-06-07,6.89,7.14,6.89,7.12,3877244,27361254.0
2021-06-08,7.13,7.2,7.04,7.09,2772656,19672867.0
2021-06-09,7.11,7.34,7.06,7.22,8189244,59262727.0
2021-06-10,7.23,7.3,7.17,7.26,5087855,36816035.0
2021-06-11,7.38,7.43,7.23,7.24,5512106,40449682.0
2021-06-15,7.2,7.39,7.13,7.35,4921284,35822609.0
2021-06-16,7.34,7.38,7.17,7.26,3836804,27822263.0
2021-06-17,7.24,7.35,7.15,7.29,4215768,30512330.0
2021-06-18,7.24,7.33,7.16,7.21,2922060,21084872.0
2021-06-21,7.12,7.15,7.03,7.08,4163376,29482214.0
2021-06-22,7.04,7.77,7.04,7.47,10993740,81992748.0
2021-06-23,7.36,7.48,7.31,7.4,5441744,40166384.0
2021-06-24,7.39,7.55,7.36,7.37,4477412,33323699.0
2021-06-25,7.41,7.63,7.28,7.62,7936442,59742082.0
2021-06-28,7.69,7.69,7.43,7.48,6582596,49352617.0
2021-06-29,7.48,7.55,7.37,7.42,4835976,36048559.0
2021-06-30,7.37,7.53,7.34,7.42,3654099,27153340.0
2021-07-01,7.42,7.47,7.23,7.23,4668915,34139202.0
2021-07-02,7.17,7.27,7.11,7.14,3251840,23282993.0
2021-07-05,7.15,7.39,7.14,7.36,3347679,24368555.0
2021-07-06,7.35,7.44,7.23,7.33,3395865,24856502.0
2021-07-07,7.33,7.56,7.32,7.56,6656540,49671548.0
2021-07-08,7.57,7.61,7.49,7.52,4963792,37483194.0
2021-07-09,7.8,8.16,7.62,7.95,20151454,158215750.0
2021-07-12,8.19,8.68,8.16,8.35,24415718,206288746.0
2021-07-13,8.21,8.68,8.08,8.16,14430497,118994934.0
2021-07-14,8.14,8.44,8.11,8.16,9885808,81704370.0
2021-07-15,8.06,8.36,8.04,8.23,9596508,78843391.0
2021-07-16,8.16,9.05,8.13,8.87,29850290,263967239.0
2021-07-19,8.98,9.75,8.62,9.74,36633701,333450192.0
2021-07-20,9.42,10.17,9.26,10.04,29926357,290255454.0
2021-07-21,10.11,10.98,10.01,10.95,37092576,390974834.0
2021-07-22,10.7,11.44,10.39,10.81,44287399,482688980.0
2021-07-23,10.8,10.98,10.29,10.69,29137452,308950904.0
2021-07-26,10.4,11.76,10.4,11.51,40575549,453828448.0
2021-07-27,11.15,11.68,10.36,10.36,35296760,380142287.0
2021-07-28,9.9,10.18,9.32,9.7,35108796,340212204.0
2021-07-29,9.8,10.2,9.68,9.88,24495147,242488238.0
2021-07-30,9.6,9.9,9.31,9.65,23308218,222558906.0
2021-08-02,9.63,10.07,9.5,9.88,21626728,211185284.0
2021-08-03,9.93,9.93,9.42,9.57,14448646,138261611.0
2021-08-04,9.45,9.83,9.44,9.75,11287114,109062094.0
2021-08-05,9.71,10.6,9.67,10.42,23035668,237483758.0
2021-08-06,10.21,10.6,10.14,10.52,14557636,151314862.0
2021-08-09,10.47,10.47,10.05,10.21,9614702,98021908.0
2021-08-10,10.1,10.83,10.1,10.49,13680170,143719508.0
2021-08-11,10.48,10.7,10.28,10.42,8441546,87950342.0
2021-08-12,10.44,10.91,10.31,10.7,11537057,122162005.0
2021-08-13,10.57,11.18,10.4,11.09,15795000,173076585.0
2021-08-16,11.15,11.38,10.72,10.88,12025564,131582103.99999999
2021-08-17,10.83,10.97,10.1,10.19,11635670,122200080.0
2021-08-18,10.32,11.02,10.26,10.95,18382928,197574420.0
2021-08-19,10.89,10.89,10.21,10.75,14959295,157080756.0
2021-08-20,10.76,11.28,10.35,10.87,17128997,186605760.0
2021-08-23,11.15,11.49,10.84,11.21,18582976,207385030.0
2021-08-24,11.5,11.63,11.0,11.03,16491182,185345562.0
2021-08-25,10.94,11.08,10.6,10.87,10047258,108521921.0
2021-08-26,11.02,11.96,10.95,11.96,30269386,354095702.0
2021-08-27,12.0,12.28,11.64,12.2,28090896,334919931.0
2021-08-30,12.05,12.77,12.0,12.52,23669671,293827609.0
2021-08-31,12.34,12.36,11.27,12.14,15341628,184949745.0
2021-09-01,12.25,12.69,11.38,11.4,19179033,229275388.0
2021-09-02,11.37,12.03,11.16,11.85,14349405,167550486.0
2021-09-03,11.71,11.78,11.06,11.14,13532251,153342927.0
2021-09-06,11.15,11.85,10.66,11.66,17206745,194281320.0
2021-09-07,11.66,12.0,11.33,11.9,10118211,118950360.0
2021-09-08,11.79,13.09,11.55,13.09,24975106,316673042.0
2021-09-09,12.76,14.29,12.56,14.23,32462172,448788664.0
2021-09-10,14.01,14.4,13.6,13.78,17208192,238045327.0
2021-09-13,13.79,14.32,13.38,14.17,18491605,255838648.0
2021-09-14,14.14,14.14,13.07,13.56,15075322,204592887.0
2021-09-15,13.56,14.01,13.42,13.72,11538314,159148067.0
2021-09-16,13.71,13.98,13.21,13.23,10936622,148669322.0
2021-09-17,13.34,13.62,12.69,12.95,9014600,118537928.0
2021-09-22,12.99,13.18,12.8,13.1,6806317,88576359.0
2021-09-23,13.19,13.3,12.7,12.76,6312550,81063061.0
2021-09-24,12.7,12.83,11.9,11.92,9229904,112902525.0
2021-09-27,11.92,12.07,10.98,11.15,10158143,115246505.0
2021-09-28,11.25,12.27,11.25,12.27,5786116,69432020.0
2021-09-29,12.36,12.94,11.65,12.26,17299511,211912629.0
2021-09-30,12.26,13.17,11.83,13.05,12830818,162039170.0
2021-10-08,13.32,13.8,12.85,13.63,12244995,163850853.0
2021-10-11,13.6,13.8,12.7,12.77,11585704,152854860.0
2021-10-12,12.97,13.02,11.84,12.0,10839276,131426244.0
2021-10-13,12.0,12.0,11.31,11.67,7125715,82712984.0
2021-10-14,11.67,11.95,11.4,11.8,5088704,59622165.0
2021-10-15,11.8,11.89,11.19,11.28,8472306,96623091.0
2021-10-18,11.28,12.23,11.18,12.19,7122508,83900987.0
2021-10-19,11.82,12.1,11.77,11.9,5886327,70187296.0
2021-10-20,11.8,12.3,11.76,11.87,5582024,67224987.0
2021-10-21,11.93,12.49,11.71,12.15,7303162,88838740.0
2021-10-22,12.43,12.56,11.96,11.98,8039972,98385543.0
2021-10-25,11.68,12.01,11.62,11.92,7278761,86389404.0
2021-10-26,11.92,12.83,11.92,12.66,10593404,132508144.99999999
2021-10-27,12.44,12.82,12.21,12.58,7962039,99034036.0
2021-10-28,12.52,12.59,11.81,11.92,6858607,82838545.0
2021-10-29,11.92,12.29,11.82,12.27,6584568,79580442.0
2021-11-01,12.36,12.66,11.9,12.3,12145762,147831434.0
2021-11-02,12.5,12.99,12.35,12.88,19613734,248936767.0
2021-11-03,12.6,12.98,12.39,12.63,11676228,147536170.0
2021-11-04,12.61,13.62,12.58,13.54,15838619,208773729.0
2021-11-05,13.61,13.61,12.91,13.2,13130295,173685370.0
2021-11-08,13.2,13.77,13.02,13.32,9575196,128548874.0
2021-11-09,13.27,13.65,13.13,13.58,8532434,114396387.0
2021-11-10,13.56,13.86,13.41,13.76,6436617,88041691.0
2021-11-11,13.76,13.95,13.37,13.6,7861839,106687372.0
2021-11-12,13.5,13.83,13.38,13.68,6768528,91980087.0
2021-11-15,13.68,14.39,13.43,14.13,10565799,147753184.0
2021-11-16,14.27,14.33,13.1,13.25,13156805,178620173.0
2021-11-17,13.33,13.35,12.93,13.31,6680542,87897739.0
2021-11-18,13.3,13.75,13.18,13.46,5193739,70028135.0
2021-11-19,13.46,13.79,13.34,13.47,5639860,76174018.0
2021-11-22,13.36,14.1,13.25,14.06,10212167,141163298.0
2021-11-23,14.06,14.55,13.7,13.82,8743139,123102151.0
2021-11-24,14.15,14.17,13.33,13.65,8092600,110184690.0
2021-11-25,13.47,14.53,13.45,13.98,10025345,140865042.0
2021-11-26,13.9,14.46,13.8,14.42,8711052,124396240.0
2021-11-29,14.05,14.3,13.64,14.15,10428128,145441212.0
2021-11-30,14.15,14.38,13.72,13.78,7224221,101171640.0
2021-12-01,13.75,13.84,13.2,13.5,7801000,104847492.0
2021-12-02,13.49,13.99,13.4,13.74,7931188,108835523.0
2021-12-03,13.72,13.76,13.2,13.2,7456844,99442924.0
2021-12-06,13.14,13.32,13.1,13.15,4882208,64538513.0
2021-12-07,14.46,14.47,13.38,13.41,19607492,273755180.0
2021-12-08,13.15,13.4,12.24,13.37,22769330,287760286.0
2021-12-09,12.85,13.05,12.56,12.7,12979192,165769974.0
2021-12-10,12.67,12.91,12.53,12.59,6753636,85627656.0
2021-12-13,12.57,12.67,12.4,12.42,5458488,68305775.0
2021-12-14,12.42,12.49,12.25,12.32,4360738,53836764.0
2021-12-15,12.32,12.38,12.25,12.3,3498131,43093282.0
2021-12-16,12.37,12.37,12.13,12.19,5803603,70922459.0
2021-12-17,12.12,12.28,11.88,11.95,6123438,73536858.0
2021-12-20,11.97,11.97,11.45,11.53,5667779,65922993.0
2021-12-21,11.59,11.64,11.3,11.47,5202907,59498226.0
2021-12-22,11.49,11.81,11.45,11.77,5505432,64275404.0
2021-12-23,11.9,11.93,11.68,11.73,4473576,52728593.0
2021-12-24,11.73,11.77,10.87,11.01,11263480,126030191.0
2021-12-27,11.02,11.3,10.82,11.21,4742788,52734616.0
2021-12-28,11.19,11.35,11.09,11.23,4192584,46993545.0
2021-12-29,11.17,11.47,11.11,11.37,3529320,40146020.0
2021-12-30,11.33,11.4,11.12,11.18,4771300,53698879.0
2021-12-31,11.11,11.37,11.01,11.04,6525760,72733880.0
2022-01-04,11.18,11.19,10.81,10.88,7720469,84307413.0
2022-01-05,10.9,10.91,10.1,10.4,17532639,182029139.0
2022-01-06,10.36,10.77,10.3,10.7,7529236,79662782.0
2022-01-07,10.7,10.71,10.45,10.45,5783647,61079512.0
2022-01-10,10.41,10.99,10.4,10.95,8166115,88333840.0
2022-01-11,11.11,11.24,10.91,10.98,6756740,74384759.0
2022-01-12,10.98,11.52,10.94,11.37,7354861,83234113.0
2022-01-13,11.37,11.45,11.05,11.05,4303044,48218279.0
2022-01-14,11.02,11.19,10.98,11.03,4333901,47995482.0
2022-01-17,11.08,11.29,10.87,11.23,3574268,39713211.0
2022-01-18,11.23,11.34,11.02,11.25,4232596,47270075.0
2022-01-19,11.24,11.24,11.05,11.12,3116560,34618140.0
2022-01-20,11.14,11.17,10.79,10.82,4456729,48627688.0
2022-01-21,10.78,11.09,10.71,10.82,5358792,58530582.0
2022-01-24,11.0,11.64,10.85,11.3,11936716,135826613.0
2022-01-25,11.42,11.55,11.26,11.28,8499449,96999964.0
2022-01-26,11.13,11.45,10.95,11.14,5558220,62114164.0
2022-01-27,11.09,11.29,10.73,10.77,3923892,42791978.0
2022-01-28,10.88,11.11,10.46,10.98,4844507,52494365.0
2022-02-07,11.1,11.37,11.05,11.3,5896872,66308390.0
2022-02-08,11.27,11.48,11.17,11.47,5342160,60507122.0
2022-02-09,11.5,12.38,11.47,12.28,13825735,166641577.0
2022-02-10,12.33,12.53,11.96,12.24,12330476,150073035.0
2022-02-11,12.16,12.39,11.31,11.35,15189464,177929359.0
2022-02-14,11.5,11.9,11.31,11.85,15314695,179233653.0
2022-02-15,11.87,12.72,11.64,12.58,20816312,257442730.0
2022-02-16,12.78,12.99,12.6,12.85,17213028,220399801.0
2022-02-17,12.95,13.17,12.71,13.01,14595556,189437870.0
2022-02-18,12.9,13.65,12.66,13.31,21197725,282510550.0
2022-02-21,13.3,13.79,12.8,13.72,23933581,320914523.0
2022-02-22,13.5,14.06,13.35,13.73,19717801,272446738.0
2022-02-23,13.6,13.82,13.25,13.66,20324186,274498897.0
2022-02-24,13.64,14.48,13.4,13.7,24656524,343793925.0
2022-02-25,13.78,13.98,13.43,13.53,14677249,199715474.0
2022-02-28,13.41,14.13,13.22,13.74,16812302,230882695.0
2022-03-01,13.75,14.09,13.54,13.83,10585969,145918725.0
2022-03-02,13.75,13.95,13.58,13.61,8800861,121058273.0
2022-03-03,13.73,13.8,13.23,13.36,11905540,159296799.0
2022-03-04,13.24,13.47,12.91,12.98,10033310,132064370.0
2022-03-07,13.11,13.28,12.44,12.57,11997833,153094139.0
2022-03-08,12.46,12.65,11.99,12.0,11012361,135183764.0
2022-03-09,12.05,12.2,11.51,11.94,9841689,117182371.0
2022-03-10,12.16,12.33,12.05,12.08,6757033,82145782.0
2022-03-11,11.9,12.14,11.6,12.08,7779647,92679845.0
2022-03-14,11.93,12.2,11.75,11.78,7919678,94517153.0
2022-03-15,11.72,11.72,11.1,11.1,11211328,127959628.0
2022-03-16,11.29,11.43,10.79,11.32,9340898,104435972.0
2022-03-17,11.35,12.28,11.35,11.94,10662256,127030812.0
2022-03-18,11.94,11.98,11.64,11.83,6505838,76740871.0
2022-03-21,11.96,12.59,11.85,12.14,8257620,101014269.0
2022-03-22,12.2,12.56,11.95,12.35,6606750,81401274.0
2022-03-23,12.44,12.55,12.15,12.25,4781942,58813546.0
2022-03-24,12.12,12.36,11.98,12.19,3913387,47602017.0
2022-03-25,12.15,12.23,11.87,11.88,4205300,50553080.0
2022-03-28,11.89,12.35,11.7,11.95,5736339,68861773.0
2022-03-29,12.09,12.17,11.7,11.78,4506439,53535552.0
2022-03-30,11.78,11.9,11.65,11.86,4165080,49065174.0
2022-03-31,11.86,11.86,11.4,11.57,6018876,69604432.0
2022-04-01,11.48,11.64,11.36,11.41,4398475,50315128.0
2022-04-06,11.35,11.52,11.17,11.38,4938792,55823061.0
2022-04-07,11.32,11.39,10.92,10.97,5797350,64231496.0
2022-04-08,10.9,11.39,10.9,11.2,5642449,63179989.0
2022-04-11,11.16,11.2,10.78,10.82,4480134,48972881.0
2022-04-12,10.73,11.2,10.62,11.11,5074681,55310801.0
2022-04-13,11.06,11.26,10.83,11.06,4584675,50780118.0
2022-04-14,11.16,11.17,10.8,10.91,3820553,41800014.0
2022-04-15,11.01,11.73,10.81,11.4,8839452,100555218.0
2022-04-18,11.18,11.25,10.76,10.95,7052931,77051910.0
2022-04-19,10.89,11.66,10.8,11.6,9592583,109591501.0
2022-04-20,11.5,11.69,11.3,11.49,7963940,91327427.0
2022-04-21,11.41,11.49,10.34,10.52,12066432,130493224.0
2022-04-22,10.75,10.9,10.14,10.26,10485216,109281442.0
2022-04-25,10.1,10.32,9.75,9.76,10353042,103899855.0
2022-04-26,9.76,9.95,9.44,9.49,7364720,71093865.0
2022-04-27,9.4,9.98,8.89,9.93,8709629,81889182.0
2022-04-28,9.79,10.07,9.6,9.9,6723456,66627323.99999999
2022-04-29,9.93,10.66,9.9,10.54,6622379,68692940.0
2022-05-05,10.57,11.11,10.29,11.0,7199834,77875102.0
2022-05-06,10.66,11.25,10.55,11.01,6495567,71567998.0
2022-05-09,10.95,11.24,10.85,11.11,5655616,62844662.0
2022-05-10,10.9,11.11,10.75,11.07,4315359,47312115.0
2022-05-11,11.07,11.4,10.94,10.97,5436145,60735600.0
2022-05-12,10.85,11.13,10.79,10.95,3923748,42898936.0
2022-05-13,11.2,11.55,10.96,11.28,6782936,76421482.0
2022-05-16,11.34,11.55,11.23,11.3,6059515,68974602.0
2022-05-17,11.25,11.58,11.18,11.49,5246260,59907477.0
2022-05-18,11.47,12.22,11.38,11.99,8940944,106018991.0
2022-05-19,11.76,12.11,11.72,11.99,7771718,92337483.0
2022-05-20,11.95,12.17,11.9,11.97,5893816,70746444.0
2022-05-23,11.9,12.28,11.88,12.14,5573892,67556880.0
2022-05-24,12.12,12.35,11.7,11.71,7796632,93587772.0
2022-05-25,11.69,12.02,11.61,11.94,4378672,51974247.0
2022-05-26,11.92,12.36,11.81,12.14,6357644,77002432.0
2022-05-27,12.14,12.32,11.92,12.02,4466650,54063403.0
2022-05-30,12.13,12.17,11.82,12.04,4805747,57637237.0
2022-05-31,12.04,12.19,11.92,12.04,3134736,37686235.0
2022-06-01,12.03,12.15,11.73,11.78,6714976,79855793.0
2022-06-02,11.45,12.03,11.33,11.86,9890869,116028029.0
2022-06-06,11.86,12.26,11.78,12.15,8381394,101488801.0
2022-06-07,12.11,12.23,11.81,11.98,6513280,78110512.0
2022-06-08,11.9,12.24,11.75,12.16,6988820,84170145.0
2022-06-09,12.16,12.67,12.01,12.34,11536432,142600177.0
2022-06-10,12.22,13.09,12.14,12.98,13462296,172633619.0
2022-06-13,12.92,13.14,12.71,12.92,8807803,113655173.0
2022-06-14,12.8,13.54,12.71,13.41,11093946,145720184.0
2022-06-15,13.46,13.83,13.0,13.01,11855508,157590696.0
2022-06-16,12.99,13.15,12.6,12.72,9361670,120241003.0
2022-06-17,12.62,12.94,12.6,12.9,5156308,66112946.0
2022-06-20,12.89,13.0,12.55,12.64,5601640,71326201.0
2022-06-21,12.64,12.68,12.01,12.19,6615531,81008360.0
2022-06-22,12.13,12.34,12.04,12.08,3919632,47720103.0
2022-06-23,12.08,12.33,11.81,12.18,4942368,59636658.0
2022-06-24,12.2,13.28,12.18,13.06,10596444,137552447.0
2022-06-27,13.03,13.06,12.58,12.67,7842631,100220539.0
2022-06-28,12.66,12.84,12.54,12.77,4630699,58902339.0
2022-06-29,12.6,12.74,12.03,12.13,7435540,91250718.0
2022-06-30,12.14,12.93,12.14,12.53,8583142,108544923.0
2022-07-01,12.47,13.25,12.21,13.1,9676413,122579093.0
2022-07-04,13.9,13.9,12.98,13.62,22618312,305881895.0
2022-07-05,13.5,14.98,13.5,14.98,22201978,325323581.0
2022-07-06,15.09,15.83,13.7,14.26,49117957,718202514.0
2022-07-07,13.83,14.3,13.65,13.9,24846257,347243372.0
2022-07-08,13.87,15.29,13.87,14.61,40667932,603739768.0
2022-07-11,14.63,15.31,14.02,14.91,36329052,537610470.0
2022-07-12,14.89,14.9,13.9,13.9,23948460,342212482.0
2022-07-13,13.78,14.1,13.39,13.67,17657200,240997600.0
2022-07-14,13.85,15.04,13.7,15.04,40818001,601328620.0
2022-07-15,14.82,16.54,14.75,16.54,48084100,758043481.0
2022-07-18,17.3,18.19,17.0,18.19,39394484,706747896.0
2022-07-19,18.19,19.98,17.48,18.95,55173895,1033749984.0
2022-07-20,18.31,20.85,18.31,20.85,41453287,825554779.0
2022-07-21,21.08,22.63,19.85,20.42,51258308,1098111257.0
2022-07-22,19.99,21.0,19.68,20.9,34905173,713881640.0
2022-07-25,20.8,20.8,18.81,19.2,29432772,569574344.0
2022-07-26,19.25,20.12,18.82,19.65,18985636,371753887.0
2022-07-27,19.76,21.62,19.36,21.02,38944625,817365718.0
2022-07-28,21.22,21.72,20.38,21.48,33401281,702592296.0
2022-07-29,21.2,21.52,20.52,20.95,22310139,469081373.0
2022-08-01,20.5,20.82,19.7,20.61,20878010,422221113.0
2022-08-02,20.2,20.28,18.67,18.68,28256759,543106938.0
2022-08-03,19.0,19.28,17.0,17.28,31135774,566063190.0
2022-08-04,17.63,17.67,16.91,17.11,20491057,352924665.0
2022-08-05,17.26,17.37,16.58,17.04,20295674,342648564.0
2022-08-08,16.98,17.98,16.85,17.7,18518424,326342144.0
2022-08-09,18.66,19.38,18.22,18.78,34865270,653440665.0
2022-08-10,18.75,19.78,18.5,19.09,23646832,450653049.0
2022-08-11,18.98,19.18,17.96,18.28,24222216,444429602.0
2022-08-12,18.08,19.33,18.01,18.82,19869059,372073221.0
2022-08-15,18.65,20.7,18.63,20.7,31261429,636376963.0
2022-08-16,21.01,22.77,20.71,22.77,43235515,948884723.0
2022-08-17,23.2,23.3,21.75,22.1,29280996,655550079.0
2022-08-18,22.32,23.98,21.83,23.5,34236841,783269266.0
2022-08-19,23.11,23.29,21.15,21.15,31844456,689856775.0
2022-08-22,21.09,21.58,20.5,21.24,19963018,420651178.0
2022-08-23,21.02,22.7,21.02,22.31,26040163,576830916.0
2022-08-24,22.53,22.64,20.08,20.08,27645960,577480089.0
2022-08-25,19.35,19.6,18.55,18.66,31153666,587939616.0
2022-08-26,18.75,18.79,17.24,17.47,38034108,678209238.0
2022-08-29,17.3,18.62,17.13,18.01,23246641,421730334.0
2022-08-30,18.4,18.43,17.26,17.32,19162315,338692319.0
2022-08-31,17.05,17.25,16.37,16.53,23341679,389300751.0
2022-09-01,16.53,16.88,16.25,16.35,12287800,202093756.0
2022-09-02,16.4,17.09,16.2,16.55,10812028,179857945.0
2022-09-05,16.37,17.2,16.37,16.63,11476764,192705933.0
2022-09-06,16.68,17.59,16.5,17.4,17819253,305885364.0
2022-09-07,17.14,17.84,17.03,17.46,16974076,296496995.0
2022-09-08,17.44,17.98,16.68,16.71,20938585,361477986.0
2022-09-09,16.89,16.92,16.11,16.4,13036670,213505289.0
2022-09-13,16.19,16.65,15.96,16.07,13098882,211447289.0
2022-09-14,15.5,15.99,15.5,15.65,10399368,162901493.0
2022-09-15,15.75,15.87,14.65,14.92,15054468,225649744.0
2022-09-16,14.98,15.32,14.57,14.57,10799480,161213823.0
2022-09-19,14.56,14.79,14.3,14.47,9482387,137821414.0
2022-09-20,14.68,15.28,14.56,14.89,11073168,165298444.0
2022-09-21,14.84,15.49,14.52,15.13,14042736,212078535.0
2022-09-22,15.2,16.64,15.11,16.07,34717161,559830358.0
2022-09-23,15.86,15.91,14.84,15.02,27064316,414326092.0
2022-09-26,14.96,15.57,14.65,15.2,16786962,255067890.0
2022-09-27,15.2,15.64,15.0,15.46,11817838,180880987.0
2022-09-28,15.16,15.3,14.45,14.47,15423616,226835192.0
2022-09-29,14.56,14.86,14.3,14.76,11527884,168878686.0
2022-09-30,14.84,15.11,14.32,15.02,12068500,178109048.0
2022-10-10,15.02,15.36,14.46,15.31,15034206,223831428.0
2022-10-11,15.1,15.72,14.93,15.33,17435983,268043947.0
2022-10-12,15.39,15.79,14.54,15.75,19697381,299819730.0
2022-10-13,15.45,15.81,15.25,15.3,15506917,240467331.0
2022-10-14,15.42,16.23,15.07,15.99,21543407,339702837.0
2022-10-17,15.79,16.35,15.65,16.23,15624644,249674657.0
2022-10-18,16.16,16.63,15.97,16.15,14977502,244035139.0
2022-10-19,16.01,17.34,16.01,16.51,21355416,358906013.0
2022-10-20,16.22,16.47,15.75,15.77,14904500,238495814.0
2022-10-21,15.58,15.98,15.45,15.55,9538407,149507883.0
2022-10-24,15.6,16.82,15.6,16.02,16914293,273413950.0
2022-10-25,15.88,16.1,15.16,15.73,9856638,154533421.0
2022-10-26,15.71,16.16,15.44,15.78,9746344,153843095.0
2022-10-27,15.65,16.3,14.59,14.66,19288716,299091527.0
2022-10-28,14.56,14.86,14.06,14.12,12707612,182940118.0
2022-10-31,13.75,14.35,13.7,14.1,9440812,132810109.0
2022-11-01,14.1,14.52,13.8,14.5,9841866,140331487.0
2022-11-02,14.35,14.7,14.13,14.47,8782854,126493213.0
2022-11-03,14.37,14.85,14.21,14.63,8418317,122884542.0
2022-11-04,14.83,16.09,14.83,16.09,25794458,406488971.0
2022-11-07,16.42,17.22,16.0,16.95,38124596,631905903.0
2022-11-08,16.95,17.36,16.65,17.29,22482153,380354294.0
2022-11-09,17.01,17.35,16.76,16.94,14030728,238747707.0
2022-11-10,17.02,17.21,16.29,16.34,14444513,241219527.0
2022-11-11,16.8,17.08,16.49,16.67,16341766,273473232.0
2022-11-14,16.68,16.86,15.85,15.95,15257049,248073420.0
2022-11-15,15.95,16.44,15.75,16.39,10047887,162706711.0
2022-11-16,16.39,16.47,15.86,15.99,8747332,140723468.0
2022-11-17,15.9,15.95,15.39,15.86,8097595,126363869.0
2022-11-18,15.9,16.13,15.5,15.53,7744316,122403680.0
2022-11-21,15.45,15.88,15.19,15.72,10872949,169929810.0
2022-11-22,15.72,15.72,14.98,15.15,10055589,153432809.0
2022-11-23,15.22,15.37,14.81,15.25,6529178,98769384.0
2022-11-24,15.39,16.78,15.21,16.57,32158603,527702588.0
2022-11-25,16.3,16.55,15.54,15.68,22478996,359012499.0
2022-11-28,15.27,15.8,15.23,15.45,9813856,152218045.0
2022-11-29,15.45,16.03,15.41,15.78,11120616,175150370.0
2022-11-30,15.81,15.91,15.39,15.45,9521322,148253097.0
2022-12-01,15.63,16.3,15.54,16.01,14967019,238552301.0
2022-12-02,15.91,16.06,15.66,15.85,8589215,135995497.0
2022-12-05,15.83,15.93,15.39,15.77,9201260,144194865.0
2022-12-06,15.67,15.78,15.18,15.44,10165420,156880350.0
2022-12-07,15.42,15.76,15.33,15.5,6810434,105793634.0
2022-12-08,15.38,15.7,15.3,15.39,6738740,104142543.0
2022-12-09,15.4,15.45,14.92,14.96,11148768,168303720.0
2022-12-12,14.84,15.34,14.71,15.04,9123996,137457910.0
2022-12-13,15.0,15.1,14.6,14.63,6951851,102981376.0
2022-12-14,14.73,14.82,14.41,14.53,5496531,80233137.0
2022-12-15,14.55,14.6,14.3,14.6,7619738,109999258.0
2022-12-16,14.5,14.5,14.11,14.15,6168873,87987729.0
2022-12-19,14.15,14.26,13.79,13.87,6367048,89053125.0
2022-12-20,13.85,14.15,13.76,14.04,4162820,58138263.0
2022-12-21,14.0,14.1,13.73,13.83,4056308,56168836.0
2022-12-22,13.93,14.0,13.0,13.18,7522801,101036192.0
2022-12-23,13.18,13.25,12.72,12.86,6150047,79420266.0
2022-12-26,12.87,13.38,12.85,13.36,5068427,66941865.99999999
2022-12-27,13.38,13.57,13.15,13.41,4502016,60099355.0
2022-12-28,13.3,13.33,13.06,13.1,4319228,56873466.0
2022-12-29,13.1,13.22,12.92,12.94,3619900,47150985.0
2022-12-30,13.05,13.08,12.82,12.83,3221724,41565525.0
2023-01-03,12.94,13.47,12.76,13.41,6504573,85929767.0
2023-01-04,13.41,13.63,13.25,13.57,7650316,103121905.0
2023-01-05,13.56,14.55,13.53,14.48,17177957,244720080.0
2023-01-06,14.3,14.62,14.22,14.36,10275962,148447236.0
2023-01-09,14.48,14.66,14.3,14.49,7155042,103558545.0
2023-01-10,14.47,14.69,14.42,14.57,5933835,86553666.0
2023-01-11,14.57,14.68,14.26,14.3,6436838,92806562.0
2023-01-12,14.3,14.68,14.24,14.33,5125885,73989659.0
2023-01-13,14.29,14.56,14.2,14.29,3825784,54791804.0
2023-01-16,14.59,14.66,14.28,14.5,8596178,124611365.0
2023-01-17,14.41,14.52,13.75,13.8,16556968,230218318.0
2023-01-18,13.84,15.12,13.84,14.9,21345983,311470876.0
2023-01-19,14.76,14.8,14.5,14.57,12336835,180315086.0
2023-01-20,14.55,14.67,14.51,14.65,6042968,88140276.0
2023-01-30,14.77,15.23,14.7,15.21,12461651,187751755.0
2023-01-31,15.1,15.26,14.89,15.17,8776742,132613761.0
2023-02-01,15.18,15.6,15.17,15.52,11495331,176710158.0
2023-02-02,15.53,15.68,15.38,15.44,9707200,150484054.0
2023-02-03,15.45,15.46,15.01,15.36,6970938,105973173.0
2023-02-06,15.39,15.57,15.15,15.24,6737168,103486959.0
2023-02-07,15.2,15.38,15.17,15.31,4952682,75582393.0
2023-02-08,15.28,15.45,15.19,15.23,5128640,78517250.0
2023-02-09,15.36,16.1,15.28,15.66,17789027,280718405.0
2023-02-10,15.6,15.77,15.25,15.33,9688791,149966786.0
2023-02-13,15.3,15.81,15.3,15.52,6628596,103181069.0
2023-02-14,15.51,15.66,15.29,15.39,5661019,87218845.0
2023-02-15,15.48,15.48,15.1,15.13,6192861,94134088.0
2023-02-16,15.2,15.2,14.6,14.71,7991344,119487777.0
2023-02-17,14.68,14.98,14.5,14.71,4301405,63643168.0
2023-02-20,14.75,14.89,14.5,14.89,4064404,59744519.0
2023-02-21,14.96,15.56,14.9,15.25,9200780,140815144.0
2023-02-22,15.17,15.2,15.01,15.07,3946890,59539268.0
2023-02-23,15.09,15.18,14.93,15.0,3844404,57802243.0
2023-02-24,15.01,15.09,14.85,14.93,2581103,38575887.0
2023-02-27,14.93,15.14,14.81,15.0,3063803,45960317.0
2023-02-28,15.12,15.14,14.75,14.89,3020761,44930415.0
2023-03-01,15.16,15.3,15.06,15.09,7020680,106544312.0
2023-03-02,15.09,15.09,14.86,15.01,4689245,70223977.0
2023-03-03,15.0,15.0,14.76,14.9,3342372,49700005.0
2023-03-06,14.82,14.93,14.7,14.8,3020630,44662968.0
2023-03-07,14.83,14.85,14.4,14.43,3319882,48443255.0
2023-03-08,14.4,14.53,14.32,14.39,2060385,29684431.0
2023-03-09,14.49,14.51,14.34,14.47,1819348,26237425.0
2023-03-10,14.47,14.49,14.17,14.18,2751061,39169922.0
2023-03-13,14.02,14.26,14.02,14.15,2143764,30262934.0
2023-03-14,14.23,14.23,13.59,13.9,3465648,48095196.0
2023-03-15,13.9,14.24,13.9,14.04,1752596,24716146.0
2023-03-16,13.99,14.02,13.68,13.7,2226772,30763511.0
2023-03-17,13.77,13.93,13.58,13.76,3110280,42712676.0
2023-03-20,13.81,14.2,13.54,13.98,3447663,47784714.0
2023-03-21,14.06,14.15,13.86,14.15,2245325,31542269.0
2023-03-22,14.14,14.2,13.93,14.18,3182573,44817496.0
2023-03-23,14.15,14.15,13.98,14.07,2138165,29977194.0
2023-03-24,14.02,14.05,13.62,13.77,5909966,81570515.0
2023-03-27,13.78,13.8,13.56,13.7,3720316,50787325.0
2023-03-28,13.7,13.77,13.29,13.33,5237100,70459716.0
2023-03-29,13.44,13.54,13.1,13.18,4012654,53437141.0
2023-03-30,13.26,13.3,12.99,13.05,5421662,70907101.0
2023-03-31,13.11,13.45,13.04,13.05,10144044,134106212.99999999
2023-04-03,13.2,13.21,13.02,13.08,7831716,102589522.0
2023-04-04,13.08,13.1,12.49,12.61,12611999,160054031.0
2023-04-06,12.7,12.82,12.54,12.81,5421839,68882292.0
2023-04-07,12.75,12.95,12.73,12.89,3979149,51268610.0
2023-04-10,12.91,13.04,12.71,12.79,4279513,54950463.0
2023-04-11,12.79,12.79,12.52,12.65,5100006,64253853.0
2023-04-12,12.78,12.85,12.6,12.67,4103079,52119628.0
2023-04-13,12.69,12.71,12.3,12.41,8517694,105870381.0
2023-04-14,12.49,12.72,12.4,12.71,6884167,86846989.0
2023-04-17,12.71,12.83,12.66,12.75,5821245,74072108.0
2023-04-18,12.73,12.94,12.69,12.93,6045825,77766101.0
2023-04-19,12.9,12.93,12.71,12.83,3460432,44301371.0
2023-04-20,12.74,12.83,12.52,12.6,3210720,40501369.0
2023-04-21,12.57,12.71,12.2,12.2,4628257,57251089.0
2023-04-24,12.15,12.19,11.83,11.93,5609555,66968465.0
2023-04-25,12.02,12.12,11.61,11.79,6167645,73416626.0
2023-04-26,11.69,12.07,11.65,11.94,3922749,46819850.0
2023-04-27,11.96,11.99,11.79,11.84,3401720,40419741.0
2023-04-28,11.81,11.95,11.75,11.88,6316598,74802130.0
2023-05-04,11.81,11.87,11.6,11.74,5231396,61289872.0
2023-05-05,11.75,11.9,11.61,11.84,4927556,57964073.0
2023-05-08,11.86,12.04,11.76,12.02,6409482,76461804.0
2023-05-09,12.02,12.03,11.46,11.47,8511205,99297162.0
2023-05-10,11.49,11.88,11.4,11.81,6134826,71628097.0
2023-05-11,11.81,12.32,11.73,12.18,8368297,101529217.0
2023-05-12,12.17,12.24,11.69,11.7,5423885,64347762.0
2023-05-15,11.7,12.07,11.68,12.05,4977583,59558472.0
2023-05-16,12.08,12.13,11.9,11.96,3751480,45016302.0
2023-05-17,11.89,12.02,11.88,12.0,2486738,29704631.0
2023-05-18,12.0,12.26,11.96,12.13,6026182,73162287.0
2023-05-19,12.12,12.17,11.93,12.16,3071292,37077498.0
2023-05-22,12.12,12.18,12.0,12.16,2693271,32604348.0
2023-05-23,12.18,12.22,12.06,12.11,2844229,34531883.0
2023-05-24,12.11,12.23,12.0,12.13,2980392,36206719.0
2023-05-25,12.14,12.19,11.88,11.97,6016729,72081103.0
2023-05-26,11.98,12.0,11.73,11.96,3574440,42428128.0
2023-05-29,11.99,12.05,11.79,11.83,2793492,33200083.0
2023-05-30,11.81,11.86,11.57,11.73,2818380,32923964.999999996
2023-05-31,11.69,11.73,11.47,11.5,2641635,30525476.0
2023-06-01,11.5,12.4,11.42,12.29,9908056,119645397.0
2023-06-02,12.29,12.31,12.11,12.21,5968943,72778295.0
2023-06-05,12.21,12.21,11.98,12.07,4470007,53860219.0
2023-06-06,12.14,12.15,11.51,11.59,5932705,69524151.0
2023-06-07,11.61,11.74,11.49,11.6,4692309,54310910.0
2023-06-08,11.6,11.67,11.49,11.56,2704282,31235953.0
2023-06-09,11.64,11.64,11.51,11.58,3283142,37948104.0
2023-06-12,11.52,11.76,11.5,11.73,3070802,35715325.0
2023-06-13,11.65,11.85,11.65,11.75,2365409,27779137.0
2023-06-14,11.75,11.8,11.56,11.62,2699830,31444433.0
2023-06-15,11.65,12.06,11.53,12.01,6246763,74437137.0
2023-06-16,12.0,12.16,11.96,12.15,5732136,69353514.0
2023-06-19,12.15,12.19,11.88,11.91,3829679,45874127.0
2023-06-20,11.84,11.97,11.81,11.87,2380786,28296864.0
2023-06-21,11.83,11.98,11.71,11.72,2707146,31988332.0
2023-06-26,11.67,11.8,11.46,11.59,3676868,42613163.0
2023-06-27,11.68,11.86,11.56,11.84,2683444,31552675.0
2023-06-28,11.82,11.91,11.64,11.87,2251300,26475079.0
2023-06-29,11.87,12.29,11.82,12.24,7230729,87803498.0
2023-06-30,12.01,12.27,11.92,12.15,5347648,64974286.0
2023-07-03,12.19,12.42,12.15,12.31,4896275,60329101.0
2023-07-04,12.31,12.33,12.15,12.2,4452151,54421898.0
2023-07-05,12.17,12.44,12.1,12.26,5882392,72260818.0
2023-07-06,12.28,12.29,12.08,12.16,4183340,50867967.0
2023-07-07,12.16,12.17,11.9,12.01,3102453,37307780.0
2023-07-10,12.0,12.15,12.0,12.02,2651300,31985670.0
2023-07-11,12.04,12.22,11.94,12.19,3170161,38401362.0
2023-07-12,12.19,12.24,12.08,12.09,3004749,36483062.0
2023-07-13,12.16,12.28,12.12,12.16,2714296,33059065.000000004
2023-07-14,12.19,12.34,12.05,12.2,6813067,83466058.0
2023-07-17,12.23,12.24,11.94,12.02,4202853,50561029.0
2023-07-18,12.03,12.15,11.98,12.09,3080036,37155713.0
2023-07-19,12.09,12.14,11.93,12.01,2579500,30990844.0
2023-07-20,12.01,12.29,12.01,12.05,5231721,63657427.0
2023-07-21,12.02,12.25,11.87,12.0,5417415,65200717.0
2023-07-24,11.96,12.08,11.82,11.84,4466239,53114757.0
2023-07-25,11.95,12.14,11.9,12.07,4523633,54398466.0
2023-07-26,12.07,12.15,11.99,12.09,3553829,42922290.0
2023-07-27,12.11,12.16,11.6,11.66,11141510,131405774.0
2023-07-28,11.66,11.92,11.48,11.81,7253925,85280806.0
2023-07-31,11.83,11.99,11.75,11.85,6283670,74611848.0
2023-08-01,11.85,11.93,11.75,11.84,3652500,43200068.0
2023-08-02,11.85,11.89,11.74,11.83,2580200,30550946.0
2023-08-03,11.86,11.87,11.71,11.78,2941733,34629188.0
2023-08-04,11.79,11.92,11.77,11.82,3788097,44866969.0
2023-08-07,11.75,11.82,11.67,11.71,3883224,45529635.0
2023-08-08,11.69,11.71,11.51,11.57,4118596,47694927.0
2023-08-09,11.55,11.6,11.44,11.46,2883952,33183369.0
2023-08-10,11.43,11.53,11.4,11.43,2829100,32392521.0
2023-08-11,11.45,11.52,11.32,11.32,3746445,42771607.0
2023-08-14,11.28,11.39,10.85,11.04,6622658,73085170.0
2023-08-15,11.08,11.08,10.7,10.83,4925944,53396022.0
2023-08-16,10.75,10.85,10.63,10.63,3269252,35061110.0
2023-08-17,10.62,10.81,10.41,10.73,4079058,43318664.0
2023-08-18,10.61,10.92,10.61,10.63,3253816,35041397.0
2023-08-21,10.68,10.81,10.57,10.57,3040100,32476069.0
2023-08-22,10.51,10.81,10.42,10.61,3074244,32367957.0
2023-08-23,10.62,10.62,10.43,10.43,2388100,25057951.0
2023-08-24,10.43,10.59,10.31,10.52,3243800,33956939.0
2023-08-25,10.52,10.72,10.38,10.42,4188505,44081122.0
2023-08-28,10.73,10.9,10.08,10.17,9511391,98818943.0
2023-08-29,10.11,10.42,10.06,10.41,7538599,77447932.0
2023-08-30,10.4,10.72,10.39,10.65,7393098,78414266.0
2023-08-31,10.61,10.66,10.36,10.4,3744598,39106620.0
2023-09-01,10.41,10.47,10.25,10.31,3351164,34577940.0
2023-09-04,10.36,10.79,10.33,10.78,7221845,76623154.0
2023-09-05,10.78,11.03,10.69,10.84,6891371,75070486.0
2023-09-06,10.84,10.91,10.76,10.87,2853584,30927155.0
2023-09-07,10.85,10.88,10.65,10.66,3129196,33604347.0
2023-09-08,10.64,10.73,10.58,10.67,1988757,21169235.0
2023-09-11,10.72,10.87,10.59,10.8,2536153,27291038.0
2023-09-12,10.75,10.84,10.7,10.78,1854757,19970193.0
2023-09-13,10.78,10.8,10.53,10.62,2605898,27709300.0
2023-09-14,10.63,10.63,10.48,10.55,1986900,20914776.0
2023-09-15,10.58,10.75,10.49,10.61,2121047,22508799.0
2023-09-18,10.61,10.8,10.43,10.66,2446567,26065383.0
2023-09-19,10.65,10.7,10.53,10.58,1714560,18132985.0
2023-09-20,10.52,10.6,10.46,10.47,2109000,22189834.0
2023-09-21,10.49,10.51,10.28,10.3,2283611,23640657.0
2023-09-22,10.3,10.48,10.21,10.48,2666529,27589514.0
2023-09-25,10.47,10.48,10.07,10.2,4620183,47186505.0
2023-09-26,10.19,10.19,10.05,10.07,3387963,34205140.0
2023-09-27,10.03,10.19,9.98,10.1,4005848,40293165.0
2023-09-28,10.1,10.3,10.1,10.23,3781971,38687477.0
2023-10-09,10.2,10.21,10.05,10.1,3104700,31429956.0
2023-10-10,10.17,10.25,10.1,10.14,2414247,24526510.0
2023-10-11,10.14,10.2,10.09,10.14,1844784,18714197.0
2023-10-12,10.15,10.25,10.05,10.24,5022900,51016671.0
2023-10-13,10.17,10.2,10.03,10.14,3582220,36220875.0
2023-10-16,10.15,10.15,9.88,9.94,3624971,36171454.0
2023-10-17,9.95,9.97,9.81,9.83,2633396,25935980.0
2023-10-18,9.85,9.87,9.46,9.5,5325731,51155504.0
2023-10-19,9.4,9.64,9.33,9.36,3852207,36416764.0
2023-10-20,9.32,9.5,9.27,9.3,5231200,48932383.0
2023-10-23,9.25,9.39,8.78,8.85,7084809,63692624.0
2023-10-24,8.89,9.17,8.86,9.07,6041093,54602549.0
2023-10-25,9.13,9.31,9.13,9.29,3907908,36137966.0
2023-10-26,9.24,9.28,9.02,9.19,4059887,37056634.0
2023-10-27,9.2,9.49,9.13,9.46,4998346,46805926.0
2023-10-30,9.6,10.15,9.58,10.02,13527625,134669214.0
2023-10-31,10.03,10.28,9.98,10.18,7249672,73796804.0
2023-11-01,10.21,10.34,10.12,10.29,6470333,66457577.00000001
2023-11-02,10.31,10.34,10.05,10.1,5311352,54104455.0
2023-11-03,10.2,10.2,10.05,10.09,3952208,39943791.0
2023-11-06,10.1,10.31,10.1,10.19,3322792,33903848.0
2023-11-07,10.17,10.23,9.98,10.19,4908704,49661310.0
2023-11-08,10.19,10.2,10.04,10.11,2896500,29323863.0
2023-11-09,10.12,10.2,10.08,10.12,3884495,39358850.0
2023-11-10,10.08,10.23,10.01,10.18,4378020,44302966.0
2023-11-13,10.18,10.38,10.17,10.36,5370522,55253893.0
2023-11-14,10.39,10.41,10.23,10.3,3786085,39012322.0
2023-11-15,10.4,10.55,10.33,10.47,5122231,53600955.0
2023-11-16,10.47,10.5,10.36,10.37,2882675,30010872.0
2023-11-17,10.32,10.46,10.32,10.43,2046644,21279899.0
2023-11-20,10.44,10.65,10.4,10.64,4696832,49572202.0
2023-11-21,10.68,10.69,10.47,10.52,4765790,50307399.0
2023-11-22,10.51,10.58,10.31,10.33,3453664,35900386.0
2023-11-23,10.3,10.42,10.28,10.35,2726800,28216223.0
2023-11-24,10.42,10.42,10.21,10.23,3491979,35896592.0
2023-11-27,10.25,10.37,10.17,10.22,3388608,34747775.0
2023-11-28,10.2,10.37,10.18,10.35,3255051,33553331.0
2023-11-29,10.37,10.47,10.31,10.34,3322818,34555090.0
2023-11-30,10.35,10.37,10.08,10.16,4053596,41333840.0
2023-12-01,10.19,10.22,10.06,10.14,3654006,37038312.0
2023-12-04,10.17,10.35,10.16,10.17,3173275,32487604.0
2023-12-05,10.19,10.24,10.07,10.07,2166200,21994516.0
2023-12-06,10.13,10.32,10.02,10.15,4151897,42474241.0
2023-12-07,10.13,10.18,9.95,10.1,3734108,37577478.0
2023-12-08,10.1,10.12,9.88,9.9,3076810,30737817.0
2023-12-11,9.87,10.05,9.7,10.02,4573397,45397230.0
2023-12-12,10.0,10.04,9.9,9.95,2116100,21050819.0
2023-12-13,9.91,9.95,9.82,9.84,2636050,25994922.0
2023-12-14,9.9,9.99,9.83,9.84,2045400,20278280.0
2023-12-15,9.87,9.96,9.75,9.79,3292300,32458705.0
2023-12-18,9.76,9.85,9.7,9.76,2967661,29005479.0
2023-12-19,9.73,9.93,9.64,9.85,3456761,33847499.0
2023-12-20,9.9,10.03,9.83,9.84,2896700,28769196.0
2023-12-21,9.8,10.02,9.67,9.95,4409200,43438206.0
2023-12-22,9.97,9.99,9.76,9.79,4894900,48212032.0
2023-12-25,9.76,9.85,9.68,9.74,2298936,22393696.0
2023-12-26,9.71,9.79,9.62,9.66,2424672,23460715.0
2023-12-27,9.64,9.78,9.57,9.75,2789400,27002556.0
2023-12-28,9.71,10.12,9.71,10.12,5687583,56959168.0
2023-12-29,10.14,10.21,10.08,10.19,3716100,37735522.0
2024-01-02,10.21,10.43,10.15,10.39,5272999,54327231.0
2024-01-03,10.41,10.42,10.28,10.4,4836720,50133698.0
2024-01-04,10.41,10.46,10.31,10.38,3660776,38010579.0
2024-01-05,10.4,10.44,10.11,10.18,4328430,44362374.0
2024-01-08,10.15,10.2,9.98,10.0,3199902,32250974.0
2024-01-09,10.03,10.11,9.82,9.93,4209085,41897560.0
2024-01-10,9.9,10.06,9.59,9.77,5588206,54807736.0
2024-01-11,9.77,10.04,9.71,9.98,3793355,37374733.0
2024-01-12,9.97,10.12,9.9,9.96,3316632,33222495.000000004
2024-01-15,9.96,10.01,9.8,9.91,3441237,34125686.0
2024-01-16,9.9,10.02,9.76,9.9,3438940,33909111.0
2024-01-17,9.92,9.92,9.61,9.62,3410511,33300402.0
2024-01-18,9.62,9.63,9.2,9.59,6400620,60276695.0
2024-01-19,9.58,9.8,9.45,9.52,5583040,53620874.0
2024-01-22,9.43,9.55,8.71,8.82,7653123,69438339.0
2024-01-23,8.83,8.98,8.52,8.85,7001954,61418635.0
2024-01-24,8.8,9.04,8.54,8.94,5632475,49560691.0
2024-01-25,8.95,9.14,8.8,9.12,6743977,60694870.0
2024-01-26,9.11,9.29,9.04,9.05,4698825,42984706.0
2024-01-29,9.03,9.15,8.82,8.82,4327300,38722439.0
2024-01-30,8.95,8.95,8.59,8.6,3512765,30666808.0
2024-01-31,8.62,8.72,8.2,8.24,6271892,52829480.0
2024-02-01,8.28,8.5,7.95,8.5,9698864,79989449.0
2024-02-02,8.39,8.59,7.93,8.12,11928534,99266785.0
2024-02-05,8.07,8.07,7.31,7.31,11709553,87404012.0
2024-02-06,7.1,7.74,6.83,7.45,9440326,68341608.0
2024-02-07,7.45,7.73,7.26,7.61,8633431,65160440.0
2024-02-08,7.66,8.37,7.53,8.34,11453298,91565415.0
2024-02-19,8.51,8.63,8.45,8.55,6914393,59067539.0
2024-02-20,8.47,8.56,8.4,8.53,3970480,33701012.0
2024-02-21,8.51,8.8,8.41,8.65,6583684,57137255.0
2024-02-22,8.64,8.79,8.58,8.7,4053847,35154552.0
2024-02-23,8.73,8.79,8.6,8.75,4934900,42917161.0
2024-02-26,8.76,9.02,8.76,8.88,6182396,54906170.0
2024-02-27,8.88,9.16,8.72,9.15,6001514,53908324.0
2024-02-28,9.35,9.39,8.65,8.67,7864041,71407472.0
2024-02-29,8.6,9.01,8.55,9.01,6624292,58582657.0
2024-03-01,9.04,9.05,8.88,8.97,4920734,44031188.0
2024-03-04,8.91,9.08,8.86,8.91,4591196,40984900.0
2024-03-05,8.87,8.87,8.57,8.63,8962396,78007065.0
2024-03-06,8.58,8.78,8.43,8.63,7160152,61408508.0
2024-03-07,8.65,8.82,8.59,8.59,4398037,38185292.0
2024-03-08,8.63,8.73,8.52,8.66,3167100,27347005.0
2024-03-11,8.7,8.84,8.68,8.84,5000402,43837909.0
2024-03-12,8.88,8.94,8.75,8.88,5056221,44711726.0
2024-03-13,8.9,9.01,8.83,8.97,5374087,47995426.0
2024-03-14,8.92,9.03,8.72,8.85,5205402,46290612.0
2024-03-15,8.82,8.99,8.78,8.99,4773020,42507569.0
2024-03-18,9.04,9.11,8.89,9.03,6324969,56817800.0
2024-03-19,9.03,9.13,8.98,9.03,6058320,54778893.0
2024-03-20,9.03,9.08,8.98,9.06,4164792,37619126.0
2024-03-21,9.09,9.12,8.91,9.03,4503489,40566657.0
2024-03-22,8.97,9.04,8.8,8.82,3968712,35230848.0
2024-03-25,8.8,8.9,8.62,8.63,5172076,45243861.0
2024-03-26,8.66,8.71,8.5,8.66,4139139,35618995.0
2024-03-27,8.71,8.75,8.48,8.48,4099000,35273268.0
2024-03-28,8.43,8.65,8.43,8.56,3606528,30909764.0
2024-03-29,8.56,8.75,8.54,8.74,3239256,28076713.0
2024-04-01,8.7,9.07,8.7,9.0,4942530,44237991.0
2024-04-02,9.03,9.51,9.03,9.46,15265016,143085007.3
2024-04-03,9.46,9.48,9.16,9.32,10069672,93773467.96
2024-04-08,9.33,9.61,9.27,9.3,9737319,91971667.76
2024-04-09,9.32,9.74,9.27,9.71,11985262,114274377.32
2024-04-10,9.63,9.63,9.18,9.24,12365418,115556895.58
2024-04-11,9.15,9.29,9.04,9.21,6650385,61066360.35
2024-04-12,9.35,10.13,9.13,10.13,27275148,269006686.14
2024-04-15,9.98,10.15,9.45,9.71,31098871,301763470.76
2024-04-16,9.62,9.87,9.21,9.23,20284801,194572054.61
2024-04-17,9.32,9.83,9.32,9.74,16911590,162903874.62
2024-04-18,9.55,10.7,9.48,10.28,27348922,274224412.0
2024-04-19,10.11,10.98,10.05,10.8,31920685,338781523.0
2024-04-22,10.8,11.51,10.4,10.48,36602647,402749836.09
2024-04-23,10.57,10.85,10.26,10.35,19345166,203252885.89
2024-04-24,10.25,10.86,10.05,10.69,19868147,208441373.77
2024-04-25,10.63,10.94,10.56,10.64,12760420,136652180.44
2024-04-26,10.46,10.59,10.28,10.41,15025260,156353973.6
2024-04-29,10.41,10.52,10.21,10.44,15106352,156685158.6
2024-04-30,10.48,11.48,10.25,11.48,47554360,529503093.85
2024-05-06,11.65,12.33,11.3,12.27,41847700,495351722.79
2024-05-07,12.2,13.2,12.08,12.55,49129963,625146557.28
2024-05-08,12.3,13.2,12.29,12.7,39243668,507878681.41
2024-05-09,12.61,13.4,12.5,12.88,26180120,336939106.48
2024-05-10,12.73,12.8,12.19,12.28,24429741,302119973.72
2024-05-13,12.12,12.46,11.93,12.35,15287456,186667468.24
2024-05-14,12.29,12.91,12.21,12.67,21998661,278002909.51
2024-05-15,12.67,12.69,12.25,12.33,12162309,150913067.42
2024-05-16,12.21,12.45,12.16,12.32,9839500,121179413.0
2024-05-17,12.21,12.65,12.06,12.26,11186400,137528092.0
2024-05-20,12.18,12.8,12.11,12.78,13659320,170743550.16
2024-05-21,12.76,12.87,12.5,12.65,8743900,110563450.64
2024-05-22,12.74,12.74,12.06,12.16,10939238,134300094.97
2024-05-23,12.05,12.2,11.74,11.78,9421430,112456530.4
2024-05-24,11.81,11.89,11.48,11.57,11348928,131961039.0
2024-05-27,11.56,11.72,11.48,11.6,7538983,87237043.68
2024-05-28,11.61,11.91,11.5,11.6,9499307,111357927.13
2024-05-29,11.7,11.74,11.27,11.39,11612600,133230649.0
2024-05-30,11.37,11.55,11.19,11.22,10925330,123556542.9
2024-05-31,11.32,11.32,10.89,10.98,12505567,137734296.59
2024-06-03,10.98,11.58,10.78,11.28,24436959,273920097.58
2024-06-04,11.2,11.21,10.85,11.13,10755336,118727590.08
2024-06-05,11.03,11.08,10.72,10.73,12446174,134890180.32
2024-06-06,10.66,10.8,10.23,10.36,11079112,115751128.16
2024-06-07,10.51,10.73,10.48,10.61,10864996,115373690.6
2024-06-11,10.53,10.55,10.33,10.45,6332956,65876932.28
2024-06-12,10.46,10.58,10.39,10.48,6920496,72418395.28
2024-06-13,10.6,10.87,10.44,10.56,12387756,131875365.36
2024-06-14,10.5,10.71,10.27,10.65,10504100,109932143.0
2024-06-17,10.65,11.29,10.6,11.12,17060676,188775825.32
2024-06-18,11.3,11.85,11.3,11.59,20421558,236311127.58
2024-06-19,11.67,11.7,11.22,11.48,10787600,123358322.2
2024-06-20,11.55,11.73,11.31,11.36,8335496,95960919.74
2024-06-21,11.42,11.45,11.14,11.19,6512400,73305612.0
2024-06-24,11.1,11.11,10.51,10.64,11823528,126932073.88
2024-06-25,10.64,11.65,10.64,11.41,19276261,217175182.43
2024-06-26,11.2,11.59,11.05,11.55,13648209,154922987.18
2024-06-27,11.54,11.61,11.32,11.38,8822190,100960139.4
2024-06-28,11.32,11.82,11.3,11.66,13201846,154083453.3
2024-07-01,11.66,12.05,11.6,11.91,9161146,108397012.51
2024-07-02,11.85,11.96,11.4,11.69,11881484,138400653.48
2024-07-03,11.75,11.8,11.1,11.35,13766795,156215755.6
2024-07-04,11.29,11.49,11.18,11.26,5485200,62166928.83
2024-07-05,11.27,11.38,11.05,11.31,8354520,93590506.4
2024-07-08,11.44,11.66,11.16,11.33,12397530,141906189.6
2024-07-09,11.14,11.86,11.06,11.85,14654112,170429596.68
2024-07-10,11.85,11.88,11.6,11.62,9492964,111263698.24
2024-07-11,11.7,12.21,11.67,12.08,17055288,204211383.72
2024-07-12,11.76,11.79,11.5,11.57,12236772,142319665.65
2024-07-15,11.58,11.65,11.31,11.55,6770356,77962531.7
2024-07-16,11.52,11.67,11.09,11.22,9471216,106900830.52
2024-07-17,11.25,11.28,10.77,10.96,9747552,106616687.25
2024-07-18,10.96,11.36,10.72,11.12,7011753,77671239.86
2024-07-19,11.09,11.52,11.05,11.45,8384111,95131463.93
2024-07-22,11.59,11.74,11.27,11.64,9352001,107988919.04
2024-07-23,11.6,11.71,11.3,11.41,7601000,86932453.4
2024-07-24,11.31,11.95,11.23,11.83,15791312,185691117.63
2024-07-25,11.75,11.77,11.16,11.48,13532648,154230955.48
2024-07-26,11.57,11.62,11.26,11.47,7415982,84740939.68
2024-07-29,11.46,11.5,11.19,11.25,6692250,75389904.5
2024-07-30,11.27,11.35,11.15,11.25,4710100,52935719.0
2024-07-31,11.26,11.75,11.11,11.75,9704664,112185613.14
2024-08-01,11.76,12.23,11.75,11.98,12038511,145196152.54
2024-08-02,11.87,12.45,11.87,12.0,12193808,148593185.03
2024-08-05,12.0,12.42,11.8,11.83,13823346,167241151.24
2024-08-06,11.99,12.62,11.95,12.37,14858300,182974338.25
2024-08-07,12.34,12.61,12.3,12.36,10618264,132161372.48
2024-08-08,12.45,13.04,12.44,12.86,16789936,214461591.16
2024-08-09,12.84,12.84,12.3,12.31,11771853,147051992.07
2024-08-12,12.2,12.47,12.11,12.28,8244700,101282388.0
2024-08-13,12.25,12.6,12.2,12.6,8876274,110500766.3
2024-08-14,12.84,13.0,12.54,12.56,21299580,272580842.56
2024-08-15,12.55,12.65,12.38,12.41,10690500,133686337.0
2024-08-16,12.57,12.65,12.38,12.6,6886680,86105952.2
2024-08-19,12.49,12.61,12.38,12.4,6333802,78968099.04
2024-08-20,12.54,12.54,12.15,12.18,6837425,83825287.11
2024-08-21,12.17,12.24,11.9,12.02,7019000,84375146.0
2024-08-22,11.97,12.04,11.54,11.6,11907618,138824020.3
2024-08-23,11.6,11.73,11.29,11.42,8630300,98779331.0
2024-08-26,11.43,11.46,11.0,11.17,9624759,107333683.8
2024-08-27,11.1,11.17,11.0,11.06,5896500,65311039.0
2024-08-28,11.13,11.29,11.03,11.12,6549201,73123310.12
2024-08-29,11.12,11.44,11.03,11.28,7333800,82911298.0
2024-08-30,11.26,11.32,10.88,11.1,14817581,164602722.42
2024-09-02,11.05,11.31,11.01,11.13,9001602,100716313.22
2024-09-03,11.15,11.32,11.03,11.29,8458000,95025911.0
2024-09-04,11.2,11.31,11.11,11.18,4581000,51355437.0
2024-09-05,11.18,11.22,10.64,10.72,11236643,122133174.39
2024-09-06,10.73,10.82,10.3,10.33,13108558,137497789.72
2024-09-09,10.31,10.39,10.08,10.1,7765040,79257903.0
2024-09-10,10.2,10.4,10.11,10.34,7327300,75523126.0
2024-09-11,10.26,10.38,10.14,10.19,4620410,47298431.5
2024-09-12,10.24,10.33,10.15,10.16,4033816,41277341.52
2024-09-13,10.23,10.23,10.06,10.08,4025660,40738617.0
2024-09-18,10.12,10.23,10.04,10.16,4234200,42947365.0
2024-09-19,10.2,10.4,10.11,10.24,4870829,49911994.07
2024-09-20,10.28,10.29,10.02,10.08,5062080,51169459.6
2024-09-23,10.2,10.2,9.98,10.01,4029140,40502253.2
2024-09-24,10.09,10.51,10.09,10.5,8165968,84279989.76
2024-09-25,10.6,10.96,10.59,10.76,9335296,100706192.44
2024-09-26,10.65,10.99,10.65,10.98,7022948,75954431.12
2024-09-27,11.1,11.62,11.06,11.56,6293319,71575291.45
2024-09-30,12.01,12.66,11.84,12.5,19829154,243515778.8
2024-10-08,13.75,13.75,12.21,13.0,27494141,354288795.89
2024-10-09,12.5,12.77,12.01,12.21,19210444,238659461.29
2024-10-10,12.31,12.63,11.95,11.97,17944993,219987344.33
2024-10-11,12.0,12.03,11.27,11.46,18515785,212796046.41
2024-10-14,11.6,11.77,11.38,11.73,9457013,109694304.21
2024-10-15,11.61,11.72,11.42,11.43,7619140,88106447.37
2024-10-16,11.28,11.45,11.2,11.31,6551458,74123616.72
2024-10-17,11.39,11.6,11.28,11.29,7334966,83746353.73
2024-10-18,11.29,11.65,11.25,11.48,9066459,103862207.97
2024-10-21,11.54,11.93,11.41,11.85,15152116,177594804.96
2024-10-22,11.87,12.04,11.7,12.04,10817866,128812412.42
2024-10-23,11.99,12.19,11.89,12.13,9842780,118698123.52
2024-10-24,12.08,12.26,12.03,12.17,7459752,90620931.92
2024-10-25,12.11,12.33,12.04,12.32,9870048,120194951.62
2024-10-28,12.31,12.52,12.25,12.44,9608370,118912775.55
2024-10-29,12.44,12.63,12.33,12.35,8850756,110400860.2
2024-10-30,12.2,12.63,12.12,12.47,15235858,187545209.14
2024-10-31,12.44,13.04,12.24,12.98,16353014,206817035.38
2024-11-01,12.91,13.08,12.59,12.61,12163888,155764063.13
2024-11-04,12.53,12.73,12.43,12.72,11606212,145610059.97
2024-11-05,12.61,13.08,12.59,12.89,16968242,218525455.36
2024-11-06,12.84,13.17,12.71,12.87,18927844,244854768.36
2024-11-07,13.12,13.26,12.9,13.15,15732482,206110568.64
2024-11-08,13.22,13.3,12.93,13.12,13090348,171799560.44
2024-11-11,13.0,13.33,12.96,13.31,13185711,173972154.84
2024-11-12,13.35,14.13,13.35,13.6,23013193,316648879.39
2024-11-13,13.43,13.88,13.31,13.85,12700304,172874921.48
2024-11-14,13.78,14.25,13.52,13.58,15003692,208294000.04
2024-11-15,13.58,13.63,13.06,13.08,11186292,149273790.04
2024-11-18,13.13,13.41,12.84,12.94,12179216,159745489.32
2024-11-19,12.95,13.26,12.89,13.25,7429455,97239448.22
2024-11-20,13.2,13.63,13.17,13.46,10480066,140386181.02
2024-11-21,13.46,13.85,13.46,13.75,16134777,221301286.05
2024-11-22,13.77,13.79,12.96,13.0,13498700,180258923.24
2024-11-25,12.95,13.01,12.37,12.64,19184096,242263605.8
2024-11-26,12.6,12.97,12.55,12.73,11200335,142817467.75
2024-11-27,12.63,12.87,12.4,12.86,9050248,114075244.85
2024-11-28,12.77,12.93,12.7,12.81,5778200,73998851.13
2024-11-29,12.65,13.24,12.65,13.2,9957842,129826025.58
2024-12-02,13.2,13.31,13.06,13.17,8168092,107408097.04
2024-12-03,13.17,13.3,13.06,13.18,6117013,80633792.85
2024-12-04,13.09,13.18,12.73,12.8,9311952,120085958.84
2024-12-05,12.74,12.95,12.62,12.86,6531632,83641503.08
2024-12-06,12.86,13.33,12.66,13.26,11261207,146900880.13
2024-12-09,13.22,13.31,12.98,13.13,8271496,108808967.04
2024-12-10,13.43,14.16,13.35,13.85,24526003,339074568.18
2024-12-11,13.85,14.1,13.57,13.86,13546756,187374196.24
2024-12-12,13.9,14.41,13.85,14.16,13802812,195599588.44
2024-12-13,14.06,14.12,13.54,13.56,12440905,171538635.85
2024-12-16,13.54,13.65,13.38,13.47,6553700,88340984.2
2024-12-17,13.47,13.59,13.1,13.13,7350821,97948233.32
2024-12-18,13.13,13.2,12.91,12.99,6607935,86323648.05
2024-12-19,12.9,13.0,12.71,13.0,7013674,90063191.68
2024-12-20,12.89,13.17,12.85,13.13,6258040,81822967.66
2024-12-23,13.05,13.24,12.81,12.83,6620451,86100018.31
2024-12-24,12.91,13.24,12.84,13.13,7169881,93735637.12
2024-12-25,13.1,13.1,12.7,13.05,7049848,90898759.76
2024-12-26,12.95,13.12,12.9,12.96,4540600,59087393.0
2024-12-27,12.99,13.11,12.91,13.01,4428442,57659846.94
2024-12-30,12.91,12.98,12.73,12.8,6132183,78604915.86
2024-12-31,12.79,12.84,12.5,12.63,6024513,76392154.95
2025-01-02,12.63,12.7,12.13,12.25,6792715,84394989.1
2025-01-03,12.25,12.35,11.85,11.85,7849792,94541135.53
2025-01-06,11.85,12.15,11.6,11.87,5940200,70747619.0
2025-01-07,11.87,12.08,11.84,12.07,4745286,56701589.48
2025-01-08,12.08,12.37,11.84,12.32,8161776,99382900.03
2025-01-09,12.25,12.35,12.13,12.15,5361666,65551793.72
2025-01-10,12.17,12.19,11.88,11.89,5344119,64023525.86
2025-01-13,11.5,11.68,11.35,11.6,7271576,83821442.84
2025-01-14,11.58,12.05,11.51,12.01,5509551,65195693.04
2025-01-15,11.95,12.01,11.8,11.81,3884199,46054357.09
2025-01-16,11.82,12.17,11.82,12.04,4916964,59097199.82
2025-01-17,11.91,12.19,11.9,12.11,3720300,44887305.0
2025-01-20,12.19,12.3,12.08,12.15,3948300,48070294.0
2025-01-21,12.16,12.63,11.96,12.57,7828337,96845148.0
2025-01-22,12.58,12.95,12.43,12.68,6876088,87513214.12
2025-01-23,12.67,12.92,12.62,12.65,5629326,71811727.9
2025-01-24,12.61,12.75,12.6,12.67,3606249,45648650.36
2025-01-27,12.67,12.88,12.67,12.79,3574324,45677649.12
2025-02-05,12.79,12.84,12.5,12.58,5221598,65884805.64
2025-02-06,12.6,12.61,12.44,12.58,4755710,59603868.58
2025-02-07,12.55,12.7,12.4,12.55,8388847,105595968.15
2025-02-10,12.62,12.98,12.56,12.83,9071930,115713577.18
2025-02-11,13.0,14.11,12.9,14.11,26846360,368563078.76
2025-02-12,14.3,15.3,14.19,15.13,53715988,798078866.93
2025-02-13,15.23,15.38,14.7,14.76,30127218,450281787.56
2025-02-14,14.75,14.8,14.35,14.59,17940548,261039702.39
2025-02-17,14.58,15.18,14.5,14.95,20104325,297836859.24
2025-02-18,15.0,15.19,14.62,14.68,16212189,242273476.12
2025-02-19,14.75,15.38,14.66,15.23,17437545,260987088.42
2025-02-20,15.1,16.07,14.99,15.9,27454799,427039343.71
2025-02-21,15.9,16.25,15.6,16.01,21803820,348178679.71
2025-02-24,15.8,16.6,15.41,15.53,26357948,419539079.28
2025-02-25,15.19,15.55,15.01,15.29,17142723,261447156.16
2025-02-26,15.66,16.82,15.42,16.82,23913297,389801723.78
2025-02-27,17.13,17.15,16.23,16.61,23739217,392896344.18
2025-02-28,16.48,17.1,16.06,16.33,28897545,478717702.05
2025-03-03,16.6,17.34,16.18,16.98,29580011,500083193.32
2025-03-04,16.82,17.61,16.35,17.21,23295615,397095271.94
2025-03-05,17.26,17.4,16.62,17.04,15195823,257410804.56
2025-03-06,17.0,17.48,16.66,16.99,22892980,392121173.31
2025-03-07,16.98,17.13,16.42,16.53,18635526,311970569.7
2025-03-10,16.54,17.65,16.41,17.45,22187206,382533335.27
2025-03-11,17.2,18.56,17.11,18.34,23057386,416235819.25
2025-03-12,18.81,18.88,17.8,18.04,19251553,348767634.4
2025-03-13,18.49,18.78,17.9,18.5,22344579,411137886.42
2025-03-14,18.75,19.2,18.0,18.09,18417013,337826381.94
2025-03-17,18.08,18.13,17.5,17.71,14387831,255254301.77
2025-03-18,17.61,18.03,17.6,17.86,12490417,222342881.45
2025-03-19,17.86,19.07,17.49,19.07,18922334,349090853.87
2025-03-20,18.9,19.17,18.51,18.95,12357827,233624025.39
2025-03-21,18.88,19.28,18.14,18.72,10777388,200778443.06
2025-03-24,18.72,18.74,17.83,18.52,12307043,224623300.92
2025-03-25,18.52,19.08,18.09,18.95,12906887,240618552.66
2025-03-26,18.67,18.84,18.11,18.17,11120769,204641512.81
2025-03-27,18.06,18.65,17.85,17.85,10279307,186632965.89
2025-03-28,17.79,17.97,16.91,17.4,18692017,325989560.48
2025-03-31,17.3,17.76,17.0,17.53,9105771,158099437.05
2025-04-01,17.58,18.38,17.58,18.0,9405270,170172457.08
2025-04-02,18.0,18.1,17.63,17.77,5994862,106788359.18
2025-04-03,17.68,17.68,16.99,17.19,10443418,179796905.33
2025-04-07,16.19,16.47,15.47,15.6,18035386,285920857.52
2025-04-08,15.68,16.22,15.06,15.64,14827348,230302795.44
2025-04-09,15.02,15.82,14.52,15.66,10008450,153863831.51
2025-04-10,15.94,16.97,15.94,16.27,12625484,208485353.42
2025-04-11,16.15,16.62,16.1,16.42,5804576,95625239.4
2025-04-14,16.47,17.25,16.47,16.93,8821300,149455193.8
2025-04-15,16.8,16.98,16.45,16.6,6407974,106829974.54
2025-04-16,16.65,16.65,15.96,16.12,4783331,77611216.19
2025-04-17,16.13,16.48,16.04,16.4,4423800,72143861.0
2025-04-18,16.92,17.59,16.84,16.93,13183943,227134196.24
2025-04-21,16.81,17.85,16.77,17.63,9724979,169737047.0
2025-04-22,17.65,19.39,17.65,19.39,23938792,452075275.27
2025-04-23,20.5,21.23,20.0,21.1,39690035,820464027.29
2025-04-24,20.4,21.24,20.4,21.07,23836389,495672712.68
2025-04-25,21.2,22.71,20.88,22.61,33847271,747952731.82
2025-04-28,21.5,23.12,21.35,23.02,27198641,614636406.66
2025-04-29,22.7,23.01,21.95,22.4,18538623,413983837.91
2025-04-30,22.19,22.32,21.59,22.29,18109259,397212803.06
2025-05-06,21.99,22.52,21.32,22.26,19078462,417109188.08
2025-05-07,22.4,23.48,22.05,23.44,24851027,567146659.96
2025-05-08,23.0,23.15,21.98,22.45,21748697,490763562.77
2025-05-09,22.55,22.95,22.15,22.43,13008387,292981263.69
2025-05-12,22.43,22.95,21.99,22.2,15766060,354475771.65
2025-05-13,22.2,22.47,21.58,21.72,19189037,421883074.4
2025-05-14,21.71,21.73,21.18,21.4,15260231,326665282.57
2025-05-15,21.51,21.68,21.15,21.37,9517688,203313581.04
2025-05-16,21.56,21.64,21.0,21.41,13452368,286792195.12
2025-05-19,21.6,22.27,20.64,22.15,20954405,454393051.54
2025-05-20,22.5,22.75,21.76,21.83,15264173,337825255.54
2025-05-21,21.62,22.43,21.56,22.01,14444100,317352405.56
2025-05-22,21.9,22.98,21.9,22.74,15733716,355813414.8
2025-05-23,22.73,23.54,22.41,22.45,16909548,387941654.42
2025-05-26,22.5,22.98,22.09,22.8,9617958,216605764.86
2025-05-27,22.78,22.88,21.76,21.83,10390356,230137761.6
2025-05-28,21.83,22.05,21.6,21.98,6169950,134690187.71
2025-05-29,21.77,22.1,21.71,21.9,6189635,135510813.7
2025-05-30,21.9,22.05,21.68,21.83,3717510,81213379.5
2025-06-03,21.71,22.48,21.39,22.27,8444984,186939427.64
2025-06-04,22.29,22.75,22.23,22.47,5776444,129776056.92
2025-06-05,22.61,23.2,22.36,22.83,7051247,160844874.32
2025-06-06,22.73,24.46,21.28,21.28,29085781,664425885.01
2025-06-09,21.16,22.14,21.16,21.95,20147709,435556941.74
2025-06-10,22.07,22.16,21.08,21.32,12957749,278497744.1
2025-06-11,21.36,21.47,21.0,21.12,8594123,182043582.05
2025-06-12,21.05,21.94,20.88,21.73,11738264,251331095.44
2025-06-13,21.8,21.9,21.13,21.16,5479912,117573808.56
2025-06-16,21.11,21.44,20.76,21.38,6573901,138767154.84
2025-06-17,21.39,21.55,20.8,21.09,5629021,119080830.37
2025-06-18,21.09,21.13,20.58,20.84,6008258,124788320.67
2025-06-19,20.85,21.05,20.41,20.52,5493743,113571556.63
2025-06-20,20.58,20.77,20.17,20.18,7551700,153937692.66
2025-06-23,20.02,20.64,19.8,20.18,9395983,189292696.34
2025-06-24,14.4,14.95,14.22,14.86,12229978,179394238.88
2025-06-25,14.75,15.1,14.63,15.0,13167326,196194450.62
2025-06-26,14.93,15.32,14.88,14.94,9407280,141771276.47
2025-06-27,15.08,15.29,14.91,14.99,7290977,109887860.03
2025-06-30,15.03,15.3,14.9,15.24,8069819,122022099.91
2025-07-01,15.17,16.76,15.06,16.33,27938208,452889875.28
2025-07-02,16.33,16.36,15.62,15.67,19552543,310493328.83
2025-07-03,15.69,16.05,15.55,15.85,11745655,185441597.78
2025-07-04,15.85,15.95,15.42,15.52,11476527,178865766.39
2025-07-07,15.42,15.5,14.85,14.97,14229802,213508970.42
2025-07-08,14.93,14.97,14.46,14.88,16656660,244740702.8
2025-07-09,14.88,15.04,14.43,14.54,15262618,224009174.62
2025-07-10,14.38,14.65,14.36,14.5,7150600,103640442.2
2025-07-11,14.41,14.58,14.39,14.44,7381970,106789485.0
2025-07-14,14.5,14.88,14.48,14.75,12242260,179785736.2
2025-07-15,14.66,14.7,13.81,14.03,23114059,326413780.87
2025-07-16,14.03,14.09,13.83,14.07,12055495,168616434.3
2025-07-17,14.03,14.38,13.88,14.3,11110369,158041557.05
2025-07-18,14.39,14.44,13.98,14.1,13473348,190822093.56
2025-07-21,14.1,14.7,14.08,14.61,14394009,208613625.04
2025-07-22,14.68,14.68,14.16,14.39,14786601,212993286.2
2025-07-23,14.39,14.42,14.01,14.06,13947879,196904836.4
2025-07-24,14.09,14.26,14.0,14.06,12347634,174028308.58
2025-07-25,14.08,14.22,13.95,13.97,9392354,131753739.2
2025-07-28,14.01,14.03,13.75,13.94,11453978,159242365.41
2025-07-29,13.98,14.45,13.79,14.38,22643570,319371904.24
2025-07-30,14.37,14.62,14.19,14.41,16548878,238393616.67
2025-07-31,14.34,14.77,14.24,14.3,15473574,223078207.16
2025-08-01,14.51,15.0,14.46,14.67,25366703,375760945.67
2025-08-04,14.67,16.05,14.39,15.82,35947217,553531888.26
2025-08-05,15.67,16.03,15.65,15.8,16063424,253995040.44
2025-08-06,15.84,16.55,15.79,16.35,23436459,381828304.24
2025-08-07,16.35,16.4,16.0,16.11,16778323,270566305.33
2025-08-08,16.0,16.75,15.85,16.41,26155694,426862108.28
2025-08-11,16.43,16.54,15.96,16.07,18588072,300180037.66
2025-08-12,15.98,16.38,15.8,16.28,13742460,221334207.76
2025-08-13,16.27,16.58,16.1,16.5,15298337,250135816.85
2025-08-14,16.4,17.55,16.4,17.0,34294657,584654156.47
2025-08-15,16.64,17.09,16.4,16.95,26943427,453076856.93
2025-08-18,17.07,18.16,17.07,18.0,32840538,583741730.81
2025-08-19,18.0,18.15,17.55,17.83,20441358,364637402.18
2025-08-20,17.76,17.94,17.45,17.91,18826418,333018840.57
2025-08-21,18.33,18.78,17.96,18.54,24767113,455406866.24
2025-08-22,18.5,19.86,18.5,18.71,32871337,627819357.8
2025-08-25,18.77,19.58,18.35,19.26,25440520,485186397.05
2025-08-26,19.3,19.48,18.91,19.17,16744591,322155733.6
2025-08-27,19.15,19.32,17.85,17.85,41309333,762398296.44
2025-08-28,17.85,18.38,17.73,18.38,20875696,377814407.08
2025-08-29,18.38,18.63,18.0,18.33,13700182,251181217.98
2025-09-01,18.28,19.08,18.15,18.88,19164648,359606716.93
2025-09-02,19.11,19.11,18.18,18.4,21611127,400102388.68
2025-09-03,18.51,18.59,17.56,17.72,15271300,273570919.41
2025-09-04,17.72,17.72,16.12,16.31,41864730,703324488.87
2025-09-05,16.48,17.42,16.37,17.32,24604072,415637091.12
2025-09-08,17.19,17.81,16.92,17.45,22505008,395601700.4
2025-09-09,17.3,17.66,17.08,17.21,12483880,217025585.0
2025-09-10,17.18,17.42,16.86,17.06,10958126,187193995.61
2025-09-11,17.01,17.93,16.98,17.71,16200697,283322148.9
2025-09-12,17.8,18.9,17.64,18.71,26454095,490287393.65
2025-09-15,18.8,18.8,17.86,17.9,18083684,328951130.3
2025-09-16,17.8,18.0,17.3,17.66,12663440,222954875.56
2025-09-17,17.67,18.42,17.53,17.99,11142592,200886450.08
2025-09-18,17.88,18.91,17.88,18.34,18759322,346948999.94
2025-09-19,18.16,18.71,18.09,18.47,12274628,226553517.86
2025-09-22,18.49,18.59,17.6,17.77,16714971,298347033.98
2025-09-23,17.72,17.89,17.27,17.6,9884873,172844662.83
2025-09-24,17.48,18.03,17.35,17.99,8301360,147901984.08
2025-09-25,17.94,18.42,17.85,17.99,9207940,166756735.88
2025-09-26,18.0,18.22,17.83,17.91,8367857,150810999.69
2025-09-29,17.74,18.18,17.37,18.07,11218258,200147322.16
2025-09-30,18.0,19.0,18.0,18.57,19177665,357297875.77
2025-10-09,18.62,19.39,18.1,19.03,19009149,358318376.89
2025-10-10,19.05,20.9,18.93,20.3,33543042,674443383.52
2025-10-13,19.5,20.45,19.33,19.85,26417994,526787146.54
2025-10-14,19.94,20.31,17.87,17.87,40694880,757247376.38
2025-10-15,17.51,18.04,17.27,18.0,16179474,286112265.44
2025-10-16,18.0,18.0,17.45,17.59,13887701,244952211.77
2025-10-17,17.58,17.6,16.41,16.43,20199764,339214291.36
2025-10-20,16.68,16.84,16.39,16.8,9575814,159527051.1
2025-10-21,17.86,18.48,17.86,18.48,21419658,391673927.53
2025-10-22,18.5,19.07,18.48,18.59,36458474,684816843.76
2025-10-23,18.59,18.66,17.57,17.94,23985797,430085371.09
2025-10-24,18.02,18.52,17.7,18.02,19075385,343408650.2
2025-10-27,18.14,18.81,17.92,18.54,20512996,377844655.17
2025-10-28,18.77,20.39,18.77,19.82,64389387,1288397397.04
2025-10-29,20.01,21.8,20.01,21.8,40723350,866298876.49
2025-10-30,22.4,23.98,22.26,23.98,71581165,1656388278.04
2025-10-31,23.98,25.25,23.95,24.2,73926413,1812135795.18
2025-11-03,24.2,26.6,24.2,25.51,54114339,1371530518.09
2025-11-04,26.01,28.06,26.01,28.06,34435013,958992366.41
2025-11-05,28.42,30.87,26.5,30.09,84884728,2430031196.79
2025-11-06,31.59,33.1,30.98,33.1,70078760,2257582893.37
2025-11-07,33.51,34.5,31.3,33.2,121477804,3974469354.52
2025-11-10,32.74,34.92,30.73,31.8,125149759,4091994412.97
2025-11-11,33.61,34.98,31.91,32.45,134390901,4497035568.98
2025-11-12,30.51,30.99,29.21,30.55,123386978,3695774923.33
2025-11-13,28.99,30.2,28.04,29.42,93146741,2723559912.75
2025-11-14,28.2,31.0,27.59,30.0,86492594,2556223263.61
2025-11-17,30.75,32.13,29.12,30.6,99383172,3060326073.13
2025-11-18,30.5,30.85,27.54,27.54,68221984,1961691959.78
2025-11-19,27.25,28.86,27.11,28.36,68724148,1944256949.61
2025-11-20,28.7,29.1,27.47,28.09,45401569,1279356476.09
2025-11-21,27.16,27.7,26.02,26.02,44575348,1194962373.42
2025-11-24,26.5,27.09,25.62,26.51,37307667,986868124.96
2025-11-25,27.0,28.31,26.39,28.08,44109650,1217012863.92
2025-11-26,28.0,28.23,27.08,27.19,28573570,789295552.67
2025-11-27,27.6,28.28,26.75,26.85,22502541,619955427.05
2025-11-28,26.99,29.0,26.85,28.19,36970917,1035989081.16
2025-12-01,28.36,28.97,27.18,28.36,34073251,958736815.03
2025-12-02,28.24,28.97,27.1,27.39,27503626,764544561.77
2025-12-03,27.9,28.5,27.4,27.63,21958294,613172781.19
2025-12-04,27.3,27.6,25.97,26.2,34220964,904653335.46
2025-12-05,26.2,28.82,26.2,28.82,44080375,1232719792.22
2025-12-08,29.69,29.85,28.1,28.72,47784255,1382666279.2
2025-12-09,28.58,29.47,27.84,28.62,28082289,805959701.04
2025-12-10,28.7,29.26,27.78,28.11,19816252,558376155.03
2025-12-11,28.94,29.66,27.53,27.63,31410614,899700305.4
2025-12-12,27.63,29.83,27.63,29.62,45371966,1314033714.77
2025-12-15,29.69,30.81,29.2,29.34,37424460,1114385166.23
2025-12-16,29.1,29.49,27.01,27.83,27029119,757506821.15
2025-12-17,27.5,29.4,27.13,28.99,24867146,702907996.07
2025-12-18,28.1,28.73,26.2,26.59,41195042,1124435919.1
2025-12-19,26.9,27.49,26.24,27.49,30353859,822022900.46
2025-12-22,27.48,30.24,27.16,29.94,47196662,1373291747.72
2025-12-23,29.89,30.06,29.03,29.46,25332883,748169654.61
2025-12-24,29.26,31.5,29.12,31.23,31304856,963111991.43
2025-12-25,30.88,31.8,30.22,31.14,27660628,857557030.75
2025-12-26,30.85,31.49,30.24,30.89,21930462,677423387.51
2025-12-29,31.07,31.13,29.53,29.79,22432418,675515859.49
2025-12-30,29.37,29.71,28.0,28.99,33166114,951961446.53
2025-12-31,28.68,29.33,28.02,28.81,18605566,534392012.6
2026-01-05,29.5,31.69,29.5,31.69,28365328,890655034.07
2026-01-06,34.22,34.86,33.55,34.5,61371142,2102906103.5
2026-01-07,33.94,34.47,32.7,33.25,39066978,1306736098.46
2026-01-08,33.4,33.9,31.6,31.91,33958431,1098596340.31
2026-01-09,33.0,35.1,33.0,35.1,35050083,1217703465.17
2026-01-12,37.0,37.8,35.94,37.1,50481074,1853693922.44
2026-01-13,36.82,38.22,35.7,37.46,37802226,1405273010.63
2026-01-14,37.24,39.18,36.52,38.0,43865698,1657842031.72
2026-01-15,37.8,40.52,37.41,39.71,40574268,1589062351.89
2026-01-16,40.11,41.29,37.5,37.51,47809550,1879655024.93
2026-01-19,37.44,38.8,36.81,38.0,29461991,1117283967.59
2026-01-20,38.0,38.59,35.7,36.2,31184704,1137245150.39
2026-01-21,36.2,37.23,35.07,37.19,26461287,965664772.11
2026-01-22,37.0,37.94,36.6,37.19,21693877,805487410.89
2026-01-23,37.23,38.43,36.39,38.2,24405529,915489562.05
2026-01-26,37.96,39.41,36.99,37.0,27523164,1052244578.39
2026-01-27,37.0,37.99,35.33,36.38,29448942,1070591628.17
2026-01-28,36.51,37.3,35.76,36.94,22729240,832279133.21
2026-01-29,37.6,37.89,35.28,35.68,22334734,811064706.88
2026-01-30,34.88,35.35,32.8,34.14,32708781,1111151026.68
2026-02-02,33.3,34.64,33.29,33.31,17552793,596555903.89
2026-02-03,34.05,35.27,33.5,35.1,18331871,632708247.95
2026-02-04,35.23,35.61,34.21,35.0,12233938,424571890.27
2026-02-05,34.4,35.3,33.44,34.22,18861541,644843945.76
2026-02-06,33.53,34.76,33.22,34.05,15884515,540840951.07
2026-02-09,34.9,35.78,34.06,35.3,19816520,695365720.73
2026-02-10,35.74,37.3,34.3,37.0,31295676,1120043619.74
2026-02-11,36.67,37.08,35.04,35.15,21545321,770650169.83
2026-02-12,35.09,37.86,34.77,37.5,24786819,912655833.48
2026-02-13,36.87,37.13,35.35,35.48,19289152,694968390.14
2026-02-24,36.3,38.47,36.2,38.2,25620737,967896248.15
2026-02-25,38.2,41.17,37.67,40.66,31199160,1236194334.36
2026-02-26,42.0,44.0,41.03,42.2,30022679,1271908158.83
2026-02-27,41.5,41.96,39.53,40.8,30772510,1249197873.01
2026-03-02,41.5,43.05,41.1,42.6,31092032,1317535430.38
2026-03-03,43.0,45.5,41.8,41.95,39975065,1733512729.68
2026-03-04,40.6,43.33,40.4,41.7,26914487,1134075801.43
2026-03-05,43.8,45.87,42.53,45.87,34530992,1543580643.91
2026-03-06,47.0,48.35,44.4,46.72,41030039,1903586993.11
2026-03-09,44.5,45.52,42.05,44.1,41852499,1810928716.07
2026-03-10,45.9,46.31,43.86,43.88,27815847,1252508986.9
2026-03-11,44.0,44.98,40.6,41.25,41428604,1753683163.28
2026-03-12,40.95,41.1,38.36,39.0,33266102,1311536209.13
2026-03-13,39.02,39.47,37.14,37.52,28886545,1097241730.45
2026-03-16,37.81,37.95,35.08,36.36,29726504,1069878921.11
2026-03-17,36.38,37.27,35.73,35.87,21214752,772845742.72
2026-03-18,35.87,37.07,35.87,36.85,19461430,710418493.08
2026-03-19,36.02,36.5,33.17,33.17,39372603,1349991390.66
2026-03-20,33.5,33.8,32.02,32.17,28044375,923838734.21
2026-03-23,31.6,32.41,30.34,30.62,26747272,834882861.04
2026-03-24,31.43,33.13,30.6,32.85,28756578,916390351.96
2026-03-25,33.77,34.97,33.5,34.15,28151975,969581565.95
2026-03-26,34.07,34.14,31.87,32.23,23067300,755665190.3
2026-03-27,31.49,32.39,31.26,31.91,23199826,736814329.18
2026-03-30,31.75,32.97,31.26,32.3,18623317,598171118.48
2026-03-31,32.13,32.94,30.8,31.38,18097474,572284731.3
2026-04-01,32.36,33.3,32.12,32.45,21578532,706433476.31
2026-04-02,32.63,32.88,31.33,31.53,14961797,476709962.07
2026-04-03,31.5,34.68,31.37,34.68,28983516,970186155.39
2026-04-07,33.92,36.6,33.71,36.33,54769192,1950010281.41
2026-04-08,36.45,39.56,35.61,38.99,44979740,1704827903.81
2026-04-09,38.89,39.2,37.4,37.98,28910757,1105970742.0
2026-04-10,38.44,39.2,37.35,38.6,22671635,872707222.01
2026-04-13,37.85,38.0,36.28,36.88,27775468,1026044675.79
2026-04-14,39.0,39.81,37.11,37.74,34376059,1311806434.9
2026-04-15,38.66,38.98,34.99,35.7,39486067,1436731986.28
2026-04-16,36.5,38.0,36.31,37.9,40303848,1500317276.79
2026-04-17,36.55,36.76,35.29,35.69,38390790,1375931364.46
2026-04-20,35.35,36.49,34.12,35.5,30098986,1070580189.57
2026-04-21,35.99,37.4,34.94,37.3,38434027,1407825500.98
2026-04-22,36.88,38.6,36.4,38.05,29688890,1115101907.72
2026-04-23,38.8,39.44,37.2,37.66,28674402,1093182832.93
2026-04-24,37.55,37.96,36.71,37.49,16636872,621896783.75
2026-04-27,37.48,37.51,36.07,36.21,19474921,711680478.0
2026-04-28,36.0,36.0,34.4,35.58,23569672,829912152.97
2026-04-29,36.32,37.65,34.5,35.55,43728063,1565157386.63
2026-04-30,36.5,38.13,34.7,34.98,53470377,1944088301.54
2026-05-06,35.68,37.66,35.11,37.0,45611702,1660523169.84
2026-05-07,37.05,40.7,36.41,40.7,48588139,1890358833.22
2026-05-08,40.27,40.66,38.8,39.85,40559471,1604916917.78
2026-05-11,40.26,41.38,39.78,40.08,30119080,1217108975.37
2026-05-12,39.6,41.99,39.5,40.52,32623065,1326040406.35
2026-05-13,40.18,41.5,39.75,40.83,29665345,1211701937.59
2026-05-14,40.6,41.94,39.1,39.12,26939450,1084225420.79
2026-05-15,39.77,41.77,38.85,39.46,37754078,1519929924.23
2026-05-18,39.01,41.37,38.7,39.17,31209848,1249187243.15
2026-05-19,39.98,43.09,39.98,43.09,46629890,1949480524.69
2026-05-20,43.31,43.86,40.72,42.01,40989209,1716866826.74
2026-05-21,42.01,44.32,42.01,42.56,36346210,1575342465.86
2026-05-22,43.02,46.8,43.02,45.0,43252933,1950790896.07
2026-05-25,44.8,46.95,44.2,46.0,33253845,1518714308.43
2026-05-26,45.05,45.15,41.4,41.4,41416124,1765774983.77
2026-05-27,41.32,42.36,37.26,37.52,54207193,2106046109.43
2026-05-28,37.44,39.61,36.1,38.96,36411930,1384887119.95
2026-05-29,38.53,38.99,35.06,35.06,38142695,1376388647.4
2026-06-01,35.16,37.76,34.8,35.12,37674321,1364998886.4
2026-06-02,35.2,35.32,33.01,34.58,27390214,938286669.45
2026-06-03,34.58,35.9,34.32,34.95,22857631,799986676.8
2026-06-04,34.31,38.45,34.14,38.45,58653866,2175641512.14
2026-06-05,37.5,38.19,35.76,36.28,40881468,1501811081.55
2026-06-08,34.6,35.28,32.65,32.65,39813830,1335118752.23
2026-06-09,33.15,34.6,31.96,34.43,31394694,1052698340.08
2026-06-10,34.0,34.22,32.96,34.03,22521306,757063124.74
2026-06-11,33.8,33.9,31.5,31.89,30657110,988208296.78
2026-06-12,32.8,33.49,32.0,32.04,23629353,773833207.37
2026-06-15,33.29,34.53,32.4,34.34,24948568,842501309.43
2026-06-16,34.27,36.28,33.69,35.75,26238459,924503578.26
2026-06-17,35.5,36.8,34.9,36.18,26389998,942228063.28
2026-06-18,36.09,37.78,35.6,36.09,29319954,1076974409.0
2026-06-22,37.0,39.7,36.0,39.7,55885402,2135001576.02
2026-06-23,39.33,40.54,37.6,39.03,41621582,1632250117.34
2026-06-24,39.08,42.91,37.02,42.16,53957266,2181510834.12
2026-06-25,44.26,46.38,43.92,46.38,43159799,1969747094.16
2026-06-26,46.0,46.38,42.65,42.74,45610054,2016631769.49
2026-06-29,42.31,44.58,41.27,42.08,33462809,1425146059.77
2026-06-30,41.32,46.29,41.27,46.29,42207294,1903979816.64
2026-07-01,49.03,50.92,47.77,49.5,68120987,3408397766.61
2026-07-02,49.0,49.0,44.75,45.24,49543591,2317674990.47
2026-07-03,45.34,46.66,43.83,44.3,33582034,1521561534.2
2026-07-06,45.58,48.73,45.37,48.73,10258206,494836183.91
2026-07-07,49.0,50.0,44.14,44.51,58943754,2716358955.77
2026-07-08,44.68,45.22,41.48,41.8,33751565,1435208879.96
2026-07-09,42.64,43.75,41.06,43.21,28825291,1221078472.5
2026-07-10,42.89,43.65,40.1,40.26,28672809,1201080735.26
2026-07-13,39.2,40.3,36.23,36.31,31993411,1207872592.9
2026-07-14,36.01,39.45,35.8,39.25,26258143,991255061.46
2026-07-15,39.44,40.66,38.0,38.03,22866649,897412388.64
2026-07-16,37.94,38.22,35.6,35.9,17550974,646739940.23
2026-07-17,35.23,35.88,32.31,32.4,32287791,1085295520.73
2026-07-20,33.52,33.8,29.66,31.0,32409133,1024671305.11
2026-07-21,31.42,33.3,28.6,32.44,34351886,1067305480.12
2026-07-22,32.45,33.68,31.5,31.6,23930860,779707008.16
2026-07-23,32.0,32.71,30.76,31.03,18091413,569595818.35
2026-07-24,30.0,30.41,29.2,29.32,24278350,719148505.23
2026-07-27,29.3,31.1,28.69,30.69,22000057,660539492.62
2026-07-28,30.33,32.18,29.77,30.12,26754049,823234717.55
2026-07-29,31.61,32.1,29.51,31.46,40329161,1243453558.23
2026-07-30,30.01,31.07,28.31,28.31,34264402,990517948.58
2026-07-31,30.0,31.14,30.0,31.14,21122294,652190660.63
2026-08-03,30.82,32.26,30.62,31.1,34002539,1064248271.16
2026-08-04,31.2,33.48,31.2,32.94,29411331,959491215.75
2026-08-05,32.7,34.25,32.6,33.63,25293260,845953793.95
2026-08-06,33.0,34.26,32.44,33.23,22804012,760533465.68
2026-08-07,33.5,33.95,32.71,33.0,21118914,702329297.88
2026-08-10,33.25,36.22,33.12,35.32,35286371,1211933888.97
2026-08-11,34.8,34.88,32.72,34.26,33703499,1144894989.01
2026-08-12,33.84,34.3,33.46,33.57,18454002,622893184.65
2026-08-13,35.0,36.73,34.41,34.42,38691223,1374635182.93
2026-08-14,34.35,34.8,32.91,33.2,29129447,977141730.55
2026-08-17,33.8,36.52,33.03,36.52,40352297,1422471201.57
2026-08-18,36.52,38.48,35.99,37.93,40673782,1510494379.56
2026-08-19,36.88,37.0,34.14,34.18,33059928,1151177776.3
2026-08-20,34.19,34.95,33.44,34.2,24333622,832168549.12
2026-08-21,33.86,34.35,32.85,34.18,15370889,521000694.59
2026-08-24,34.3,34.32,31.93,32.64,22278766,728307423.19
2026-08-25,32.1,34.25,31.9,33.71,19369351,642562507.8
2026-08-26,33.77,35.12,33.37,34.78,19171237,660529846.44
2026-08-27,34.84,35.78,34.38,35.67,17780242,627318207.41
2026-08-28,36.39,37.0,34.5,34.87,21953891,781259888.94
2026-08-31,34.8,35.95,33.87,35.6,21902669,767545878.28
2026-09-01,36.8,37.1,33.81,33.98,27622553,962130168.05
2026-09-02,33.5,34.14,32.66,32.7,19530318,646087551.03
2026-09-03,33.17,35.97,32.86,35.49,55511666,1950819523.54
2026-09-04,37.35,39.04,36.38,36.95,83836984,3210338297.11
2026-09-07,37.02,39.6,36.89,38.15,61491926,2361280539.71
2026-09-08,38.41,39.05,37.48,37.6,31849875,1218507116.71
