timestamps,open,high,low,close,volume,amount
2015-05-15,24.89,29.87,24.89,29.87,12783,376848.0
2015-05-18,32.86,32.86,32.86,32.86,10900,358174.0
2015-05-19,36.15,36.15,36.15,36.15,7800,281970.0
2015-05-20,39.77,39.77,39.77,39.77,11000,437470.0
2015-05-21,43.75,43.75,43.75,43.75,10800,472500.0
2015-05-22,48.13,48.13,48.13,48.13,15000,721950.0
2015-05-25,52.94,52.94,52.94,52.94,32200,1704668.0
2015-05-26,58.23,58.23,58.23,58.23,20169,1174441.0
2015-05-27,64.05,64.05,64.05,64.05,24500,1569225.0
2015-05-28,70.46,70.46,70.46,70.46,156100,10998806.0
2015-05-29,77.51,77.51,77.51,77.51,402520,31199325.0
2015-06-01,85.26,85.26,85.26,85.26,102520,8740855.0
2015-06-02,93.79,93.79,93.79,93.79,145200,13618308.0
2015-06-03,100.17,103.17,95.0,103.17,11597098,1184680868.0
2015-06-04,111.0,111.0,92.85,92.85,13350461,1297225841.0
2015-06-05,83.73,87.8,83.57,83.57,7252091,609745862.0
2015-06-08,75.39,77.0,75.21,75.21,7244600,546411308.0
2015-06-09,68.4,75.0,68.4,70.96,12370624,881287331.0
2015-06-10,69.36,75.99,69.15,75.53,9876258,730581522.0
2015-06-11,75.6,83.08,73.52,83.08,8485754,680474270.0
2015-06-12,89.7,91.39,77.0,77.33,16686383,1406710622.0
2015-06-15,72.0,73.0,69.6,69.6,8950427,633051096.0
2015-06-16,66.3,67.99,63.0,64.5,7636101,498074980.0
2015-06-17,65.6,69.93,64.78,69.41,5936247,398857177.0
2015-06-18,68.0,68.48,62.47,62.47,6077380,395079859.0
2015-06-19,60.01,65.64,57.86,59.11,5864281,353751646.0
2015-06-23,60.81,62.94,58.6,62.44,5002255,305900085.0
2015-06-24,63.38,64.48,60.6,61.39,5975583,370826789.0
2015-06-25,61.02,61.2,56.25,56.95,4921429,290467340.0
2015-06-26,55.0,55.2,51.26,51.26,4689395,247539407.0
2015-06-29,52.9,52.9,46.13,46.13,5476133,263693177.00000003
2015-06-30,44.95,50.25,41.52,49.16,6933841,314528418.0
2015-07-01,48.45,52.47,46.7,46.79,7565627,378660715.0
2015-07-02,47.4,47.98,43.0,43.46,5700497,258958303.0
2015-07-03,41.98,44.64,39.27,40.04,5440240,227059509.0
2015-07-06,44.04,44.04,39.2,42.22,7023862,296021791.0
2015-07-07,40.28,41.79,38.0,38.0,4266287,165981304.0
2015-07-08,,,,,0,
2015-07-09,,,,,0,
2015-07-10,,,,,0,
2015-07-13,41.8,41.8,41.8,41.8,63076,2636577.0
2015-07-14,45.98,45.98,45.98,45.98,93354,4292417.0
2015-07-15,50.58,50.58,45.99,46.0,12969360,632665384.0
2015-07-16,42.5,49.58,42.0,47.75,7133401,331871929.0
2015-07-17,47.8,51.99,47.77,51.4,7393707,369560842.0
2015-07-20,52.0,52.5,49.53,50.9,8174882,417194102.0
2015-07-21,49.0,52.96,48.32,52.57,7614476,390525012.0
2015-07-22,52.4,52.58,50.51,51.51,5921737,305626767.0
2015-07-23,51.1,56.66,51.1,56.66,11274766,620068722.0
2015-07-24,58.2,59.47,54.5,54.89,12281006,705164459.0
2015-07-27,53.48,58.9,50.03,50.69,10264554,565583111.0
2015-07-28,48.9,53.51,48.0,52.35,8096288,414479029.0
2015-07-29,52.9,56.56,49.55,56.31,7654335,407255954.0
2015-07-30,56.35,58.39,54.59,54.8,8548548,482123551.0
2015-07-31,53.5,58.0,53.3,55.39,7073103,390222388.0
2015-08-03,54.55,56.7,51.05,52.81,6138232,330488519.0
2015-08-04,52.15,55.98,51.98,55.91,6702558,362406229.0
2015-08-05,55.08,57.98,54.63,56.45,8999358,507563821.0
2015-08-06,54.95,55.6,52.88,53.72,5751784,313827227.0
2015-08-07,53.8,55.49,53.8,55.39,4919618,269990505.0
2015-08-10,56.3,59.11,55.61,58.35,8109957,465616485.0
2015-08-11,58.0,61.25,57.73,59.99,9324146,552487782.0
2015-08-12,59.68,59.68,56.25,56.31,8448516,488230080.0
2015-08-13,56.41,57.33,54.31,56.89,4642687,260166077.0
2015-08-14,57.0,57.55,55.61,56.37,4631993,260897493.0
2015-08-17,55.95,56.0,53.86,54.29,3839973,209645602.0
2015-08-18,54.0,55.49,48.86,48.86,4538439,237923158.0
2015-08-19,47.0,49.9,44.38,49.14,4505667,213273573.0
2015-08-20,48.3,48.7,46.16,46.36,3063028,145282681.0
2015-08-21,45.3,45.89,42.8,42.85,3560300,157790057.0
2015-08-24,40.77,41.0,38.57,38.57,3137948,122661474.0
2015-08-25,34.9,37.57,34.71,34.71,3883832,137886755.0
2015-08-26,35.45,38.18,34.0,36.16,6668996,244477141.0
2015-08-27,37.24,37.96,35.51,37.71,4515840,166861425.0
2015-08-28,38.44,40.49,37.61,40.43,4583777,177529851.0
2015-08-31,39.12,39.6,37.0,37.09,3228072,123913722.0
2015-09-01,37.0,37.01,34.5,34.59,2933983,103676742.0
2015-09-02,32.87,36.1,32.32,33.18,2678191,91359129.0
2015-09-07,34.08,35.19,33.68,34.26,2294900,79425506.0
2015-09-08,34.05,36.48,33.81,36.41,3239962,114450422.0
2015-09-09,37.0,38.2,36.29,37.92,4316585,162145177.0
2015-09-10,37.0,37.86,36.71,36.78,2765299,102867039.0
2015-09-11,37.39,37.59,36.75,37.57,2106723,78377770.0
2015-09-14,37.6,37.88,33.81,33.81,2934337,103574686.0
2015-09-15,32.7,33.45,30.48,30.6,2873562,92083594.0
2015-09-16,31.01,33.66,31.01,33.66,2847339,91647671.0
2015-09-17,33.59,34.87,33.13,33.2,3161470,107650129.0
2015-09-18,33.5,34.3,33.2,34.2,2198196,74015421.0
2015-09-21,33.8,36.0,33.43,35.98,3178220,111165609.0
2015-09-22,36.06,36.98,35.91,36.49,3663547,133386185.0
2015-09-23,35.8,36.78,35.63,36.18,2710591,98000899.0
2015-09-24,36.37,38.0,36.37,37.96,3957605,148591220.0
2015-09-25,37.49,37.74,35.1,35.5,3307234,120319053.0
2015-09-28,35.6,36.79,35.22,36.74,2189825,79031839.0
2015-09-29,35.78,36.26,35.5,35.92,1925738,69067787.0
2015-09-30,37.07,39.51,36.8,39.51,5189062,202474002.0
2015-10-08,43.46,43.46,43.46,43.46,1762912,76616156.0
2015-10-09,45.0,45.0,42.61,43.92,8015095,350859314.0
2015-10-12,44.99,47.8,43.95,47.01,8331207,381487511.0
2015-10-13,30.0,30.0,29.13,29.69,6227146,183840275.0
2015-10-14,28.89,28.95,28.23,28.37,9999518,285473522.0
2015-10-15,28.02,29.35,28.01,29.3,7341268,212629100.0
2015-10-16,29.25,30.56,28.7,30.02,10248268,302919075.0
2015-10-19,29.98,29.98,28.56,28.89,7573779,220763537.0
2015-10-20,28.99,30.1,28.67,29.69,7450892,219231928.0
2015-10-21,29.69,29.69,26.72,26.72,9708356,273707426.0
2015-10-22,26.68,27.68,26.33,27.54,5001479,135356803.0
2015-10-23,27.53,28.33,27.26,28.15,5390119,149645390.0
2015-10-26,28.64,28.66,27.85,28.11,4772877,134866845.0
2015-10-27,27.83,28.29,26.62,28.17,4927217,135316810.0
2015-10-28,28.19,28.64,27.7,27.89,4920098,139201864.0
2015-10-29,28.29,28.88,27.82,28.53,5464498,155324710.0
2015-10-30,28.3,28.32,27.02,27.87,3528786,98419878.0
2015-11-02,27.05,28.98,26.74,27.97,4763841,134020128.99999999
2015-11-03,27.89,29.98,27.5,29.71,10833098,316209069.0
2015-11-04,30.1,30.99,29.3,30.9,11131164,335454557.0
2015-11-05,30.66,31.11,29.82,30.03,9739983,296005842.0
2015-11-06,30.0,33.0,30.0,32.22,11575002,369293791.0
2015-11-09,31.69,33.19,31.17,32.91,13039793,422556066.0
2015-11-10,32.58,33.49,31.76,32.4,9453088,308686815.0
2015-11-11,32.22,35.33,31.92,34.73,13917213,468448313.0
2015-11-12,34.9,38.2,34.9,38.2,17749752,668795248.0
2015-11-13,37.98,39.98,35.5,36.56,19579523,747237759.0
2015-11-16,35.0,37.61,34.65,37.24,8733604,318028771.0
2015-11-17,37.81,39.91,36.99,37.69,11367044,438359915.0
2015-11-18,37.12,38.66,36.32,36.74,8245883,311645077.0
2015-11-19,36.4,38.09,36.37,37.79,6980364,258664428.0
2015-11-20,37.68,41.55,37.68,40.94,14215818,564886860.0
2015-11-23,41.0,41.99,38.8,38.97,11548303,463792472.0
2015-11-24,38.01,40.3,37.5,40.22,8545989,331124522.0
2015-11-25,40.05,40.89,39.68,39.8,8371285,336044092.0
2015-11-26,40.2,40.28,38.5,38.75,8073926,318187362.0
2015-11-27,38.4,38.41,34.88,34.88,10163174,369840043.0
2015-11-30,34.96,38.37,34.96,38.37,17758007,673832869.0
2015-12-01,39.7,40.9,38.88,40.16,20104986,801343731.0
2015-12-02,39.3,39.88,36.14,39.4,9443938,358904145.0
2015-12-03,38.81,41.95,38.6,41.51,12085714,497006176.0
2015-12-04,41.0,42.79,40.07,41.98,10555321,436539072.0
2015-12-07,41.7,42.38,40.38,40.95,7034682,290029457.0
2015-12-08,40.51,40.51,38.3,38.7,8500443,331310575.0
2015-12-09,37.94,38.33,36.7,37.06,6894506,257120774.0
2015-12-10,37.15,38.0,36.5,36.95,5936251,220078887.0
2015-12-11,36.78,37.07,35.61,35.95,4826200,174613597.0
2015-12-14,35.67,36.99,35.57,36.75,3788907,137294633.0
2015-12-15,36.85,37.76,36.78,36.97,4110149,153122404.0
2015-12-16,37.1,37.96,37.1,37.34,4070141,152755017.0
2015-12-17,37.39,38.47,37.39,38.45,5646995,214713185.0
2015-12-18,38.88,38.88,37.32,37.7,6195012,235206603.0
2015-12-21,37.45,37.79,36.81,37.28,3967487,147506910.0
2015-12-22,37.25,37.54,36.83,37.41,3460043,128816432.0
2015-12-23,37.37,37.37,36.02,36.31,5830424,213427281.0
2015-12-24,36.1,36.96,36.08,36.83,2781407,101487990.0
2015-12-25,36.99,37.05,36.6,36.79,2329101,85722905.0
2015-12-28,36.7,36.95,35.58,35.66,3909267,141953776.0
2015-12-29,35.68,36.45,35.08,36.36,2623789,93496576.0
2015-12-30,36.33,36.6,36.25,36.47,2397644,87315839.0
2015-12-31,36.5,36.57,35.61,35.69,2061766,74381995.0
2016-01-04,35.69,35.88,32.12,32.21,4062109,135939730.0
2016-01-05,30.38,32.62,29.5,30.79,4758837,148040816.0
2016-01-06,30.95,31.97,30.95,31.8,2953424,92865189.0
2016-01-07,31.32,31.43,28.62,28.62,1130100,33568023.0
2016-01-08,29.99,30.23,26.4,29.31,3397689,98639052.0
2016-01-11,28.3,29.22,26.38,26.4,3051427,85419593.0
2016-01-12,26.15,27.29,25.9,26.74,2956409,78543406.0
2016-01-13,26.88,27.16,25.58,25.59,2314528,61552517.0
2016-01-14,25.01,26.8,24.88,26.61,2981923,77393838.0
2016-01-15,26.37,26.68,25.2,25.3,2647504,68765180.0
2016-01-18,24.75,26.18,24.62,25.62,4249044,109044638.0
2016-01-19,25.75,26.77,25.59,26.67,3632330,95217914.0
2016-01-20,26.36,27.1,26.22,26.41,3343930,88917401.0
2016-01-21,26.06,26.72,25.57,25.61,2876206,75060835.0
2016-01-22,25.56,26.14,25.0,25.9,2724814,69999680.0
2016-01-25,26.13,27.06,26.13,26.74,3467113,92209508.0
2016-01-26,26.21,26.5,24.24,24.57,3133136,79835293.0
2016-01-27,24.57,24.99,23.1,24.64,3003756,72672109.0
2016-01-28,23.93,24.56,23.08,23.24,2415089,57781502.0
2016-01-29,23.2,24.55,23.2,24.15,2871343,68796664.0
2016-02-01,24.18,24.49,23.9,24.37,1928451,46777017.0
2016-02-02,24.41,25.47,24.41,25.13,2584064,64864931.0
2016-02-03,25.0,25.13,24.36,24.98,1756720,43444249.0
2016-02-04,25.0,25.69,25.0,25.56,2631428,67089304.0
2016-02-05,25.57,25.84,25.28,25.29,2060360,52424275.0
2016-02-15,24.21,25.1,24.05,24.88,1391259,34357991.0
2016-02-16,25.06,26.13,25.06,26.0,2748136,70838496.0
2016-02-17,26.15,26.84,25.91,26.71,4135783,109012052.0
2016-02-18,27.1,27.25,26.23,26.46,3593244,95882832.0
2016-02-19,26.46,26.98,26.22,26.77,2866807,76355548.0
2016-02-22,27.3,28.66,26.81,28.55,4516358,124847716.0
2016-02-23,28.45,28.96,27.6,28.07,3464303,97606942.0
2016-02-24,27.97,28.4,27.31,28.13,2608067,72617439.0
2016-02-25,27.8,28.56,25.48,25.67,4417915,120234980.0
2016-02-26,25.75,26.55,25.26,26.19,2699816,70355967.0
2016-02-29,26.19,26.29,23.88,24.37,3034521,74277686.0
2016-03-01,24.51,24.94,23.4,24.67,2724515,66605285.0
2016-03-02,24.69,26.35,24.56,26.02,2980114,75490678.0
2016-03-03,26.05,26.54,25.66,25.74,3274502,85491309.0
2016-03-04,25.88,25.89,24.02,24.47,2740735,68386192.0
2016-03-07,24.9,25.33,24.61,24.88,1809583,45238917.0
2016-03-08,24.73,25.54,24.13,25.49,2640438,65339461.0
2016-03-09,24.97,25.3,24.7,25.01,1481247,37049295.0
2016-03-10,25.01,25.3,24.36,24.46,1741928,43260954.0
2016-03-11,24.09,24.73,23.78,24.33,1729403,41775644.0
2016-03-14,24.5,26.51,24.5,26.28,4424880,113796183.0
2016-03-15,26.1,26.35,25.51,25.71,2746907,71206970.0
2016-03-16,25.72,26.13,25.0,25.09,1844345,46913620.0
2016-03-17,25.3,26.01,25.06,25.99,4233959,108335756.0
2016-03-18,26.01,27.39,25.98,27.01,5138053,137388041.0
2016-03-21,27.46,27.63,27.0,27.53,4532049,123720378.0
2016-03-22,27.52,27.52,27.01,27.1,3422478,93113067.0
2016-03-23,27.06,28.1,26.92,27.98,4921369,135093584.0
2016-03-24,27.49,27.98,26.99,27.01,4758601,130637579.0
2016-03-25,26.75,27.4,26.74,27.15,2719858,73628647.0
2016-03-28,27.25,27.84,26.71,26.84,3406574,93200099.0
2016-03-29,26.9,27.0,25.5,25.85,3351804,87721461.0
2016-03-30,26.19,26.87,26.03,26.85,3729681,98887795.0
2016-03-31,27.2,27.9,27.0,27.62,5324127,146728368.0
2016-04-01,27.45,27.59,26.62,27.29,3537490,95779518.0
2016-04-05,27.34,28.29,27.13,28.14,4577367,127584428.0
2016-04-06,28.14,28.49,27.81,28.26,4361685,122726729.0
2016-04-07,28.26,28.61,27.85,28.18,5383530,152309649.0
2016-04-08,27.85,27.94,27.12,27.68,4719133,130222941.0
2016-04-11,28.26,29.49,28.26,29.06,7180431,207399840.0
2016-04-12,29.0,29.0,27.9,28.22,6725151,190001895.0
2016-04-13,28.26,29.13,28.26,28.64,5741999,164972583.0
2016-04-14,28.92,29.45,28.6,29.33,4567880,132311957.0
2016-04-15,29.58,31.2,29.3,30.39,9373834,283596309.0
2016-04-18,30.16,30.16,29.27,29.57,4355858,129185141.0
2016-04-19,30.22,30.27,29.48,29.89,3594855,107199934.0
2016-04-20,30.0,30.18,27.3,28.07,6031419,172440359.0
2016-04-21,28.19,28.69,27.56,27.66,3563698,100450811.0
2016-04-22,27.33,28.04,27.25,28.01,2750975,76135808.0
2016-04-25,28.08,28.08,27.31,27.79,2344478,64725357.0
2016-04-26,27.5,28.22,27.5,28.19,2397436,66831422.99999999
2016-04-27,28.17,28.68,28.01,28.49,2889197,82047496.0
2016-04-28,28.5,29.4,28.41,29.34,5577363,161915180.0
2016-04-29,28.96,29.08,28.6,28.76,4083728,117715222.0
2016-05-03,28.75,29.88,28.51,29.71,4812819,140731339.0
2016-05-04,29.84,30.35,29.51,29.68,5379804,160954124.0
2016-05-05,29.4,29.75,29.04,29.52,3310506,97320906.0
2016-05-06,29.67,29.79,27.88,27.9,4848948,139553165.0
2016-05-09,27.57,27.74,26.38,26.68,2887048,78143659.0
2016-05-10,26.62,27.16,26.58,26.74,1791616,48079016.0
2016-05-11,27.04,27.85,26.26,26.66,1905945,51256470.0
2016-05-12,26.26,26.57,25.86,26.38,1878575,49199965.0
2016-05-13,26.41,26.78,26.08,26.28,1594010,42215868.0
2016-05-16,26.23,26.75,25.9,26.73,1758019,46362231.0
2016-05-17,26.52,26.97,26.24,26.66,1898304,50531128.0
2016-05-18,26.48,26.48,25.3,25.65,2236695,57663608.0
2016-05-19,25.65,26.17,25.57,25.8,1628189,42219516.0
2016-05-20,25.65,26.49,25.31,26.36,1759849,45564761.0
2016-05-23,26.43,27.4,26.43,27.17,2855479,77320464.0
2016-05-24,27.26,27.26,26.7,27.08,1955898,52746444.0
2016-05-25,27.2,27.59,27.03,27.52,2925250,79882515.0
2016-05-26,26.6,26.6,25.53,26.3,2518601,65685382.0
2016-05-27,26.08,26.41,26.08,26.15,1645203,43194876.0
2016-05-30,26.1,26.1,25.37,25.7,1610983,41464098.0
2016-05-31,25.81,27.16,25.71,27.13,3932042,105149750.0
2016-06-01,27.19,27.49,27.01,27.28,3192097,87187656.0
2016-06-02,27.25,29.1,27.1,28.91,7578603,214883383.0
2016-06-03,28.91,31.8,28.6,31.8,14437675,441200853.0
2016-06-06,31.72,31.99,30.58,31.09,10035607,312818261.0
2016-06-07,30.95,31.56,30.66,31.21,8401734,261045306.0
2016-06-08,31.0,32.74,30.84,31.2,11139944,353776819.0
2016-06-13,30.31,30.31,28.08,28.08,8437753,248060907.0
2016-06-14,27.56,28.45,27.55,28.42,4231356,118399534.0
2016-06-15,27.97,30.88,27.8,29.93,7505735,222750803.0
2016-06-16,29.78,30.97,29.71,30.76,7939546,242462788.0
2016-06-17,31.0,31.78,30.18,31.55,7790799,240734480.0
2016-06-20,31.26,32.2,30.74,31.44,6150425,193876861.0
2016-06-21,31.52,32.69,30.06,30.42,7637096,241771127.0
2016-06-22,30.06,31.65,30.0,31.58,6286860,194173916.0
2016-06-23,31.62,32.15,31.1,31.37,5297995,167342641.0
2016-06-24,31.2,31.41,29.55,30.39,6478663,198310666.0
2016-06-27,30.15,33.18,30.15,32.79,9191009,294506690.0
2016-06-28,32.4,33.15,32.21,32.74,6320552,206282625.0
2016-06-29,32.89,33.0,32.25,32.97,5228369,170408103.0
2016-06-30,32.89,32.9,32.24,32.42,4172407,135486027.0
2016-07-01,32.39,32.59,31.58,31.87,4401603,141284675.0
2016-07-04,31.45,32.58,31.35,32.53,4544396,146698790.0
2016-07-05,32.57,32.98,31.8,32.02,5044491,162628610.0
2016-07-06,31.83,32.51,31.74,32.05,3809464,122187758.0
2016-07-07,31.9,32.1,31.36,31.74,4391043,138965366.0
2016-07-08,31.74,32.97,31.6,32.11,5707562,184943562.0
2016-07-11,31.86,34.68,31.86,33.41,10741161,356886818.0
2016-07-12,33.2,33.83,32.36,33.68,6616117,219264707.0
2016-07-13,33.88,33.97,33.11,33.38,4510816,150966774.0
2016-07-14,33.68,33.8,33.1,33.69,3979341,133001094.00000001
2016-07-15,33.7,33.76,32.77,33.05,5214864,172701340.0
2016-07-18,33.25,33.26,32.38,33.01,2919310,95737636.0
2016-07-19,32.83,33.48,32.62,33.43,3087097,102078505.0
2016-07-20,33.5,33.58,33.0,33.13,2327660,77611991.0
2016-07-21,33.09,33.43,32.7,32.9,2586042,85513453.0
2016-07-22,32.95,33.15,32.27,32.38,2074838,68000900.0
2016-07-25,32.13,32.27,30.98,31.15,4371317,138145301.0
2016-07-26,31.36,31.83,31.25,31.6,2069494,65333300.0
2016-07-27,31.65,31.88,28.44,29.67,4683580,141629949.0
2016-07-28,29.8,30.66,28.89,30.52,3117859,92741825.0
2016-07-29,30.8,31.74,30.67,30.87,3966720,124008159.0
2016-08-01,30.29,31.23,29.82,31.07,2319064,70654121.0
2016-08-02,31.05,31.3,30.7,31.27,1925353,59824682.0
2016-08-03,31.27,31.34,30.41,30.67,2326733,71892907.0
2016-08-04,30.8,31.43,30.65,31.26,2412400,75170993.0
2016-08-05,31.25,31.88,31.05,31.28,2840457,89747377.0
2016-08-08,30.98,32.06,30.96,32.01,2944875,93276122.0
2016-08-09,32.0,32.32,31.71,32.24,2504269,80167425.0
2016-08-10,32.24,33.15,32.0,32.69,5813785,189843185.0
2016-08-11,32.4,32.64,31.75,31.79,2384377,76774246.0
2016-08-12,31.86,32.28,31.74,32.24,1884403,60402693.0
2016-08-15,32.28,34.2,32.28,33.73,7563132,251847752.0
2016-08-16,33.75,34.69,33.49,34.33,6039234,206031253.0
2016-08-17,34.09,35.7,33.3,35.42,7730255,265747053.0
2016-08-18,34.98,35.78,34.69,34.71,4785747,168498607.0
2016-08-19,34.74,35.22,34.37,34.59,3512807,121997294.0
2016-08-22,34.7,34.7,33.6,33.76,2835104,96541238.0
2016-08-23,33.72,34.66,33.63,34.29,2696157,92213689.0
2016-08-24,34.45,34.74,34.2,34.28,2671269,92235380.0
2016-08-25,33.99,34.94,33.3,34.81,3461999,118854350.0
2016-08-26,35.0,35.17,34.2,34.26,2545031,88454346.0
2016-08-29,33.8,34.22,33.61,33.85,2240698,75844409.0
2016-08-30,33.83,34.16,33.62,33.66,1809734,61345778.0
2016-08-31,33.56,34.0,33.5,33.84,1637435,55381777.0
2016-09-01,33.83,35.09,33.53,34.38,4163759,143535775.0
2016-09-02,34.32,35.1,34.31,34.76,4088219,142039567.0
2016-09-05,34.77,35.49,34.51,35.35,3263450,114473894.0
2016-09-06,35.35,36.22,34.7,36.19,4105189,145819412.0
2016-09-07,36.16,36.38,35.59,35.63,2885221,103801704.0
2016-09-08,35.95,35.95,35.01,35.58,2003150,70795115.0
2016-09-09,35.65,36.1,33.5,33.67,5511065,191249173.0
2016-09-12,33.15,33.64,32.9,33.12,2733060,90794287.0
2016-09-13,33.23,33.73,32.3,32.58,3545204,116771835.0
2016-09-14,32.25,32.9,32.25,32.66,1552568,50716259.0
2016-09-19,32.8,34.81,32.69,34.75,4374916,149083099.0
2016-09-20,34.68,35.93,34.49,34.99,4598356,162686212.0
2016-09-21,35.1,35.48,34.61,35.0,2052305,71962343.0
2016-09-22,35.17,35.8,35.02,35.46,1928312,68269762.0
2016-09-23,35.46,35.6,34.2,34.42,1953653,67987693.0
2016-09-26,34.51,34.8,33.51,33.55,1726193,58885128.0
2016-09-27,33.47,33.79,32.9,33.68,1845061,61570935.0
2016-09-28,33.72,34.39,33.39,34.19,1488272,50612528.0
2016-09-29,34.19,34.75,34.04,34.52,1394596,47960882.0
2016-09-30,34.59,35.1,34.23,34.92,1445486,50406791.0
2016-10-10,35.38,35.49,34.7,35.09,2423201,84985220.0
2016-10-11,35.0,36.2,35.0,36.19,4303340,154260923.0
2016-10-12,36.0,36.58,35.66,36.5,3359090,121301763.0
2016-10-13,36.2,36.98,35.68,35.81,3561607,129090465.0
2016-10-14,35.95,36.16,35.5,36.1,2252991,80981877.0
2016-10-17,36.27,36.27,35.3,35.55,2616091,93553785.0
2016-10-18,35.54,37.23,35.45,37.17,3894708,142324861.0
2016-10-19,37.19,37.2,36.39,37.17,3525806,129810080.0
2016-10-20,36.89,37.7,36.81,36.86,1997381,74184680.0
2016-10-21,36.7,36.97,35.55,36.45,2114239,76561645.0
2016-10-24,36.21,37.18,36.21,37.0,2083973,76861507.0
2016-10-25,36.86,37.09,36.27,36.36,2421647,88442707.0
2016-10-26,36.58,36.58,35.6,35.91,2097610,75253186.0
2016-10-27,35.91,36.18,35.68,35.94,1062772,38151833.0
2016-10-28,35.98,36.13,35.28,35.29,2375635,84492303.0
2016-10-31,35.1,35.75,35.07,35.68,1638348,58069174.0
2016-11-01,35.65,37.57,35.46,37.42,5125380,189340257.0
2016-11-02,37.2,38.02,36.91,37.43,4013235,150810348.0
2016-11-03,37.3,37.59,36.81,36.96,3255063,121069572.0
2016-11-04,37.27,37.95,36.6,36.79,3402865,126891117.0
2016-11-07,36.61,38.0,36.41,37.99,3557236,133132154.00000001
2016-11-08,38.15,38.17,37.36,38.01,3364023,127317932.0
2016-11-09,38.02,38.02,36.71,37.18,2599107,96812597.0
2016-11-10,37.52,38.1,37.17,37.84,3243257,122586687.0
2016-11-11,37.66,38.93,37.23,38.72,4286960,164207572.0
2016-11-14,38.5,39.35,38.38,38.53,3739853,145372044.0
2016-11-15,38.49,39.3,38.03,38.11,2614612,100608021.0
2016-11-16,38.35,38.48,37.85,38.16,1508535,57502715.0
2016-11-17,38.06,38.19,37.28,37.5,2159379,81136386.0
2016-11-18,37.39,38.08,37.36,37.77,1317840,49811816.0
2016-11-21,37.75,38.8,37.34,38.79,2923854,112357989.0
2016-11-22,38.78,38.97,38.37,38.53,2270347,87645628.0
2016-11-23,38.49,39.36,38.44,39.33,2576349,100173476.0
2016-11-24,39.28,39.87,38.7,39.18,2533734,99633638.0
2016-11-25,38.8,39.18,37.85,38.91,1931436,74398319.0
2016-11-28,38.98,38.98,38.27,38.39,1695850,65367713.0
2016-11-29,38.3,38.47,37.42,37.46,2406800,91127000.0
2016-11-30,37.47,37.97,37.4,37.81,3221668,121417339.0
2016-12-01,37.94,37.94,36.29,37.0,4027266,148615140.0
2016-12-02,36.9,37.28,36.07,36.5,2411504,88203007.0
2016-12-05,36.06,36.9,36.02,36.56,1022082,37349147.0
2016-12-06,36.66,36.86,36.37,36.78,880503,32222595.0
2016-12-07,36.72,36.83,36.1,36.66,1301825,47457217.0
2016-12-08,36.47,36.99,36.38,36.48,1017608,37360852.0
2016-12-09,36.38,36.57,35.37,35.68,2057943,73670687.0
2016-12-12,35.45,35.88,34.6,35.3,2597613,91296757.0
2016-12-13,35.16,35.76,34.6,35.3,1269139,44685245.0
2016-12-14,35.31,35.43,34.22,34.26,1270564,44206586.0
2016-12-15,33.66,35.09,33.66,34.71,1949067,67308924.0
2016-12-16,34.4,35.05,34.4,34.83,809293,28145873.0
2016-12-19,34.9,35.9,34.67,35.8,1538358,54174768.0
2016-12-20,35.96,36.25,35.6,35.82,959427,34426551.0
2016-12-21,35.82,36.04,35.69,35.94,648363,23228565.0
2016-12-22,35.9,36.01,35.6,35.86,640298,22951090.0
2016-12-23,35.85,35.85,35.03,35.07,502800,17858927.0
2016-12-26,35.05,35.97,34.96,35.86,856074,30335364.0
2016-12-27,35.86,36.19,35.53,36.14,819896,29529110.0
2016-12-28,36.02,36.4,35.83,35.91,808437,29186037.0
2016-12-29,35.76,36.41,35.75,36.28,778609,28152331.0
2016-12-30,36.12,37.14,36.12,36.81,1156250,42451722.0
2017-01-03,36.81,37.5,36.67,37.28,1037882,38571241.0
2017-01-04,37.3,37.46,37.01,37.4,1072521,39978179.0
2017-01-05,37.24,37.24,36.32,36.42,1300856,47743860.0
2017-01-06,36.33,36.72,35.52,35.97,1447000,51982171.0
2017-01-09,35.95,36.48,35.8,36.15,770495,27854968.0
2017-01-10,36.1,36.7,35.93,36.45,825522,30158643.0
2017-01-11,36.4,36.66,36.11,36.31,501635,18254706.0
2017-01-12,36.3,36.7,36.16,36.34,537941,19593625.0
2017-01-13,36.1,36.19,34.0,34.7,1760278,61143340.0
2017-01-16,34.3,34.55,32.3,32.98,1905927,63192847.0
2017-01-17,32.99,33.18,31.33,32.48,1968727,63149551.0
2017-01-18,32.36,33.95,31.99,33.72,1945009,64550776.0
2017-01-19,33.36,33.66,32.64,32.67,920715,30528654.0
2017-01-20,32.6,33.57,32.6,33.49,565704,18871213.0
2017-01-23,33.66,34.0,33.38,33.64,341512,11530603.0
2017-01-24,33.74,34.14,32.92,33.03,563423,18703436.0
2017-01-25,32.86,33.34,32.77,33.02,670620,22132218.0
2017-01-26,33.19,33.67,32.93,33.56,667890,22266905.0
2017-02-03,33.75,33.98,33.22,33.58,355553,11934895.0
2017-02-06,33.5,33.9,32.83,33.33,1384910,45854762.0
2017-02-07,33.03,33.2,32.6,32.71,1068611,35144996.0
2017-02-08,32.73,33.16,32.6,33.1,957181,31506351.0
2017-02-09,33.1,33.3,32.9,33.04,1304760,43110403.0
2017-02-10,32.93,33.19,32.5,32.74,1098989,36056973.0
2017-02-13,32.74,32.78,32.3,32.63,1962732,63879402.0
2017-02-14,32.7,33.04,32.28,32.43,2397487,78433330.0
2017-02-15,32.43,32.71,32.28,32.42,1669061,54299227.0
2017-02-16,32.41,32.61,32.19,32.29,1463588,47405611.0
2017-02-17,32.4,32.74,32.2,32.39,1505890,48845061.0
2017-02-20,32.42,33.09,32.35,33.01,1974261,64613322.0
2017-02-21,33.07,33.69,32.82,33.42,2327771,77296657.0
2017-02-22,33.41,35.12,33.31,34.81,4676220,161083401.0
2017-02-23,34.8,34.98,34.41,34.82,2212124,76742125.0
2017-02-24,34.7,35.8,34.54,35.64,1888381,66487384.99999999
2017-02-27,35.5,36.05,34.78,34.91,1967883,69266757.0
2017-02-28,34.85,35.11,34.56,34.85,729043,25361582.0
2017-03-01,34.81,34.98,34.26,34.65,1150802,39870429.0
2017-03-02,34.66,34.66,34.0,34.21,874174,29961000.0
2017-03-03,34.05,35.09,33.88,34.87,1495628,51768866.0
2017-03-06,34.8,36.6,34.67,36.27,2287596,82701491.0
2017-03-07,36.1,36.16,35.7,35.78,1012589,36327595.0
2017-03-08,35.76,36.0,35.29,35.33,912994,32365982.0
2017-03-09,35.49,35.49,34.9,34.96,708699,24826146.0
2017-03-10,34.82,36.0,34.82,35.96,2217480,79008766.0
2017-03-13,35.88,36.32,35.52,35.99,1575138,56695906.0
2017-03-14,35.84,37.01,35.84,36.85,2850084,104528588.0
2017-03-15,36.64,36.91,36.25,36.63,1036252,37804060.0
2017-03-16,36.8,36.8,36.28,36.62,1597368,58381903.0
2017-03-17,36.75,37.1,36.4,36.41,2042063,75055978.0
2017-03-20,36.3,36.94,35.97,36.35,1556109,56669579.0
2017-03-21,36.4,36.5,35.97,36.17,971156,35143383.0
2017-03-22,36.0,36.37,35.3,36.23,1849807,66166674.0
2017-03-23,36.09,36.68,36.06,36.5,2537190,92479810.0
2017-03-24,36.49,38.28,36.4,37.83,4868770,182943671.0
2017-03-27,37.77,38.18,37.54,37.72,1770163,66860341.0
2017-03-28,37.61,38.18,37.3,37.93,1417172,53304064.0
2017-03-29,37.89,37.99,37.0,37.06,1013743,38092577.0
2017-03-30,37.06,37.06,36.38,36.45,1187547,43460656.0
2017-03-31,36.5,37.38,36.4,36.69,1437047,53113305.0
2017-04-05,36.79,38.06,36.21,38.02,2593269,96866435.0
2017-04-06,37.83,38.26,37.38,38.14,2107022,79807985.0
2017-04-07,38.0,38.01,37.5,37.66,982656,37016757.0
2017-04-10,37.67,38.23,36.95,37.01,1343809,50631880.0
2017-04-11,36.78,37.08,35.11,36.5,3359448,120811936.0
2017-04-12,36.18,36.4,35.61,35.76,1144236,41160521.0
2017-04-13,35.55,36.21,35.54,35.86,940438,33837564.0
2017-04-14,36.0,36.1,35.48,35.91,931720,33351531.000000004
2017-04-17,35.93,36.69,35.06,35.31,1260494,45089511.0
2017-04-18,35.74,35.75,34.5,35.27,1220648,42873119.0
2017-04-19,35.0,35.73,34.46,34.89,1285002,45163573.0
2017-04-20,34.74,35.5,34.74,34.93,1057500,37089232.0
2017-04-21,34.91,35.5,34.82,35.2,516327,18195205.0
2017-04-24,35.2,35.55,34.77,35.46,1325440,46583111.0
2017-04-25,35.46,36.41,35.27,36.38,2375677,85473149.0
2017-04-26,36.3,36.93,35.9,36.09,1561738,56962559.0
2017-04-27,35.98,36.98,35.98,36.84,2937544,107716949.0
2017-04-28,36.82,36.96,36.5,36.89,1019678,37509546.0
2017-05-02,36.93,38.69,36.88,38.46,4239587,162072878.0
2017-05-03,38.46,38.65,37.91,38.24,2739932,104684090.0
2017-05-04,38.21,39.38,37.62,38.25,2843940,109989602.0
2017-05-05,38.21,38.79,37.7,38.61,2054624,78827366.0
2017-05-08,38.53,38.88,37.48,38.05,2630952,99607436.0
2017-05-09,37.61,37.98,36.5,37.59,1877400,69637643.0
2017-05-10,37.5,39.2,37.4,38.51,2740013,105752229.0
2017-05-11,37.43,39.5,37.2,39.26,2901422,112818603.0
2017-05-12,39.25,40.5,39.01,39.26,3029161,120881660.0
2017-05-15,39.51,40.09,38.83,39.98,1800489,71521719.0
2017-05-16,39.71,40.48,39.11,40.23,1883054,75277777.0
2017-05-17,40.34,40.68,38.82,38.88,2332473,92148331.0
2017-05-18,38.51,39.3,38.33,38.6,1926805,74595851.0
2017-05-19,38.6,39.18,38.21,38.64,1304265,50455909.0
2017-05-22,38.2,39.3,38.01,38.29,1311918,50622932.0
2017-05-23,38.3,38.47,36.0,36.43,3444974,127767705.0
2017-05-24,36.0,36.96,35.63,36.64,1334101,48624383.0
2017-05-25,36.36,36.88,35.7,36.7,1334838,48598330.0
2017-05-26,36.7,37.48,36.4,37.13,1892307,70076320.0
2017-05-31,37.5,37.75,37.02,37.36,1292219,48378884.0
2017-06-01,37.23,37.36,36.58,36.89,1390685,51350747.0
2017-06-02,36.79,36.8,35.1,36.36,2135093,76677495.0
2017-06-05,35.6,36.58,35.21,36.39,1583345,57422233.0
2017-06-06,36.48,36.63,36.21,36.39,1312348,47833910.0
2017-06-07,36.46,37.44,36.0,37.4,1342918,49596385.0
2017-06-08,37.43,37.55,36.96,37.0,1429444,53311536.0
2017-06-09,37.0,37.68,36.46,37.62,1454456,53816183.0
2017-06-12,37.62,37.91,37.27,37.73,1265114,47502282.0
2017-06-13,37.73,38.74,37.44,38.69,2107045,80026148.0
2017-06-14,38.94,38.94,38.03,38.23,1571474,60115593.0
2017-06-15,38.23,38.5,38.1,38.39,1340551,51311572.0
2017-06-16,38.42,38.7,38.07,38.37,1086521,41676892.0
2017-06-19,38.42,38.69,38.2,38.33,1294003,49744779.0
2017-06-20,38.32,38.38,37.69,38.07,1985237,75322593.0
2017-06-21,38.18,39.12,37.91,39.08,2024549,78461722.0
2017-06-22,39.0,39.48,37.77,37.8,1769390,68526592.0
2017-06-23,37.76,38.37,37.51,38.36,1243878,47346601.0
2017-06-26,38.35,39.8,38.3,39.44,2022112,79298297.0
2017-06-27,39.34,39.79,39.02,39.54,1551199,61100174.0
2017-06-28,39.3,40.38,39.23,39.88,1646748,65835301.00000001
2017-06-29,39.9,40.01,39.42,39.96,938534,37274960.0
2017-06-30,39.82,39.82,39.1,39.24,958507,37695536.0
2017-07-03,39.24,40.68,39.23,40.55,2091794,83991840.0
2017-07-04,40.66,40.97,40.03,40.53,1291172,52073033.0
2017-07-05,40.6,40.61,39.95,40.27,888138,35691993.0
2017-07-06,40.35,40.4,39.51,39.72,1615505,64435322.0
2017-07-07,39.6,39.91,39.5,39.86,930611,36963663.0
2017-07-10,39.85,39.85,38.4,38.7,1705197,66270257.0
2017-07-11,38.56,38.85,37.66,38.0,1590794,60865143.0
2017-07-12,37.8,38.76,37.8,38.69,919400,35285727.0
2017-07-13,38.7,38.7,38.08,38.21,687734,26363910.0
2017-07-14,38.01,38.34,37.31,37.32,1698141,64044033.0
2017-07-17,37.1,37.86,36.0,36.38,1823435,67414436.0
2017-07-18,36.45,37.29,36.45,37.2,1154276,42754287.0
2017-07-19,36.98,37.35,36.83,37.3,1649724,61093976.0
2017-07-20,37.06,38.12,37.04,37.82,1257638,47487199.0
2017-07-21,37.75,38.13,37.39,37.95,889350,33597566.0
2017-07-24,37.91,38.0,36.43,36.97,3070897,113670711.0
2017-07-25,36.76,37.0,36.53,36.64,2636240,96749704.0
2017-07-26,36.6,36.92,36.1,36.34,1107122,40365180.0
2017-07-27,36.28,37.57,36.16,37.25,1289587,47760835.0
2017-07-28,37.3,37.78,37.06,37.35,840069,31457350.0
2017-07-31,37.5,37.54,36.96,37.25,1165695,43455149.0
2017-08-01,37.44,37.44,36.9,36.91,1153142,42720526.0
2017-08-02,36.9,37.09,36.45,36.7,1343244,49398137.0
2017-08-03,36.9,36.9,35.84,35.86,2098849,76147270.0
2017-08-04,35.68,36.5,35.61,36.09,2041900,73954914.0
2017-08-07,36.15,36.66,35.74,36.16,1591151,57606140.0
2017-08-08,36.0,36.58,35.9,36.5,870888,31562039.0
2017-08-09,36.45,36.55,36.03,36.2,739761,26776058.0
2017-08-10,36.2,36.27,35.45,35.55,1648650,58927277.0
2017-08-11,35.26,35.5,34.6,34.95,1933383,67707609.0
2017-08-14,35.1,35.62,34.68,35.6,1316208,46462719.0
2017-08-15,35.6,36.3,35.6,35.74,1562235,55952825.0
2017-08-16,35.61,37.37,35.61,36.56,1983891,72783750.0
2017-08-17,36.6,36.84,35.82,36.25,1787924,64600815.0
2017-08-18,36.01,36.62,36.01,36.53,1124311,40855436.0
2017-08-21,36.37,36.88,36.22,36.81,1348085,49184327.0
2017-08-22,36.39,36.42,35.33,35.85,2732909,97547861.0
2017-08-23,35.61,35.61,34.6,34.64,2563294,89493346.0
2017-08-24,34.74,35.26,34.68,35.12,1410728,49424507.0
2017-08-25,35.13,35.38,35.1,35.3,885981,31257366.0
2017-08-28,35.2,35.53,35.06,35.36,1371382,48435479.0
2017-08-29,35.36,35.48,34.4,34.65,2798723,97671201.0
2017-08-30,34.81,35.6,34.58,35.35,2354753,82686372.0
2017-08-31,35.19,35.6,35.19,35.29,902150,31938439.0
2017-09-01,35.47,35.97,35.29,35.71,2155637,76717405.0
2017-09-04,35.55,36.16,35.55,36.12,1868003,67181819.0
2017-09-05,36.2,37.06,35.83,36.82,3690045,135331463.0
2017-09-06,36.8,36.84,36.42,36.79,1572611,57663789.0
2017-09-07,36.61,36.94,36.48,36.52,1071050,39368970.0
2017-09-08,36.52,36.93,36.08,36.32,1547134,56335409.0
2017-09-11,36.32,37.75,36.16,36.93,2184002,81010009.0
2017-09-12,36.9,37.78,36.8,37.51,1932953,72491827.0
2017-09-13,37.36,37.75,37.28,37.65,1106664,41517100.0
2017-09-14,37.64,37.9,37.0,37.19,1013499,37964078.0
2017-09-15,37.07,37.38,36.3,36.48,1565950,57293729.0
2017-09-18,36.43,37.8,36.27,37.79,1633842,61255795.0
2017-09-19,37.79,37.79,37.37,37.58,1049050,39365249.0
2017-09-20,37.58,37.97,37.4,37.68,938193,35350499.0
2017-09-21,37.7,37.89,36.97,37.0,1406112,52767167.0
2017-09-22,37.0,37.28,36.63,37.16,708730,26092882.0
2017-09-25,37.21,37.21,35.7,35.77,2209210,79908166.0
2017-09-26,35.95,36.21,35.56,35.89,1316900,47178225.0
2017-09-27,35.94,36.2,35.83,36.04,575163,20719746.0
2017-09-28,36.11,36.5,35.8,36.03,1155848,41803317.0
2017-09-29,35.99,36.63,35.98,36.59,789084,28736912.0
2017-10-09,36.96,37.1,36.04,36.24,1434795,52070799.0
2017-10-10,36.5,36.98,36.02,36.73,867043,31613066.0
2017-10-11,36.58,37.18,36.43,36.9,1512357,55782983.0
2017-10-12,36.9,37.46,36.42,37.42,2048101,75562093.0
2017-10-13,37.52,37.52,36.9,37.22,1164683,43151416.0
2017-10-16,37.21,37.21,35.93,36.25,1476814,53810871.0
2017-10-17,36.3,36.45,35.95,36.04,869570,31471092.0
2017-10-18,36.0,36.55,36.0,36.31,896250,32598042.0
2017-10-19,36.11,36.5,36.11,36.19,753800,27416882.0
2017-10-20,36.2,36.24,35.89,36.16,542166,19532295.0
2017-10-23,36.16,37.58,36.01,37.54,1736925,64375212.0
2017-10-24,37.3,37.5,36.7,37.21,1448120,53659696.0
2017-10-25,36.96,38.09,36.91,37.83,1635507,61830179.0
2017-10-26,37.82,38.15,37.62,37.67,1125050,42651002.0
2017-10-27,37.73,38.05,37.58,37.98,960255,36355519.0
2017-10-30,37.98,38.09,36.5,37.85,1226039,45853992.0
2017-10-31,37.85,38.14,37.28,37.82,1268140,47689234.0
2017-11-01,38.02,38.79,37.81,37.82,1892172,72325185.0
2017-11-02,37.71,37.88,37.11,37.82,1450400,54421332.0
2017-11-03,37.86,38.09,36.6,36.98,2151144,80034549.0
2017-11-06,37.12,39.27,36.81,39.19,3063733,117759959.0
2017-11-07,39.15,39.88,38.82,39.44,2700476,106230051.0
2017-11-08,39.7,40.5,39.35,39.49,2806283,111965588.0
2017-11-09,39.8,40.28,39.4,40.15,1760284,70055889.0
2017-11-10,40.28,40.3,39.65,39.98,2514942,100696345.0
2017-11-13,40.0,40.2,39.19,39.42,2727007,107801944.0
2017-11-14,39.35,41.5,39.3,40.72,4589136,187052693.0
2017-11-15,40.53,40.9,38.8,39.23,2968921,118148011.0
2017-11-16,39.4,39.8,38.57,39.47,3356801,131254057.0
2017-11-17,39.49,40.53,38.68,38.8,3114312,123641868.0
2017-11-20,38.6,41.88,37.57,41.59,5025957,198125739.0
2017-11-21,41.59,41.88,41.1,41.56,3208482,133106470.0
2017-11-22,41.6,42.69,40.76,41.37,3111543,129323019.0
2017-11-23,41.35,42.58,40.35,40.43,3505212,146142837.0
2017-11-24,40.22,41.21,39.5,40.27,1757714,71075210.0
2017-11-27,40.02,40.25,38.0,38.1,2743972,107412874.0
2017-11-28,38.1,38.91,38.1,38.58,1475875,56836882.0
2017-11-29,38.51,38.74,37.6,38.34,1966859,74965509.0
2017-11-30,38.28,39.0,38.13,38.76,1368620,52816224.0
2017-12-01,38.51,39.18,38.51,38.79,900695,35032471.0
2017-12-04,38.8,39.0,37.83,38.37,1471883,56489812.0
2017-12-05,38.3,38.44,36.63,36.97,1792868,66850729.00000001
2017-12-06,36.98,37.6,36.5,37.34,1041780,38746321.0
2017-12-07,37.27,37.67,36.75,36.77,1391049,51730835.0
2017-12-08,36.77,37.41,36.5,37.06,701420,26049788.0
2017-12-11,37.0,38.18,37.0,38.03,1386173,52204452.0
2017-12-12,38.05,38.55,37.59,37.95,1749200,66368560.0
2017-12-13,38.2,38.2,37.29,37.73,1426246,53691669.0
2017-12-14,37.54,37.6,36.57,36.94,1374556,50795250.0
2017-12-15,36.95,37.13,36.6,36.97,557000,20524335.0
2017-12-18,36.85,37.19,35.7,35.81,961450,35048861.0
2017-12-19,35.7,36.37,35.5,36.25,1274800,46041821.0
2017-12-20,36.25,36.51,36.02,36.18,664452,24081208.0
2017-12-21,36.0,37.08,35.95,36.92,775110,28454980.0
2017-12-22,36.95,37.09,36.6,36.96,492700,18189118.0
2017-12-25,36.96,37.57,36.01,37.49,1503483,55447939.0
2017-12-26,37.71,38.88,37.6,38.37,2614963,100364185.0
2017-12-27,38.03,38.18,37.5,37.54,1202913,45566687.0
2017-12-28,37.53,38.16,37.12,37.79,1115531,42159320.0
2017-12-29,37.91,38.51,37.6,38.42,1888661,72233828.0
2018-01-02,38.49,38.99,37.8,38.21,1725082,65648244.00000001
2018-01-03,38.3,38.88,37.7,38.81,1805300,69468080.0
2018-01-04,38.8,39.49,38.36,38.86,1916296,74360563.0
2018-01-05,38.99,39.3,38.37,38.53,1030070,39871912.0
2018-01-08,38.51,38.88,38.25,38.87,1449370,55814599.0
2018-01-09,38.99,40.18,38.99,39.84,2115982,84207106.0
2018-01-10,40.5,43.82,40.03,43.82,8016196,345952253.0
2018-01-11,43.0,43.0,41.63,41.83,6077260,256329007.0
2018-01-12,42.3,42.99,41.35,41.6,4481762,189592405.0
2018-01-15,41.8,41.87,39.01,39.22,4374687,175138200.0
2018-01-16,39.15,39.54,38.26,38.75,3132700,121942564.0
2018-01-17,38.42,38.72,37.28,38.24,3340332,126875142.0
2018-01-18,38.25,38.3,37.72,37.8,1809469,68673163.0
2018-01-19,37.63,38.3,37.5,37.53,1666507,62986099.0
2018-01-22,37.49,37.5,36.6,37.18,2281371,84610025.0
2018-01-23,37.45,38.2,37.08,37.86,2042712,76658060.0
2018-01-24,38.23,38.27,37.46,37.58,2579328,97367700.0
2018-01-25,37.2,37.6,36.62,37.34,2834157,104857869.0
2018-01-26,37.32,37.68,36.93,37.08,1434073,53454944.0
2018-01-29,37.4,37.4,36.48,37.23,1277021,47255012.0
2018-01-30,37.15,37.88,36.99,37.36,791943,29650172.0
2018-01-31,37.2,37.58,36.03,36.49,1931617,70773110.0
2018-02-01,36.78,36.78,32.84,33.91,5003881,170119689.0
2018-02-02,33.5,35.16,31.88,34.41,1789258,61136817.0
2018-02-05,34.0,34.85,32.97,34.55,595050,20442687.0
2018-02-06,33.52,34.58,33.18,33.7,1278202,43527770.0
2018-02-07,34.38,34.38,31.78,32.51,1398414,45952950.0
2018-02-08,32.3,33.45,32.3,32.83,1002308,33095086.000000004
2018-02-09,31.88,33.77,31.8,32.67,1465850,48664091.0
2018-02-12,32.67,33.91,32.67,33.8,806157,26975891.0
2018-02-13,33.81,34.29,33.12,33.4,707477,23866119.0
2018-02-14,33.7,34.04,33.0,33.2,806050,26876282.0
2018-02-22,33.35,34.73,33.21,34.35,904920,30945810.0
2018-02-23,34.01,35.54,34.0,35.4,1273088,44597669.0
2018-02-26,35.76,36.27,35.11,36.06,994300,35614361.0
2018-02-27,36.05,36.87,35.71,36.59,1400300,51236870.0
2018-02-28,36.32,37.55,35.78,37.38,1212958,44914495.0
2018-03-01,37.29,37.73,36.61,37.24,1393825,51793793.0
2018-03-02,36.8,36.95,36.15,36.28,875210,31888763.0
2018-03-05,36.34,36.68,36.21,36.4,383000,13928249.0
2018-03-06,36.45,37.96,36.45,37.53,1120250,41922398.0
2018-03-07,37.59,37.95,37.09,37.1,399900,14978690.0
2018-03-08,37.01,37.47,36.62,36.9,431700,15899251.0
2018-03-09,36.9,37.65,36.66,37.23,908267,33827255.0
2018-03-12,37.28,38.56,37.28,38.54,1636056,62360146.0
2018-03-13,38.94,38.94,37.83,38.0,921062,35214637.0
2018-03-14,38.21,38.5,37.56,37.68,591837,22448502.0
2018-03-15,37.6,37.95,36.92,37.29,535000,19918670.0
2018-03-16,37.39,38.3,37.38,37.85,802850,30463987.0
2018-03-19,37.36,38.58,37.36,38.12,907550,34659192.0
2018-03-20,36.9,38.55,36.9,38.35,814816,31193277.0
2018-03-21,38.35,39.34,38.2,38.28,1081350,41997583.0
2018-03-22,39.3,39.3,37.28,37.42,797124,30268214.0
2018-03-23,35.01,37.69,35.01,36.52,1910821,70039798.0
2018-03-26,36.5,36.98,35.49,36.6,689617,25165595.0
2018-03-27,36.8,38.65,36.8,38.5,1521266,58119203.0
2018-03-28,38.22,39.4,37.9,38.85,1489000,58006185.0
2018-03-29,39.0,39.4,38.01,38.59,1228350,47375487.0
2018-03-30,38.85,39.46,38.6,39.35,1030281,40192633.0
2018-04-02,39.94,42.94,39.64,41.04,3081317,126764563.0
2018-04-03,40.9,41.1,39.8,40.23,1341450,54257060.0
2018-04-04,40.5,40.5,39.66,40.05,952408,38100894.0
2018-04-09,40.05,40.6,39.08,40.37,1069785,42678118.0
2018-04-10,40.2,40.77,38.68,39.97,1643915,65326824.0
2018-04-11,39.6,40.15,39.29,39.76,1063800,42370670.0
2018-04-12,40.09,40.96,39.02,39.65,1036915,41515282.0
2018-04-13,39.2,39.98,39.02,39.47,710571,27990385.0
2018-04-16,39.39,40.58,38.8,39.47,1258290,50047461.0
2018-04-17,39.97,40.92,39.01,39.12,2210130,88431488.0
2018-04-18,39.21,39.21,35.21,37.49,2610033,98267343.0
2018-04-19,37.22,38.49,37.2,37.73,1571597,59690564.0
2018-04-20,37.0,37.97,35.81,36.15,1552046,57138439.0
2018-04-23,35.61,36.66,34.91,35.57,1423020,50841157.0
2018-04-24,35.9,36.58,35.45,36.55,934451,33868417.0
2018-04-25,36.49,36.85,36.33,36.64,893995,32702300.0
2018-04-26,36.22,36.62,35.1,35.17,1337438,47534778.0
2018-04-27,35.16,35.7,35.16,35.64,1066460,37769489.0
2018-05-02,35.1,35.1,32.83,33.38,3323974,111577341.0
2018-05-03,33.56,36.72,33.5,36.72,3068487,109418032.0
2018-05-04,36.97,37.0,36.0,36.04,2362288,86383790.0
2018-05-07,36.05,37.96,36.05,37.21,2105828,78893975.0
2018-05-08,37.86,37.99,36.93,37.53,1818496,68329009.0
2018-05-09,37.05,37.5,36.58,37.48,2143962,79473693.0
2018-05-10,37.99,38.47,37.55,37.85,2190145,83014286.0
2018-05-11,37.61,37.94,36.5,36.53,2200325,81450791.0
2018-05-14,36.88,37.3,36.38,36.99,1241579,45890783.0
2018-05-15,36.98,37.1,36.01,36.9,1207617,44126349.0
2018-05-16,36.75,37.15,36.37,36.85,940550,34604772.0
2018-05-17,36.85,37.09,36.03,36.19,1046978,38112089.0
2018-05-18,36.2,36.65,35.96,36.38,657361,23856981.0
2018-05-21,36.52,37.37,36.27,36.99,1520400,56307729.0
2018-05-22,37.45,38.21,37.12,37.95,1856300,70045956.0
2018-05-23,37.9,38.04,37.13,37.2,1086876,40797636.0
2018-05-24,37.03,37.54,36.49,36.59,1051452,38836893.0
2018-05-25,36.18,36.43,34.79,35.01,2606682,91847099.0
2018-05-28,35.14,35.28,34.15,34.83,1132699,39276070.0
2018-05-29,34.88,35.75,34.68,35.13,880304,31163839.0
2018-05-30,34.28,34.91,33.54,33.93,1156228,39582288.0
2018-05-31,34.03,34.98,34.03,34.77,1003470,34760423.0
2018-06-01,34.9,35.2,34.33,34.58,763631,26551657.0
2018-06-04,34.88,34.88,33.9,34.22,610050,21001148.0
2018-06-05,34.3,35.25,34.26,35.08,703000,24470167.0
2018-06-06,34.97,35.18,34.4,34.58,686526,23788353.0
2018-06-07,34.87,34.87,34.0,34.54,900873,30842950.0
2018-06-08,34.45,34.45,33.86,34.08,639151,21760727.0
2018-06-11,34.09,34.36,33.58,34.1,427028,14530009.0
2018-06-12,34.28,34.42,33.63,34.09,493072,16814815.0
2018-06-13,34.3,34.67,34.02,34.08,593661,20399509.0
2018-06-14,34.06,34.32,33.63,33.69,629902,21357156.0
2018-06-15,33.93,33.93,32.21,32.57,1443452,47280808.0
2018-06-19,31.8,32.33,29.46,29.58,1438651,44490733.0
2018-06-20,29.58,30.49,29.48,30.45,794306,23919313.0
2018-06-21,30.0,30.87,29.58,29.7,1018871,30647562.0
2018-06-22,28.8,29.79,28.8,29.55,949955,28010922.0
2018-06-25,29.74,30.24,29.74,29.88,636834,19076855.0
2018-06-26,29.8,30.15,29.11,29.91,582981,17288984.0
2018-06-27,29.93,30.54,29.31,29.82,649307,19430804.0
2018-06-28,21.99,22.47,21.2,21.91,559542,12313111.0
2018-06-29,21.42,22.61,21.42,22.47,1387715,30475577.0
2018-07-02,22.45,22.45,21.6,21.91,1243729,27288538.0
2018-07-03,21.85,22.09,21.22,21.4,1852521,39846031.0
2018-07-04,21.4,21.72,21.13,21.28,1028764,22103510.0
2018-07-05,21.11,21.25,19.38,19.56,1972358,39599130.0
2018-07-06,19.35,20.3,19.35,19.6,2460974,49327070.0
2018-07-09,19.52,20.77,19.52,20.54,1670890,34016394.0
2018-07-10,20.87,20.94,20.61,20.79,1173780,24407481.0
2018-07-11,20.64,21.25,20.09,20.72,1356943,27997419.0
2018-07-12,20.72,22.08,20.63,21.8,1726570,37272657.0
2018-07-13,21.32,21.78,21.11,21.73,1546502,33233816.0
2018-07-16,21.41,21.69,20.82,21.05,1489981,31435868.0
2018-07-17,21.05,21.81,20.68,21.64,1156194,24711268.0
2018-07-18,21.6,21.95,21.33,21.51,1244334,26904319.0
2018-07-19,21.6,21.8,21.19,21.32,696820,14935814.0
2018-07-20,21.32,22.18,21.02,21.72,1657624,35962116.0
2018-07-23,21.73,21.97,21.32,21.62,1117776,24213292.0
2018-07-24,21.83,22.7,21.53,22.63,2060589,45623774.0
2018-07-25,23.26,23.81,22.7,23.38,3880182,90756703.0
2018-07-26,23.1,23.31,22.53,22.75,2110379,48305756.0
2018-07-27,23.03,23.58,22.41,22.9,1702845,39213502.0
2018-07-30,22.99,23.02,21.05,21.68,2141915,46994854.0
2018-07-31,21.54,21.86,21.21,21.48,1155290,24831080.0
2018-08-01,21.4,21.8,20.88,20.99,924755,19751214.0
2018-08-02,21.0,21.19,20.05,20.67,1541944,31703822.0
2018-08-03,20.65,20.9,20.08,20.73,1156250,23783304.0
2018-08-06,20.5,20.56,19.87,20.28,1103855,22339168.0
2018-08-07,20.28,20.63,19.73,20.53,1242410,25098371.0
2018-08-08,20.54,20.65,19.9,19.97,1115309,22550541.0
2018-08-09,19.7,20.85,19.7,20.52,1120748,23006086.0
2018-08-10,20.52,20.76,20.45,20.67,544760,11234914.0
2018-08-13,20.59,22.59,20.06,22.17,1933524,41377083.0
2018-08-14,22.2,22.41,21.34,21.56,1309468,28634370.0
2018-08-15,21.59,21.68,21.12,21.2,689609,14682602.0
2018-08-16,20.99,21.73,20.6,21.26,945579,20129427.0
2018-08-17,21.31,21.8,21.31,21.52,1137380,24541124.0
2018-08-20,21.4,22.12,21.4,22.11,926840,20330361.0
2018-08-21,22.02,22.4,21.9,21.9,1032461,22825711.0
2018-08-22,22.0,22.19,21.7,21.71,611639,13369271.0
2018-08-23,21.7,22.1,21.5,21.85,477029,10429902.0
2018-08-24,21.95,22.21,21.72,21.95,377424,8291037.0
2018-08-27,21.96,23.13,21.79,22.18,1114219,24636780.0
2018-08-28,22.22,23.16,22.22,22.78,1764070,40132034.0
2018-08-29,22.79,23.0,22.41,22.8,624365,14197971.0
2018-08-30,22.79,22.89,22.12,22.24,772260,17309857.0
2018-08-31,22.12,22.38,21.75,22.14,625767,13826775.0
2018-09-03,22.21,22.39,21.73,22.05,546676,12016631.0
2018-09-04,22.05,22.96,21.82,22.78,1061501,23957298.0
2018-09-05,22.68,22.86,22.22,22.22,620818,14022093.0
2018-09-06,22.22,22.76,22.01,22.5,769896,17231963.0
2018-09-07,22.77,23.58,22.6,23.22,2371553,55113575.0
2018-09-10,22.92,23.76,22.68,23.3,1305479,30484040.0
2018-09-11,22.93,23.65,22.93,23.4,852835,19926602.0
2018-09-12,23.56,23.56,23.03,23.12,517970,12070189.0
2018-09-13,23.34,23.48,22.92,23.36,565086,13140171.0
2018-09-14,23.35,23.48,22.6,22.79,793873,18201336.0
2018-09-17,22.79,23.46,22.7,23.11,935823,21681317.0
2018-09-18,22.75,23.65,22.68,23.38,662300,15432076.0
2018-09-19,23.38,23.69,23.12,23.35,1414493,33185896.0
2018-09-20,23.19,23.39,22.75,22.89,1103636,25319318.0
2018-09-21,22.8,23.16,22.51,22.89,678481,15495138.0
2018-09-25,22.84,22.84,21.96,21.97,1200855,26608884.0
2018-09-26,22.08,23.83,21.82,23.33,2281290,52168551.0
2018-09-27,23.96,23.96,22.4,22.48,1233840,28265415.0
2018-09-28,22.7,22.99,22.31,22.69,1148308,26072350.0
2018-10-08,22.55,22.55,22.01,22.32,934339,20859765.0
2018-10-09,22.32,22.51,21.5,21.83,881985,19312464.0
2018-10-10,21.88,21.9,21.43,21.54,384682,8303257.0
2018-10-11,20.2,21.45,20.01,21.02,1008074,21028050.0
2018-10-12,20.58,21.5,20.58,21.0,598060,12676798.0
2018-10-15,21.09,21.68,20.72,20.88,279610,5891269.0
2018-10-16,20.43,21.34,20.1,20.3,436395,8945341.0
2018-10-17,20.56,20.88,19.6,20.2,452235,9122593.0
2018-10-18,19.83,20.12,19.43,19.46,505397,9945618.0
2018-10-19,18.93,20.47,18.76,20.21,849808,16839325.0
2018-10-22,20.69,21.66,20.36,21.38,1164851,24673011.0
2018-10-23,21.77,21.77,20.92,21.15,459499,9760223.0
2018-10-24,21.3,21.65,20.42,21.35,538788,11464404.0
2018-10-25,20.9,21.79,20.71,21.78,515327,11035032.0
2018-10-26,22.27,22.33,21.51,21.71,279020,6048822.0
2018-10-29,21.21,21.86,21.18,21.28,289140,6173903.0
2018-10-30,21.4,21.92,21.03,21.8,455486,9865592.0
2018-10-31,22.0,23.3,21.8,22.78,1775126,40392399.0
2018-11-01,23.0,23.43,22.7,22.88,1608156,37215009.0
2018-11-02,23.1,23.95,23.1,23.43,1931273,45547098.0
2018-11-05,23.13,23.78,23.13,23.7,1082940,25463618.0
2018-11-06,23.78,23.79,22.54,22.71,1420900,32490340.0
2018-11-07,22.98,23.34,22.61,22.85,1465110,33510923.000000004
2018-11-08,22.81,23.3,22.11,22.13,1425802,32046729.0
2018-11-09,22.42,23.28,22.1,22.87,1829981,41967447.0
2018-11-12,22.96,22.98,22.3,22.91,1319262,29937301.0
2018-11-13,22.9,22.96,22.33,22.8,1067989,24185422.0
2018-11-14,22.8,23.08,22.51,22.76,892749,20425134.0
2018-11-15,22.76,23.07,22.51,22.89,848130,19365609.0
2018-11-16,22.88,23.06,22.8,22.99,1154561,26506580.0
2018-11-19,22.99,23.08,22.55,22.69,1012456,23046715.0
2018-11-20,22.52,22.91,22.08,22.08,911581,20427386.0
2018-11-21,22.0,22.36,21.0,21.35,2012523,43234590.0
2018-11-22,21.35,21.7,21.18,21.49,807408,17365437.0
2018-11-23,21.49,21.86,21.01,21.01,844133,17910335.0
2018-11-26,21.17,21.28,20.68,20.76,746765,15625110.0
2018-11-27,20.81,21.16,20.7,20.92,481375,10067917.0
2018-11-28,21.0,21.11,20.5,20.92,772827,16056898.0
2018-11-29,20.92,21.28,19.7,19.84,1947349,39247214.0
2018-11-30,19.9,20.43,19.8,20.28,1385621,27843748.0
2018-12-03,20.95,21.53,20.72,21.3,1372867,29158676.0
2018-12-04,21.44,21.91,21.05,21.82,1234650,26678914.0
2018-12-05,21.82,21.99,21.38,21.67,776839,16922013.0
2018-12-06,21.9,22.01,21.46,21.65,577130,12518131.0
2018-12-07,21.65,21.84,21.25,21.33,506620,10876450.0
2018-12-10,21.32,21.63,21.1,21.52,440438,9432309.0
2018-12-11,21.47,21.56,21.2,21.47,358765,7668541.0
2018-12-12,21.55,21.77,21.26,21.72,397150,8577003.0
2018-12-13,21.72,21.74,21.28,21.37,783860,16810531.0
2018-12-14,21.41,21.52,20.88,21.17,530705,11273405.0
2018-12-17,21.15,21.15,20.3,20.34,793725,16341395.0
2018-12-18,20.75,21.37,20.21,21.17,1608115,33407848.0
2018-12-19,20.95,20.95,20.21,20.37,1023850,21030685.0
2018-12-20,20.37,20.72,20.19,20.6,743772,15241995.0
2018-12-21,20.8,20.81,20.32,20.46,554640,11382131.0
2018-12-24,20.46,20.84,20.2,20.59,358640,7391288.0
2018-12-25,20.59,20.87,20.07,20.72,772963,15745464.0
2018-12-26,20.68,20.93,20.45,20.47,669130,13763190.0
2018-12-27,20.79,20.79,20.1,20.13,537136,10929084.0
2018-12-28,20.2,20.4,20.0,20.14,626350,12636187.0
2019-01-02,20.64,20.7,19.25,19.52,1091857,21394518.0
2019-01-03,19.53,19.64,18.75,18.86,1253775,23905919.0
2019-01-04,18.67,19.67,18.59,19.42,1239168,23578707.0
2019-01-07,19.39,19.89,19.39,19.6,1121075,22015163.0
2019-01-08,19.63,19.95,19.2,19.9,1306115,25684696.0
2019-01-09,19.66,20.17,19.53,19.53,1223147,24207689.0
2019-01-10,19.53,19.77,19.16,19.32,948043,18340228.0
2019-01-11,19.33,19.88,19.23,19.8,932443,18261995.0
2019-01-14,19.55,19.78,18.76,18.96,1608676,30711952.0
2019-01-15,19.0,19.5,18.9,19.45,1683285,32403382.0
2019-01-16,19.5,19.68,19.38,19.52,836699,16387416.000000002
2019-01-17,19.52,19.66,18.8,18.99,1438970,27398618.0
2019-01-18,18.98,19.32,18.86,19.1,1549625,29601861.0
2019-01-21,19.05,19.44,18.91,19.07,1700410,32447237.0
2019-01-22,19.07,19.14,18.82,19.0,770415,14630098.0
2019-01-23,18.82,18.95,18.71,18.9,1092460,20598736.0
2019-01-24,18.85,18.85,17.95,18.49,3272663,59953803.0
2019-01-25,18.39,18.49,17.73,17.93,2498877,45299547.0
2019-01-28,17.9,18.81,17.75,18.61,2638472,48387872.0
2019-01-29,18.6,18.6,17.63,18.01,1853255,33262498.0
2019-01-30,17.92,17.98,17.51,17.54,950971,16875174.0
2019-01-31,17.76,17.88,17.5,17.6,1069175,18910022.0
2019-02-01,17.6,18.2,17.56,18.14,1350101,24325318.0
2019-02-11,18.19,18.85,18.12,18.7,1374261,25541706.0
2019-02-12,18.71,19.46,18.53,19.37,1686989,32365422.0
2019-02-13,19.39,19.83,19.39,19.69,1538557,30329832.0
2019-02-14,19.77,20.12,19.54,19.92,1287337,25582642.0
2019-02-15,19.4,20.2,19.4,19.61,874058,17255842.0
2019-02-18,19.86,20.49,19.86,20.38,1385914,28111845.0
2019-02-19,20.56,20.6,20.04,20.25,1024068,20814105.0
2019-02-20,20.09,20.47,20.02,20.18,1036516,20947552.0
2019-02-21,20.14,20.85,19.9,20.35,1631952,33400887.000000004
2019-02-22,20.22,20.79,20.22,20.71,1109700,22777122.0
2019-02-25,20.74,21.98,20.74,21.44,1817964,38908469.0
2019-02-26,21.46,21.74,21.0,21.2,1886224,40300255.0
2019-02-27,21.2,21.45,20.39,20.4,2757011,57320671.0
2019-02-28,20.45,21.6,20.45,21.04,2283663,48075047.0
2019-03-01,21.4,21.4,20.31,20.55,2170410,44824173.0
2019-03-04,20.69,21.65,20.57,21.07,2797011,59485379.0
2019-03-05,21.4,21.78,21.01,21.78,1973276,42162016.0
2019-03-06,21.74,21.96,21.27,21.64,2049340,44318887.0
2019-03-07,21.59,22.0,21.33,21.69,2380572,51491840.0
2019-03-08,21.58,22.04,21.01,22.0,3577239,77937599.0
2019-03-11,22.14,22.85,21.65,22.02,4358540,96007316.0
2019-03-12,22.19,22.68,21.88,22.38,3416850,76114981.0
2019-03-13,22.45,22.5,21.4,21.55,2346281,51387717.0
2019-03-14,21.48,21.78,20.73,20.85,1620329,34101043.0
2019-03-15,20.88,21.81,20.88,21.79,2546920,54725891.0
2019-03-18,21.89,21.97,21.3,21.7,2031776,43739033.0
2019-03-19,21.69,21.98,21.46,21.63,1489498,32284433.0
2019-03-20,21.75,21.79,21.05,21.35,1776664,37911507.0
2019-03-21,21.26,21.77,21.26,21.43,1800456,38709856.0
2019-03-22,21.49,22.03,21.21,21.98,2624781,56920189.0
2019-03-25,21.84,21.95,21.41,21.48,1830318,39665787.0
2019-03-26,21.72,21.72,20.6,20.78,2284278,47982520.0
2019-03-27,20.94,20.95,20.3,20.52,1587281,32553302.0
2019-03-28,20.48,20.65,20.22,20.3,1549648,31695553.0
2019-03-29,20.38,20.87,20.06,20.8,1523574,31191700.0
2019-04-01,20.7,21.31,20.7,21.25,4442328,93364667.0
2019-04-02,21.21,21.54,20.91,21.5,3989726,84672033.0
2019-04-03,21.5,21.7,21.24,21.6,2969464,63713817.0
2019-04-04,21.6,21.69,21.37,21.58,2407265,51841804.0
2019-04-08,21.55,21.71,20.72,20.99,3220360,68031923.0
2019-04-09,21.03,21.22,20.8,21.15,1794137,37753782.0
2019-04-10,21.19,21.45,20.68,21.38,2226416,47073868.0
2019-04-11,21.38,21.38,20.73,20.8,2012632,42232949.0
2019-04-12,20.85,20.87,20.39,20.51,1471124,30304924.0
2019-04-15,20.63,21.05,20.41,20.5,1669845,34618106.0
2019-04-16,20.42,20.84,19.96,20.74,2237505,45389505.0
2019-04-17,20.64,21.18,20.55,20.93,2551785,53558305.0
2019-04-18,20.73,21.06,20.69,20.8,1392402,28997496.0
2019-04-19,20.8,20.86,20.35,20.75,1117303,22953017.0
2019-04-22,20.82,20.82,20.18,20.37,1460616,29806659.0
2019-04-23,20.45,20.45,19.88,19.91,1904387,38208241.0
2019-04-24,20.01,20.1,19.7,20.1,1273480,25349421.0
2019-04-25,20.02,20.15,19.28,19.28,1427160,28104849.0
2019-04-26,19.26,19.4,18.9,18.9,1499461,28668082.0
2019-04-29,19.08,19.08,18.7,18.82,1476276,27910185.0
2019-04-30,18.87,19.18,18.83,18.95,925572,17557939.0
2019-05-06,18.94,18.94,17.8,17.91,2322172,42031717.0
2019-05-07,18.05,18.33,17.91,18.13,945696,17119113.0
2019-05-08,17.98,18.49,17.57,18.23,1093380,19996073.0
2019-05-09,18.0,18.39,18.0,18.07,1151710,20906445.0
2019-05-10,18.08,18.55,17.76,18.44,2032206,37118988.0
2019-05-13,18.1,18.34,18.04,18.11,916668,16666706.999999998
2019-05-14,17.99,18.15,17.95,17.97,686730,12387031.0
2019-05-15,18.06,18.37,18.04,18.24,1094597,19901879.0
2019-05-16,18.24,18.6,18.18,18.57,1506855,27755860.0
2019-05-17,18.59,18.65,17.88,18.02,1343539,24452767.0
2019-05-20,18.0,18.19,17.73,18.15,691764,12447533.0
2019-05-21,18.15,18.49,18.02,18.39,1054535,19360455.0
2019-05-22,18.4,18.66,18.2,18.55,1294492,23808618.0
2019-05-23,18.5,18.5,18.01,18.15,831660,15155364.0
2019-05-24,18.05,18.35,18.05,18.12,828925,15057494.0
2019-05-27,18.06,18.55,18.06,18.45,1166465,21495969.0
2019-05-28,18.48,18.77,18.34,18.4,1293141,24024808.0
2019-05-29,18.45,18.89,18.36,18.68,1147305,21447163.0
2019-05-30,18.68,18.8,18.46,18.73,1124882,20942001.0
2019-05-31,18.71,19.29,18.64,18.85,1570051,29759332.0
2019-06-03,18.85,19.38,18.61,19.38,2223560,42404074.0
2019-06-04,19.22,19.57,19.12,19.17,1399515,27004535.0
2019-06-05,19.36,19.53,18.92,19.17,1367147,26253310.0
2019-06-06,19.02,19.24,18.18,18.58,1352733,25237527.0
2019-06-10,18.65,18.87,18.44,18.77,829811,15572711.0
2019-06-11,18.77,19.32,18.69,19.3,1264546,24190418.0
2019-06-12,19.3,19.38,19.0,19.02,812077,15528696.0
2019-06-13,19.03,19.22,18.79,19.02,828105,15736571.0
2019-06-14,19.18,19.18,18.6,18.6,760738,14339772.0
2019-06-17,18.45,18.59,18.05,18.22,1198963,21885755.0
2019-06-18,18.18,18.39,18.13,18.23,698054,12714635.0
2019-06-19,18.46,19.05,18.46,18.9,1355034,25553123.0
2019-06-20,18.62,19.15,18.4,18.97,1539761,28990447.0
2019-06-21,19.08,19.35,18.85,19.14,1149723,22030154.0
2019-06-24,19.16,19.29,18.77,19.0,874764,16565517.0
2019-06-25,18.83,18.95,18.44,18.64,682901,12739828.0
2019-06-26,18.63,19.35,18.5,19.19,1934591,36959666.0
2019-06-27,19.23,19.41,19.01,19.13,1256970,24056045.0
2019-06-28,19.02,19.06,18.72,18.88,886469,16702877.0
2019-07-01,19.04,19.49,19.04,19.27,1387140,26750029.0
2019-07-02,19.27,19.68,19.09,19.59,1903729,37124289.0
2019-07-03,19.5,19.5,19.23,19.23,1369500,26494521.0
2019-07-04,19.44,19.86,19.39,19.54,1160600,22778661.0
2019-07-05,19.48,19.76,19.42,19.49,763933,14925623.0
2019-07-08,19.56,19.74,18.9,19.74,1878883,36270542.0
2019-07-09,19.65,19.77,18.96,19.15,1512557,29136057.0
2019-07-10,19.35,19.35,18.98,19.15,771023,14764852.0
2019-07-11,19.2,19.42,18.95,19.0,670115,12839023.0
2019-07-12,18.9,19.15,18.84,19.0,537997,10221920.0
2019-07-15,19.05,19.22,18.8,18.87,1169136,22144207.0
2019-07-16,19.04,19.09,18.72,18.89,702504,13279831.0
2019-07-17,18.89,19.04,18.62,18.95,1040099,19634959.0
2019-07-18,18.78,18.87,18.42,18.51,1420772,26414805.0
2019-07-19,18.65,18.68,18.32,18.36,707000,13059924.0
2019-07-22,18.38,18.52,17.8,17.88,951460,17095620.0
2019-07-23,18.1,18.18,17.8,17.86,838697,15016060.0
2019-07-24,17.91,18.62,17.91,18.48,2695868,49668437.0
2019-07-25,18.46,18.88,18.35,18.67,1384530,25841029.0
2019-07-26,18.71,18.95,18.62,18.88,902855,16993306.0
2019-07-29,18.87,19.14,18.8,18.93,1037155,19656894.0
2019-07-30,19.15,19.32,18.99,19.12,1248225,23934114.0
2019-07-31,19.2,19.3,19.06,19.11,1181200,22668879.0
2019-08-01,19.05,19.49,19.0,19.27,1406067,27113584.0
2019-08-02,19.0,19.21,18.83,19.18,1162209,22183731.0
2019-08-05,19.03,19.44,18.98,19.01,1071415,20589015.0
2019-08-06,18.89,19.07,18.35,19.02,1354552,25323547.0
2019-08-07,19.04,19.23,18.55,18.59,874770,16445526.999999998
2019-08-08,18.6,19.22,18.35,19.04,1425195,26751632.0
2019-08-09,19.22,19.22,18.5,18.63,1137345,21318950.0
2019-08-12,18.54,19.24,18.44,19.1,1131140,21333049.0
2019-08-13,19.0,19.51,18.72,19.45,2054804,39611293.0
2019-08-14,19.45,19.55,19.2,19.34,1074370,20777997.0
2019-08-15,18.9,19.48,18.76,19.21,1717122,32599531.0
2019-08-16,19.28,19.34,19.04,19.16,1191010,22826262.0
2019-08-19,19.17,20.08,19.16,20.01,3282097,64844440.0
2019-08-20,19.9,20.14,19.75,19.95,1493296,29736496.0
2019-08-21,19.85,19.9,19.36,19.7,2230181,43570884.0
2019-08-22,19.64,19.69,19.12,19.23,2206570,42639083.0
2019-08-23,19.29,19.33,18.94,19.04,1700508,32500941.0
2019-08-26,18.7,18.98,18.68,18.77,1174698,22077602.0
2019-08-27,18.9,19.34,18.82,19.05,1415223,27020688.0
2019-08-28,19.11,19.45,18.98,19.25,1732856,33378014.000000004
2019-08-29,19.33,19.4,19.01,19.11,1236876,23743322.0
2019-08-30,19.18,19.36,18.25,18.33,2747926,51502022.0
2019-09-02,18.33,19.35,18.21,19.16,2897949,54824864.0
2019-09-03,19.19,19.48,19.1,19.33,1629860,31451176.0
2019-09-04,19.32,19.38,19.02,19.2,2052675,39338824.0
2019-09-05,19.23,19.87,19.23,19.56,3394373,66612971.99999999
2019-09-06,19.69,19.93,19.35,19.45,2005900,39395274.0
2019-09-09,19.5,20.47,19.5,20.4,6400172,128608224.0
2019-09-10,20.4,20.79,20.21,20.67,4111440,84402943.0
2019-09-11,20.69,21.19,20.59,20.72,3744349,77956026.0
2019-09-12,20.81,20.82,20.51,20.69,1818016,37535102.0
2019-09-16,20.7,21.0,20.55,20.68,2167678,44986788.0
2019-09-17,20.71,20.75,20.14,20.33,2175407,44242995.0
2019-09-18,20.32,20.5,20.15,20.32,1431920,29114499.0
2019-09-19,20.32,20.79,20.28,20.72,2203526,45364943.0
2019-09-20,20.78,20.96,20.5,20.69,2013189,41755027.0
2019-09-23,20.76,20.98,20.05,20.66,2435303,50301697.0
2019-09-24,20.66,20.9,20.31,20.45,1585127,32527758.0
2019-09-25,20.29,20.48,19.83,20.12,1844331,37092878.0
2019-09-26,20.27,20.37,19.6,19.66,1988784,39436770.0
2019-09-27,19.75,20.26,19.59,19.85,1420180,28360260.0
2019-09-30,19.83,20.21,19.4,19.4,1305155,25600023.0
2019-10-08,19.4,19.63,19.03,19.11,1406615,27139271.0
2019-10-09,19.05,19.25,18.87,18.99,1355671,25746723.0
2019-10-10,19.0,19.69,18.99,19.53,1768976,34252278.0
2019-10-11,19.48,19.66,19.33,19.46,1013583,19775480.0
2019-10-14,19.62,19.88,19.36,19.74,1460578,28788352.0
2019-10-15,19.7,19.76,19.13,19.37,1042133,20224455.0
2019-10-16,19.33,19.58,19.23,19.28,653234,12638850.0
2019-10-17,19.28,19.35,19.11,19.13,595570,11441131.0
2019-10-18,19.13,19.29,18.77,18.82,1235560,23385157.0
2019-10-21,18.77,18.9,18.47,18.67,934719,17452253.0
2019-10-22,18.77,19.12,18.63,19.01,1033925,19537468.0
2019-10-23,19.01,19.15,18.7,18.76,652150,12282485.0
2019-10-24,18.81,18.81,18.52,18.64,1026065,19102726.0
2019-10-25,18.64,18.66,18.36,18.52,1140052,21102380.0
2019-10-28,18.6,18.91,18.41,18.9,1289581,24145092.0
2019-10-29,18.9,18.92,18.43,18.47,1103890,20561699.0
2019-10-30,18.5,18.6,18.13,18.33,868847,15963630.0
2019-10-31,18.33,18.68,18.27,18.31,911080,16827451.0
2019-11-01,18.31,18.45,18.18,18.39,1030643,18897869.0
2019-11-04,18.44,18.59,18.38,18.55,1495435,27651119.0
2019-11-05,18.51,18.59,18.32,18.46,1326645,24477776.0
2019-11-06,18.4,18.46,18.09,18.1,1553670,28331601.0
2019-11-07,18.11,18.25,18.0,18.2,1047850,19023674.0
2019-11-08,18.23,18.45,18.13,18.16,1182250,21626577.0
2019-11-11,18.0,18.18,17.85,17.9,1406964,25304979.0
2019-11-12,18.02,18.02,17.3,17.83,2034245,35871480.0
2019-11-13,17.73,17.8,17.26,17.52,1750560,30491857.0
2019-11-14,17.52,17.58,17.31,17.5,1105290,19298327.0
2019-11-15,17.54,18.38,17.34,18.2,3007640,54230753.0
2019-11-18,18.2,18.55,18.03,18.54,2197473,40323391.0
2019-11-19,18.54,19.05,18.32,18.76,2408597,45138183.0
2019-11-20,18.83,18.97,18.57,18.83,1653074,31097543.0
2019-11-21,18.72,18.85,18.5,18.74,864320,16164744.0
2019-11-22,18.77,18.95,18.59,18.87,1646572,30986838.0
2019-11-25,18.96,18.98,18.46,18.82,1160559,21833264.0
2019-11-26,18.72,19.0,18.66,18.7,785387,14797899.0
2019-11-27,18.7,18.92,18.56,18.66,1132445,21247348.0
2019-11-28,18.59,18.72,18.34,18.45,1259400,23293097.0
2019-11-29,18.45,19.08,18.44,18.86,1371947,25778901.0
2019-12-02,18.78,20.39,18.68,20.38,5122757,101104694.0
2019-12-03,20.19,20.24,19.62,19.83,2490985,49434734.0
2019-12-04,19.74,20.45,19.55,20.41,4013649,80791140.0
2019-12-05,20.3,20.41,20.05,20.38,2590091,52478866.0
2019-12-06,20.26,20.37,19.92,20.01,1681054,33809845.0
2019-12-09,20.07,20.38,19.94,20.0,1370941,27593719.0
2019-12-10,20.08,20.29,19.8,20.16,1782284,35823970.0
2019-12-11,20.01,20.3,20.01,20.11,1166908,23476434.0
2019-12-12,20.19,20.51,19.85,20.28,1995255,40442447.0
2019-12-13,20.42,20.86,20.1,20.65,3232066,66610484.0
2019-12-16,20.84,20.88,20.46,20.64,2910662,60078870.0
2019-12-17,20.8,20.8,20.15,20.35,3154591,64183687.0
2019-12-18,20.35,21.37,20.18,21.13,4318215,90522585.0
2019-12-19,21.0,21.16,20.75,21.09,2050892,42994846.0
2019-12-20,21.09,21.09,20.5,20.52,1911764,39762110.0
2019-12-23,20.49,20.98,19.9,20.55,3252685,67137795.0
2019-12-24,20.58,21.17,20.58,21.15,2160531,45246456.0
2019-12-25,21.07,22.13,20.81,22.08,3670811,79806341.0
2019-12-26,22.07,22.48,21.78,22.01,2327126,51411115.0
2019-12-27,22.18,22.18,21.55,21.56,1885637,40980068.0
2019-12-30,21.37,22.26,21.18,22.2,2606486,56272346.0
2019-12-31,22.14,22.14,21.45,21.82,1811295,39365916.0
2020-01-02,21.88,22.43,21.67,22.03,2200572,48646718.0
2020-01-03,22.18,22.63,22.01,22.52,2058585,46087251.0
2020-01-06,22.4,23.17,22.26,22.83,2615107,59685488.0
2020-01-07,22.78,23.59,22.66,23.1,1844766,42801195.0
2020-01-08,23.09,23.26,22.78,23.11,1727153,39733049.0
2020-01-09,23.43,23.43,22.93,23.03,1424099,32881671.000000004
2020-01-10,23.28,23.28,22.76,23.03,1512389,34759793.0
2020-01-13,22.92,25.0,22.85,24.6,3486714,84206680.0
2020-01-14,24.75,24.91,23.81,23.99,2483535,59861635.0
2020-01-15,23.73,24.99,23.73,24.82,2276062,55589834.0
2020-01-16,24.82,25.52,24.49,24.7,2235222,55759335.0
2020-01-17,24.99,25.5,24.55,25.45,1942011,48793407.0
2020-01-20,26.7,28.0,26.0,27.45,6633483,181346277.0
2020-01-21,27.4,27.94,26.5,27.46,3444640,93782704.0
2020-01-22,27.08,27.98,26.4,27.5,3396278,91720515.0
2020-01-23,27.0,27.47,25.26,26.29,3745448,98725385.0
2020-02-03,23.66,23.99,23.66,23.66,1600245,37893876.0
2020-02-04,23.14,25.96,23.14,25.41,4507465,111672502.0
2020-02-05,25.35,26.14,24.66,24.87,2973111,75199890.0
2020-02-06,24.65,25.2,24.43,25.02,2732675,68099867.0
2020-02-07,25.15,26.12,24.97,25.8,3828685,97848938.0
2020-02-10,25.78,27.09,25.25,26.74,3021903,80358418.0
2020-02-11,26.81,27.23,26.06,26.25,2505655,66112926.00000001
2020-02-12,26.2,26.9,25.99,26.77,2132845,56700070.0
2020-02-13,26.95,27.06,26.25,26.65,2444324,65216408.0
2020-02-14,26.75,29.1,26.64,28.51,5791816,163626736.0
2020-02-17,28.5,29.65,28.02,29.41,5085607,145646850.0
2020-02-18,29.29,30.3,28.31,29.9,6052826,175270182.0
2020-02-19,29.25,30.0,28.18,28.67,5832064,169326227.0
2020-02-20,28.85,29.39,27.91,28.8,4149047,119210718.0
2020-02-21,29.0,29.19,28.28,28.94,4346120,125021803.0
2020-02-24,29.0,30.28,28.7,30.16,6296458,185792981.0
2020-02-25,28.87,31.13,27.99,30.63,7317517,215891394.0
2020-02-26,29.84,30.3,27.57,27.59,4870215,140545189.0
2020-02-27,27.95,28.25,27.07,27.63,4389583,122343676.0
2020-02-28,26.62,27.25,25.7,26.33,4010957,106110543.0
2020-03-02,26.85,27.6,26.23,27.27,2541852,68657091.0
2020-03-03,27.59,28.82,27.55,28.59,4153201,117888937.0
2020-03-04,28.25,28.3,26.15,27.35,5040983,137247576.0
2020-03-05,27.4,27.6,26.42,26.8,3365716,90163514.0
2020-03-06,26.55,27.28,26.31,27.02,2166775,57991368.0
2020-03-09,26.65,26.66,24.8,25.24,3268085,83527968.0
2020-03-10,25.01,25.87,24.42,25.65,3098411,78043214.0
2020-03-11,25.67,26.18,25.19,25.28,2083883,53463475.0
2020-03-12,25.0,25.25,24.42,24.92,2415625,60045356.0
2020-03-13,23.18,25.09,23.06,24.7,1894477,46131548.0
2020-03-16,25.15,25.16,22.97,23.02,3120293,74381411.0
2020-03-17,23.5,24.18,22.38,23.9,3599513,84846515.0
2020-03-18,24.17,24.99,23.58,23.59,1917657,46729825.0
2020-03-19,23.5,24.58,23.5,24.48,1844534,44591563.0
2020-03-20,24.48,24.83,23.95,24.5,1667491,40560733.0
2020-03-23,23.44,23.93,22.51,22.61,2559287,59024130.0
2020-03-24,23.23,23.77,22.54,23.09,2012337,46480344.0
2020-03-25,23.67,24.17,23.47,23.77,2028730,48257986.0
2020-03-26,23.83,23.88,23.2,23.26,1673628,39234838.0
2020-03-27,23.6,23.85,22.8,22.81,1674088,38893924.0
2020-03-30,22.6,22.75,21.55,22.0,2118150,46656532.0
2020-03-31,22.26,23.9,22.26,22.65,4004981,92951965.0
2020-04-01,22.62,24.23,22.62,23.8,3768263,89219324.0
2020-04-02,23.41,25.49,23.41,25.45,4096550,100516036.0
2020-04-03,25.45,25.77,24.71,25.02,3590484,90401023.0
2020-04-07,25.6,25.75,24.81,25.51,3628248,91335138.0
2020-04-08,25.16,25.44,24.81,24.88,2646206,66242909.0
2020-04-09,25.06,25.68,24.48,25.31,2793053,69909695.0
2020-04-10,25.12,25.3,23.86,24.24,2629498,64180570.0
2020-04-13,24.06,24.1,23.42,23.93,1383804,32989694.000000004
2020-04-14,23.98,24.64,23.9,24.51,2035249,49318528.0
2020-04-15,24.51,24.68,24.11,24.11,1461964,35617878.0
2020-04-16,23.96,24.67,23.61,24.57,1641037,39835882.0
2020-04-17,24.59,25.15,24.25,24.36,1742637,43029838.0
2020-04-20,24.2,24.74,24.09,24.68,1334898,32591766.0
2020-04-21,24.51,24.65,24.14,24.53,1306747,31932686.0
2020-04-22,24.2,25.42,24.09,25.35,3352614,83525181.0
2020-04-23,25.33,25.58,24.88,25.05,2796843,70421724.0
2020-04-24,25.03,25.37,24.73,24.75,1756434,43914047.0
2020-04-27,24.8,25.58,24.42,25.46,2494302,62983724.0
2020-04-28,25.19,26.49,24.7,26.19,3807481,97715710.0
2020-04-29,26.0,27.18,25.86,27.07,2977719,79457323.0
2020-04-30,27.02,28.15,26.39,27.76,4386144,119853665.0
2020-05-06,27.36,28.18,27.23,27.75,3594551,99510087.0
2020-05-07,27.69,27.96,27.23,27.27,2675473,73715531.0
2020-05-08,27.54,27.77,27.06,27.18,1789846,48844917.0
2020-05-11,27.18,28.6,27.12,27.95,3447324,96436939.0
2020-05-12,27.8,28.88,27.63,28.63,2593535,73733919.0
2020-05-13,28.48,28.77,28.01,28.29,1892422,53549592.0
2020-05-14,28.26,28.44,27.8,28.05,1138349,32066950.0
2020-05-15,28.07,28.48,27.7,27.89,1971185,55367321.0
2020-05-18,28.2,29.17,27.68,27.73,5450777,154049741.0
2020-05-19,28.04,28.92,27.6,28.43,4469584,126059875.0
2020-05-20,28.23,28.82,27.82,27.92,4129956,116337799.0
2020-05-21,28.29,28.29,27.3,27.44,3030294,84131903.0
2020-05-22,27.62,27.76,27.08,27.3,1932339,52946064.0
2020-05-25,27.22,27.58,26.9,27.37,1466207,39795330.0
2020-05-26,27.47,27.9,27.31,27.82,2090938,57806711.0
2020-05-27,27.82,27.82,27.4,27.67,1017656,28060133.0
2020-05-28,27.65,27.77,26.91,27.24,1489839,40466875.0
2020-05-29,27.17,27.45,27.01,27.08,1365427,37146347.0
2020-06-01,27.28,28.26,27.15,28.18,3676483,102660386.0
2020-06-02,28.25,28.38,27.67,27.77,3813590,106689100.0
2020-06-03,27.88,27.88,27.42,27.45,2682317,73980338.0
2020-06-04,27.49,27.67,27.33,27.63,1236696,33999196.0
2020-06-05,27.61,27.75,27.01,27.2,1873625,51113742.0
2020-06-08,27.34,28.12,27.28,27.41,3566501,98980644.0
2020-06-09,27.24,27.66,27.03,27.49,3004405,82036611.0
2020-06-10,27.4,28.28,26.99,28.02,4466206,123680659.0
2020-06-11,28.75,28.75,27.21,27.55,4606352,127488351.0
2020-06-12,26.65,27.23,26.5,27.01,1686654,45597798.0
2020-06-15,27.07,27.85,26.5,26.93,2712863,73993906.0
2020-06-16,27.3,27.53,27.0,27.34,1684286,45995811.0
2020-06-17,27.39,27.51,27.16,27.49,1283597,35157009.0
2020-06-18,27.34,27.69,27.26,27.55,1609533,44260422.0
2020-06-19,27.09,27.91,27.01,27.68,2948181,81521180.0
2020-06-22,27.74,28.65,27.7,27.9,3458410,96941486.0
2020-06-23,28.12,28.2,27.67,28.2,2484115,69608518.0
2020-06-24,28.31,28.6,27.73,27.92,2655502,74397309.0
2020-06-29,27.8,28.29,27.5,27.7,2309003,64251112.0
2020-06-30,27.87,29.38,27.85,29.02,5303726,152009304.0
2020-07-01,29.15,30.0,28.8,29.88,5392631,159734301.0
2020-07-02,29.9,30.17,29.53,29.7,3641922,108427337.0
2020-07-03,29.71,29.81,28.81,28.91,4112554,119558545.0
2020-07-06,29.18,29.66,28.82,29.46,6403481,187561141.0
2020-07-07,29.26,30.2,29.2,29.84,6073202,181011408.0
2020-07-08,29.84,30.28,29.3,30.24,5517246,165127584.0
2020-07-09,30.2,32.0,29.91,31.4,6299177,196730470.0
2020-07-10,31.25,31.85,30.7,30.95,4333459,135537249.0
2020-07-13,30.88,32.3,30.88,32.09,5534372,174345296.0
2020-07-14,32.88,33.38,30.0,31.1,6284883,197538297.0
2020-07-15,31.0,31.1,29.31,29.41,5432135,163556105.0
2020-07-16,29.68,30.17,28.05,28.2,4593950,133274560.99999999
2020-07-17,28.2,28.7,27.7,28.2,4317987,121249899.0
2020-07-20,28.48,28.76,27.86,28.65,3440004,97358250.0
2020-07-21,28.85,29.41,28.67,29.32,3574481,104041802.0
2020-07-22,29.18,32.25,29.04,32.25,12648592,399376590.0
2020-07-23,31.5,32.18,30.81,31.2,8973843,281191264.0
2020-07-24,31.3,32.15,30.68,31.33,7948713,251028859.0
2020-07-27,31.65,32.69,30.62,31.41,5929422,186859002.0
2020-07-28,31.45,32.7,31.26,32.66,7437525,240040279.0
2020-07-29,32.1,33.11,31.5,32.98,6969373,226868182.0
2020-07-30,33.11,33.89,32.02,32.36,7554190,246503191.0
2020-07-31,32.34,33.65,31.48,31.94,10480084,339591340.0
2020-08-03,33.38,35.13,32.9,35.13,10470594,359727887.0
2020-08-04,35.81,35.9,32.72,34.36,15090055,509238404.0
2020-08-05,34.37,34.75,33.06,34.52,7520645,255948766.0
2020-08-06,34.5,34.52,33.69,33.89,4516411,153796128.0
2020-08-07,33.06,33.75,31.47,31.82,7837683,254348658.0
2020-08-10,31.68,32.18,30.82,31.8,4878320,153784357.0
2020-08-11,31.8,32.36,31.27,31.5,3815608,121615644.0
2020-08-12,31.4,31.6,29.78,30.7,4091374,124449950.0
2020-08-13,30.89,31.29,30.08,30.47,2529276,77050542.0
2020-08-14,30.5,31.87,30.32,31.29,3611004,112951757.0
2020-08-17,31.67,31.88,30.58,31.45,5756430,179819787.0
2020-08-18,31.45,32.82,31.1,32.29,4264942,136938721.0
2020-08-19,32.68,32.7,30.8,31.05,3838813,122002538.0
2020-08-20,30.8,31.18,30.03,30.16,3207652,97610213.0
2020-08-21,30.3,30.75,30.23,30.46,2241529,68296556.0
2020-08-24,30.38,30.62,29.8,30.48,3744639,113178190.0
2020-08-25,30.43,30.99,29.99,30.09,3679651,111783585.0
2020-08-26,30.0,30.16,28.6,28.74,4406910,128957329.0
2020-08-27,28.98,29.61,28.75,29.19,2834208,82738836.0
2020-08-28,29.9,30.33,28.95,30.14,4216968,126061859.0
2020-08-31,30.24,31.54,30.04,30.59,4966062,153038200.0
2020-09-01,30.49,31.34,29.95,30.99,3789960,116468217.0
2020-09-02,30.93,31.3,30.75,30.92,2929168,90765972.0
2020-09-03,30.75,31.03,30.08,30.21,2441628,74338468.0
2020-09-04,29.89,30.36,29.58,29.86,2109111,62950230.0
2020-09-07,29.75,30.28,28.46,28.6,3900584,114411371.0
2020-09-08,28.4,28.78,27.76,28.32,2766727,77959144.0
2020-09-09,27.73,28.14,26.68,26.8,3599016,97944388.0
2020-09-10,27.05,27.2,26.16,26.22,2176572,58121674.0
2020-09-11,26.0,27.77,25.91,27.46,2951560,80013220.0
2020-09-14,27.49,28.19,27.11,27.99,3809754,105370668.0
2020-09-15,27.99,28.06,27.36,27.85,2181846,60404320.0
2020-09-16,27.85,28.11,27.38,27.54,1463933,40427364.0
2020-09-17,27.53,28.19,27.15,27.85,2139207,59336781.0
2020-09-18,28.0,28.15,27.41,27.99,2200304,61203544.0
2020-09-21,27.92,28.14,27.3,27.5,2106057,58261446.0
2020-09-22,27.4,27.55,26.98,27.03,1654342,45029374.0
2020-09-23,27.2,27.55,26.95,27.11,1647475,44766158.0
2020-09-24,27.05,27.05,26.18,26.18,1837289,48687129.0
2020-09-25,26.42,27.3,26.1,26.81,2050773,54998048.0
2020-09-28,26.86,26.89,26.24,26.52,1604543,42587288.0
2020-09-29,26.68,27.16,26.45,26.57,1937927,51846677.0
2020-09-30,26.51,27.37,26.25,27.17,2937550,79326616.0
2020-10-09,27.43,28.28,26.88,27.23,3901991,105893102.0
2020-10-12,27.11,27.5,26.5,27.5,6057383,163471057.0
2020-10-13,27.32,27.88,27.05,27.23,4158600,113786721.0
2020-10-14,27.25,27.62,26.91,27.01,3952110,107617524.0
2020-10-15,27.1,27.68,26.76,27.18,3483280,95324941.0
2020-10-16,27.16,27.28,25.35,25.53,5417387,141056924.0
2020-10-19,25.91,26.45,25.67,26.1,3638185,95066205.0
2020-10-20,26.0,26.43,25.68,26.4,2149573,56162281.0
2020-10-21,26.34,26.43,25.76,26.18,2103352,54852677.0
2020-10-22,26.15,26.15,25.18,25.88,3719339,95553240.0
2020-10-23,25.96,26.54,25.74,26.08,2496960,65528181.0
2020-10-26,26.08,26.08,25.29,25.56,3283155,83747968.0
2020-10-27,25.43,26.29,25.32,26.19,2053642,53181891.0
2020-10-28,26.02,27.94,26.02,27.47,4441619,120649274.0
2020-10-29,27.12,27.28,25.79,25.86,5546836,146365717.0
2020-10-30,26.09,26.48,25.08,25.22,4783132,122167554.0
2020-11-02,25.14,25.57,24.62,25.04,3871301,97299751.0
2020-11-03,25.16,26.0,25.02,25.9,3275094,84319929.0
2020-11-04,25.97,26.96,25.76,26.36,3194587,84369724.0
2020-11-05,26.6,27.88,26.2,27.5,4542035,123825286.0
2020-11-06,27.73,27.85,27.16,27.48,2404452,66037200.0
2020-11-09,27.73,28.36,27.5,28.22,4268486,119784761.0
2020-11-10,28.45,28.45,27.5,27.9,2557195,71459798.0
2020-11-11,27.87,28.19,27.24,27.62,2212328,61244239.0
2020-11-12,27.95,27.95,27.03,27.21,1912703,52244394.0
2020-11-13,27.19,27.8,27.08,27.63,1638200,45111098.0
2020-11-16,27.67,27.71,26.88,27.22,2490709,67608319.0
2020-11-17,27.36,27.36,26.55,27.21,2167004,58145129.0
2020-11-18,27.13,27.8,26.9,27.18,2300653,62959260.0
2020-11-19,27.18,28.16,26.96,28.07,3013858,83826342.0
2020-11-20,28.1,28.14,27.57,27.8,1877827,52278968.0
2020-11-23,27.79,27.88,26.81,27.02,3411847,92407641.0
2020-11-24,27.08,27.54,26.9,27.3,2445730,66673225.99999999
2020-11-25,27.38,27.45,26.43,26.48,2252551,60358692.0
2020-11-26,26.42,26.73,26.22,26.37,1735435,45817583.0
2020-11-27,26.32,26.75,26.06,26.66,2110549,55881179.0
2020-11-30,26.7,26.94,26.21,26.65,2270816,60358014.0
2020-12-01,26.58,26.95,26.46,26.91,1855927,49639115.0
2020-12-02,26.74,27.13,26.7,26.96,1954231,52613703.0
2020-12-03,26.85,28.23,26.85,27.57,3426415,94589361.0
2020-12-04,27.7,28.47,27.57,28.38,3911841,110100456.0
2020-12-07,28.44,29.65,28.38,29.46,4436180,129771607.0
2020-12-08,29.3,29.59,29.1,29.36,2694011,78955229.0
2020-12-09,29.35,29.36,28.44,28.5,2941586,84593540.0
2020-12-10,28.3,28.55,27.94,28.07,2395507,67541500.0
2020-12-11,28.18,28.28,27.48,28.08,2484232,69171100.0
2020-12-14,28.36,28.4,27.35,27.87,2290229,63567715.0
2020-12-15,27.87,28.46,27.68,27.93,2747005,77063379.0
2020-12-16,27.9,28.5,27.66,28.1,1994738,56049687.0
2020-12-17,28.02,28.49,27.36,28.38,2309215,64871032.0
2020-12-18,28.3,28.44,26.42,26.48,4894332,132861981.99999999
2020-12-21,26.49,27.93,26.15,27.26,3586441,97550507.0
2020-12-22,27.14,27.42,26.51,26.65,2242858,60342477.0
2020-12-23,26.65,27.67,26.65,27.47,2083908,56791264.0
2020-12-24,27.36,27.8,26.57,26.57,1450681,39106716.0
2020-12-25,26.67,27.13,26.53,26.93,1330364,35753655.0
2020-12-28,26.91,26.98,24.24,24.88,7583918,190146913.0
2020-12-29,24.86,25.67,24.86,25.2,4216979,106749879.0
2020-12-30,25.5,26.7,24.9,25.93,4435872,115105499.0
2020-12-31,26.0,26.86,25.77,26.8,2434361,64539954.0
2021-01-04,26.61,27.15,26.45,26.62,2817206,75193417.0
2021-01-05,26.59,26.74,25.44,25.6,3898118,100547910.0
2021-01-06,25.34,25.57,24.44,24.58,4611750,114365659.0
2021-01-07,24.48,24.49,23.68,23.75,4836450,116120127.0
2021-01-08,23.75,24.16,23.27,23.33,4814847,113750573.0
2021-01-11,23.45,23.86,23.05,23.32,4181598,97577449.0
2021-01-12,23.31,24.88,23.17,24.48,5171370,124620448.0
2021-01-13,24.48,25.58,24.36,25.32,4674992,117713993.0
2021-01-14,25.35,25.88,24.8,24.95,3395473,86107888.0
2021-01-15,24.95,25.55,24.71,25.31,2399087,60285125.0
2021-01-18,25.6,26.1,25.21,25.98,2927324,75523933.0
2021-01-19,26.07,26.07,24.47,24.87,6964973,174729371.0
2021-01-20,24.86,26.05,24.8,26.04,4029485,103552403.0
2021-01-21,26.03,26.52,25.47,25.59,3368217,86714852.0
2021-01-22,25.65,25.69,25.12,25.39,2182804,55289331.0
2021-01-25,25.36,25.46,24.75,25.18,2664561,66933106.0
2021-01-26,25.0,25.09,23.94,24.0,2510086,61046430.0
2021-01-27,24.01,24.68,23.99,24.4,1890965,46123999.0
2021-01-28,24.27,24.44,23.8,24.16,2004545,48361084.0
2021-01-29,24.15,24.45,23.56,23.8,1816365,43524375.0
2021-02-01,23.68,24.4,23.68,24.22,1825245,43960091.0
2021-02-02,24.14,24.71,23.6,24.56,2001381,48473433.0
2021-02-03,24.32,24.87,23.72,24.3,2733124,66278050.0
2021-02-04,24.14,24.5,23.36,24.4,3757693,89453567.0
2021-02-05,24.22,24.64,23.84,24.06,2575667,62483322.0
2021-02-08,24.0,24.72,23.82,24.55,1613250,39387945.0
2021-02-09,24.4,24.73,24.06,24.24,1721252,41813325.0
2021-02-10,24.3,24.87,24.0,24.68,2239337,55070426.0
2021-02-18,24.99,25.76,24.7,25.45,2185589,55138609.0
2021-02-19,25.45,26.2,25.22,25.99,1800170,46568228.0
2021-02-22,26.0,27.15,25.81,26.76,2802623,74471345.0
2021-02-23,26.5,27.24,25.96,27.05,2756934,73967208.0
2021-02-24,27.15,27.5,26.4,26.6,1868510,50376127.0
2021-02-25,26.73,26.85,26.0,26.24,1411187,37047555.0
2021-02-26,25.99,26.1,25.61,25.77,1800380,46545050.0
2021-03-01,25.77,26.53,25.77,26.28,1491477,39097246.0
2021-03-02,26.45,26.89,26.15,26.88,1536029,40754965.0
2021-03-03,26.65,27.49,26.5,27.43,2332383,63489029.0
2021-03-04,27.26,27.79,27.06,27.2,1409377,38654741.0
2021-03-05,27.18,28.0,27.0,27.68,1262217,34935348.0
2021-03-08,27.68,28.23,26.9,26.9,1439134,39693910.0
2021-03-09,26.9,27.11,25.4,25.87,1702583,44794137.0
2021-03-10,26.15,26.55,25.3,25.85,1286416,33208723.0
2021-03-11,26.02,26.68,26.02,26.5,1352076,35704841.0
2021-03-12,26.38,26.75,26.0,26.58,1252880,33109959.000000004
2021-03-15,26.48,27.72,25.8,26.03,2471534,65787494.00000001
2021-03-16,26.2,26.35,25.75,26.19,1088593,28348829.0
2021-03-17,26.28,26.28,25.78,26.18,898928,23414265.0
2021-03-18,26.18,26.65,25.95,26.64,1031244,27262847.0
2021-03-19,26.42,26.96,26.2,26.5,1362693,36217577.0
2021-03-22,26.5,27.0,25.8,26.9,1536722,40649814.0
2021-03-23,26.9,27.55,26.73,27.39,1834317,49934233.0
2021-03-24,27.38,27.46,26.41,26.44,1408066,37713928.0
2021-03-25,26.49,28.07,26.45,28.06,2926030,80916108.0
2021-03-26,27.9,28.13,27.57,27.91,2245081,62491773.0
2021-03-29,27.84,29.25,27.67,29.0,5677240,162825359.0
2021-03-30,29.01,30.76,29.01,30.4,6948453,209686520.0
2021-03-31,29.9,30.0,29.02,29.35,4156911,122284997.0
2021-04-01,29.05,30.4,28.72,29.07,3981439,116802013.0
2021-04-02,28.95,29.5,28.85,29.1,2067687,60369698.0
2021-04-06,28.57,30.33,28.56,30.17,3849970,115077607.0
2021-04-07,30.17,30.38,29.51,30.02,2196224,65693630.00000001
2021-04-08,30.06,32.0,30.06,31.75,6198268,194616711.0
2021-04-09,31.18,31.3,30.28,30.5,4168086,127900298.0
2021-04-12,30.6,30.69,28.85,29.1,3596957,105901195.0
2021-04-13,29.01,29.43,28.79,28.97,1937156,56293124.0
2021-04-14,29.0,29.36,28.74,29.02,2128587,61802157.0
2021-04-15,28.89,30.0,28.75,29.9,2582897,76067833.0
2021-04-16,29.84,30.5,29.48,29.59,1504797,44872364.0
2021-04-19,29.6,31.2,29.36,31.0,2764964,84631054.0
2021-04-20,31.0,31.36,30.56,30.92,1565761,48414236.0
2021-04-21,30.79,31.75,30.43,31.36,1744882,54293060.0
2021-04-22,31.41,31.84,30.86,31.6,1762941,55293677.0
2021-04-23,31.73,31.85,30.62,30.9,1722068,53578481.0
2021-04-26,30.83,31.33,30.09,30.17,2589109,79387535.0
2021-04-27,30.19,30.65,29.53,29.73,1621305,48481923.0
2021-04-28,29.73,29.93,29.4,29.81,1226516,36395549.0
2021-04-29,29.9,30.59,29.67,29.85,1347186,40487781.0
2021-04-30,30.0,30.0,29.0,29.09,1687222,49424272.0
2021-05-06,29.1,30.3,28.95,30.26,2521067,75035668.0
2021-05-07,30.32,30.45,28.78,29.2,2181586,64139579.0
2021-05-10,29.04,29.19,28.07,28.33,1534607,43657740.0
2021-05-11,28.4,28.77,28.16,28.26,1585571,45022934.0
2021-05-12,28.49,28.85,27.95,28.78,1428183,40682619.0
2021-05-13,28.54,28.86,28.3,28.36,802855,22917411.0
2021-05-14,28.36,29.57,28.2,29.38,2969112,86222987.0
2021-05-17,29.08,29.38,28.28,28.5,3009712,86729820.0
2021-05-18,28.24,28.95,27.17,28.91,3398734,94844264.0
2021-05-19,28.91,28.91,28.12,28.35,1271524,36125242.0
2021-05-20,28.12,28.63,27.97,28.18,1012055,28615205.0
2021-05-21,28.15,29.04,28.13,28.37,1195474,34156845.0
2021-05-24,28.32,28.49,27.8,28.39,1366478,38444753.0
2021-05-25,28.3,28.75,28.12,28.68,1166480,33272434.999999996
2021-05-26,28.68,29.06,28.53,28.79,1079236,31076910.0
2021-05-27,28.7,30.0,28.61,29.76,1929290,57056964.0
2021-05-28,30.26,30.63,29.83,30.0,1831805,55321838.0
2021-05-31,30.26,30.36,29.6,30.29,1699544,51256820.0
2021-06-01,30.27,30.99,29.9,30.66,2091467,63539704.0
2021-06-02,30.51,30.88,29.7,29.8,1656596,49798587.0
2021-06-03,29.8,30.16,29.52,29.71,2209621,65946084.0
2021-06-04,29.71,29.8,29.06,29.48,2373418,69670022.0
2021-06-07,30.29,31.18,29.98,30.93,4304552,131989098.0
2021-06-08,30.93,31.17,29.96,30.22,2875818,87463148.0
2021-06-09,30.5,30.5,29.67,29.97,1957865,58681635.0
2021-06-10,29.91,30.94,29.8,30.63,2464916,75293322.0
2021-06-11,30.66,30.9,29.93,30.08,1949373,59187999.0
2021-06-15,29.96,30.25,29.44,29.62,1874093,55866355.0
2021-06-16,29.62,29.79,28.48,28.52,1883108,54533965.0
2021-06-17,28.55,29.75,28.5,29.57,2219480,64863230.0
2021-06-18,29.45,30.26,29.18,29.33,1769121,52314498.0
2021-06-21,29.4,30.99,28.8,30.9,3516162,106548357.0
2021-06-22,31.0,31.35,30.4,31.0,3268509,101108014.0
2021-06-23,31.38,31.55,30.82,31.28,3175276,99233665.0
2021-06-24,31.13,32.2,30.79,31.02,4681085,146801475.0
2021-06-25,30.94,32.01,30.56,31.27,4040187,126636526.0
2021-06-28,31.73,33.0,31.42,32.74,4395030,142728423.0
2021-06-29,32.7,32.79,32.01,32.36,2219091,71815745.0
2021-06-30,32.35,33.34,32.05,32.59,3649517,119249492.0
2021-07-01,32.8,32.8,31.52,31.56,2526642,81030268.0
2021-07-02,31.49,31.98,30.9,31.24,2680688,83849375.0
2021-07-05,31.32,31.73,30.74,31.04,3805277,118294738.0
2021-07-06,31.09,31.62,30.4,30.9,3124215,96705140.0
2021-07-07,30.74,31.98,30.43,31.86,4208513,132020492.0
2021-07-08,31.8,33.01,31.6,32.92,4198995,136297568.0
2021-07-09,32.8,32.99,31.85,32.7,4132954,133899954.0
2021-07-12,32.89,33.25,32.3,32.77,4772703,156232710.0
2021-07-13,32.75,32.77,31.45,32.15,4187447,133684405.99999999
2021-07-14,31.75,34.37,31.61,33.92,7187045,239682689.0
2021-07-15,33.69,33.81,32.66,33.6,5079135,169055648.0
2021-07-16,33.31,34.75,33.15,33.74,4236767,143855946.0
2021-07-19,33.82,36.0,33.61,35.22,5898496,207207462.0
2021-07-20,34.79,36.1,34.3,34.97,4226872,147556031.0
2021-07-21,35.0,36.67,34.3,36.65,5938431,210354727.0
2021-07-22,36.25,37.65,35.61,37.25,6150852,224260145.0
2021-07-23,36.99,38.98,36.05,36.46,7173684,267187604.0
2021-07-26,36.95,36.95,34.34,35.43,6467958,230003665.0
2021-07-27,35.23,35.66,33.52,33.7,6294521,218419953.0
2021-07-28,33.31,33.6,31.12,32.1,4703026,152366086.0
2021-07-29,32.63,34.22,32.63,33.79,5162435,173199298.0
2021-07-30,33.96,35.42,33.79,34.9,4738741,164239889.0
2021-08-02,34.8,35.56,34.5,35.01,4042644,140844357.0
2021-08-03,34.93,34.93,32.8,33.2,5600414,188953608.0
2021-08-04,33.1,34.75,32.16,34.63,7607352,254920261.0
2021-08-05,34.68,36.46,34.68,36.16,7197542,257467439.0
2021-08-06,36.18,36.3,35.22,36.15,4145261,147840554.0
2021-08-09,35.78,36.63,34.71,34.89,4826509,170218603.0
2021-08-10,34.58,36.0,34.55,35.7,3663221,129064766.0
2021-08-11,35.82,37.46,35.24,37.21,5758962,211351087.0
2021-08-12,36.8,37.13,36.05,36.41,3888851,141599036.0
2021-08-13,36.4,37.5,35.74,36.76,3888000,142318898.0
2021-08-16,36.47,37.25,34.9,35.05,4423895,158785909.0
2021-08-17,35.02,35.02,32.56,32.97,5480106,184401247.0
2021-08-18,32.87,33.16,32.32,32.68,2726014,88976921.0
2021-08-19,32.64,33.1,31.98,33.03,2619280,85713274.0
2021-08-20,32.68,32.96,31.5,32.04,3566051,114186024.0
2021-08-23,32.23,33.27,31.86,33.05,3139604,103087732.0
2021-08-24,33.1,33.35,32.6,33.2,2434689,80459961.0
2021-08-25,33.35,33.35,31.74,32.32,4954754,159520418.0
2021-08-26,32.04,32.14,31.05,32.14,3362240,106463734.0
2021-08-27,31.88,32.22,31.31,31.95,2040316,64890123.0
2021-08-30,32.0,32.55,31.4,31.8,2540497,81341519.0
2021-08-31,31.8,31.8,30.34,30.9,3566571,109994543.0
2021-09-01,30.89,31.24,29.99,30.88,2578353,79112636.0
2021-09-02,30.8,30.8,30.0,30.39,2236198,67917820.0
2021-09-03,30.49,30.84,30.01,30.71,2269425,69431261.0
2021-09-06,30.71,31.45,30.12,31.35,2249433,69988689.0
2021-09-07,31.31,32.3,30.8,31.3,3270186,103169273.0
2021-09-08,31.14,31.86,30.88,31.47,2004370,62940168.0
2021-09-09,31.53,31.97,31.25,31.65,1507065,47743134.0
2021-09-10,31.65,32.89,31.31,32.77,3530360,113517877.0
2021-09-13,32.8,32.96,32.03,32.77,2355997,76631696.0
2021-09-14,32.75,34.78,32.15,33.72,4563548,153754913.0
2021-09-15,33.64,33.98,33.21,33.66,2111273,70752965.0
2021-09-16,33.68,33.78,31.72,32.32,3998425,129764401.0
2021-09-17,32.29,32.29,31.0,31.51,2439830,76698318.0
2021-09-22,30.99,31.65,30.7,31.27,1030270,32173675.0
2021-09-23,31.27,33.33,31.04,32.87,3074081,98962506.0
2021-09-24,32.7,32.98,32.01,32.07,1393408,45167533.0
2021-09-27,32.33,32.78,31.08,31.3,2178623,68616007.0
2021-09-28,31.14,31.92,30.81,31.81,1809695,57051253.0
2021-09-29,32.0,33.22,31.5,31.68,2510994,81080559.0
2021-09-30,31.68,32.78,31.43,32.41,2025220,65266593.0
2021-10-08,32.83,33.78,32.5,32.83,1758443,58001319.0
2021-10-11,32.68,33.05,32.16,32.76,2222241,72358290.0
2021-10-12,32.59,33.34,32.23,33.08,3262065,107519374.0
2021-10-13,33.28,34.2,32.9,33.9,3520340,118247799.0
2021-10-14,33.79,34.55,33.5,33.92,2866033,97516040.0
2021-10-15,33.87,34.65,33.05,34.28,3372783,114223694.0
2021-10-18,34.12,34.65,33.48,34.09,2506850,85152312.0
2021-10-19,33.96,35.95,33.52,35.68,5578603,195689781.0
2021-10-20,35.67,36.98,35.17,36.45,4617561,166553901.0
2021-10-21,36.44,36.44,35.45,35.6,2570924,92247740.0
2021-10-22,35.5,36.79,35.28,35.6,2872186,103367894.0
2021-10-25,35.54,36.08,34.61,36.08,3182209,112216769.0
2021-10-26,35.6,37.25,35.6,36.16,3820569,139347176.0
2021-10-27,35.91,36.12,34.7,35.21,2604270,91574307.0
2021-10-28,34.66,35.55,34.45,34.95,2610012,91184752.0
2021-10-29,35.02,35.9,34.58,35.65,2021532,71462127.0
2021-11-01,36.17,37.1,35.7,36.66,4162438,151785349.0
2021-11-02,36.47,37.78,35.9,36.4,3290442,120904682.0
2021-11-03,36.1,37.32,36.0,37.31,3487940,128236566.0
2021-11-04,37.63,41.04,37.37,41.04,7861600,313706991.0
2021-11-05,41.79,42.49,40.21,41.0,8236277,340092412.0
2021-11-08,41.0,41.9,40.0,41.62,4653952,191979150.0
2021-11-09,41.62,42.88,40.78,41.77,5046551,210044709.0
2021-11-10,41.6,42.42,41.34,42.18,3142756,131825788.99999999
2021-11-11,42.24,42.61,41.45,42.0,3328960,139761920.0
2021-11-12,41.88,44.18,41.8,43.2,5488940,238072470.0
2021-11-15,42.99,43.54,41.83,42.63,4458566,190029419.0
2021-11-16,42.47,44.5,42.19,43.0,3540836,153224482.0
2021-11-17,42.71,43.74,41.5,43.42,4013925,170942394.0
2021-11-18,43.23,43.81,42.5,42.88,2430444,104749635.0
2021-11-19,43.5,44.5,43.0,44.08,4366767,191477367.0
2021-11-22,43.8,45.51,43.41,43.98,3571428,157770990.0
2021-11-23,43.95,45.2,43.55,44.87,3124923,139048494.0
2021-11-24,44.52,44.62,43.35,43.82,2422378,106369587.0
2021-11-25,43.3,44.27,42.01,42.38,4390333,187196960.0
2021-11-26,42.68,43.06,41.36,42.28,4182932,175855460.0
2021-11-29,41.55,42.76,41.5,42.61,2072295,87623312.0
2021-11-30,42.89,44.18,42.43,43.2,3122269,134855302.0
2021-12-01,42.89,43.6,41.68,41.9,2399414,101360430.0
2021-12-02,41.76,42.27,40.4,41.07,3097080,127141276.0
2021-12-03,41.07,42.13,40.9,41.75,1884835,78402062.0
2021-12-06,41.66,41.8,39.88,40.29,3597101,145755596.0
2021-12-07,41.07,41.07,37.98,38.35,4356855,168375381.0
2021-12-08,38.75,40.08,38.75,39.85,3185674,126394375.0
2021-12-09,39.73,40.37,39.1,39.86,3156195,125772349.0
2021-12-10,39.71,39.8,39.02,39.62,2022562,79760702.0
2021-12-13,39.62,40.18,38.63,39.83,2530825,99912009.0
2021-12-14,39.85,40.3,39.68,40.08,1986035,79483670.0
2021-12-15,40.6,41.15,39.48,39.61,1955939,78707815.0
2021-12-16,39.64,40.18,39.28,39.93,1547764,61617058.0
2021-12-17,39.91,39.91,38.4,38.5,1733625,67354008.0
2021-12-20,38.13,38.72,37.1,37.47,3155280,118474103.0
2021-12-21,37.37,37.9,37.0,37.58,1879171,70364039.0
2021-12-22,37.69,38.25,37.28,37.98,1569615,59477429.0
2021-12-23,38.54,39.2,37.37,38.66,2457889,94858793.0
2021-12-24,38.7,39.1,37.61,38.53,1776118,67958801.0
2021-12-27,38.15,39.06,37.9,38.47,1171900,45277862.0
2021-12-28,38.51,39.8,38.34,39.4,2588207,101814854.0
2021-12-29,39.5,39.99,38.73,38.8,2309638,90342493.0
2021-12-30,38.84,41.25,38.76,40.93,4297719,173971635.0
2021-12-31,40.9,41.72,40.32,41.4,3728868,153187521.0
2022-01-04,41.35,41.72,39.22,40.31,4367887,174472353.0
2022-01-05,40.05,40.06,37.71,37.82,3291885,126865520.0
2022-01-06,37.66,38.28,36.7,37.46,1702488,63733360.0
2022-01-07,37.4,37.85,36.74,36.8,1746829,65144329.0
2022-01-10,36.79,37.75,35.85,37.6,1889926,69931081.0
2022-01-11,37.56,37.56,36.21,36.92,1368211,50330757.0
2022-01-12,36.81,37.6,36.68,37.06,1326619,49320044.0
2022-01-13,37.1,37.18,35.56,35.75,1451098,52228364.0
2022-01-14,35.75,36.49,35.35,35.77,1267255,45586157.0
2022-01-17,35.6,36.78,35.55,36.28,1778312,64617931.0
2022-01-18,36.35,37.22,35.94,36.93,1771848,65381560.0
2022-01-19,36.92,36.92,35.51,36.22,1909388,68823837.0
2022-01-20,36.17,36.53,35.68,36.02,1090500,39314300.0
2022-01-21,36.02,36.02,34.92,35.86,1240160,43953629.0
2022-01-24,35.79,35.79,34.49,34.77,2580270,89978548.0
2022-01-25,34.98,35.73,34.2,34.4,1620146,56533205.0
2022-01-26,34.16,34.82,33.91,34.5,1018442,35030411.0
2022-01-27,34.65,35.48,33.86,33.92,1580642,54398055.0
2022-01-28,34.2,34.56,33.22,33.94,1336586,45403459.0
2022-02-07,34.74,35.07,34.01,34.35,1201172,41362920.0
2022-02-08,34.16,34.69,33.56,34.67,1252726,42766015.0
2022-02-09,34.35,35.68,34.07,35.32,1409741,49493696.0
2022-02-10,35.3,35.74,34.95,35.35,1154700,40816155.0
2022-02-11,35.23,35.32,33.56,33.77,1392320,47758402.0
2022-02-14,33.57,34.11,32.98,33.39,1080486,36103709.0
2022-02-15,33.12,34.28,33.01,34.26,962151,32577488.0
2022-02-16,34.26,34.47,33.98,34.02,593741,20256541.0
2022-02-17,33.91,34.85,33.54,34.38,965238,32994737.0
2022-02-18,33.95,34.3,33.72,34.2,693765,23561897.0
2022-02-21,34.0,34.42,33.61,33.85,1030199,34816660.0
2022-02-22,33.7,33.7,32.78,33.38,1220738,40587566.0
2022-02-23,33.05,35.16,33.05,35.11,1718069,59405025.0
2022-02-24,35.11,35.5,33.72,34.28,1626051,56260521.0
2022-02-25,34.5,35.24,34.41,34.65,1071941,37323165.0
2022-02-28,34.88,35.26,34.34,35.01,1265003,44130120.0
2022-03-01,35.2,35.38,34.54,34.76,1096500,38095382.0
2022-03-02,34.59,34.59,33.78,34.12,1063100,36198589.0
2022-03-03,34.4,34.45,33.2,33.21,1228180,41257470.0
2022-03-04,33.1,33.47,31.96,32.28,1869063,60752151.0
2022-03-07,32.39,32.5,31.25,31.57,1480375,47081943.0
2022-03-08,31.77,32.0,30.3,30.98,2053290,63627929.0
2022-03-09,31.09,31.39,29.24,31.0,2609938,79603768.0
2022-03-10,31.5,31.82,30.31,30.47,1596732,49572125.0
2022-03-11,30.17,31.09,29.61,30.94,1536093,46591803.0
2022-03-14,30.71,30.76,29.98,29.98,1030375,31218893.0
2022-03-15,30.0,30.0,28.21,28.36,2555693,74158456.0
2022-03-16,28.65,29.37,27.39,29.18,2258077,64088285.0
2022-03-17,29.46,30.15,29.2,29.34,1863785,55168188.0
2022-03-18,29.42,29.51,28.7,28.93,1043823,30234629.0
2022-03-21,28.99,29.48,28.58,28.94,1183645,34174631.0
2022-03-22,28.64,29.16,28.57,28.72,1202900,34673603.0
2022-03-23,28.68,28.88,28.2,28.52,1552535,44141500.0
2022-03-24,28.54,28.54,27.8,27.94,1150999,32305719.0
2022-03-25,27.82,28.1,27.2,27.33,1149815,31688868.0
2022-03-28,27.0,27.99,26.66,27.2,1273150,34594490.0
2022-03-29,27.43,27.59,26.52,26.6,1189355,31968296.0
2022-03-30,26.54,27.39,26.54,27.26,1175683,31740734.0
2022-03-31,27.2,27.46,26.9,27.16,1192600,32417067.0
2022-04-01,27.02,27.4,26.64,27.26,1628428,44134083.0
2022-04-06,27.16,27.19,26.52,27.16,1350884,36244300.0
2022-04-07,27.18,27.88,26.6,26.66,1743060,47346327.0
2022-04-08,26.89,26.89,25.6,25.79,2037700,53017293.0
2022-04-11,25.71,25.78,24.55,24.7,2410550,60453884.0
2022-04-12,25.0,25.27,24.49,25.14,1576274,39340691.0
2022-04-13,24.98,25.1,23.9,24.34,1397500,34499204.0
2022-04-14,24.47,24.92,24.06,24.7,1338670,32838778.0
2022-04-15,24.65,25.26,24.05,25.0,1461691,36241234.0
2022-04-18,25.1,25.51,24.74,25.47,1316328,33209142.999999996
2022-04-19,25.36,25.89,24.95,25.18,1773253,44914933.0
2022-04-20,25.11,25.37,24.57,24.67,1449170,36152731.0
2022-04-21,24.42,25.29,24.16,24.17,1778900,43982261.0
2022-04-22,24.06,24.54,23.95,24.05,1727268,41851686.0
2022-04-25,23.86,23.86,22.0,22.01,1999948,45492018.0
2022-04-26,21.95,23.45,21.8,22.58,3397663,77330895.0
2022-04-27,22.26,24.84,22.02,24.84,3753707,89036489.0
2022-04-28,24.84,25.75,24.36,25.48,3607972,90222800.0
2022-04-29,25.45,26.98,25.3,26.4,3850191,100974855.0
2022-05-05,26.25,26.39,25.61,25.97,2223630,57816534.0
2022-05-06,25.38,27.25,25.1,26.44,3065647,81046780.0
2022-05-09,26.46,26.47,25.5,25.75,2078385,53807427.0
2022-05-10,25.5,26.75,25.13,26.2,2074885,54208317.0
2022-05-11,26.22,27.0,26.04,26.36,2535763,67571366.0
2022-05-12,26.4,26.69,25.88,26.69,1832385,48196995.0
2022-05-13,26.79,27.03,26.3,26.68,1885491,50140070.0
2022-05-16,26.65,26.77,25.68,26.11,2699969,70430940.0
2022-05-17,26.14,26.53,25.83,26.47,1726900,45261002.0
2022-05-18,26.37,26.39,25.96,26.13,1350296,35319345.0
2022-05-19,25.68,26.55,25.51,26.52,1701950,44542785.0
2022-05-20,26.82,26.91,26.03,26.59,1767626,46681364.0
2022-05-23,26.78,27.62,26.51,27.44,2662658,72449716.0
2022-05-24,27.44,27.69,25.74,25.87,2093900,55824259.0
2022-05-25,25.56,26.17,25.47,26.07,1290565,33384593.0
2022-05-26,26.12,26.43,25.34,26.25,1287552,33459256.999999996
2022-05-27,26.63,26.95,26.21,26.5,1383454,36795073.0
2022-05-30,26.57,26.58,26.01,26.36,1266791,33281604.0
2022-05-31,26.53,27.43,26.15,27.41,2295240,61892510.0
2022-06-01,27.5,27.98,27.32,27.61,1783101,49272225.0
2022-06-02,27.36,28.37,27.36,28.28,2119716,59165734.0
2022-06-06,28.6,28.99,28.31,28.78,2314728,66358712.0
2022-06-07,28.78,28.78,28.07,28.25,1589204,44994277.0
2022-06-08,28.24,28.37,27.38,27.99,1817203,50600402.0
2022-06-09,27.88,27.97,26.89,27.23,1426569,39011878.0
2022-06-10,27.0,27.91,26.99,27.85,1610166,44503070.0
2022-06-13,27.61,27.9,27.19,27.56,2013422,55406938.0
2022-06-14,27.3,27.3,25.56,26.47,3758764,98413490.0
2022-06-15,26.54,27.0,26.22,26.23,3211717,85761613.0
2022-06-16,26.29,27.68,26.25,27.1,3266280,88432911.0
2022-06-17,27.16,27.4,26.34,27.33,3137215,84796494.0
2022-06-20,27.32,28.22,27.27,27.83,3108297,86416759.0
2022-06-21,27.85,27.98,27.45,27.82,2024372,56165895.0
2022-06-22,27.82,27.95,27.03,27.06,1693096,46385499.0
2022-06-23,27.1,28.17,27.09,28.15,2306618,63893419.0
2022-06-24,27.8,28.16,27.28,27.61,4247341,117718685.0
2022-06-27,27.65,28.74,27.61,28.41,4077140,114924637.0
2022-06-28,28.41,28.6,27.68,28.6,4320758,121556355.0
2022-06-29,28.61,29.85,28.34,28.36,7568238,219731556.0
2022-06-30,28.7,29.35,28.05,28.2,4896998,139973548.0
2022-07-01,28.45,28.48,27.4,27.56,3436348,95481935.0
2022-07-04,27.57,27.61,26.84,27.3,2863600,77818328.0
2022-07-05,27.3,27.55,25.33,25.75,8350316,218343923.0
2022-07-06,25.94,26.59,25.57,26.09,4678790,122498898.0
2022-07-07,25.95,26.09,25.5,25.8,2713204,69907851.0
2022-07-08,25.83,26.25,25.51,25.58,2434721,62948400.0
2022-07-11,25.58,25.67,24.48,24.6,3835079,95074512.0
2022-07-12,24.55,24.66,23.85,23.98,2914330,70259613.0
2022-07-13,23.93,24.09,23.51,23.73,2254854,53532565.0
2022-07-14,23.71,24.59,23.64,24.31,2919366,70731241.0
2022-07-15,24.12,24.8,24.06,24.17,2477728,60640945.0
2022-07-18,24.17,24.67,24.01,24.59,2730370,66597276.0
2022-07-19,24.61,25.44,24.36,25.37,4625926,116237962.0
2022-07-20,25.43,25.65,25.21,25.5,2551526,64885203.0
2022-07-21,25.61,26.1,25.24,25.57,3380492,87277629.0
2022-07-22,25.57,25.88,24.92,25.3,2562213,64814483.0
2022-07-25,25.26,25.65,24.81,25.09,1885546,47552200.0
2022-07-26,25.0,25.4,24.71,25.02,2091760,52282612.0
2022-07-27,25.02,25.94,24.86,25.72,2964399,75387040.0
2022-07-28,25.9,26.24,25.57,25.7,3307863,85558791.0
2022-07-29,25.91,26.23,25.66,25.78,2907756,75415408.0
2022-08-01,25.8,27.14,25.52,26.84,4706553,125196917.0
2022-08-02,26.7,27.74,26.31,27.41,8729643,237761646.0
2022-08-03,27.6,29.18,27.21,27.78,9613025,271382076.0
2022-08-04,27.79,28.15,27.18,27.62,4285734,117967667.0
2022-08-05,27.63,28.56,27.5,28.55,5901311,166197956.0
2022-08-08,28.54,29.82,27.81,29.6,5702068,163148513.0
2022-08-09,28.72,29.2,28.08,28.8,10836348,308922480.0
2022-08-10,28.4,28.55,27.7,27.91,4045509,113277522.0
2022-08-11,28.0,28.85,27.81,28.77,5427735,154689784.0
2022-08-12,28.77,28.84,27.85,27.88,3188451,90140907.0
2022-08-15,27.8,28.77,27.41,28.67,4895416,137838231.0
2022-08-16,28.89,29.2,28.41,28.8,3485238,100239817.0
2022-08-17,28.62,28.87,28.2,28.66,2589445,73859743.0
2022-08-18,28.76,29.21,28.12,29.13,3590744,103377834.0
2022-08-19,29.1,30.56,29.0,30.1,8327064,250553049.0
2022-08-22,30.2,30.29,29.3,30.19,4024779,120149028.0
2022-08-23,29.85,30.2,29.58,30.0,3236598,96440033.0
2022-08-24,29.99,30.02,28.36,28.58,3250183,94068316.0
2022-08-25,28.58,29.1,28.07,29.09,2584460,73844024.0
2022-08-26,28.95,29.25,28.53,28.89,2436811,70582374.0
2022-08-29,28.44,28.91,27.8,28.87,2098723,59448176.0
2022-08-30,28.61,28.79,27.33,27.5,2100013,58619420.0
2022-08-31,27.2,27.5,26.36,26.46,1911805,51238064.0
2022-09-01,26.47,26.69,25.85,25.85,1596894,41731335.0
2022-09-02,25.82,26.41,25.76,26.01,1880553,48891093.0
2022-09-05,26.13,26.15,25.28,25.4,1817391,46438914.0
2022-09-06,25.45,26.88,25.33,26.63,2236996,58657527.0
2022-09-07,26.48,27.52,26.26,27.21,1950887,52670435.0
2022-09-08,27.21,27.25,26.52,26.62,1281983,34389591.0
2022-09-09,26.95,27.16,26.41,26.88,1130434,30262239.0
2022-09-13,26.9,27.77,26.9,27.58,1634016,44699382.0
2022-09-14,27.1,28.59,27.0,28.43,2668917,74742944.0
2022-09-15,28.59,28.61,27.85,28.25,2466510,69675909.0
2022-09-16,28.13,28.4,27.18,27.18,1319911,36585722.0
2022-09-19,27.02,27.76,27.0,27.19,1394834,38023308.0
2022-09-20,27.2,28.1,26.86,27.72,1281534,35452519.0
2022-09-21,27.71,27.77,27.18,27.2,1008984,27665891.0
2022-09-22,27.02,27.94,26.88,27.19,1115711,30577045.0
2022-09-23,27.19,27.4,26.17,27.13,1428015,38444242.0
2022-09-26,26.68,27.84,26.68,27.21,1070117,29345850.0
2022-09-27,27.1,27.78,27.04,27.63,1033454,28365305.0
2022-09-28,27.46,27.58,26.56,26.56,1008109,27177482.0
2022-09-29,26.55,27.92,26.52,27.79,1771467,48505161.0
2022-09-30,27.6,28.5,27.5,27.95,2546579,71282066.0
2022-10-10,28.04,28.43,27.25,27.38,2145390,59638084.0
2022-10-11,28.01,28.07,24.64,24.64,3436760,88968852.0
2022-10-12,23.96,26.35,23.18,25.71,3721294,90022317.0
2022-10-13,25.5,26.96,25.25,26.3,2585762,68105046.0
2022-10-14,26.46,26.68,25.63,25.65,2610535,67954169.0
2022-10-17,25.45,26.06,24.67,25.23,2341961,59066322.0
2022-10-18,25.22,25.37,24.53,25.27,2583623,64406238.0
2022-10-19,25.05,25.3,24.74,24.96,1825025,45565490.0
2022-10-20,24.74,25.34,24.07,24.6,2602720,64572227.0
2022-10-21,24.61,25.0,24.08,24.25,1916035,46852613.0
2022-10-24,24.14,25.0,24.02,24.18,2012785,49115446.0
2022-10-25,24.0,24.47,23.68,23.98,1389854,33520180.999999996
2022-10-26,23.99,24.91,23.7,24.59,2032361,49864322.0
2022-10-27,24.86,25.02,24.36,24.39,1584386,39028384.0
2022-10-28,24.35,24.59,23.54,23.63,1819487,43678521.0
2022-10-31,23.13,24.32,23.05,24.16,1300268,31117081.0
2022-11-01,24.49,24.75,23.85,24.66,1537767,37537520.0
2022-11-02,24.66,25.08,24.66,24.84,1709187,42593661.0
2022-11-03,24.61,24.96,24.58,24.86,1280075,31791088.0
2022-11-04,24.91,25.57,24.76,25.44,1801737,45536459.0
2022-11-07,25.35,25.78,25.14,25.48,1209687,30859472.0
2022-11-08,25.42,25.52,25.13,25.38,924042,23390516.0
2022-11-09,25.41,25.48,24.86,24.89,1142459,28702022.0
2022-11-10,24.93,25.05,24.17,24.26,1283287,31403426.0
2022-11-11,24.69,25.13,24.35,24.6,1611626,39786816.0
2022-11-14,24.5,24.93,24.16,24.16,1248311,30576276.0
2022-11-15,24.18,26.58,23.93,26.58,4356003,112690159.0
2022-11-16,27.0,27.28,26.2,26.4,3651880,97161590.0
2022-11-17,26.4,26.58,25.58,26.49,2492187,65018041.0
2022-11-18,26.5,27.28,26.21,27.0,4045106,108541080.0
2022-11-21,26.9,27.49,26.68,27.3,2323254,63093765.0
2022-11-22,27.39,27.78,26.47,27.0,2794449,75669494.0
2022-11-23,26.79,27.39,26.51,27.04,2080671,56128503.0
2022-11-24,27.05,27.55,26.67,27.51,2840839,77006696.0
2022-11-25,27.2,27.67,26.67,26.71,1462880,39485730.0
2022-11-28,26.6,26.85,26.2,26.78,1089082,29021242.0
2022-11-29,26.78,27.35,26.63,27.1,1623071,43869677.0
2022-11-30,27.02,27.85,26.9,27.77,2251193,61868575.0
2022-12-01,27.76,28.27,27.38,28.09,2361504,65803808.99999999
2022-12-02,27.91,28.02,27.52,27.58,1430324,39613102.0
2022-12-05,27.6,27.72,27.12,27.6,1113849,30458195.0
2022-12-06,27.46,27.63,26.89,27.26,1639195,44650785.0
2022-12-07,27.26,27.62,26.79,27.6,1445853,39444464.0
2022-12-08,27.77,27.77,27.23,27.37,879548,24121864.0
2022-12-09,27.25,27.58,26.96,27.1,1038372,28212554.0
2022-12-12,27.06,27.79,26.71,27.42,1289808,35226495.0
2022-12-13,27.42,27.42,26.72,26.72,857941,23104147.0
2022-12-14,26.85,27.14,26.3,26.48,647538,17302171.0
2022-12-15,26.4,27.39,26.3,26.98,1166309,31516813.0
2022-12-16,27.12,27.12,26.41,26.82,729466,19402743.0
2022-12-19,26.55,26.74,26.31,26.4,467213,12377415.0
2022-12-20,26.4,26.66,26.25,26.25,400243,10577570.0
2022-12-21,26.43,26.43,25.53,25.86,636637,16481404.999999998
2022-12-22,25.86,25.97,25.06,25.23,632600,16109972.0
2022-12-23,25.1,25.84,25.1,25.25,806300,20514503.0
2022-12-26,25.42,25.71,25.06,25.52,837572,21305888.0
2022-12-27,25.69,25.73,25.06,25.55,1059940,26890831.0
2022-12-28,25.56,25.99,25.23,25.91,980008,25204376.0
2022-12-29,25.75,26.19,25.35,25.78,930967,23906537.0
2022-12-30,25.55,25.75,25.42,25.68,843205,21541993.0
2023-01-03,25.7,26.17,25.32,26.09,962576,24925994.0
2023-01-04,26.07,26.37,25.67,25.86,1004471,26046458.0
2023-01-05,25.98,26.25,25.74,25.88,1327986,34404528.0
2023-01-06,25.62,26.31,25.62,26.07,1138003,29660593.0
2023-01-09,26.07,26.9,26.01,26.39,1309732,34704251.0
2023-01-10,26.44,26.75,26.21,26.66,839006,22316268.0
2023-01-11,26.53,26.92,26.11,26.11,1205698,31853168.0
2023-01-12,26.29,26.35,25.95,26.0,681886,17817006.0
2023-01-13,26.07,26.15,25.47,25.76,1366127,35091016.0
2023-01-16,25.59,26.64,25.59,26.3,1707282,45034902.0
2023-01-17,26.3,27.4,26.25,26.9,1962100,52861967.0
2023-01-18,27.02,27.15,26.8,26.98,805796,21732656.0
2023-01-19,27.07,27.64,26.82,27.46,1339315,36650920.0
2023-01-20,27.52,27.73,26.97,27.09,1281178,34852821.0
2023-01-30,27.58,27.58,27.0,27.5,1592195,43574276.0
2023-01-31,27.31,27.56,27.21,27.56,1084700,29782386.0
2023-02-01,27.57,28.17,27.48,27.92,1521782,42503636.0
2023-02-02,28.01,28.43,28.0,28.15,1599543,45114184.0
2023-02-03,28.13,28.69,27.96,28.26,1189862,33626503.0
2023-02-06,28.12,28.4,27.67,27.83,1379338,38518398.0
2023-02-07,27.82,28.07,27.57,27.79,900686,24994992.0
2023-02-08,27.7,28.05,27.53,27.74,1048459,29082344.0
2023-02-09,27.54,28.7,27.54,28.46,1759955,49761384.0
2023-02-10,28.32,28.7,27.86,28.03,975157,27480383.0
2023-02-13,28.03,28.39,27.91,28.06,980341,27551162.0
2023-02-14,28.32,28.43,27.82,28.0,1076625,30245157.0
2023-02-15,28.07,28.35,27.92,28.19,1552000,43707325.0
2023-02-16,28.16,28.45,27.23,27.43,2012314,56059633.0
2023-02-17,27.78,27.78,26.9,27.05,1357678,36954882.0
2023-02-20,26.97,27.41,26.71,27.29,1199650,32441033.0
2023-02-21,27.43,27.85,27.11,27.32,1496516,41054978.0
2023-02-22,27.3,27.31,26.71,26.99,1065100,28837118.0
2023-02-23,27.1,27.31,26.67,26.79,1553757,41738626.0
2023-02-24,26.76,26.98,26.42,26.59,1480461,39453567.0
2023-02-27,26.6,26.76,26.25,26.43,1509295,39972261.0
2023-02-28,26.47,26.6,26.08,26.36,1934851,50961348.0
2023-03-01,26.37,27.59,26.29,27.2,3455135,93202169.0
2023-03-02,27.19,27.87,26.63,26.69,2801684,76006139.0
2023-03-03,26.8,27.08,26.41,26.57,1576165,41984964.0
2023-03-06,26.51,27.0,26.41,26.83,1722868,46098793.0
2023-03-07,26.83,26.95,25.95,25.96,1936840,51050913.0
2023-03-08,25.9,26.32,25.89,26.25,1265390,33076420.0
2023-03-09,26.27,26.89,26.25,26.73,2097100,55920398.0
2023-03-10,26.53,26.83,26.32,26.41,1231277,32667915.0
2023-03-13,26.21,26.58,25.72,25.92,2597290,67593553.0
2023-03-14,25.71,26.23,25.53,25.75,1308530,33756831.0
2023-03-15,25.88,26.61,25.72,25.79,1666610,43566298.0
2023-03-16,25.7,26.0,25.16,25.18,1433444,36530466.0
2023-03-17,25.45,25.7,25.0,25.14,1707065,43280871.0
2023-03-20,25.15,25.65,25.02,25.5,1385026,35212276.0
2023-03-21,25.61,25.94,25.39,25.88,1154079,29763253.0
2023-03-22,25.9,27.08,25.8,26.67,2498730,66393674.0
2023-03-23,26.66,27.3,26.51,27.16,2481369,67193117.0
2023-03-24,27.2,27.5,27.02,27.15,1843964,50236300.0
2023-03-27,27.04,27.49,26.9,27.0,1696605,45981005.0
2023-03-28,26.84,27.0,25.51,25.83,4427739,115277652.0
2023-03-29,25.96,26.36,25.62,26.07,2045900,53320105.0
2023-03-30,26.16,26.38,25.83,26.2,1255380,32857798.000000004
2023-03-31,26.3,26.46,25.91,26.08,1233500,32138458.0
2023-04-03,26.08,26.37,25.63,25.94,2370303,61317619.0
2023-04-04,25.93,25.93,24.78,24.94,3861710,97263964.0
2023-04-06,24.88,25.13,24.4,24.75,2645320,65540348.0
2023-04-07,24.87,24.91,24.44,24.82,2642962,65138750.0
2023-04-10,24.7,24.95,24.16,24.22,2148485,52558695.0
2023-04-11,24.4,24.4,24.03,24.15,2076515,50204800.0
2023-04-12,24.22,24.36,24.04,24.15,2338880,56465106.0
2023-04-13,24.2,24.2,23.56,23.56,2686509,63939936.0
2023-04-14,23.66,23.72,23.41,23.59,1950267,45944383.0
2023-04-17,23.65,23.76,23.39,23.6,2268466,53475234.0
2023-04-18,23.62,23.69,23.1,23.42,2467339,57672157.0
2023-04-19,23.42,23.69,23.25,23.38,2014721,47253430.0
2023-04-20,23.38,23.55,23.15,23.25,1663814,38714826.0
2023-04-21,23.35,23.4,22.6,22.72,2437480,56015172.0
2023-04-24,22.55,22.62,21.93,22.08,2629264,58317317.0
2023-04-25,22.25,22.73,21.6,21.97,3134243,69263266.0
2023-04-26,21.78,22.51,21.7,22.22,2309533,51416294.0
2023-04-27,22.15,22.36,21.7,21.88,2262680,49671655.0
2023-04-28,21.79,22.3,21.78,22.19,2150132,47437342.0
2023-05-04,22.1,22.28,21.75,21.88,2205654,48530863.0
2023-05-05,21.89,21.99,21.27,21.4,1988900,42746434.0
2023-05-08,21.52,21.88,21.5,21.65,2134019,46283858.0
2023-05-09,21.65,21.78,20.95,20.99,2688088,57097078.0
2023-05-10,20.88,21.25,20.86,21.12,1481748,31174115.0
2023-05-11,21.29,21.57,21.12,21.18,1546100,32860479.0
2023-05-12,21.18,21.29,20.8,20.92,1495100,31433103.0
2023-05-15,20.9,21.3,20.77,21.28,1811114,38069892.0
2023-05-16,21.38,21.44,21.19,21.38,1398758,29835927.0
2023-05-17,21.36,21.86,21.3,21.81,2004077,43498497.0
2023-05-18,21.8,21.92,21.63,21.78,1641100,35737513.0
2023-05-19,21.9,22.21,21.78,22.17,1833144,40456804.0
2023-05-22,22.25,22.43,21.99,22.2,1736500,38428699.0
2023-05-23,22.25,22.25,21.93,21.99,1305213,28811315.0
2023-05-24,21.9,22.38,21.75,22.13,2117127,46936567.0
2023-05-25,22.17,22.33,21.91,22.18,1221797,27037009.0
2023-05-26,22.18,22.31,22.0,22.28,1363885,30232908.0
2023-05-29,22.4,22.72,22.12,22.26,2194730,49033886.0
2023-05-30,22.2,22.31,21.87,22.28,1710896,37773919.0
2023-05-31,22.19,22.27,21.76,22.08,2040295,44897518.0
2023-06-01,22.12,22.16,21.73,22.07,1816395,39981560.0
2023-06-02,22.07,22.38,21.9,22.34,2047150,45453674.0
2023-06-05,22.28,22.47,22.16,22.3,1336050,29754771.0
2023-06-06,22.33,22.33,21.42,21.5,2023018,44039910.0
2023-06-07,21.5,21.67,21.3,21.48,1895456,40684028.0
2023-06-08,21.53,21.55,20.87,21.1,1629669,34357808.0
2023-06-09,21.16,21.24,20.64,20.87,1930600,40365865.0
2023-06-12,20.92,21.45,20.91,21.33,2186881,46475511.0
2023-06-13,21.33,21.58,20.91,21.33,1975791,41953376.0
2023-06-14,21.37,21.37,20.78,21.05,2276807,47806147.0
2023-06-15,20.97,21.25,20.96,21.17,1202392,25400368.0
2023-06-16,21.18,21.75,21.11,21.68,2527900,54415787.0
2023-06-19,21.7,21.88,21.63,21.76,1627904,35379337.0
2023-06-20,21.8,21.89,21.5,21.78,2343255,50985138.0
2023-06-21,21.69,21.81,21.23,21.33,2029497,43508468.0
2023-06-26,21.27,21.42,20.2,20.36,3410552,70382045.0
2023-06-27,20.28,20.58,20.24,20.46,1766145,36021809.0
2023-06-28,20.46,20.53,19.88,20.48,2146920,43362914.0
2023-06-29,20.48,20.94,20.4,20.85,1927764,40097593.0
2023-06-30,20.53,21.22,20.53,21.06,2422506,50854039.0
2023-07-03,21.15,21.47,20.94,20.99,1818568,38457559.0
2023-07-04,20.99,21.53,20.87,21.38,2070396,44157268.0
2023-07-05,21.39,21.49,21.19,21.22,1271065,27064719.0
2023-07-06,21.31,21.78,21.13,21.48,2307825,49768162.0
2023-07-07,21.53,21.54,21.03,21.28,1695970,36057884.0
2023-07-10,21.37,21.5,21.06,21.11,1228113,26075988.0
2023-07-11,21.22,21.6,21.08,21.54,1770369,38065116.0
2023-07-12,21.55,21.55,21.15,21.23,1492831,31871826.0
2023-07-13,21.26,21.85,21.21,21.77,2890143,62614411.0
2023-07-14,21.86,21.95,21.7,21.73,1397669,30437435.0
2023-07-17,21.71,22.01,21.55,21.97,2552965,55621902.0
2023-07-18,21.9,22.21,21.79,22.11,2234036,49243928.0
2023-07-19,22.02,22.24,21.89,22.23,1657118,36692682.0
2023-07-20,22.09,22.48,21.63,21.68,2417855,52836848.0
2023-07-21,21.61,21.86,21.48,21.62,1733689,37632097.0
2023-07-24,21.73,21.83,21.48,21.77,1359164,29487228.0
2023-07-25,21.8,22.1,21.77,22.03,1915053,41990155.0
2023-07-26,22.02,22.36,21.89,22.21,2043691,45275928.0
2023-07-27,22.17,22.45,21.99,22.06,1939611,43193316.0
2023-07-28,22.22,23.3,22.03,22.66,4609285,104890290.0
2023-07-31,22.4,24.29,22.4,23.3,5953482,140027109.0
2023-08-01,23.02,23.3,22.61,22.72,3354150,76600107.0
2023-08-02,22.73,22.8,22.51,22.65,1664700,37740255.0
2023-08-03,22.55,22.88,22.33,22.66,1932000,43682545.0
2023-08-04,22.7,22.88,22.46,22.56,1415788,32034079.0
2023-08-07,22.42,22.55,22.22,22.46,1718340,38403764.0
2023-08-08,22.41,22.46,21.61,21.85,3094570,67714183.0
2023-08-09,21.83,22.18,21.83,22.04,2140837,47082587.0
2023-08-10,22.08,22.3,21.93,22.25,1728730,38272184.0
2023-08-11,22.28,22.36,21.61,21.66,1647531,36038220.0
2023-08-14,21.57,21.69,21.08,21.42,1441500,30675801.0
2023-08-15,21.42,21.5,20.86,21.15,1829900,38587194.0
2023-08-16,21.08,21.89,21.05,21.48,1920530,41445477.0
2023-08-17,21.45,21.84,21.27,21.8,1322777,28511240.0
2023-08-18,21.64,22.25,21.64,21.74,2237677,49238773.0
2023-08-21,21.81,22.12,21.28,21.3,1304909,28333049.0
2023-08-22,21.53,21.6,20.77,21.5,1992604,42117696.0
2023-08-23,21.31,21.4,20.92,21.13,911800,19260443.0
2023-08-24,21.11,21.57,21.0,21.2,1021200,21748077.0
2023-08-25,21.28,21.28,20.38,20.7,1532860,31779685.0
2023-08-28,21.75,21.75,20.2,20.29,2061617,43176915.0
2023-08-29,20.35,21.9,20.31,21.9,3660711,78051443.0
2023-08-30,22.11,22.27,21.71,22.0,2316900,50956981.0
2023-08-31,22.0,22.17,21.67,21.97,1525940,33509481.0
2023-09-01,21.91,22.24,21.65,21.79,1139148,24859125.0
2023-09-04,21.9,22.08,21.62,22.05,1457050,31868598.0
2023-09-05,22.05,22.45,21.9,22.28,1916139,42614392.0
2023-09-06,22.18,22.72,22.1,22.68,2209950,49779766.0
2023-09-07,22.7,22.75,22.21,22.3,1512662,33790476.0
2023-09-08,22.3,22.53,22.2,22.23,1336030,29779461.0
2023-09-11,22.53,22.58,22.08,22.23,1535780,34181750.0
2023-09-12,22.2,22.39,21.97,22.3,1338500,29754643.0
2023-09-13,22.4,22.41,21.62,21.85,2446088,53516089.0
2023-09-14,21.85,21.92,21.37,21.5,1402308,30255920.0
2023-09-15,21.56,21.9,21.28,21.59,1479863,31820911.0
2023-09-18,21.53,21.78,21.26,21.68,1265167,27335911.0
2023-09-19,21.56,21.7,21.1,21.23,1182856,25148008.0
2023-09-20,21.15,21.38,21.01,21.17,1031800,21823528.0
2023-09-21,21.17,21.28,20.99,21.11,1115950,23561593.0
2023-09-22,21.12,21.75,21.04,21.74,1754281,37725129.0
2023-09-25,21.78,21.8,21.05,21.17,2019458,42961948.0
2023-09-26,21.06,21.13,20.8,20.83,1238500,25906016.0
2023-09-27,20.79,21.13,20.71,21.0,937695,19666512.0
2023-09-28,21.11,21.38,20.9,21.26,1423403,30140888.0
2023-10-09,21.23,21.36,21.01,21.14,1076151,22765208.0
2023-10-10,21.27,21.41,21.14,21.24,1095444,23321284.0
2023-10-11,21.45,22.05,21.28,21.75,2320136,50390550.0
2023-10-12,21.95,22.06,21.72,21.91,1395721,30575365.0
2023-10-13,21.87,22.16,21.73,22.06,2015900,44334822.0
2023-10-16,22.18,22.18,21.55,21.69,1873900,40630387.0
2023-10-17,21.61,21.83,21.31,21.68,1497866,32304302.0
2023-10-18,21.78,21.78,21.11,21.11,1417491,30170653.0
2023-10-19,21.0,21.76,21.0,21.54,3117268,67074970.0
2023-10-20,21.29,21.53,20.78,20.83,2115209,44552762.0
2023-10-23,20.72,20.87,20.25,20.4,2506719,51585438.0
2023-10-24,20.4,21.01,19.7,20.77,3588773,73314112.0
2023-10-25,20.84,20.85,20.57,20.7,1937361,40122655.0
2023-10-26,20.6,21.09,20.43,20.99,1960202,40840098.0
2023-10-27,20.93,21.45,20.68,21.33,1645050,34793056.0
2023-10-30,21.31,22.47,21.22,22.08,3816363,84064585.0
2023-10-31,22.74,23.36,22.7,22.87,8214628,188348097.0
2023-11-01,22.9,23.04,22.47,22.75,3687204,83935117.0
2023-11-02,22.9,23.05,22.42,22.45,2994800,68227564.0
2023-11-03,22.4,23.37,22.4,23.29,3768558,86874706.0
2023-11-06,23.31,23.6,23.14,23.26,3927027,91752962.0
2023-11-07,23.29,23.48,22.98,23.07,4275100,98949010.0
2023-11-08,23.15,23.24,22.78,22.93,2660500,61208612.0
2023-11-09,22.97,23.06,22.5,22.56,2380639,54040891.0
2023-11-10,22.62,22.86,22.46,22.58,2253500,51085220.0
2023-11-13,22.69,22.95,22.64,22.83,2545000,58081605.0
2023-11-14,23.0,23.08,22.69,22.72,1938443,44299486.0
2023-11-15,23.1,23.17,22.8,22.95,2836660,65168032.0
2023-11-16,22.99,23.01,22.69,22.75,1513359,34542391.0
2023-11-17,22.71,23.13,22.69,23.05,2451579,56197510.0
2023-11-20,22.97,23.5,22.89,23.15,3487132,80733884.0
2023-11-21,23.15,23.28,22.61,22.7,2144232,48950522.0
2023-11-22,22.6,22.87,22.3,22.38,1689082,37995047.0
2023-11-23,22.31,22.9,22.31,22.85,1452798,32964203.0
2023-11-24,22.82,22.86,22.39,22.44,2000100,45072630.0
2023-11-27,22.3,22.77,22.28,22.58,1858252,41810285.0
2023-11-28,22.58,22.98,22.56,22.78,1993766,45415658.0
2023-11-29,22.8,23.12,22.69,22.87,2163520,49642443.0
2023-11-30,22.87,22.87,22.35,22.54,2106900,47534884.0
2023-12-01,22.58,22.58,22.16,22.4,2107800,47148645.0
2023-12-04,22.54,22.6,22.22,22.41,1508766,33865603.0
2023-12-05,22.23,22.3,21.65,21.72,1822704,39968433.0
2023-12-06,21.51,21.88,21.5,21.65,1534707,33354483.0
2023-12-07,21.52,21.75,21.38,21.57,1425407,30737530.0
2023-12-08,21.63,21.95,21.62,21.76,1860700,40520522.0
2023-12-11,21.69,22.27,21.38,22.22,2740750,60163709.0
2023-12-12,22.24,22.46,22.01,22.38,1737157,38731746.0
2023-12-13,22.32,22.37,22.18,22.21,972700,21660805.0
2023-12-14,22.3,22.48,22.07,22.22,1355602,30156718.0
2023-12-15,22.25,22.38,21.96,22.08,1138449,25237862.0
2023-12-18,22.0,22.04,21.5,21.55,1198665,25992877.0
2023-12-19,21.54,21.79,21.43,21.62,1340600,28934898.0
2023-12-20,21.65,21.85,21.42,21.44,1287800,27839464.0
2023-12-21,21.4,21.6,21.03,21.51,1753600,37380942.0
2023-12-22,21.45,21.53,21.15,21.25,1696100,36167468.0
2023-12-25,21.21,21.45,20.84,21.17,2291214,48292309.0
2023-12-26,21.3,21.3,20.62,20.86,2092525,43541939.0
2023-12-27,20.85,21.05,20.73,20.93,1494300,31231416.0
2023-12-28,20.95,21.2,20.55,21.05,2319500,48588023.0
2023-12-29,21.12,21.75,21.04,21.52,2427200,52130966.0
2024-01-02,21.52,21.8,21.49,21.55,2424592,52441039.0
2024-01-03,21.48,21.49,21.18,21.34,1842798,39335097.0
2024-01-04,21.25,21.32,20.8,20.97,1979164,41465108.0
2024-01-05,20.76,21.12,20.41,20.52,2296200,47428013.0
2024-01-08,20.49,20.49,20.0,20.04,2230262,45020094.0
2024-01-09,20.01,20.29,19.76,19.85,2676000,53539350.0
2024-01-10,19.83,20.05,19.32,19.7,1957769,38593821.0
2024-01-11,19.67,20.32,19.67,20.17,1861376,37324099.0
2024-01-12,20.06,20.14,19.83,19.84,1652300,32987650.0
2024-01-15,19.82,20.08,19.68,19.78,2094770,41556011.0
2024-01-16,19.97,19.97,19.41,19.7,1530514,30067917.0
2024-01-17,19.63,19.69,18.94,18.94,1966772,37968710.0
2024-01-18,18.9,19.1,18.24,18.81,3167106,59020309.0
2024-01-19,18.8,19.09,18.66,18.69,2036130,38294730.0
2024-01-22,18.59,18.78,17.42,17.5,3052495,55139127.0
2024-01-23,17.47,17.75,17.13,17.63,2373057,41482227.0
2024-01-24,17.67,17.89,16.88,17.66,3292720,57259457.0
2024-01-25,17.65,18.37,17.39,18.33,3579754,64052630.0
2024-01-26,18.23,18.51,17.96,18.07,2519541,46066080.0
2024-01-29,18.05,18.4,17.35,17.35,2599260,45965490.0
2024-01-30,17.32,17.57,16.82,16.92,2165600,37308433.0
2024-01-31,16.79,17.06,16.1,16.12,4609890,75777745.0
2024-02-01,16.12,16.37,15.65,16.0,3755830,60226305.0
2024-02-02,16.04,16.2,14.5,15.0,4348421,66343747.0
2024-02-05,14.85,15.0,13.5,13.9,6248484,87702192.0
2024-02-06,13.85,15.22,13.38,15.1,6221593,89435302.0
2024-02-07,15.1,16.09,15.02,15.65,6521379,101973905.0
2024-02-08,16.0,16.61,15.67,15.86,7361248,118701608.0
2024-02-19,16.36,16.85,16.09,16.58,6251522,103237368.0
2024-02-20,16.46,16.58,16.06,16.46,2730690,44470538.0
2024-02-21,16.21,17.06,16.05,16.56,3481520,58105437.0
2024-02-22,16.64,16.97,16.42,16.96,2751052,46104562.0
2024-02-23,17.0,17.04,16.67,17.02,3042570,51274537.0
2024-02-26,17.06,17.49,16.9,17.2,2898458,49826735.0
2024-02-27,17.11,17.73,17.0,17.73,2643101,45908856.0
2024-02-28,17.73,17.97,16.55,16.6,4452082,77037992.0
2024-02-29,16.29,17.35,16.29,17.33,3510940,59935625.0
2024-03-01,17.35,17.97,17.32,17.88,4100957,72954512.0
2024-03-04,18.0,18.18,17.53,17.92,3893705,69536519.0
2024-03-05,17.88,18.08,17.46,17.53,2507953,44311642.0
2024-03-06,17.45,17.85,17.32,17.5,2396372,42061719.0
2024-03-07,17.54,17.72,17.05,17.07,2590860,44954822.0
2024-03-08,17.24,17.51,16.96,17.49,2765579,47666312.0
2024-03-11,17.44,17.71,17.31,17.6,2815663,49357294.0
2024-03-12,17.66,17.88,17.49,17.83,2749789,48657728.0
2024-03-13,17.7,18.18,17.7,17.98,2370941,42590709.0
2024-03-14,17.8,17.96,17.45,17.56,2502150,44256772.0
2024-03-15,17.67,17.81,17.41,17.81,2175950,38299119.0
2024-03-18,17.81,18.3,17.73,18.28,2841528,51165545.0
2024-03-19,18.12,18.32,18.07,18.1,2037480,37055166.0
2024-03-20,18.09,18.32,17.92,18.18,2575550,46650778.0
2024-03-21,18.22,18.35,17.72,18.07,3219874,57993014.0
2024-03-22,17.9,18.12,17.37,17.4,4174414,73457860.0
2024-03-25,17.28,17.58,16.93,16.95,3567889,61663298.0
2024-03-26,16.95,17.16,16.55,16.7,2618942,44106353.0
2024-03-27,16.74,16.78,15.94,15.94,2405200,39320105.0
2024-03-28,16.02,16.82,15.96,16.54,3653995,60254592.0
2024-03-29,16.55,16.88,16.24,16.86,2036400,33659967.0
2024-04-01,16.98,17.71,16.9,17.68,4166069,72612718.0
2024-04-02,17.57,17.63,17.34,17.49,2618237,45749284.73
2024-04-03,17.38,17.53,17.03,17.34,2119295,36622676.3
2024-04-08,17.29,17.34,16.38,16.38,4300170,71890178.38
2024-04-09,16.52,17.03,16.52,16.96,2871705,48269749.4
2024-04-10,16.93,16.99,16.58,16.71,2559790,42824172.47
2024-04-11,16.5,16.98,16.41,16.55,2015446,33725494.4
2024-04-12,16.65,16.9,16.46,16.52,1708607,28472372.08
2024-04-15,16.6,16.69,15.89,16.1,4681254,75874832.12
2024-04-16,15.85,16.07,15.35,15.36,3857451,60264531.19
2024-04-17,15.52,16.04,15.52,16.01,3241610,51402187.0
2024-04-18,16.09,16.58,15.8,16.22,3118050,50662161.5
2024-04-19,16.16,16.22,15.7,15.85,2655022,42280334.82
2024-04-22,15.62,16.24,15.52,16.04,2984469,47621237.38
2024-04-23,15.28,15.28,14.44,14.45,10411082,151179178.54
2024-04-24,14.29,14.84,14.28,14.83,8913026,129878857.96
2024-04-25,14.72,15.12,14.46,14.94,6146630,91314638.44
2024-04-26,14.93,15.28,14.81,15.22,5074548,76754471.6
2024-04-29,15.16,15.8,15.13,15.76,4671964,72883537.7
2024-04-30,15.38,15.38,14.7,14.85,8593137,128031602.92
2024-05-06,14.86,15.27,14.71,14.8,8896570,132668587.3
2024-05-07,14.89,15.38,14.81,15.32,7559065,114926065.72
2024-05-08,15.39,15.4,14.76,14.81,6046929,90510309.49
2024-05-09,14.85,15.25,14.81,15.18,5252743,79375805.72
2024-05-10,15.25,15.27,14.8,14.89,5600658,83559842.43
2024-05-13,14.69,14.7,14.34,14.43,6144260,89147314.7
2024-05-14,14.45,14.73,14.45,14.58,4087424,59666265.42
2024-05-15,14.51,14.68,14.41,14.43,3478700,50495003.0
2024-05-16,14.52,14.65,14.34,14.4,3752705,54311304.77
2024-05-17,14.39,14.75,14.25,14.75,5610869,81310262.73
2024-05-20,14.78,15.17,14.64,14.99,5521733,82519856.51
2024-05-21,14.97,15.04,14.8,14.88,2388429,35539698.94
2024-05-22,14.82,15.16,14.82,15.1,3892494,58477700.7
2024-05-23,15.05,15.09,14.68,14.73,3092400,45845719.0
2024-05-24,14.65,14.82,14.29,14.31,3662638,53020488.02
2024-05-27,14.35,14.41,13.88,14.32,4262844,60107475.96
2024-05-28,14.35,14.5,14.06,14.1,3539600,50410838.0
2024-05-29,14.03,14.3,14.03,14.1,2332540,33069827.6
2024-05-30,14.1,14.26,13.92,14.19,2468200,34903733.2
2024-05-31,14.24,14.51,14.22,14.37,2976140,42891883.2
2024-06-03,14.33,14.48,14.1,14.25,4241340,60608052.2
2024-06-04,14.22,14.24,13.94,14.14,3716200,52296399.2
2024-06-05,14.06,14.31,13.99,14.0,2654949,37569898.98
2024-06-06,14.01,14.19,13.48,13.55,4702301,64619760.63
2024-06-07,13.55,13.82,13.4,13.58,3723915,50706342.36
2024-06-11,13.46,13.94,13.24,13.93,3606238,49202765.23
2024-06-12,13.93,14.14,13.86,13.93,2910524,40808636.36
2024-06-13,13.92,14.18,13.87,14.03,3322923,46647021.58
2024-06-14,14.03,14.16,13.78,14.1,2695899,37688194.71
2024-06-17,14.0,14.49,13.96,14.39,4258801,61025238.79
2024-06-18,14.43,15.22,14.31,14.81,8783808,130036032.35
2024-06-19,14.76,14.86,14.44,14.5,4744905,69243233.63
2024-06-20,14.45,14.83,14.36,14.36,4839591,70754424.42
2024-06-21,14.37,14.49,14.06,14.3,3023700,43133330.0
2024-06-24,14.15,14.25,13.52,13.57,4040949,55935935.4
2024-06-25,13.61,13.67,13.3,13.42,3105240,41798005.0
2024-06-26,13.4,14.04,13.24,14.03,3728775,50820919.25
2024-06-27,13.94,14.0,13.7,13.72,2963300,41081358.0
2024-06-28,13.53,14.38,13.36,14.06,5492676,77188584.3
2024-07-01,14.0,14.13,13.45,13.83,5397656,73905170.24
2024-07-02,13.73,13.8,13.53,13.65,3476564,47486911.42
2024-07-03,13.65,13.79,13.48,13.56,2765818,37561055.26
2024-07-04,13.54,13.65,13.23,13.27,2667700,35798088.0
2024-07-05,13.14,13.25,12.96,13.13,3066000,40064489.0
2024-07-08,13.12,13.13,12.62,12.65,3118464,39984367.82
2024-07-09,12.62,13.24,12.58,13.15,5299082,68857862.72
2024-07-10,13.15,13.42,13.1,13.17,2698922,35806360.48
2024-07-11,13.41,13.59,13.3,13.58,2809300,37860452.0
2024-07-12,13.57,13.57,13.36,13.48,2530900,34037198.0
2024-07-15,13.38,13.55,13.11,13.17,2154100,28526850.0
2024-07-16,13.1,13.54,13.1,13.49,2767767,36984344.47
2024-07-17,13.53,13.86,13.48,13.51,3556500,48518867.0
2024-07-18,13.32,13.39,13.04,13.27,2716250,35867808.0
2024-07-19,13.2,13.8,13.15,13.67,3395830,46126151.3
2024-07-22,13.61,13.72,13.36,13.4,2496900,33701699.17
2024-07-23,13.4,13.43,12.99,12.99,2802000,36903200.7
2024-07-24,12.99,13.29,12.85,12.93,2687046,35199010.82
2024-07-25,12.74,13.03,12.68,12.79,2958400,37865053.0
2024-07-26,12.8,13.22,12.78,13.14,2687220,35096861.2
2024-07-29,13.2,13.2,12.97,12.98,1532670,19979141.0
2024-07-30,12.98,13.11,12.78,13.01,1757416,22738335.52
2024-07-31,12.9,13.49,12.89,13.48,3531628,46995331.74
2024-08-01,13.45,13.63,13.34,13.37,2306048,31057313.56
2024-08-02,13.3,13.38,12.96,13.0,2871528,37691002.54
2024-08-05,12.87,13.13,12.63,12.64,3752914,48071354.16
2024-08-06,12.78,12.9,12.63,12.76,2745100,34911890.0
2024-08-07,12.68,12.95,12.65,12.87,2537284,32524168.24
2024-08-08,12.81,12.99,12.62,12.87,2234100,28604405.0
2024-08-09,12.94,13.06,12.7,12.7,1745169,22409212.79
2024-08-12,12.7,12.75,12.3,12.36,3612471,45180197.57
2024-08-13,12.3,12.42,12.21,12.38,2252898,27733930.12
2024-08-14,12.4,12.45,12.07,12.09,3154964,38500498.0
2024-08-15,12.06,12.38,12.02,12.13,3516452,42874318.42
2024-08-16,12.2,12.21,11.77,11.79,4085100,48741858.0
2024-08-19,11.76,11.91,11.53,11.55,3367956,39337898.14
2024-08-20,11.56,11.63,11.33,11.42,2508500,28733851.0
2024-08-21,11.4,11.6,11.35,11.49,1752720,20180539.8
2024-08-22,11.56,11.56,11.27,11.3,1821050,20688743.0
2024-08-23,11.26,11.36,11.16,11.24,1623100,18250366.0
2024-08-26,11.24,11.57,11.24,11.53,1972800,22632722.0
2024-08-27,11.51,11.51,11.28,11.31,1307900,14866056.0
2024-08-28,11.32,11.62,11.22,11.49,1587400,18185060.0
2024-08-29,11.46,11.86,11.42,11.85,2276690,26692918.9
2024-08-30,11.84,12.14,11.77,12.0,3005250,36088198.5
2024-09-02,11.95,12.27,11.83,12.03,4128380,49956596.2
2024-09-03,11.9,12.33,11.89,12.29,3192556,38980141.92
2024-09-04,12.22,12.43,12.1,12.33,2551227,31426894.72
2024-09-05,12.3,12.58,12.3,12.51,2679000,33412035.0
2024-09-06,12.49,12.49,12.06,12.07,2715100,33177265.0
2024-09-09,12.07,12.24,12.01,12.02,2642060,31970500.8
2024-09-10,12.02,12.22,11.82,12.18,2456800,29457029.0
2024-09-11,12.06,12.22,12.01,12.11,1579956,19132776.16
2024-09-12,12.08,12.32,12.07,12.09,1502114,18311488.98
2024-09-13,12.1,12.17,11.88,11.89,1567400,18735898.0
2024-09-18,11.83,11.91,11.55,11.75,1507955,17642024.4
2024-09-19,11.74,12.17,11.7,12.0,2126814,25445579.78
2024-09-20,11.96,12.09,11.74,11.84,1758650,20894165.3
2024-09-23,11.84,12.16,11.75,12.09,2370814,28571236.12
2024-09-24,12.14,12.51,12.05,12.51,2989224,36877692.66
2024-09-25,12.54,13.2,12.54,12.78,7667179,99586120.67
2024-09-26,12.74,13.36,12.68,13.35,4962223,64803495.72
2024-09-27,13.6,13.94,13.46,13.9,3900084,53411840.64
2024-09-30,14.56,15.2,14.16,15.12,9800807,144841963.58
2024-10-08,16.63,16.63,15.22,15.8,14922135,236321401.28
2024-10-09,15.45,15.52,14.27,14.29,12757722,189833205.41
2024-10-10,14.44,14.79,14.03,14.2,6990400,100589219.52
2024-10-11,14.25,14.28,13.38,13.54,6548394,90023885.42
2024-10-14,13.65,14.07,13.33,13.82,5834830,79988334.8
2024-10-15,13.73,14.0,13.46,13.48,5148821,70595384.38
2024-10-16,13.24,13.7,13.24,13.5,3491052,47076732.39
2024-10-17,13.64,13.8,13.5,13.51,4660321,63634979.89
2024-10-18,13.52,14.18,13.49,13.86,8056496,111339374.93
2024-10-21,13.95,14.17,13.73,13.8,9220106,128880910.68
2024-10-22,13.8,13.98,13.58,13.94,6109306,84207638.72
2024-10-23,13.95,14.03,13.67,13.76,13015934,179839930.52
2024-10-24,13.8,14.04,13.7,13.89,8158259,113083564.85
2024-10-25,13.99,14.43,13.9,14.36,9813213,139179730.01
2024-10-28,14.4,14.48,14.2,14.45,8198716,117768521.3
2024-10-29,14.49,14.53,14.09,14.17,7445395,106271201.2
2024-10-30,14.06,14.33,13.82,13.95,6006400,84361850.76
2024-10-31,13.9,14.65,13.9,14.52,10515716,151245355.99
2024-11-01,14.48,14.56,13.95,13.97,8056579,114232873.15
2024-11-04,13.97,14.35,13.94,14.35,6187685,88144602.58
2024-11-05,14.3,14.8,14.3,14.76,9080350,132736246.68
2024-11-06,15.25,15.8,15.1,15.2,17660614,272314458.1
2024-11-07,15.23,15.6,15.01,15.58,10595795,163213997.56
2024-11-08,15.71,15.87,15.37,15.5,11459611,179145535.08
2024-11-11,15.4,15.97,15.39,15.84,9479085,149494815.11
2024-11-12,15.82,16.11,15.56,15.69,8826050,139986314.8
2024-11-13,15.65,15.79,15.25,15.62,7641997,118434134.35
2024-11-14,15.61,15.66,14.99,15.02,7021655,107090032.4
2024-11-15,15.0,15.39,14.9,14.94,6325600,95995576.64
2024-11-18,15.0,15.13,14.58,14.66,6863565,101912142.0
2024-11-19,14.8,15.23,14.73,15.2,6399622,95975928.26
2024-11-20,15.2,15.9,15.07,15.88,11206965,173380428.67
2024-11-21,15.68,15.94,15.52,15.74,10904888,171051542.4
2024-11-22,15.69,15.93,15.06,15.15,7665000,118695474.68
2024-11-25,15.16,15.21,14.83,15.13,4789200,71974588.0
2024-11-26,15.07,15.15,14.76,14.81,4258845,63459357.56
2024-11-27,14.75,15.06,14.36,15.05,5177600,76157301.0
2024-11-28,15.05,15.09,14.84,14.95,4528965,67725907.3
2024-11-29,14.92,15.2,14.7,14.99,4939539,74034648.7
2024-12-02,14.98,15.19,14.98,15.09,5370141,81094154.05
2024-12-03,15.09,15.14,14.9,15.04,4201110,63046676.8
2024-12-04,15.05,15.09,14.58,14.64,5679225,83900597.75
2024-12-05,14.61,14.98,14.61,14.83,4316125,64090375.75
2024-12-06,14.82,15.04,14.7,15.0,4092665,61003254.75
2024-12-09,14.92,15.07,14.8,14.98,3933100,58805843.0
2024-12-10,15.38,15.43,14.97,14.99,5773600,87752260.4
2024-12-11,14.95,15.34,14.95,15.26,4383505,66594544.8
2024-12-12,15.28,15.36,15.13,15.33,4061975,61982718.25
2024-12-13,15.33,15.38,15.07,15.12,4848340,73709219.33
2024-12-16,15.14,15.2,14.88,14.96,4434651,66757114.52
2024-12-17,14.9,15.03,14.55,14.61,5148580,75859335.6
2024-12-18,14.65,14.96,14.49,14.81,4382030,64681140.1
2024-12-19,14.65,14.95,14.63,14.89,4122460,60986316.6
2024-12-20,14.85,15.44,14.85,15.33,7122570,108998379.0
2024-12-23,15.43,15.5,14.91,14.93,5765600,87551840.0
2024-12-24,15.02,15.28,14.8,15.13,4381440,65989274.5
2024-12-25,15.18,15.28,14.94,15.1,4779100,72198951.09
2024-12-26,15.0,15.84,15.0,15.72,11194811,173981623.26
2024-12-27,15.85,16.09,15.44,15.49,9150143,143263781.58
2024-12-30,15.47,15.84,15.17,15.68,11994854,187512205.93
2024-12-31,15.65,15.85,15.06,15.08,10236730,157848308.82
2025-01-02,15.0,15.15,14.47,14.65,7128994,105864831.62
2025-01-03,14.65,14.74,13.97,14.03,7386191,105509043.64
2025-01-06,14.03,14.38,13.77,14.07,4692362,66250272.22
2025-01-07,14.08,14.92,14.01,14.91,9128437,132367721.12
2025-01-08,14.54,15.73,14.41,15.3,16100698,245512949.72
2025-01-09,15.25,16.08,15.18,15.83,23000830,362887490.01
2025-01-10,15.65,15.7,14.98,15.0,15028871,230314591.75
2025-01-13,14.7,14.88,14.32,14.45,11193000,162319801.0
2025-01-14,14.56,15.9,14.46,15.9,11815148,182373962.2
2025-01-15,16.5,17.04,16.12,16.17,33619387,552958064.19
2025-01-16,16.47,16.55,15.96,16.31,18674650,303899989.71
2025-01-17,16.25,16.85,16.06,16.53,22903240,377547083.18
2025-01-20,16.69,16.94,16.45,16.68,18529678,308689335.21
2025-01-21,16.6,16.65,16.28,16.48,13718361,225379175.57
2025-01-22,16.34,16.47,16.13,16.18,10338345,168398972.34
2025-01-23,16.39,16.59,16.0,16.0,12184570,198372501.24
2025-01-24,15.95,16.09,15.87,16.02,10211351,163282316.52
2025-01-27,16.01,16.05,15.41,15.41,9945211,155959054.26
2025-02-05,15.49,15.98,15.3,15.78,12936479,202904046.44
2025-02-06,15.73,16.24,15.65,16.24,14176161,227089255.11
2025-02-07,16.24,16.34,15.97,16.15,13427249,217343950.43
2025-02-10,16.18,16.28,16.1,16.15,8843423,143002011.76
2025-02-11,16.12,16.63,16.03,16.28,11696700,190589396.0
2025-02-12,16.28,16.4,16.19,16.4,9962535,162348817.55
2025-02-13,16.41,16.43,16.04,16.04,9354270,151266501.13
2025-02-14,16.0,16.13,15.95,16.05,6246590,100269217.2
2025-02-17,16.02,16.47,16.01,16.44,9364538,152792133.17
2025-02-18,16.45,16.54,15.88,16.0,9103772,148172072.4
2025-02-19,15.99,17.04,15.93,16.95,18141828,301891007.72
2025-02-20,16.87,17.35,16.72,17.33,17038953,291049519.43
2025-02-21,17.3,17.41,17.06,17.23,13197634,227127926.65
2025-02-24,17.23,17.23,16.76,16.9,9875144,166925368.12
2025-02-25,16.69,16.93,16.6,16.71,6831924,114465491.75
2025-02-26,16.71,17.1,16.68,16.87,7794677,131691718.65
2025-02-27,16.73,16.93,16.28,16.52,9625762,159329035.46
2025-02-28,16.51,16.51,15.7,15.7,8281546,132782225.22
2025-03-03,15.73,16.22,15.61,15.98,6589236,105186665.5
2025-03-04,15.86,16.15,15.8,16.06,4322738,69374508.76
2025-03-05,16.03,16.12,15.83,16.04,3969736,63435755.48
2025-03-06,16.11,16.26,16.05,16.19,5647800,91431307.3
2025-03-07,16.19,16.33,15.97,16.05,5631430,90952191.5
2025-03-10,16.04,16.18,15.88,16.11,5014165,80400689.68
2025-03-11,15.9,16.36,15.82,16.22,4970822,80095524.7
2025-03-12,16.26,16.66,16.12,16.48,8183649,134146885.95
2025-03-13,16.46,16.52,16.05,16.23,6401509,103888729.82
2025-03-14,16.24,16.96,16.1,16.74,10045350,166334290.04
2025-03-17,16.97,17.05,16.56,16.6,6629855,110669553.95
2025-03-18,16.66,16.9,16.61,16.76,5524600,92529760.0
2025-03-19,16.71,16.71,16.23,16.35,6439400,105372863.0
2025-03-20,16.29,16.43,16.24,16.28,3757771,61379915.17
2025-03-21,16.2,16.35,15.92,15.98,5052729,81277601.06
2025-03-24,16.01,16.13,15.28,15.65,6744129,105722287.56
2025-03-25,15.6,15.9,15.54,15.66,4163305,65351765.15
2025-03-26,15.62,15.9,15.6,15.81,3238874,51152348.72
2025-03-27,15.7,15.89,15.5,15.66,3624515,56937444.1
2025-03-28,15.66,15.78,15.45,15.46,3388276,52730996.87
2025-03-31,15.4,15.68,15.3,15.49,5101917,78937302.39
2025-04-01,15.49,15.83,15.49,15.72,3401250,53408903.94
2025-04-02,15.72,15.97,15.69,15.7,2792429,44131442.52
2025-04-03,15.5,15.7,15.25,15.4,3879651,59990785.81
2025-04-07,14.52,14.59,13.86,13.86,6239196,88162893.68
2025-04-08,13.99,14.06,13.14,13.39,8288242,111220753.35
2025-04-09,13.05,13.65,12.56,13.53,5722017,75518426.3
2025-04-10,13.94,14.15,13.72,13.79,5799988,80895046.86
2025-04-11,13.67,14.05,13.63,13.96,3628302,50381499.42
2025-04-14,14.16,14.35,14.05,14.1,3310260,46868983.4
2025-04-15,14.1,14.12,13.9,14.0,3027500,42277153.0
2025-04-16,13.99,13.99,13.56,13.8,2784800,38324407.0
2025-04-17,13.61,13.92,13.61,13.81,2200700,30444979.0
2025-04-18,13.81,13.97,13.73,13.87,2109580,29241969.6
2025-04-21,13.88,14.02,13.77,13.97,2335560,32552332.6
2025-04-22,13.93,14.0,13.84,13.95,2532700,35254888.0
2025-04-23,13.97,14.3,13.97,14.22,4396214,62190149.96
2025-04-24,14.23,14.3,13.99,14.11,3052303,43098506.27
2025-04-25,14.16,14.46,14.02,14.32,3681218,52627990.93
2025-04-28,14.29,14.33,14.06,14.12,3030900,42956463.0
2025-04-29,14.0,14.75,14.0,14.42,5832400,84304411.0
2025-04-30,14.8,15.29,14.8,15.09,11589682,174670564.04
2025-05-06,15.16,15.4,15.14,15.33,5942526,90788566.94
2025-05-07,15.43,15.46,14.97,15.11,5134245,78028335.33
2025-05-08,15.09,15.3,15.02,15.25,3151594,47954460.3
2025-05-09,15.25,15.25,15.0,15.06,2322280,35099790.0
2025-05-12,15.16,15.35,15.16,15.33,3434685,52562143.5
2025-05-13,15.42,15.5,15.26,15.45,3259300,50125692.11
2025-05-14,15.4,15.49,15.18,15.26,2990380,45703080.05
2025-05-15,15.2,15.32,15.05,15.06,2242943,33931646.42
2025-05-16,15.05,15.23,15.02,15.13,1831191,27765502.84
2025-05-19,15.16,15.2,14.98,15.1,2396894,36091269.76
2025-05-20,15.1,15.23,15.03,15.23,2264026,34322582.6
2025-05-21,15.23,15.23,14.99,15.1,2186200,32974706.0
2025-05-22,15.09,15.35,14.97,14.98,2600750,39344743.0
2025-05-23,14.92,15.12,14.82,14.83,2336831,34954993.26
2025-05-26,14.8,14.99,14.76,14.95,1798806,26839982.46
2025-05-27,14.92,14.99,14.66,14.75,2797699,41235505.28
2025-05-28,14.72,14.89,14.69,14.72,2115661,31237411.92
2025-05-29,14.76,15.08,14.76,15.05,2907272,43595862.93
2025-05-30,14.97,15.02,14.78,14.81,2473100,36788442.5
2025-06-03,14.75,14.97,14.72,14.93,2994658,44574835.54
2025-06-04,15.02,15.15,14.96,15.07,2701686,40731429.16
2025-06-05,15.12,15.28,15.01,15.25,3335485,50590866.55
2025-06-06,15.3,15.3,15.11,15.22,2085152,31655902.58
2025-06-09,15.22,15.3,15.17,15.23,2951651,44953142.03
2025-06-10,15.23,15.23,14.87,15.0,2915530,43866819.05
2025-06-11,15.13,15.24,15.06,15.08,2741884,41577058.2
2025-06-12,15.1,15.16,14.93,15.0,3497595,52626644.0
2025-06-13,14.95,15.06,14.67,14.7,5438807,80409242.28
2025-06-16,14.56,14.83,14.5,14.68,3087268,45483857.52
2025-06-17,14.68,14.8,14.51,14.53,2767246,40421168.85
2025-06-18,14.5,14.77,14.48,14.71,3056912,44724376.36
2025-06-19,14.72,14.88,14.46,14.52,3438250,50298458.0
2025-06-20,14.54,14.74,14.48,14.48,2476749,36128664.01
2025-06-23,14.41,14.72,14.36,14.69,2137146,31184746.22
2025-06-24,14.75,15.17,14.75,15.14,3538358,53117202.04
2025-06-25,15.15,15.27,15.08,15.24,3594650,54652126.5
2025-06-26,15.23,15.34,15.12,15.16,3410929,51937858.51
2025-06-27,15.08,15.3,15.05,15.2,3265303,49642360.07
2025-06-30,15.34,15.4,15.23,15.4,3146663,48203195.59
2025-07-01,15.35,15.64,15.29,15.51,4769151,73930079.04
2025-07-02,15.46,15.51,15.23,15.33,3067124,46947519.32
2025-07-03,15.34,15.55,15.34,15.53,3001770,46454065.72
2025-07-04,15.53,15.57,15.34,15.37,3221600,49718267.0
2025-07-07,15.45,15.57,15.33,15.4,2349300,36197712.0
2025-07-08,15.42,15.75,15.39,15.7,4746073,74271252.64
2025-07-09,15.7,15.75,15.57,15.64,3120800,48830912.0
2025-07-10,15.55,15.75,15.55,15.7,2923140,45802072.14
2025-07-11,15.64,15.74,15.47,15.58,3686534,57375585.65
2025-07-14,15.56,15.73,15.52,15.62,4296003,67194602.2
2025-07-15,15.57,15.92,15.53,15.8,5297299,83504914.74
2025-07-16,15.75,15.83,15.63,15.68,3269390,51364562.37
2025-07-17,15.7,16.07,15.64,16.03,5284206,84279927.87
2025-07-18,16.02,16.36,15.92,16.31,6602588,106619293.01
2025-07-21,16.22,16.22,15.8,16.06,7268281,116633910.15
2025-07-22,16.1,16.29,15.94,16.05,5492396,88396954.69
2025-07-23,16.08,16.2,15.92,15.95,4099191,65646405.54
2025-07-24,15.94,16.15,15.93,16.09,4883300,78384964.0
2025-07-25,16.09,16.2,16.05,16.16,3423291,55234576.31
2025-07-28,16.17,16.33,16.09,16.27,4303952,69793484.41
2025-07-29,16.21,16.53,16.1,16.3,3513760,57088520.1
2025-07-30,16.31,16.42,16.1,16.2,3726400,60548204.0
2025-07-31,16.21,16.4,15.91,15.95,5197200,83839345.0
2025-08-01,15.9,16.28,15.9,16.08,5770700,92964829.0
2025-08-04,16.02,16.32,15.99,16.31,3853472,62438722.12
2025-08-05,16.4,16.45,16.28,16.33,4131868,67567328.68
2025-08-06,16.27,16.58,16.24,16.4,4126400,67892553.0
2025-08-07,16.44,16.5,16.22,16.33,3666600,59926714.0
2025-08-08,16.32,16.4,16.15,16.3,3395096,55279423.34
2025-08-11,16.37,16.84,16.25,16.6,5261885,87083832.15
2025-08-12,16.75,16.75,16.49,16.66,3729972,61903052.36
2025-08-13,16.6,17.55,16.57,17.31,12052655,206211005.72
2025-08-14,17.4,17.8,16.91,17.03,8925466,153265691.2
2025-08-15,16.89,17.68,16.89,17.63,9685169,168436497.54
2025-08-18,17.8,17.8,17.25,17.43,11392838,198919477.56
2025-08-19,17.47,18.13,17.12,17.57,11733335,205015123.17
2025-08-20,17.39,17.55,17.26,17.52,7511678,130912020.0
2025-08-21,17.56,18.09,17.41,17.72,11164537,197664687.01
2025-08-22,17.65,17.93,17.65,17.8,6812495,121061801.71
2025-08-25,17.96,19.16,17.96,18.61,13188210,245089406.27
2025-08-26,18.5,19.62,18.36,19.49,16250620,313030482.53
2025-08-27,19.4,19.4,18.21,18.27,15777020,296809332.99
2025-08-28,18.22,18.52,17.76,18.37,13271184,240882226.72
2025-08-29,18.45,18.48,17.96,18.24,7480919,135603984.48
2025-09-01,18.35,19.6,18.35,19.26,19814914,377881023.71
2025-09-02,19.19,19.6,17.85,17.95,16753352,309651343.97
2025-09-03,18.12,19.01,18.03,18.12,14737741,272940552.39
2025-09-04,18.2,19.44,17.85,18.16,19623099,367127504.32
2025-09-05,18.01,19.04,17.63,19.02,15746896,292991772.96
2025-09-08,18.97,19.45,18.5,18.79,12553321,236002875.43
2025-09-09,18.77,18.82,17.97,18.07,10114139,184496985.25
2025-09-10,18.08,18.24,17.6,17.82,7218480,128984843.81
2025-09-11,17.65,19.6,17.52,19.6,11780502,222442628.45
2025-09-12,19.55,19.68,19.11,19.13,21111438,408217364.15
2025-09-15,19.3,19.37,18.71,18.82,8746269,165260812.82
2025-09-16,18.86,20.06,18.81,19.6,16351155,316200889.04
2025-09-17,19.63,20.64,19.45,19.8,24203581,482891375.81
2025-09-18,20.0,20.32,19.25,19.49,15726503,312118708.14
2025-09-19,19.46,20.01,19.13,19.23,10232111,199857115.79
2025-09-22,19.25,19.32,18.8,19.06,7954202,151257498.9
2025-09-23,19.06,19.1,18.08,18.71,11611800,214244866.0
2025-09-24,18.6,19.3,18.4,19.18,9765824,185831532.1
2025-09-25,18.98,19.43,18.93,19.3,7610943,145843215.43
2025-09-26,19.14,19.14,18.6,18.87,6467900,122088021.56
2025-09-29,18.85,18.98,18.51,18.7,5839157,109283397.31
2025-09-30,18.7,18.87,18.38,18.61,6565292,122259120.35
2025-10-09,18.63,19.08,18.63,18.73,7589181,143076571.98
2025-10-10,18.62,18.67,18.0,18.5,8342730,152717732.14
2025-10-13,17.8,18.32,17.35,18.19,6548028,117697432.84
2025-10-14,18.36,18.37,17.5,17.75,6782021,121556646.03
2025-10-15,17.55,17.96,17.41,17.94,4629021,82058564.23
2025-10-16,17.83,18.38,17.78,18.05,6625760,120062677.75
2025-10-17,17.99,18.48,17.4,17.49,6311884,112266799.76
2025-10-20,17.64,17.8,17.3,17.52,5251621,92119571.7
2025-10-21,17.57,17.84,17.44,17.75,4646298,82235882.86
2025-10-22,17.67,17.68,17.42,17.48,3743826,65546277.7
2025-10-23,17.4,17.52,17.06,17.46,4580826,79113919.28
2025-10-24,17.66,18.2,17.59,18.04,6639500,119385610.0
2025-10-27,18.17,18.53,18.06,18.43,6911440,126692908.0
2025-10-28,18.4,18.68,18.25,18.45,5129936,94755630.96
2025-10-29,18.45,18.6,18.3,18.54,3867644,71446046.7
2025-10-30,18.53,18.61,18.11,18.17,4103621,74974296.37
2025-10-31,17.8,17.8,17.07,17.24,13851100,240065453.0
2025-11-03,17.22,17.22,16.68,17.05,8160595,138061568.56
2025-11-04,17.01,17.13,16.76,16.9,6591626,111680659.8
2025-11-05,16.73,17.23,16.71,17.11,4276163,72873164.43
2025-11-06,17.1,17.58,17.1,17.46,6071004,105396201.11
2025-11-07,17.31,17.8,17.2,17.47,6041015,106198995.15
2025-11-10,17.56,17.6,17.24,17.4,4892304,84881059.74
2025-11-11,17.47,17.47,17.13,17.24,4365100,75342372.2
2025-11-12,17.25,17.37,16.94,17.0,3855300,65683720.0
2025-11-13,17.0,17.44,16.95,17.31,3940280,67779303.0
2025-11-14,17.16,17.27,17.02,17.05,3455232,59210634.6
2025-11-17,17.09,17.23,16.96,17.02,3022521,51633913.21
2025-11-18,16.97,17.35,16.91,17.18,4032800,69295245.0
2025-11-19,17.09,17.29,16.66,16.72,4942278,83432499.44
2025-11-20,16.81,17.18,16.72,16.83,3691990,62532040.45
2025-11-21,16.6,16.77,16.05,16.08,6125759,99682481.2
2025-11-24,16.15,16.5,16.15,16.4,3030642,49501067.96
2025-11-25,16.38,16.76,16.32,16.35,5332326,88175887.47
2025-11-26,16.35,16.72,16.23,16.41,3962900,65472048.0
2025-11-27,16.41,16.8,16.36,16.52,3815798,63499517.52
2025-11-28,16.47,16.93,16.39,16.85,3125384,52033858.43
2025-12-01,16.8,16.85,16.65,16.83,3005000,50357132.0
2025-12-02,17.03,17.03,16.59,16.62,2971035,49695878.15
2025-12-03,16.62,16.7,16.42,16.57,2488623,41163381.3
2025-12-04,16.53,16.6,16.3,16.47,3359461,55231169.07
2025-12-05,16.47,16.74,16.33,16.74,3220615,53404096.4
2025-12-08,16.79,16.95,16.74,16.84,3319130,55954391.93
2025-12-09,16.79,16.99,16.71,16.82,3281160,55290944.0
2025-12-10,16.8,16.82,16.36,16.6,4068482,67253723.48
2025-12-11,16.61,16.63,16.22,16.27,3461446,56761099.62
2025-12-12,16.28,16.46,16.13,16.35,2657100,43410267.0
2025-12-15,16.18,16.43,16.12,16.16,2877708,46719776.41
2025-12-16,16.1,16.17,15.73,15.88,3782210,60026274.8
2025-12-17,15.86,16.14,15.6,16.13,4368140,69251918.53
2025-12-18,16.03,16.17,15.99,16.02,3041965,48893814.3
2025-12-19,16.11,16.25,16.03,16.11,2542214,40925286.17
2025-12-22,16.11,16.52,16.1,16.39,3808955,62386848.86
2025-12-23,16.42,16.62,16.25,16.44,2472772,40700796.01
2025-12-24,16.49,16.94,16.4,16.88,4863408,81569975.29
2025-12-25,16.84,17.21,16.69,16.91,5628203,94894643.4
2025-12-26,17.08,17.89,16.65,16.72,6821550,115615691.49
2025-12-29,16.67,16.9,16.54,16.68,4335349,72354880.76
2025-12-30,16.66,16.73,16.48,16.49,3514101,58203112.48
2025-12-31,16.56,16.98,16.4,16.78,6315005,106020703.7
2026-01-05,16.88,17.09,16.8,16.92,4653101,78665044.89
2026-01-06,16.97,17.36,16.89,17.13,5311768,90919194.76
2026-01-07,17.21,17.3,17.03,17.13,5087102,87249332.64
2026-01-08,17.12,17.2,16.95,17.1,4653400,79530736.5
2026-01-09,17.18,17.54,17.1,17.31,7635092,132161745.97
2026-01-12,17.27,17.51,17.09,17.51,7510687,129915242.1
2026-01-13,17.51,17.52,17.02,17.08,6779237,116868957.86
2026-01-14,17.06,17.31,16.85,17.14,7392267,126746388.32
2026-01-15,17.21,17.25,17.01,17.18,4140946,70892208.66
2026-01-16,17.32,17.71,17.22,17.5,7865483,137109791.86
2026-01-19,17.55,18.13,17.4,17.95,9668362,172876466.04
2026-01-20,17.95,18.07,17.63,17.93,6987632,124557651.7
2026-01-21,17.8,18.2,17.76,18.14,5941152,107316925.57
2026-01-22,18.25,18.5,17.99,18.45,8019040,146584761.53
2026-01-23,18.46,19.04,18.4,18.72,8608110,160823622.47
2026-01-26,18.72,18.72,18.13,18.34,6418840,117827669.35
2026-01-27,18.21,18.65,17.92,18.58,6100024,111769672.04
2026-01-28,18.52,18.68,18.33,18.48,4409901,81511155.32
2026-01-29,18.4,18.69,18.06,18.11,5906045,108345879.31
2026-01-30,18.02,18.35,17.62,18.19,5498791,99062109.12
2026-02-02,18.15,18.34,17.69,17.69,5567321,100007399.1
2026-02-03,17.85,18.15,17.67,18.01,3795220,67973522.75
2026-02-04,17.95,18.24,17.84,18.15,3615700,65342806.0
2026-02-05,18.07,18.37,17.72,18.1,4693740,84501085.7
2026-02-06,17.97,18.08,17.73,17.81,4376129,78352604.17
2026-02-09,17.98,18.3,17.98,18.22,3879290,70507269.55
2026-02-10,18.15,18.58,18.1,18.39,3948720,72821317.6
2026-02-11,18.33,18.56,18.3,18.32,2849100,52506909.0
2026-02-12,18.32,18.75,18.32,18.49,3729162,69120240.48
2026-02-13,18.4,18.59,18.26,18.31,3230100,59510187.0
2026-02-24,18.45,19.23,18.43,19.0,8870273,168204819.39
2026-02-25,19.0,19.39,18.95,19.25,5931853,113484573.97
2026-02-26,19.25,19.76,19.11,19.74,7208415,140675134.5
2026-02-27,19.55,19.55,19.05,19.19,6160446,118177440.99
2026-03-02,18.86,19.17,18.61,19.13,8641400,163356189.75
2026-03-03,19.07,20.08,19.0,19.06,16124891,314320093.49
2026-03-04,18.66,19.34,18.66,18.86,7619381,144619668.87
2026-03-05,19.15,19.38,18.73,18.88,5426508,103407207.84
2026-03-06,18.71,19.02,18.59,18.84,4760902,89664152.86
2026-03-09,18.51,18.59,17.52,18.18,7938078,142655700.3
2026-03-10,18.29,18.87,18.29,18.84,6253669,116974408.48
2026-03-11,18.84,19.35,18.8,18.84,5342300,101378313.04
2026-03-12,18.8,18.88,18.1,18.28,4961930,91614237.2
2026-03-13,18.11,18.45,17.99,18.23,4511194,82417189.44
2026-03-16,18.24,18.49,17.72,18.48,5446923,98854575.93
2026-03-17,18.49,18.58,17.44,17.44,6423915,114528407.07
2026-03-18,17.44,18.18,17.44,18.15,5234985,93555083.95
2026-03-19,17.86,17.99,17.45,17.5,4362750,77127547.0
2026-03-20,17.5,17.81,17.05,17.07,4876338,84863221.86
2026-03-23,16.69,16.75,15.5,15.63,8595590,138245932.1
2026-03-24,15.99,16.4,15.69,16.36,6275691,100491820.16
2026-03-25,16.59,16.92,16.58,16.65,3620835,60652094.65
2026-03-26,16.65,17.61,16.48,17.07,9805064,167804377.64
2026-03-27,16.8,16.96,16.5,16.68,6200795,103477966.1
2026-03-30,16.42,17.3,16.26,16.97,5565344,93298195.72
2026-03-31,16.86,17.0,16.56,16.66,3043390,50966827.09
2026-04-01,16.97,17.29,16.92,17.24,3948636,67715864.02
2026-04-02,17.12,17.4,16.8,16.95,3429065,58655069.54
2026-04-03,16.88,17.2,16.69,16.82,3599747,61008468.07
2026-04-07,16.88,17.75,16.88,17.61,5229395,91146516.07
2026-04-08,17.89,19.35,17.64,19.2,12654679,236364213.18
2026-04-09,19.0,19.26,18.78,18.88,7367815,139801933.0
2026-04-10,19.02,19.14,18.65,18.74,4781715,90293077.5
2026-04-13,18.72,19.27,18.62,18.9,4761330,90221197.4
2026-04-14,18.96,20.75,18.96,19.93,16809170,336574815.42
2026-04-15,19.94,20.31,19.48,19.56,8970123,178358617.96
2026-04-16,19.55,19.76,19.36,19.51,7518695,146836911.36
2026-04-17,19.48,19.71,19.23,19.5,6462591,125584065.51
2026-04-20,19.49,19.76,19.28,19.37,6239700,121394923.0
2026-04-21,19.3,19.83,18.98,19.41,6364330,123306551.1
2026-04-22,19.4,20.15,19.26,19.91,8861344,175907620.16
2026-04-23,20.06,20.06,19.34,19.46,6343910,124199931.62
2026-04-24,19.36,20.12,19.34,19.45,8195318,161742951.79
2026-04-27,19.31,20.14,19.31,20.14,8719830,173631394.9
2026-04-28,20.0,20.52,19.72,19.78,12223553,244765234.15
2026-04-29,19.76,19.9,19.3,19.7,8714170,171196867.35
2026-04-30,19.65,20.43,19.5,19.86,8177637,163632821.04
2026-05-06,20.08,20.58,20.05,20.28,10796724,219551070.8
2026-05-07,20.31,21.55,20.31,21.23,16493546,346896237.45
2026-05-08,21.08,21.4,20.71,21.05,10423720,219229905.86
2026-05-11,21.26,21.39,21.04,21.32,10250136,217590613.88
2026-05-12,21.4,21.69,20.98,21.05,11205712,238285602.12
2026-05-13,20.7,21.25,20.68,20.94,10926198,229744760.02
2026-05-14,21.01,21.05,20.5,20.5,7998441,165797244.11
2026-05-15,20.48,20.78,19.85,20.0,8307141,167646641.26
2026-05-18,19.97,22.0,19.85,22.0,18768753,402492618.22
2026-05-19,22.5,24.2,22.01,24.2,27086872,630597231.77
2026-05-20,24.76,26.32,24.36,25.71,44445651,1133737368.66
2026-05-21,25.6,27.25,24.62,25.84,40125312,1053721795.87
2026-05-22,26.36,28.42,26.31,28.42,15999364,445225143.15
2026-05-25,31.26,31.26,29.0,30.7,46975836,1422328534.31
2026-05-26,29.82,33.1,29.01,31.75,46747157,1435722569.06
2026-05-27,31.8,34.93,31.8,34.93,39935164,1353985359.9
2026-05-28,35.13,38.42,35.13,38.42,43356468,1587710327.48
2026-05-29,37.1,38.29,35.01,35.81,41430080,1503434828.28
2026-06-01,34.47,35.59,32.23,32.23,27694945,925063177.92
2026-06-02,30.49,33.36,30.31,31.74,40167729,1271473768.05
2026-06-03,31.1,32.12,30.45,31.14,33686406,1050723569.3
2026-06-04,30.69,34.25,30.5,34.25,30608232,1002617887.1
2026-06-05,34.2,37.29,34.02,35.5,41282118,1471397070.49
2026-06-08,33.23,35.9,31.95,31.95,25626811,856351337.14
2026-06-09,32.38,34.1,31.28,33.08,28106839,915370306.55
2026-06-10,32.8,33.8,30.69,31.22,22987639,732035082.33
2026-06-11,30.5,31.88,29.5,30.59,21789556,666319728.21
2026-06-12,31.18,31.37,28.48,28.76,22410688,660679703.17
2026-06-15,29.41,31.64,29.17,31.18,22641270,698195834.63
2026-06-16,31.0,34.3,30.99,34.3,20062448,657278209.99
2026-06-17,34.3,37.73,34.3,37.73,14820860,547646664.52
2026-06-18,40.06,41.5,39.62,41.5,5371723,220419393.58
2026-06-22,44.88,45.65,40.81,45.65,32816052,1474790567.39
2026-06-23,47.69,49.29,43.72,44.42,42620610,1963697721.33
2026-06-24,43.0,48.86,43.0,48.86,18208495,844134132.45
2026-06-25,53.01,53.75,51.96,53.75,9931961,529684880.78
2026-06-26,53.84,58.0,53.84,56.0,37612540,2116731747.53
2026-06-29,56.0,56.68,51.6,54.0,27945105,1506427567.6
2026-06-30,53.38,53.65,49.86,52.5,23209575,1196300643.67
2026-07-01,54.53,55.98,50.58,50.85,20275457,1066279128.47
2026-07-02,45.59,50.84,45.59,47.63,19408940,932736632.99
2026-07-03,46.44,51.31,46.18,48.03,17747680,871875761.02
2026-07-06,47.07,48.82,43.97,44.17,17323132,788133692.44
2026-07-07,44.83,44.87,41.94,42.52,11730798,507526898.89
2026-07-08,43.05,43.26,39.78,39.88,10883381,446646680.15
2026-07-09,41.79,43.87,39.02,41.5,24596970,1018963104.0
2026-07-10,42.1,42.51,38.19,38.3,24372754,983694255.81
2026-07-13,37.03,38.35,34.47,34.47,15960874,573168022.29
2026-07-14,35.09,37.92,33.96,37.92,15610020,557326298.79
2026-07-15,39.28,40.0,34.96,34.96,17037232,624744492.82
2026-07-16,34.26,38.46,33.8,35.2,25536020,916984634.89
2026-07-17,34.92,35.91,31.68,31.68,18119350,600299850.85
2026-07-20,31.71,31.88,28.51,28.51,15033146,443499025.28
2026-07-21,27.42,29.7,25.66,29.47,29841088,824535972.76
2026-07-22,28.5,29.74,27.43,27.8,25360251,727434926.79
2026-07-23,28.69,30.11,27.61,28.11,23085724,663539295.83
2026-07-24,27.37,27.93,25.93,26.24,20726948,555821812.79
2026-07-27,26.35,28.86,25.85,28.86,25292168,698339561.1
2026-07-28,27.39,28.3,25.97,26.34,22038293,596313498.66
2026-07-29,26.3,28.5,24.81,26.01,23727030,619249384.27
2026-07-30,25.7,26.51,23.47,24.14,23121492,571968161.93
2026-07-31,26.0,26.55,24.31,24.36,32711442,835568538.28
2026-08-03,24.0,24.45,22.88,23.57,25771530,606731807.07
2026-08-04,23.8,25.91,23.41,25.52,25020824,623248777.85
2026-08-05,25.27,28.07,25.05,27.24,27832418,749388986.5
2026-08-06,27.27,28.33,26.72,27.92,29805706,820976012.1
2026-08-07,27.92,29.56,27.15,29.22,35483577,1017220921.3
2026-08-10,29.3,29.58,27.68,28.81,26577386,753758401.92
2026-08-11,28.55,30.55,28.2,29.12,34509365,1012369039.31
2026-08-12,29.1,29.66,28.0,29.52,28230887,817212208.46
2026-08-13,30.0,32.47,29.75,29.99,51159161,1597041227.64
2026-08-14,30.65,32.99,30.44,32.99,42587787,1385909317.43
2026-08-17,33.07,33.81,31.5,32.12,63551880,2048479308.84
2026-08-18,31.66,32.55,30.41,30.98,35320674,1108114026.91
2026-08-19,29.44,30.48,27.88,27.88,27371215,791395499.62
2026-08-20,28.44,28.99,27.63,28.21,25791834,731532725.94
2026-08-21,27.99,28.88,27.17,28.69,20283448,574085727.35
2026-08-24,28.49,28.5,26.5,27.33,18371218,501097347.53
2026-08-25,26.82,27.84,25.98,27.41,13182377,355259926.73
2026-08-26,27.5,27.62,26.5,27.14,11173847,302425891.26
2026-08-27,27.2,28.65,26.95,28.38,16019656,448881054.68
2026-08-28,28.38,30.17,28.29,28.6,22094753,644803592.53
2026-08-31,28.01,31.46,27.88,31.46,40841627,1262212718.17
2026-09-01,32.31,32.98,29.85,29.85,42523377,1300952768.62
2026-09-02,29.26,29.98,28.8,29.12,23976846,700198348.89
2026-09-03,29.45,32.03,29.3,32.03,46608879,1442052558.45
2026-09-04,32.18,34.14,31.13,31.52,49027421,1592439128.71
2026-09-07,32.08,32.83,31.0,32.8,45489471,1461074422.35
2026-09-08,32.8,34.3,31.7,34.29,52015068,1719236848.23
